k	mode	itrial	word	cond	shiftInfo	t0	dur	pumped_s	rec_s	rec_limit_s	sr	fb	ost	shift_s	shift_span	shift_F1_Hz	shift_F2_Hz	shift_F1_mel	shift_F2_mel	in_F1	in_F2	out_F1	out_F2	span_in_F1	span_in_F2	span_out_F1	span_out_F2	in_f0	out_f0	pitch_cents	gain_dB	heard_peak	lag_ms	in_rms_dB	noise_zero_runs	noise_zero_at	play_s	play_rms_dB	play_peak	read_s	lost_s	replay_ok	replay_match	gain_voice_dB	input
1	proc	1	bead	baselineTrain	shiftMags=0	6.003	1.5	1.5	1.5	30	16000	3	0@0.002 1@0.496 2@0.546 3@0.618 4@0.716	0		0	0	0	0	250.483	2283.54	259.913	2284.6					103.055	113.51	167.282	-1.91887	0.128076	8	-27.5166	0							1	0	-1.9897	voice ash "bead" tok=fcaefe50452257f6 take=0 src=tts:gpt-audio-1.5 f0=94 onset=0.357 dur=0.650 vowel=0.487-0.787 level=0.050
2	proc	2	booed	baselineTrain	shiftMags=0	8.59016	1.5	1.5	1.5	30	16000	3	0@0.002 1@0.448 2@0.498 3@0.592 4@0.682	0		0	0	0	0	345.249	1014.52	341.791	1015.13					98.4225	113.99	254.21	-1.84301	0.12671	8	-27.6095	0							1	0	-1.9897	voice ash "booed" tok=82e3e9288fde43fb take=0 src=tts:gpt-audio-1.5 f0=94 onset=0.332 dur=0.590 vowel=0.422-0.762 level=0.050
3	proc	3	bad	baselineTrain	shiftMags=0	11.0688	1.5	1.5	1.5	30	16000	3	0@0.002 1@0.458 2@0.508 3@0.590 4@0.712	0		0	0	0	0	852.582	1563.37	851.654	1564.26					87.6963	95.4851	147.312	-1.93922	0.202078	8	-27.6041	0							1	0	-1.9897	voice ash "bad" tok=be6401efa21001bb take=0 src=tts:gpt-audio-1.5 f0=87 onset=0.330 dur=0.570 vowel=0.440-0.830 level=0.050
4	proc	4	bod	baselineTrain	shiftMags=0	13.6183	1.5	1.5	1.5	30	16000	3	0@0.002 1@0.496 2@0.546 3@0.622 4@0.750	0		0	0	0	0	613.865	943.137	611.991	943.925					95.6321	102.261	116.034	-1.90674	0.139485	8	-27.6775	0							1	0	-1.9897	voice ash "bod" tok=cbbad00887880bc8 take=0 src=tts:gpt-audio-1.5 f0=87 onset=0.323 dur=0.680 vowel=0.473-0.833 level=0.050
5	proc	5	booed	baselineTrain	shiftMags=0	16.4556	1.5	1.5	1.5	30	16000	3	0@0.002 1@0.498 2@0.548 3@0.638 4@0.748	0		0	0	0	0	294.359	1051.82	294.782	1051.3					96.5348	117.059	333.742	-1.88708	0.133066	8	-28.1205	0							1	0	-1.9897	voice ash "booed" tok=483dac6d7b781d23 take=1 src=tts:gpt-audio-1.5 f0=93 onset=0.328 dur=0.720 vowel=0.478-0.838 level=0.050
6	proc	6	bod	baselineTrain	shiftMags=0	19.2182	1.5	1.5	1.5	30	16000	3	0@0.002 1@0.374 2@0.424 3@0.472 4@0.594	0		0	0	0	0	628.915	1011.25	628.682	1011.14					92.8201	94.4785	30.657	-1.89755	0.130342	8	-27.5337	0							1	0	-1.9897	voice ash "bod" tok=833f71af6e7d4487 take=1 src=tts:gpt-audio-1.5 f0=86 onset=0.316 dur=0.570 vowel=0.356-0.716 level=0.050
7	proc	7	bead	baselineTrain	shiftMags=0	21.8374	1.5	1.5	1.5	30	16000	3	0@0.002 1@0.546 2@0.596 3@0.674 4@0.776	0		0	0	0	0	253.442	2356.35	255.872	2375.77					96.8725	118.426	347.794	-2.03468	0.11454	8	-27.7694	0							1	0	-1.9897	voice ash "bead" tok=3b925d8a31a7a932 take=1 src=tts:gpt-audio-1.5 f0=97 onset=0.362 dur=0.650 vowel=0.522-0.812 level=0.050
8	proc	8	bad	baselineTrain	shiftMags=0	24.5732	1.5	1.5	1.5	30	16000	3	0@0.002 1@0.464 2@0.514 3@0.594 4@0.730	0		0	0	0	0	848.545	1557.42	847.744	1555.88					97.186	108.239	186.488	-2.00158	0.20615	8	-27.8696	0							1	0	-1.9897	voice ash "bad" tok=66aa28bd9c51a88d take=1 src=tts:gpt-audio-1.5 f0=89 onset=0.332 dur=0.710 vowel=0.442-0.962 level=0.050
9	proc	9	booed	baselineTrain	shiftMags=0	27.1063	1.5	1.5	1.5	30	16000	3	0@0.002 1@0.292 2@0.342 3@0.430 4@0.514	0		0	0	0	0	297.322	1162.34	293.866	1161.2					93.4485	91.9566	-27.8616	-1.96194	0.10452	8	-26.9843	0							1	0	-1.9897	voice ash "booed" tok=05db9761505af88f take=2 src=tts:gpt-audio-1.5 f0=84 onset=0.301 dur=0.420 vowel=0.301-0.681 level=0.050
10	proc	10	bad	baselineTrain	shiftMags=0	29.5093	1.5	1.5	1.5	30	16000	3	0@0.002 1@0.400 2@0.450 3@0.522 4@0.632	0		0	0	0	0	776.794	1591.57	776.696	1591.31					108.137	110.004	29.6447	-1.90792	0.207935	8	-27.8857	0							1	0	-1.9897	voice ash "bad" tok=d2dbf06ba76eb9c6 take=2 src=tts:gpt-audio-1.5 f0=85 onset=0.345 dur=0.550 vowel=0.385-0.705 level=0.050
11	proc	11	bod	baselineTrain	shiftMags=0	31.7622	1.5	1.5	1.5	30	16000	3	0@0.002 1@0.394 2@0.444 3@0.528 4@0.640	0		0	0	0	0	629.047	937.829	633.481	937.892					86.718	80.677	-125.009	-1.94712	0.175907	8	-26.7264	0							1	0	-1.9897	voice ash "bod" tok=2ee2982af233f106 take=2 src=tts:gpt-audio-1.5 f0=88 onset=0.318 dur=0.510 vowel=0.368-0.708 level=0.050
12	proc	12	bead	baselineTrain	shiftMags=0	34.2204	1.5	1.5	1.5	30	16000	3	0@0.002 1@0.432 2@0.482 3@0.560 4@0.650	0		0	0	0	0	239.125	2316.18	255.244	2323.33					85.8491	90.751	96.1315	-1.96844	0.1278	8	-27.5208	0							1	0	-1.9897	voice ash "bead" tok=42206fd53da2f915 take=2 src=tts:gpt-audio-1.5 f0=87 onset=0.315 dur=0.610 vowel=0.415-0.735 level=0.050
13	proc	13	booed	baselineTrain	shiftMags=0	36.919	1.5	1.5	1.5	30	16000	3	0@0.002 1@0.456 2@0.506 3@0.600 4@0.710	0		0	0	0	0	363.279	982.249	361.374	982.887					106.837	125.826	283.214	-1.94207	0.11888	8	-27.0761	0							1	0	-1.9897	voice ash "booed" tok=14d915b28c0d1455 take=3 src=tts:gpt-audio-1.5 f0=113 onset=0.366 dur=0.600 vowel=0.426-0.796 level=0.050
14	proc	14	bod	baselineTrain	shiftMags=0	39.8303	1.5	1.5	1.5	30	16000	3	0@0.002 1@0.506 2@0.556 3@0.632 4@0.734	0		0	0	0	0	692.168	977.736	690.621	977.63					124.817	129.294	61.0155	-1.95017	0.140035	8	-27.0761	0							1	0	-1.9897	voice ash "bod" tok=90c2afe4082184ef take=3 src=tts:gpt-audio-1.5 f0=99 onset=0.331 dur=0.630 vowel=0.471-0.751 level=0.050
15	proc	15	bad	baselineTrain	shiftMags=0	42.7023	1.5	1.5	1.5	30	16000	3	0@0.002 1@0.408 2@0.458 3@0.530 4@0.654	0		0	0	0	0	817.493	1563.84	820.702	1562.69					93.6543	121.595	452.001	-1.95289	0.181558	8	-27.6793	0							1	0	-1.9897	voice ash "bad" tok=27a360ed72a55a41 take=3 src=tts:gpt-audio-1.5 f0=92 onset=0.294 dur=0.620 vowel=0.384-0.694 level=0.050
16	proc	16	bead	baselineTrain	shiftMags=0	45.3355	1.5	1.5	1.5	30	16000	3	0@0.002 1@0.456 2@0.506 3@0.572 4@0.666	0		0	0	0	0	237.571	2326.9	241.967	2331.72					92.1214	107.545	267.99	-1.92866	0.125742	8	-27.175	0							1	0	-1.9897	voice ash "bead" tok=9fa84b73fa853f8a take=3 src=tts:gpt-audio-1.5 f0=97 onset=0.318 dur=0.570 vowel=0.458-0.748 level=0.050
17	proc	17	booed	baselineTrain	shiftMags=0	48.3258	1.5	1.5	1.5	30	16000	3	0@0.002 1@0.446 2@0.496 3@0.590 4@0.678	0		0	0	0	0	344.352	999.783	346.376	1000.28					93.7934	112.272	311.332	-1.96854	0.125995	8	-27.6098	0							1	0	-1.9897	voice ash "booed" tok=82e3e9288fde43fb take=0 src=tts:gpt-audio-1.5 f0=94 onset=0.328 dur=0.590 vowel=0.418-0.758 level=0.050
18	proc	18	bead	baselineTrain	shiftMags=0	50.922	1.5	1.5	1.5	30	16000	3	0@0.002 1@0.460 2@0.510 3@0.582 4@0.678	0		0	0	0	0	248.18	2291.46	250.438	2299.74					104.026	111.33	117.466	-1.9573	0.125329	8	-27.5195	0							1	0	-1.9897	voice ash "bead" tok=fcaefe50452257f6 take=0 src=tts:gpt-audio-1.5 f0=94 onset=0.320 dur=0.650 vowel=0.450-0.750 level=0.050
19	proc	19	bod	baselineTrain	shiftMags=0	53.7979	1.5	1.5	1.5	30	16000	3	0@0.002 1@0.462 2@0.512 3@0.594 4@0.714	0		0	0	0	0	618.683	942.535	614.307	942.94					98.2832	102.768	77.2543	-2.01775	0.130185	8	-27.6758	0							1	0	-1.9897	voice ash "bod" tok=cbbad00887880bc8 take=0 src=tts:gpt-audio-1.5 f0=87 onset=0.288 dur=0.680 vowel=0.438-0.798 level=0.050
20	proc	20	bad	baselineTrain	shiftMags=0	56.3547	1.5	1.5	1.5	30	16000	3	0@0.002 1@0.422 2@0.472 3@0.556 4@0.678	0		0	0	0	0	854.735	1556.49	855.715	1561.86					93.4851	98.6569	93.2196	-1.90677	0.199531	8	-27.6045	1	1.485+15.4ms						1	0	-1.9897	voice ash "bad" tok=be6401efa21001bb take=0 src=tts:gpt-audio-1.5 f0=87 onset=0.295 dur=0.570 vowel=0.405-0.795 level=0.050
21	proc	1	bid	baselineGeneralize	shiftMags=0	66.1661	1.5	1.5	1.5	30	16000	4	0@0.002	0.264	0.462-0.726	60.1106	505.044	59	195.5	402.241	1991.26	435.754	1308.17	410.252	1994.29	421.801	1277.31	104.785	208.245	1189.02	-5.63051	0.0921553	58.75	-27.3286	0							0	0.000121594		voice ash "bid" tok=f4f97d681f8ee47f take=0 src=tts:gpt-audio-1.5 f0=89 onset=0.333 dur=0.570 vowel=0.453-0.723 level=0.050
22	proc	2	bud	baselineGeneralize	shiftMags=0	68.4554	1.5	1.5	1.5	30	16000	4	0@0.002	0.232	0.434-0.666	-149.868	741.917	-129	369	694.776	1195.46	523.866	3305.19	694.776	1195.46	523.866	3305.19	90.1554	NaN	NaN	-6.38379	0.0862366	40.875	-26.8226	0							0	0.000120044		voice ash "bud" tok=091cf0288aed6b34 take=0 src=tts:gpt-audio-1.5 f0=86 onset=0.297 dur=0.510 vowel=0.417-0.657 level=0.050
23	proc	3	bayed	baselineGeneralize	shiftMags=0	70.9805	1.5	1.5	1.5	30	16000	4	0@0.002	0.37	0.444-0.814	122.184	437.167	126	160	438.944	1933.48	467.627	1187.19	438.944	1933.48	467.627	1187.19	85.6493	187.234	1354	-5.33724	0.0817342	15.3125	-27.861	0							0	0.000121313		voice ash "bayed" tok=a42fe4c78eb5e08f take=0 src=tts:gpt-audio-1.5 f0=83 onset=0.329 dur=0.650 vowel=0.429-0.789 level=0.050
24	proc	4	bode	baselineGeneralize	shiftMags=0	73.6499	1.5	1.5	1.5	30	16000	4	0@0.002	0.34	0.408-0.748	60.0615	814.103	59	457	462.133	952.406	380.242	1146.38	462.133	952.406	380.242	1146.38	81.8674	155.033	1105.46	-4.39496	0.102181	-3.375	-27.6567	0							0	6.09944e-05		voice ash "bode" tok=87f31a6cb6fb6ff6 take=0 src=tts:gpt-audio-1.5 f0=82 onset=0.357 dur=0.510 vowel=0.397-0.737 level=0.050
25	proc	5	bed	baselineGeneralize	shiftMags=0	76.0015	1.5	1.5	1.5	30	16000	4	0@0.002	0.254	0.462-0.716	-78.0968	567.958	-70	231	622.34	1797.03	390.973	1339.01	622.34	1797.03	390.973	1339.01	101.236	NaN	NaN	-4.51968	0.105391	1.1875	-27.9124	0							0	0.00012148		voice ash "bed" tok=adb421ecc8680bd9 take=0 src=tts:gpt-audio-1.5 f0=95 onset=0.304 dur=0.560 vowel=0.424-0.684 level=0.050
26	proc	6	bed	baselineGeneralize	shiftMags=0	78.3027	1.5	1.5	1.5	30	16000	4	0@0.002	0.302	0.342-0.644	-69.7883	575.991	-63	237	440.102	1720.51	428.801	2422.36	471.036	1736.81	2012.26	5001.11	84.6895	NaN	NaN	-4.57633	0.0904861	41.4375	-27.7924	0							0	0.000120327		voice ash "bed" tok=3fc9854b87492ea4 take=1 src=tts:gpt-audio-1.5 f0=88 onset=0.287 dur=0.590 vowel=0.317-0.637 level=0.050
27	proc	7	bode	baselineGeneralize	shiftMags=0	80.7919	1.5	1.5	1.5	30	16000	4	0@0.002	0.39	0.338-0.728	63.9157	802.673	63	441	539.001	1080.11	405.855	1412.5	540.403	1080.23	420.24	1354.16	89.2638	225.472	1604.16	-4.86501	0.0855983	43.8125	-27.1212	0							0	6.08221e-05		voice ash "bode" tok=e164a7121b62e422 take=1 src=tts:gpt-audio-1.5 f0=91 onset=0.287 dur=0.580 vowel=0.327-0.677 level=0.050
28	proc	8	bud	baselineGeneralize	shiftMags=0	83.598	1.5	1.5	1.5	30	16000	4	0@0.002	0.262	0.498-0.882	-131.129	720.937	-114	347	681.672	1132.14	392.421	1213.67	681.672	1132.14	392.421	1213.67	87.5547	NaN	NaN	-4.98724	0.0956628	23.25	-28.3445	0							0	0.000120947		voice ash "bud" tok=c4313fde2b3d58ca take=1 src=tts:gpt-audio-1.5 f0=87 onset=0.327 dur=0.590 vowel=0.467-0.857 level=0.050
29	proc	9	bayed	baselineGeneralize	shiftMags=0	86.2734	1.5	1.5	1.5	30	16000	4	0@0.002	0.394	0.462-0.856	98.0224	421.686	99	154	471.966	1945.62	439.17	1266.98	480.637	1977.34	383.994	1254.48	85.9662	NaN	NaN	-5.21541	0.0857844	38.625	-28.2184	0							0	0.000120704		voice ash "bayed" tok=cb0ca450a3aef1b1 take=1 src=tts:gpt-audio-1.5 f0=86 onset=0.339 dur=0.750 vowel=0.449-0.809 level=0.050
30	proc	10	bid	baselineGeneralize	shiftMags=0	89.271	1.5	1.5	1.5	30	16000	4	0@0.002	0.268	0.518-0.786	79.1684	519.826	79	204	423.011	1949.81	457.809	1468.69	423.011	1949.81	457.809	1468.69	97.5677	241.106	1566.23	-5.6333	0.0867392	-1.875	-26.503	0							0	0.000120307		voice ash "bid" tok=3f347d0b47084cf1 take=1 src=tts:gpt-audio-1.5 f0=99 onset=0.371 dur=0.600 vowel=0.501-0.771 level=0.050
31	proc	11	bud	baselineGeneralize	shiftMags=0	91.9748	1.5	1.5	1.5	30	16000	4	0@0.002	0.292	0.334-0.660	-96.8754	668.375	-86	300.5	655.2	1143.71	555.154	3400.14	655.2	1143.71	555.154	3400.14	98.1724	NaN	NaN	-5.52389	0.0774205	25.5625	-27.5017	0							0	0.000121849		voice ash "bud" tok=fd7edec4ac0868df take=2 src=tts:gpt-audio-1.5 f0=86 onset=0.348 dur=0.340 vowel=0.348-0.628 level=0.050
32	proc	12	bed	baselineGeneralize	shiftMags=0	94.8926	1.5	1.5	1.5	30	16000	4	0@0.002	0.22	0.370-0.590	-69.9902	594.529	-63	248	538.331	1700.9	426.599	1265.94	556.348	1711.66	418.348	1205.65	82.931	NaN	NaN	-5.1407	0.0701934	20.375	-28.5542	0							0	0.00012122		voice ash "bed" tok=25efd06e9cfebf4f take=2 src=tts:gpt-audio-1.5 f0=86 onset=0.320 dur=0.430 vowel=0.350-0.690 level=0.050
33	proc	13	bid	baselineGeneralize	shiftMags=0	97.5723	1.5	1.5	1.5	30	16000	4	0@0.002	0.236	0.422-0.694	67.858	549.068	67	220	412.561	1895.51	433.381	1126.33	412.561	1895.51	433.381	1126.33	110.773	NaN	NaN	-4.96633	0.092521	42.5	-28.0638	0							0	0.00012147		voice ash "bid" tok=02c01092c9aa76ac take=2 src=tts:gpt-audio-1.5 f0=103 onset=0.371 dur=0.370 vowel=0.391-0.671 level=0.050
34	proc	14	bode	baselineGeneralize	shiftMags=0	100.183	1.5	1.5	1.5	30	16000	4	0@0.002	0.322	0.520-0.858	53.1452	805.935	52	446	505.318	1047.27	449.84	1126.47	527.004	1070.96	454.21	1163.83	92.5996	140.557	722.495	-3.67298	0.0880126	44.75	-28.9854	0							0	0.000118447		voice ash "bode" tok=2293b64c395a12fe take=2 src=tts:gpt-audio-1.5 f0=92 onset=0.359 dur=0.600 vowel=0.489-0.819 level=0.050
35	proc	15	bayed	baselineGeneralize	shiftMags=0	102.745	1.5	1.5	1.5	30	16000	4	0@0.002	0.33	0.442-0.772	90.7808	422.029	91	154	NaN	NaN	NaN	NaN					99.2387	NaN	NaN	-3.80793	0.0999628	27.8125	-27.6192	0							0	0.000121037		voice ash "bayed" tok=abd0a362d1855099 take=2 src=tts:gpt-audio-1.5 f0=94 onset=0.353 dur=0.550 vowel=0.423-0.733 level=0.050
36	proc	16	bode	baselineGeneralize	shiftMags=0	105.048	1.5	1.5	1.5	30	16000	4	0@0.002	0.352	0.378-0.730	39.2785	804.085	38	441	493.082	1064.85	463.415	1196.37	493.082	1064.85	463.415	1196.37	96.1018	NaN	NaN	-4.86797	0.101095	38.75	-27.5268	0							0	6.04734e-05		voice ash "bode" tok=67c7af57f1bf1c77 take=3 src=tts:gpt-audio-1.5 f0=95 onset=0.322 dur=0.540 vowel=0.352-0.682 level=0.050
37	proc	17	bayed	baselineGeneralize	shiftMags=0	107.345	1.5	1.5	1.5	30	16000	4	0@0.002	0.312	0.444-0.756	86.9039	398.586	87	143	415.024	2107.81	547.584	1542.78	416.236	2130.88	657.816	1610	129.743	NaN	NaN	-4.25874	0.104685	37.125	-27.0174	0							0	0.000122005		voice ash "bayed" tok=9a679f0dfe9370d2 take=3 src=tts:gpt-audio-1.5 f0=127 onset=0.293 dur=0.640 vowel=0.423-0.703 level=0.050
38	proc	18	bud	baselineGeneralize	shiftMags=0	110.089	1.5	1.5	1.5	30	16000	4	0@0.002	0.272	0.402-0.678	-126.016	735.286	-110	358	659.605	1160.76	399.871	1358.38	659.605	1160.76	399.871	1358.38	84.3743	193.886	1440.4	-4.51834	0.100945	13.1875	-27.4018	0							0	0.000120403		voice ash "bud" tok=90b6d94c8ab97221 take=3 src=tts:gpt-audio-1.5 f0=98 onset=0.295 dur=0.480 vowel=0.365-0.635 level=0.050
39	proc	19	bed	baselineGeneralize	shiftMags=0	112.984	1.5	1.5	1.5	30	16000	4	0@0.002	0.248	0.520-0.768	-80.3813	562.133	-72	226	604.636	1821.52	481.782	1425.29	604.636	1821.52	481.782	1425.29	110.836	139.787	401.765	-5.45128	0.107357	9.4375	-26.7303	0							0	0.000121852		voice ash "bed" tok=cb6039471394f1d6 take=3 src=tts:gpt-audio-1.5 f0=95 onset=0.346 dur=0.590 vowel=0.506-0.756 level=0.050
40	proc	20	bid	baselineGeneralize	shiftMags=0	115.248	1.5	1.5	1.5	30	16000	4	0@0.002	0.204	0.470-0.674	79.2524	509.49	79	198	365.097	1988.23	409.121	1267.91	374.513	2019.16	388.004	1229.56	97.3053	140.691	638.326	-5.33052	0.093177	59.25	-27.6725	0							0	0.000120689		voice ash "bid" tok=7fa31812a547ef80 take=3 src=tts:gpt-audio-1.5 f0=100 onset=0.312 dur=0.540 vowel=0.452-0.672 level=0.050
41	proc	21	bid	baselineGeneralize	shiftMags=0	117.633	1.5	1.5	1.5	30	16000	4	0@0.002	0.264	0.454-0.718	60.0785	505.108	59	195.5	411.526	1985.87	431.929	1289.49	412.304	1987.34	436.389	1283.36	103.925	NaN	NaN	-5.2821	0.0905321	51.5625	-27.3274	0							0	0.000121789		voice ash "bid" tok=f4f97d681f8ee47f take=0 src=tts:gpt-audio-1.5 f0=89 onset=0.325 dur=0.570 vowel=0.445-0.715 level=0.050
42	proc	22	bode	baselineGeneralize	shiftMags=0	120.129	1.5	1.5	1.5	30	16000	4	0@0.002	0.338	0.360-0.698	56.2184	814.196	55	457	451.042	954.053	524.275	1489.63	455.904	947.159	521.943	1436.87	82.0873	232.274	1800.72	-6.4038	0.0871958	22.875	-27.6564	0							0	7.8413e-05		voice ash "bode" tok=87f31a6cb6fb6ff6 take=0 src=tts:gpt-audio-1.5 f0=82 onset=0.307 dur=0.510 vowel=0.347-0.687 level=0.050
43	proc	23	bud	baselineGeneralize	shiftMags=0	122.613	1.5	1.5	1.5	30	16000	4	0@0.002	0.232	0.508-0.740	-149.838	741.835	-129	369	719.622	1254.37	421.279	1175.82	719.622	1254.37	421.279	1175.82	89.4594	188.651	1291.7	-5.5331	0.0797851	-13.625	-26.8243	0							0	0.000121301		voice ash "bud" tok=091cf0288aed6b34 take=0 src=tts:gpt-audio-1.5 f0=86 onset=0.371 dur=0.510 vowel=0.491-0.731 level=0.050
44	proc	24	bayed	baselineGeneralize	shiftMags=0	125.489	1.5	1.5	1.5	30	16000	4	0@0.002	0.37	0.472-0.842	122.212	437.212	126	160	448.538	1936.88	354.583	1120.52	448.538	1936.88	354.583	1120.52	85.7036	153.741	1011.69	-4.35697	0.11349	5.5625	-27.861	0							0	0.000121602		voice ash "bayed" tok=a42fe4c78eb5e08f take=0 src=tts:gpt-audio-1.5 f0=83 onset=0.357 dur=0.650 vowel=0.457-0.817 level=0.050
45	proc	25	bed	baselineGeneralize	shiftMags=0	127.928	1.5	1.5	1.5	30	16000	4	0@0.002	0.254	0.526-0.780	-78.0876	567.963	-70	231	631.877	1796.2	442.217	1273.11	631.877	1796.2	442.217	1273.11	100.489	NaN	NaN	-4.43666	0.0816169	16.6875	-27.9171	0							0	0.000122009		voice ash "bed" tok=adb421ecc8680bd9 take=0 src=tts:gpt-audio-1.5 f0=95 onset=0.368 dur=0.560 vowel=0.488-0.748 level=0.050
46	proc	26	bed	baselineGeneralize	shiftMags=0	130.408	1.5	1.5	1.5	30	16000	4	0@0.002	0.302	0.382-0.684	-69.7903	575.674	-63	237	477.3	1753.76	345.345	1870.63	477.3	1753.76	345.345	1870.63	86.4539	NaN	NaN	-4.50044	0.096297	19.1875	-27.7925	0							0	0.000121737		voice ash "bed" tok=3fc9854b87492ea4 take=1 src=tts:gpt-audio-1.5 f0=88 onset=0.327 dur=0.590 vowel=0.357-0.677 level=0.050
47	proc	27	bayed	baselineGeneralize	shiftMags=0	133.024	1.5	1.5	1.5	30	16000	4	0@0.002	0.396	0.414-0.810	98.058	420.482	99	154	367.593	2199.38	358.572	1283.71	367.593	2199.38	358.572	1283.71	85.5199	217.393	1615.17	-4.53582	0.0792647	-38.125	-28.2202	0							0	0.000121843		voice ash "bayed" tok=cb0ca450a3aef1b1 take=1 src=tts:gpt-audio-1.5 f0=86 onset=0.292 dur=0.750 vowel=0.402-0.762 level=0.050
48	proc	28	bid	baselineGeneralize	shiftMags=0	135.987	1.5	1.5	1.5	30	16000	4	0@0.002	0.268	0.456-0.724	79.1716	519.823	79	204	384.829	2005.37	378.766	1191.19	385.054	2017.19	368.863	1160.13	93.7641	NaN	NaN	-5.15834	0.0957218	43.4375	-26.5031	0							0	0.000121703		voice ash "bid" tok=3f347d0b47084cf1 take=1 src=tts:gpt-audio-1.5 f0=99 onset=0.309 dur=0.600 vowel=0.439-0.709 level=0.050
49	proc	29	bode	baselineGeneralize	shiftMags=0	138.458	1.5	1.5	1.5	30	16000	4	0@0.002	0.39	0.426-0.816	63.9112	802.345	63	441	502.18	1062.08	492.752	1274.86	517.092	1070.77	439.601	1264.96	90.2554	155.959	946.893	-5.53116	0.109271	58.9375	-27.121	0							0	6.08621e-05		voice ash "bode" tok=e164a7121b62e422 take=1 src=tts:gpt-audio-1.5 f0=91 onset=0.375 dur=0.580 vowel=0.415-0.765 level=0.050
50	proc	30	bud	baselineGeneralize	shiftMags=0	141.183	1.5	1.5	1.5	30	16000	4	0@0.002	0.256	0.486-0.868	-133.562	721.529	-116	347	719.106	1211.37	405.178	1323.44	726.118	1228.99	384.605	1246.38	91.4893	NaN	NaN	-5.05665	0.0862817	32.625	-28.3455	0							0	0.000120534		voice ash "bud" tok=c4313fde2b3d58ca take=1 src=tts:gpt-audio-1.5 f0=87 onset=0.314 dur=0.590 vowel=0.454-0.844 level=0.050
51	proc	31	bayed	baselineGeneralize	shiftMags=0	144.47	1.5	1.5	1.5	30	16000	4	0@0.002	0.33	0.378-0.708	90.7929	422.244	91	154	458.351	1984.3	498.955	2729.34	465.814	2034	469.725	2729.34	96.312	192.92	1202.66	-4.99619	0.0876322	45.625	-27.6187	0							0	0.000121164		voice ash "bayed" tok=abd0a362d1855099 take=2 src=tts:gpt-audio-1.5 f0=94 onset=0.289 dur=0.550 vowel=0.359-0.669 level=0.050
52	proc	32	bid	baselineGeneralize	shiftMags=0	147.043	1.5	1.5	1.5	30	16000	4	0@0.002	0.234	0.420-0.692	67.7668	547.825	67	220	459.879	1830.54	495.808	1253.15	459.879	1830.54	495.808	1253.15	121.031	234.561	1145.5	-6.31699	0.0621245	-4.5	-28.0639	0							0	0.000122063		voice ash "bid" tok=02c01092c9aa76ac take=2 src=tts:gpt-audio-1.5 f0=103 onset=0.369 dur=0.370 vowel=0.389-0.669 level=0.050
53	proc	33	bed	baselineGeneralize	shiftMags=0	149.988	1.5	1.5	1.5	30	16000	4	0@0.002	0.224	0.402-0.626	-69.9557	594.607	-63	248	590.97	1750.63	432.172	1124.46	590.97	1750.63	432.172	1124.46	82.2237	NaN	NaN	-5.39174	0.0892478	52	-28.554	0							0	0.000121244		voice ash "bed" tok=25efd06e9cfebf4f take=2 src=tts:gpt-audio-1.5 f0=86 onset=0.353 dur=0.430 vowel=0.383-0.723 level=0.050
54	proc	34	bode	baselineGeneralize	shiftMags=0	152.402	1.5	1.5	1.5	30	16000	4	0@0.002	0.324	0.456-0.794	54.709	802.482	53.5	441	451.015	988.62	416.451	2011.13	451.015	988.62	416.451	2011.13	92.3077	140.002	721.11	-4.16834	0.0875856	-9.8125	-28.9802	0							0	9.19615e-05		voice ash "bode" tok=2293b64c395a12fe take=2 src=tts:gpt-audio-1.5 f0=92 onset=0.296 dur=0.600 vowel=0.426-0.756 level=0.050
55	proc	35	bud	baselineGeneralize	shiftMags=0	154.919	1.5	1.5	1.5	30	16000	4	0@0.002	0.29	0.278-0.604	-82.7623	667.392	-74	298	667.086	1178.06	1043.49	2953.23	667.086	1178.06	1043.49	2953.23	92.9547	165.837	1002.2	-5.03876	0.130099	-15.1875	-27.5019	0							0	0.000120739		voice ash "bud" tok=fd7edec4ac0868df take=2 src=tts:gpt-audio-1.5 f0=86 onset=0.293 dur=0.340 vowel=0.293-0.573 level=0.050
56	proc	36	bid	baselineGeneralize	shiftMags=0	157.659	1.5	1.5	1.5	30	16000	4	0@0.002	0.204	0.452-0.656	79.3719	509.949	79	198	303.46	1794.55	458.708	3636	366.177	1988.54	493.792	3762.62	97.6323	NaN	NaN	-5.13814	0.104826	33.75	-27.6746	0							0	0.000120798		voice ash "bid" tok=7fa31812a547ef80 take=3 src=tts:gpt-audio-1.5 f0=100 onset=0.295 dur=0.540 vowel=0.435-0.655 level=0.050
57	proc	37	bud	baselineGeneralize	shiftMags=0	160.334	1.5	1.5	1.5	30	16000	4	0@0.002	0.278	0.466-0.744	-130.876	734.995	-114	358	693.533	1196.43	395.108	1232.62	693.533	1196.43	395.108	1232.62	83.3859	NaN	NaN	-3.84634	0.111974	-28.8125	-27.4027	0							0	0.000118757		voice ash "bud" tok=90b6d94c8ab97221 take=3 src=tts:gpt-audio-1.5 f0=98 onset=0.360 dur=0.480 vowel=0.430-0.700 level=0.050
58	proc	38	bode	baselineGeneralize	shiftMags=0	163.016	1.5	1.5	1.5	30	16000	4	0@0.002	0.352	0.368-0.720	41.2615	803.888	40	441	478.105	1027.51	471.296	1547.99	482.859	1046.07	448.31	1740.2	97.6925	NaN	NaN	-4.74941	0.104475	56	-27.5265	0							0	6.02134e-05		voice ash "bode" tok=67c7af57f1bf1c77 take=3 src=tts:gpt-audio-1.5 f0=95 onset=0.312 dur=0.540 vowel=0.342-0.672 level=0.050
59	proc	39	bayed	baselineGeneralize	shiftMags=0	165.722	1.5	1.5	1.5	30	16000	4	0@0.002	0.312	0.440-0.752	86.9266	398.454	87	143	406.596	2144.24	487.574	1440.16	413.521	2144.69	476.176	1404.59	128.635	145.871	217.697	-5.77989	0.101503	44.6875	-27.0162	0							0	0.00012154		voice ash "bayed" tok=9a679f0dfe9370d2 take=3 src=tts:gpt-audio-1.5 f0=127 onset=0.289 dur=0.640 vowel=0.419-0.699 level=0.050
60	proc	40	bed	baselineGeneralize	shiftMags=0	168.479	1.5	1.5	1.5	30	16000	4	0@0.002	0.248	0.482-0.730	-80.3034	562.031	-72	226	609.152	1820.67	435.346	1330.3	614.227	1822.75	451.769	1315.9	121.409	224.118	1061.26	-5.08513	0.0859445	52	-26.7295	0							0	0.000121041		voice ash "bed" tok=cb6039471394f1d6 take=3 src=tts:gpt-audio-1.5 f0=95 onset=0.307 dur=0.590 vowel=0.467-0.717 level=0.050
61	proc	41	bud	baselineGeneralize	shiftMags=0	170.971	1.5	1.5	1.5	30	16000	4	0@0.002	0.246	0.470-0.716	-145.822	737.632	-126	364	671.7	1150.29	463.051	1311.54	690.354	1172.81	459.342	1283.14	89.3383	NaN	NaN	-4.92499	0.0863516	53	-26.8236	0							0	0.000117859		voice ash "bud" tok=091cf0288aed6b34 take=0 src=tts:gpt-audio-1.5 f0=86 onset=0.333 dur=0.510 vowel=0.453-0.693 level=0.050
62	proc	42	bid	baselineGeneralize	shiftMags=0	173.484	1.5	1.5	1.5	30	16000	4	0@0.002	0.262	0.426-0.688	60.0759	503.173	59	193	420.205	1978.79	524.549	1556.12	420.205	1978.79	524.549	1556.12	105.081	NaN	NaN	-7.16266	0.0920339	-21.375	-27.3272	0							0	0.000120668		voice ash "bid" tok=f4f97d681f8ee47f take=0 src=tts:gpt-audio-1.5 f0=89 onset=0.295 dur=0.570 vowel=0.415-0.685 level=0.050
63	proc	43	bed	baselineGeneralize	shiftMags=0	176.032	1.5	1.5	1.5	30	16000	4	0@0.002	0.254	0.460-0.714	-78.0908	567.939	-70	231	612.478	1785.19	429.535	1282.24	614.15	1787.54	422.976	1197.92	101.998	187.122	1050.53	-5.46517	0.0784028	56.3125	-27.9228	0							0	0.000119529		voice ash "bed" tok=adb421ecc8680bd9 take=0 src=tts:gpt-audio-1.5 f0=95 onset=0.303 dur=0.560 vowel=0.423-0.683 level=0.050
64	proc	44	bode	baselineGeneralize	shiftMags=0	178.674	1.5	1.5	1.5	30	16000	4	0@0.002	0.338	0.360-0.698	56.2765	814.231	55	457	461.722	991.837	473.121	1178.78	461.722	991.837	473.121	1178.78	82.0722	154.159	1091.35	-4.76829	0.0938923	46.0625	-27.6566	0							0	6.07729e-05		voice ash "bode" tok=87f31a6cb6fb6ff6 take=0 src=tts:gpt-audio-1.5 f0=82 onset=0.307 dur=0.510 vowel=0.347-0.687 level=0.050
65	proc	45	bayed	baselineGeneralize	shiftMags=0	181.349	1.5	1.5	1.5	30	16000	4	0@0.002	0.372	0.480-0.852	120.611	443.222	124	165	415.026	2068.54	443.195	3458.75	415.026	2068.54	443.195	3458.75	85.6746	NaN	NaN	-4.42943	0.111769	-4.8125	-27.8614	0							0	0.000122011		voice ash "bayed" tok=a42fe4c78eb5e08f take=0 src=tts:gpt-audio-1.5 f0=83 onset=0.365 dur=0.650 vowel=0.465-0.825 level=0.050
66	proc	46	bode	baselineGeneralize	shiftMags=0	184.255	1.5	1.5	1.5	30	16000	4	0@0.002	0.388	0.418-0.806	63.9332	803.743	63	441	532.204	1059.97	461.478	1103.39	532.204	1059.97	461.478	1103.39	90.2633	NaN	NaN	-4.55613	0.0895612	-29.75	-27.1217	0							0	6.06435e-05		voice ash "bode" tok=e164a7121b62e422 take=1 src=tts:gpt-audio-1.5 f0=91 onset=0.365 dur=0.580 vowel=0.405-0.755 level=0.050
67	proc	47	bud	baselineGeneralize	shiftMags=0	186.802	1.5	1.5	1.5	30	16000	4	0@0.002	0.256	0.458-0.840	-133.61	722.198	-116	347	674.18	1119.24	468.175	1292.11	681.78	1132.77	379.544	1292.11	88.986	217.606	1548.08	-5.17304	0.0707652	56.75	-28.3441	0							0	0.00012206		voice ash "bud" tok=c4313fde2b3d58ca take=1 src=tts:gpt-audio-1.5 f0=87 onset=0.286 dur=0.590 vowel=0.426-0.816 level=0.050
68	proc	48	bid	baselineGeneralize	shiftMags=0	189.388	1.5	1.5	1.5	30	16000	4	0@0.002	0.268	0.470-0.738	79.171	520.364	79	204	385.455	2018.91	378.171	1195.5	385.455	2018.91	378.171	1195.5	95.1868	NaN	NaN	-5.01482	0.0967645	21.875	-26.5036	0							0	0.000121394		voice ash "bid" tok=3f347d0b47084cf1 take=1 src=tts:gpt-audio-1.5 f0=99 onset=0.323 dur=0.600 vowel=0.453-0.723 level=0.050
69	proc	49	bayed	baselineGeneralize	shiftMags=0	192.263	1.5	1.5	1.5	30	16000	4	0@0.002	0.396	0.492-0.888	98.0406	421.746	99	154	403.343	2151.61	439.807	1275.72	403.343	2151.61	439.807	1275.72	85.5704	NaN	NaN	-5.30825	0.0841632	-52.3125	-28.2208	0							0	0.000122042		voice ash "bayed" tok=cb0ca450a3aef1b1 take=1 src=tts:gpt-audio-1.5 f0=86 onset=0.371 dur=0.750 vowel=0.481-0.841 level=0.050
70	proc	50	bed	baselineGeneralize	shiftMags=0	195.241	1.5	1.5	1.5	30	16000	4	0@0.002	0.302	0.372-0.674	-69.7859	575.629	-63	237	480.59	1762.12	1390.13	2338.4	480.59	1762.12	1390.13	2338.4	83.9214	NaN	NaN	-4.7175	0.0885492	23.9375	-27.793	0							0	0.000119415		voice ash "bed" tok=3fc9854b87492ea4 take=1 src=tts:gpt-audio-1.5 f0=88 onset=0.316 dur=0.590 vowel=0.346-0.666 level=0.050
71	proc	51	bayed	baselineGeneralize	shiftMags=0	197.673	1.5	1.5	1.5	30	16000	4	0@0.002	0.33	0.384-0.714	90.8122	422.325	91	154	465.552	1928.15	503.753	1917.85	467.487	1998.55	492.903	1493.03	96.4354	197.999	1245.43	-4.93524	0.0859326	39.75	-27.6187	0							0	0.000122043		voice ash "bayed" tok=abd0a362d1855099 take=2 src=tts:gpt-audio-1.5 f0=94 onset=0.295 dur=0.550 vowel=0.365-0.675 level=0.050
72	proc	52	bode	baselineGeneralize	shiftMags=0	200.471	1.5	1.5	1.5	30	16000	4	0@0.002	0.318	0.520-0.856	53.3384	806.112	52	446	523.995	1061.79	455.757	2024.17	525.584	1068.93	447.518	2000.22	91.4667	233.192	1620.24	-4.44566	0.0854019	59.6875	-28.9823	0							0	6.09124e-05		voice ash "bode" tok=2293b64c395a12fe take=2 src=tts:gpt-audio-1.5 f0=92 onset=0.358 dur=0.600 vowel=0.488-0.818 level=0.050
73	proc	53	bud	baselineGeneralize	shiftMags=0	202.907	1.5	1.5	1.5	30	16000	4	0@0.002	0.29	0.300-0.624	-101.751	669.13	-90	303	617.89	1080.17	421.338	2206.21	617.89	1080.17	421.338	2206.21	88.0625	NaN	NaN	-4.46314	0.112244	18.75	-27.5006	0							0	0.000122069		voice ash "bud" tok=fd7edec4ac0868df take=2 src=tts:gpt-audio-1.5 f0=86 onset=0.314 dur=0.340 vowel=0.314-0.594 level=0.050
74	proc	54	bed	baselineGeneralize	shiftMags=0	205.713	1.5	1.5	1.5	30	16000	4	0@0.002	0.22	0.408-0.628	-69.9899	594.668	-63	248	587.971	1725.77	420.9	2967.09	587.971	1725.77	420.9	2967.09	83.2855	140.46	904.824	-4.65734	0.0688418	5.125	-28.5548	0							0	0.000121822		voice ash "bed" tok=25efd06e9cfebf4f take=2 src=tts:gpt-audio-1.5 f0=86 onset=0.358 dur=0.430 vowel=0.388-0.728 level=0.050
75	proc	55	bid	baselineGeneralize	shiftMags=0	207.992	1.5	1.5	1.5	30	16000	4	0@0.002	0.234	0.376-0.646	64.0468	549.41	63	220	NaN	NaN	NaN	NaN					99.8602	166.506	885.106	-4.50015	0.0857249	51.6875	-28.0639	0							0	0.000121709		voice ash "bid" tok=02c01092c9aa76ac take=2 src=tts:gpt-audio-1.5 f0=103 onset=0.324 dur=0.370 vowel=0.344-0.624 level=0.050
76	proc	56	bed	baselineGeneralize	shiftMags=0	210.622	1.5	1.5	1.5	30	16000	4	0@0.002	0.248	0.492-0.740	-80.3307	562.208	-72	226	605.163	1817.95	499.807	1542.79	605.163	1817.95	499.807	1542.79	111.976	NaN	NaN	-5.07997	0.1146	18.3125	-26.7311	0							0	0.000120857		voice ash "bed" tok=cb6039471394f1d6 take=3 src=tts:gpt-audio-1.5 f0=95 onset=0.317 dur=0.590 vowel=0.477-0.727 level=0.050
77	proc	57	bayed	baselineGeneralize	shiftMags=0	213.3	1.5	1.5	1.5	30	16000	4	0@0.002	0.312	0.498-0.810	86.7987	397.285	87	143	410.029	2129.36	415.21	1270.97	414.905	2150.41	405.672	1237	130.905	NaN	NaN	-5.11859	0.0975967	51.125	-27.0157	0							0	0.000122026		voice ash "bayed" tok=9a679f0dfe9370d2 take=3 src=tts:gpt-audio-1.5 f0=127 onset=0.346 dur=0.640 vowel=0.476-0.756 level=0.050
78	proc	58	bid	baselineGeneralize	shiftMags=0	216.074	1.5	1.5	1.5	30	16000	4	0@0.002	0.204	0.450-0.654	79.3353	509.853	79	198	343.637	1906.91	393.689	3564.58	374.046	2025.33	427.095	3588.74	97.372	NaN	NaN	-4.7726	0.0909905	40.3125	-27.6715	0							0	0.00012183		voice ash "bid" tok=7fa31812a547ef80 take=3 src=tts:gpt-audio-1.5 f0=100 onset=0.294 dur=0.540 vowel=0.434-0.654 level=0.050
79	proc	59	bud	baselineGeneralize	shiftMags=0	219.012	1.5	1.5	1.5	30	16000	4	0@0.002	0.276	0.440-0.716	-126.134	734.006	-110	358	647.81	1152.9	540.093	1468.45	663.514	1163.19	511.304	1434.77	83.2651	142.923	935.344	-5.41775	0.0964464	34.8125	-27.4029	0							0	0.00011924		voice ash "bud" tok=90b6d94c8ab97221 take=3 src=tts:gpt-audio-1.5 f0=98 onset=0.333 dur=0.480 vowel=0.403-0.673 level=0.050
80	proc	60	bode	baselineGeneralize	shiftMags=0	221.858	1.5	1.5	1.5	30	16000	4	0@0.002	0.352	0.412-0.764	41.2664	803.727	40	441	NaN	NaN	NaN	NaN					101.936	223.271	1357.35	-3.7536	0.107604	23.25	-27.5284	0							0	6.10104e-05		voice ash "bode" tok=67c7af57f1bf1c77 take=3 src=tts:gpt-audio-1.5 f0=95 onset=0.357 dur=0.540 vowel=0.387-0.717 level=0.050
81	proc	61	bid	baselineGeneralize	shiftMags=0	225.531	1.5	1.5	1.5	30	16000	4	0@0.002	0.262	0.458-0.720	60.0901	502.455	59	193	411.136	1984.55	421.882	1277.74	415.235	1990.91	421.882	1277.74	105.716	206.73	1161.07	-5.26464	0.0833198	48.75	-27.3269	0							0	0.000122024		voice ash "bid" tok=f4f97d681f8ee47f take=0 src=tts:gpt-audio-1.5 f0=89 onset=0.328 dur=0.570 vowel=0.448-0.718 level=0.050
82	proc	62	bode	baselineGeneralize	shiftMags=0	228.154	1.5	1.5	1.5	30	16000	4	0@0.002	0.34	0.354-0.694	60.0937	813.859	59	457	459.238	983.225	529.106	1512.79	462.648	988.382	528.9	1505.12	81.6525	NaN	NaN	-6.47448	0.0837344	28.25	-27.6566	0							0	6.09771e-05		voice ash "bode" tok=87f31a6cb6fb6ff6 take=0 src=tts:gpt-audio-1.5 f0=82 onset=0.302 dur=0.510 vowel=0.342-0.682 level=0.050
83	proc	63	bud	baselineGeneralize	shiftMags=0	230.413	1.5	1.5	1.5	30	16000	4	0@0.002	0.248	0.440-0.688	-140.981	736.883	-122	361	661.112	1126.51	442.843	1228.39	669.077	1148.07	441.17	1228.39	89.7171	185.878	1261.08	-5.79556	0.0786707	50.875	-26.8236	0							0	0.0001215		voice ash "bud" tok=091cf0288aed6b34 take=0 src=tts:gpt-audio-1.5 f0=86 onset=0.304 dur=0.510 vowel=0.424-0.664 level=0.050
84	proc	64	bed	baselineGeneralize	shiftMags=0	233.078	1.5	1.5	1.5	30	16000	4	0@0.002	0.252	0.500-0.752	-78.089	567.854	-70	231	621.809	1791.14	407.628	1200.27	621.809	1791.14	407.628	1200.27	101.724	NaN	NaN	-4.33096	0.0995286	10.375	-27.9197	0							0	0.000120748		voice ash "bed" tok=adb421ecc8680bd9 take=0 src=tts:gpt-audio-1.5 f0=95 onset=0.343 dur=0.560 vowel=0.463-0.723 level=0.050
85	proc	65	bayed	baselineGeneralize	shiftMags=0	235.75	1.5	1.5	1.5	30	16000	4	0@0.002	0.37	0.458-0.828	122.196	437.158	126	160	437.536	1972.48	456.381	3446.87	437.536	1972.48	456.381	3446.87	85.6924	NaN	NaN	-4.45552	0.112032	17.6875	-27.8611	0							0	0.000121812		voice ash "bayed" tok=a42fe4c78eb5e08f take=0 src=tts:gpt-audio-1.5 f0=83 onset=0.343 dur=0.650 vowel=0.443-0.803 level=0.050
86	proc	66	bed	baselineGeneralize	shiftMags=0	238.556	1.5	1.5	1.5	30	16000	4	0@0.002	0.302	0.422-0.724	-69.7892	575.911	-63	237	556.338	1800.17	399.152	1531.37	556.338	1800.17	399.152	1531.37	84.6946	88.6449	78.9217	-4.46506	0.0862452	-21.625	-27.7924	0							0	0.000121506		voice ash "bed" tok=3fc9854b87492ea4 take=1 src=tts:gpt-audio-1.5 f0=88 onset=0.367 dur=0.590 vowel=0.397-0.717 level=0.050
87	proc	67	bode	baselineGeneralize	shiftMags=0	240.93	1.5	1.5	1.5	30	16000	4	0@0.002	0.388	0.356-0.744	63.9394	803.001	63	441	539.18	1073.04	448.22	1292.61	539.18	1073.04	448.22	1292.61	89.5738	233.433	1658.23	-4.70429	0.0851056	27.6875	-27.1211	0							0	6.05983e-05		voice ash "bode" tok=e164a7121b62e422 take=1 src=tts:gpt-audio-1.5 f0=91 onset=0.303 dur=0.580 vowel=0.343-0.693 level=0.050
88	proc	68	bud	baselineGeneralize	shiftMags=0	243.622	1.5	1.5	1.5	30	16000	4	0@0.002	0.262	0.504-0.888	-131.057	720.31	-114	347	687.773	1142.28	448.579	1864.38	687.773	1142.28	448.579	1864.38	90.8479	NaN	NaN	-4.97771	0.0918902	16.875	-28.3449	0							0	0.00012104		voice ash "bud" tok=c4313fde2b3d58ca take=1 src=tts:gpt-audio-1.5 f0=87 onset=0.333 dur=0.590 vowel=0.473-0.863 level=0.050
89	proc	69	bid	baselineGeneralize	shiftMags=0	245.91	1.5	1.5	1.5	30	16000	4	0@0.002	0.268	0.460-0.728	79.1675	519.793	79	204	409.182	1996.69	406.685	1271.06	409.182	1996.69	406.685	1271.06	94.9899	NaN	NaN	-5.63011	0.0969392	11.6875	-26.5033	0							0	0.000121652		voice ash "bid" tok=3f347d0b47084cf1 take=1 src=tts:gpt-audio-1.5 f0=99 onset=0.313 dur=0.600 vowel=0.443-0.713 level=0.050
90	proc	70	bayed	baselineGeneralize	shiftMags=0	248.705	1.5	1.5	1.5	30	16000	4	0@0.002	0.396	0.448-0.844	98.0126	420.854	99	154	448.232	1773.07	398.779	1277.01	469.061	1965.25	1328.84	2862.77	86.244	188.224	1351.15	-4.77483	0.0968878	54.4375	-28.2199	0							0	0.000121373		voice ash "bayed" tok=cb0ca450a3aef1b1 take=1 src=tts:gpt-audio-1.5 f0=86 onset=0.326 dur=0.750 vowel=0.436-0.796 level=0.050
91	proc	71	bed	baselineGeneralize	shiftMags=0	251.571	1.5	1.5	1.5	30	16000	4	0@0.002	0.228	0.366-0.594	-69.9492	594.614	-63	248	546.706	1712.08	552.402	3645.02	579.468	1716.05	515.3	2296.24	83.7972	NaN	NaN	-5.37099	0.0789333	36.3125	-28.5539	0							0	0.000122007		voice ash "bed" tok=25efd06e9cfebf4f take=2 src=tts:gpt-audio-1.5 f0=86 onset=0.317 dur=0.430 vowel=0.347-0.687 level=0.050
92	proc	72	bayed	baselineGeneralize	shiftMags=0	254.149	1.5	1.5	1.5	30	16000	4	0@0.002	0.33	0.428-0.758	90.7963	422.233	91	154	472.481	1974.31	548.344	2133.04	472.481	1974.31	548.344	2133.04	96.3659	233.266	1530.46	-5.59683	0.07062	50.375	-27.619	0							0	0.000121768		voice ash "bayed" tok=abd0a362d1855099 take=2 src=tts:gpt-audio-1.5 f0=94 onset=0.339 dur=0.550 vowel=0.409-0.719 level=0.050
93	proc	73	bid	baselineGeneralize	shiftMags=0	256.915	1.5	1.5	1.5	30	16000	4	0@0.002	0.236	0.366-0.638	67.8424	547.961	67	220	NaN	NaN	NaN	NaN					99.1068	NaN	NaN	-4.80779	0.0835813	16.0625	-28.0628	0							0	0.000118743		voice ash "bid" tok=02c01092c9aa76ac take=2 src=tts:gpt-audio-1.5 f0=103 onset=0.316 dur=0.370 vowel=0.336-0.616 level=0.050
94	proc	74	bud	baselineGeneralize	shiftMags=0	259.662	1.5	1.5	1.5	30	16000	4	0@0.002	0.29	0.320-0.644	-92.3895	669.147	-82	303	651.96	1266.32	463.59	1311.1	651.96	1266.32	463.59	1311.1	88.0586	138.964	789.807	-4.84984	0.0907315	-19.625	-27.5017	0							0	0.000119108		voice ash "bud" tok=fd7edec4ac0868df take=2 src=tts:gpt-audio-1.5 f0=86 onset=0.334 dur=0.340 vowel=0.334-0.614 level=0.050
95	proc	75	bode	baselineGeneralize	shiftMags=0	262.14	1.5	1.5	1.5	30	16000	4	0@0.002	0.32	0.464-0.802	49.3616	804.992	48	443.5	NaN	NaN	NaN	NaN					92.7237	NaN	NaN	-3.36883	0.107864	27.0625	-28.9846	0							0	0.000110906		voice ash "bode" tok=2293b64c395a12fe take=2 src=tts:gpt-audio-1.5 f0=92 onset=0.304 dur=0.600 vowel=0.434-0.764 level=0.050
96	proc	76	booed	baselineTrain	shiftMags=0	269.459	1.5	1.5	1.5	30	16000	3	0@0.002	0.366	0.510-0.876	156.981	790.257	166	419	293.739	1051.96	407.681	2161.32	293.739	1051.96	407.681	2161.32	94.4833	132.912	590.808	-12.8708	0.0591587	7.4375	-28.1211	0							0	0.000107908		voice ash "booed" tok=483dac6d7b781d23 take=1 src=tts:gpt-audio-1.5 f0=93 onset=0.342 dur=0.720 vowel=0.492-0.852 level=0.050
97	proc	77	bead	baselineTrain	shiftMags=0	271.969	1.5	1.5	1.5	30	16000	3	0@0.002	0.318	0.516-0.834	192.077	349.276	209	121	253.607	2356.53	434.665	2723.39	253.607	2363.32	438.038	2735.7	96.8733	133.302	552.64	-8.24831	0.0713718	7.25	-27.77	0							1	0.000120992	-8.583	voice ash "bead" tok=3b925d8a31a7a932 take=1 src=tts:gpt-audio-1.5 f0=97 onset=0.332 dur=0.650 vowel=0.492-0.782 level=0.050
98	proc	78	bad	baselineTrain	shiftMags=0	274.598	1.5	1.5	1.5	30	16000	3	0@0.002	0.4	0.432-0.832	-261.904	636.591	-212	275	845.318	1562.61	603.003	2175.05	852.569	1566.85	604.543	2175.05	97.0731	98.0202	16.8087	-2.61998	0.178839	8.3125	-27.8693	0							1	0.000122013	-2.69545	voice ash "bad" tok=66aa28bd9c51a88d take=1 src=tts:gpt-audio-1.5 f0=89 onset=0.301 dur=0.710 vowel=0.411-0.931 level=0.050
99	proc	79	bod	baselineTrain	shiftMags=0	277.456	1.5	1.5	1.5	30	16000	3	0@0.002	0.376	0.378-0.754	-94.5445	788.542	-84	424	625.667	1009.94	511.799	1794.29	626.836	1012.19	508.291	1794.29	91.8154	105.357	238.176	-9.9091	0.0737048	8	-27.5336	0							1	0.000116496	-10.2584	voice ash "bod" tok=833f71af6e7d4487 take=1 src=tts:gpt-audio-1.5 f0=86 onset=0.321 dur=0.570 vowel=0.361-0.721 level=0.050
100	proc	80	bod	baselineTrain	shiftMags=0	280.355	1.5	1.5	1.5	30	16000	3	0@0.002	0.35	0.448-0.814	-101.832	809.037	-90	452	629.115	937.681	511.151	1746.78	633.147	938.444	511.217	1748.78	81.7256	79.4162	-49.6256	-10.5617	0.0593312	8	-26.7262	0							1	0.000118127	-11.0004	voice ash "bod" tok=2ee2982af233f106 take=2 src=tts:gpt-audio-1.5 f0=88 onset=0.373 dur=0.510 vowel=0.423-0.763 level=0.050
101	proc	81	bead	baselineTrain	shiftMags=0	282.889	1.5	1.5	1.5	30	16000	3	0@0.002	0.342	0.434-0.776	195.063	362.62	213	127	239.912	2321.53	429.719	2703.83	241.4	2326.79	429.921	2705.54	85.7989	NaN	NaN	-9.05586	0.105089	8	-27.5216	0							1	0.000121753	-9.38523	voice ash "bead" tok=42206fd53da2f915 take=2 src=tts:gpt-audio-1.5 f0=87 onset=0.317 dur=0.610 vowel=0.417-0.737 level=0.050
102	proc	82	bad	baselineTrain	shiftMags=0	285.846	1.5	1.5	1.5	30	16000	3	0@0.002	0.346	0.406-0.752	-228.422	633.854	-188	275	778.051	1590.84	565.164	2234.95	780.551	1593.98	568.077	2242.12	107.213	108.707	23.9484	-1.93154	0.169261	8.375	-27.8868	1	0.985+15.4ms						1	0.000121731	-1.95839	voice ash "bad" tok=d2dbf06ba76eb9c6 take=2 src=tts:gpt-audio-1.5 f0=85 onset=0.351 dur=0.550 vowel=0.391-0.711 level=0.050
103	proc	83	booed	baselineTrain	shiftMags=0	288.519	1.5	1.5	1.5	30	16000	3	0@0.002	0.38	0.310-0.734	153.336	755.251	162	380	297.322	1162.34	408.861	1878.65	295.316	1149.56	411.204	1878.65	93.4529	134.62	631.893	-11.4086	0.0822365	7.5	-26.984	0							1	0.000121304	-11.9696	voice ash "booed" tok=05db9761505af88f take=2 src=tts:gpt-audio-1.5 f0=84 onset=0.321 dur=0.420 vowel=0.321-0.701 level=0.050
104	proc	84	bead	baselineTrain	shiftMags=0	290.907	1.5	1.5	1.5	30	16000	3	0@0.002	0.308	0.444-0.752	204.429	363.179	225	127	237.645	2326.77	443.557	2709.42	238.209	2332.76	444.177	2717.05	92.0224	124.822	527.785	-8.13768	0.11983	8	-27.1752	0							1	0.000120358	-8.32123	voice ash "bead" tok=9fa84b73fa853f8a take=3 src=tts:gpt-audio-1.5 f0=97 onset=0.308 dur=0.570 vowel=0.448-0.738 level=0.050
105	proc	85	booed	baselineTrain	shiftMags=0	293.534	1.5	1.5	1.5	30	16000	3	0@0.002	0.386	0.442-0.828	136.259	805.712	142	441	362.885	979.759	421.365	1760.66	364.221	987.328	422.863	1763.4	106.275	142.287	505.196	-13.1909	0.0526552	7.6875	-27.0759	0							1	0.00010964	-13.9298	voice ash "booed" tok=14d915b28c0d1455 take=3 src=tts:gpt-audio-1.5 f0=113 onset=0.354 dur=0.600 vowel=0.414-0.784 level=0.050
106	proc	86	bod	baselineTrain	shiftMags=0	296.294	1.5	1.5	1.5	30	16000	3	0@0.002	0.298	0.500-0.798	-150.235	796.206	-129	435	684.67	972.12	519.047	1759.74	686.467	982.295	516.396	1759.74	124.94	130.288	72.5637	-10.7908	0.0630588	8	-27.0752	0							1	0.000117447	-11.3681	voice ash "bod" tok=90c2afe4082184ef take=3 src=tts:gpt-audio-1.5 f0=99 onset=0.326 dur=0.630 vowel=0.466-0.746 level=0.050
107	proc	87	bad	baselineTrain	shiftMags=0	299.117	1.5	1.5	1.5	30	16000	3	0@0.002	0.332	0.458-0.790	-239.461	640.42	-196	281	813.33	1564.41	555.707	2210.39	821.839	1570.15	563.744	2210.92	93.6553	104.058	182.349	-3.08255	0.173797	8.375	-27.6807	0							1	0.000120062	-3.15375	voice ash "bad" tok=27a360ed72a55a41 take=3 src=tts:gpt-audio-1.5 f0=92 onset=0.345 dur=0.620 vowel=0.435-0.745 level=0.050
108	proc	88	bad	baselineTrain	shiftMags=0	301.456	1.5	1.5	1.5	30	16000	3	0@0.002	0.336	0.434-0.770	-255.647	648.479	-208	287	853.055	1556.82	587.766	2215.11	854.32	1556.82	589.566	2218.75	97.9331	92.3384	-101.839	-2.89815	0.183477	8.375	-27.6044	0							1	0.000120288	-2.98396	voice ash "bad" tok=be6401efa21001bb take=0 src=tts:gpt-audio-1.5 f0=87 onset=0.307 dur=0.570 vowel=0.417-0.807 level=0.050
109	proc	89	bead	baselineTrain	shiftMags=0	304.436	1.5	1.5	1.5	30	16000	3	0@0.002	0.336	0.460-0.796	189.068	372.278	205	132	249.894	2288.13	435.759	2677.93	245.712	2293.7	440.189	2707.15	103.892	291.945	1788.73	-5.52042	0.138631	7.5625	-27.5169	0							1	0.000121287	-5.71436	voice ash "bead" tok=fcaefe50452257f6 take=0 src=tts:gpt-audio-1.5 f0=94 onset=0.320 dur=0.650 vowel=0.450-0.750 level=0.050
110	proc	90	bod	baselineTrain	shiftMags=0	307.103	1.5	1.5	1.5	30	16000	3	0@0.002	0.362	0.500-0.862	-101.573	808.76	-90	446	618.285	942.45	505.799	1771.9	619.113	948.527	505.713	1765.24	98.2606	103.677	92.8988	-11.2445	0.0694625	8	-27.6761	0							1	0.000118414	-11.6707	voice ash "bod" tok=cbbad00887880bc8 take=0 src=tts:gpt-audio-1.5 f0=87 onset=0.328 dur=0.680 vowel=0.478-0.838 level=0.050
111	proc	91	booed	baselineTrain	shiftMags=0	310.357	1.5	1.5	1.5	30	16000	3	0@0.002	0.336	0.420-0.756	147.022	803.365	154	441	347.062	1005.68	444.979	1776.74	347.944	1009.32	444.536	1784.16	99.0897	150.967	728.91	-12.3106	0.0638838	7.6875	-27.6107	0							1	6.08999e-05	-12.8877	voice ash "booed" tok=82e3e9288fde43fb take=0 src=tts:gpt-audio-1.5 f0=94 onset=0.305 dur=0.590 vowel=0.395-0.735 level=0.050
112	proc	92	bead	baselineTrain	shiftMags=0	312.821	1.5	1.5	1.5	30	16000	3	0@0.002	0.318	0.494-0.812	192.084	349.459	209	121	250.931	2353.7	437.556	2730.17	254.807	2357.99	437.556	2730.17	100.309	133.227	491.327	-8.1744	0.0735438	7.25	-27.7701	0							1	0.000121955	-8.58008	voice ash "bead" tok=3b925d8a31a7a932 take=1 src=tts:gpt-audio-1.5 f0=97 onset=0.310 dur=0.650 vowel=0.470-0.760 level=0.050
113	proc	93	bod	baselineTrain	shiftMags=0	315.695	1.5	1.5	1.5	30	16000	3	0@0.002	0.378	0.344-0.722	-92.2145	788.557	-82	424	625.822	1012.38	522.962	1796.75	628.168	1013.39	522.292	1794.57	93.9691	104.849	189.664	-9.85617	0.0738668	8	-27.5345	0							1	0.000119545	-10.268	voice ash "bod" tok=833f71af6e7d4487 take=1 src=tts:gpt-audio-1.5 f0=86 onset=0.288 dur=0.570 vowel=0.328-0.688 level=0.050
114	proc	94	bad	baselineTrain	shiftMags=0	317.986	1.5	1.5	1.5	30	16000	3	0@0.002	0.402	0.462-0.864	-261.939	636.519	-212	275	850.158	1557.26	596.185	2174.42	852.09	1558.52	596.436	2175.99	97.0359	101.308	74.5862	-2.70349	0.178281	8.3125	-27.87	0							1	0.00012198	-2.76066	voice ash "bad" tok=66aa28bd9c51a88d take=1 src=tts:gpt-audio-1.5 f0=89 onset=0.333 dur=0.710 vowel=0.443-0.963 level=0.050
115	proc	95	booed	baselineTrain	shiftMags=0	320.47	1.5	1.5	1.5	30	16000	3	0@0.002	0.366	0.478-0.844	156.83	790.196	166	419	294.68	1051.81	400.277	2155.3	293.164	1052.3	398.627	2147.93	96.5909	133.176	556.045	-12.7752	0.0571708	7.5625	-28.1207	1	1.485+15.4ms						1	0.000113325	-13.9347	voice ash "booed" tok=483dac6d7b781d23 take=1 src=tts:gpt-audio-1.5 f0=93 onset=0.309 dur=0.720 vowel=0.459-0.819 level=0.050
116	proc	96	booed	baselineTrain	shiftMags=0	323.229	1.5	1.5	1.5	30	16000	3	0@0.002	0.382	0.346-0.770	153.327	754.637	162	380	296.896	1159.26	411.693	1867.27	294.092	1143.62	412.203	1867.27	93.2162	133.436	620.993	-11.3932	0.0834283	7.375	-26.9843	0							1	0.000121664	-11.9966	voice ash "booed" tok=05db9761505af88f take=2 src=tts:gpt-audio-1.5 f0=84 onset=0.357 dur=0.420 vowel=0.357-0.737 level=0.050
117	proc	97	bod	baselineTrain	shiftMags=0	325.574	1.5	1.5	1.5	30	16000	3	0@0.002	0.33	0.402-0.766	-101.899	809.1	-90	452	631.061	937.147	504.804	1742.76	633.803	938.914	504.635	1742.01	82.527	79.9715	-54.4548	-10.5006	0.0550422	8	-26.726	0							1	0.000119435	-10.8387	voice ash "bod" tok=2ee2982af233f106 take=2 src=tts:gpt-audio-1.5 f0=88 onset=0.326 dur=0.510 vowel=0.376-0.716 level=0.050
118	proc	98	bad	baselineTrain	shiftMags=0	328.363	1.5	1.5	1.5	30	16000	3	0@0.002	0.346	0.360-0.706	-228.442	633.789	-188	275	776.971	1591.41	553.861	2248.48	778.608	1593.37	557.954	2248.48	107.441	102.907	-74.6336	-1.86171	0.16621	8.375	-27.8872	0							1	0.000120583	-1.96403	voice ash "bad" tok=d2dbf06ba76eb9c6 take=2 src=tts:gpt-audio-1.5 f0=85 onset=0.306 dur=0.550 vowel=0.346-0.666 level=0.050
119	proc	99	bead	baselineTrain	shiftMags=0	331.055	1.5	1.5	1.5	30	16000	3	0@0.002	0.34	0.408-0.748	195.116	362.591	213	127	238.293	2321.34	424.682	2696.97	239.241	2323.3	435.584	2740.38	84.8931	197.744	1463.9	-8.95035	0.0957217	8	-27.5224	0							1	0.000122032	-9.35589	voice ash "bead" tok=42206fd53da2f915 take=2 src=tts:gpt-audio-1.5 f0=87 onset=0.290 dur=0.610 vowel=0.390-0.710 level=0.050
120	proc	100	bad	baselineTrain	shiftMags=0	333.506	1.5	1.5	1.5	30	16000	3	0@0.002	0.332	0.452-0.784	-239.52	640.51	-196	281	819.447	1567.47	561.08	2208.69	821.162	1569.1	561.682	2210.66	90.9642	120.364	484.843	-3.05872	0.158736	8.375	-27.6824	0							1	0.000121964	-3.15428	voice ash "bad" tok=27a360ed72a55a41 take=3 src=tts:gpt-audio-1.5 f0=92 onset=0.339 dur=0.620 vowel=0.429-0.739 level=0.050
121	proc	101	bead	baselineTrain	shiftMags=0	336.364	1.5	1.5	1.5	30	16000	3	0@0.002	0.31	0.476-0.786	204.517	363.171	225	127	238.968	2324.64	450.772	2711.07	238.968	2333.04	452.005	2719.41	92.059	124.851	527.491	-8.24525	0.119366	8	-27.1744	0							1	0.000121113	-8.45849	voice ash "bead" tok=9fa84b73fa853f8a take=3 src=tts:gpt-audio-1.5 f0=97 onset=0.340 dur=0.570 vowel=0.480-0.770 level=0.050
122	proc	102	bod	baselineTrain	shiftMags=0	338.669	1.5	1.5	1.5	30	16000	3	0@0.002	0.296	0.502-0.798	-154.735	796.088	-133	435	685.292	979.156	530.11	1759.45	687.777	983.889	527.126	1758.77	125.083	130.839	77.8918	-10.852	0.0621146	8	-27.0763	1	0.985+11.6ms						1	9.50121e-05	-11.209	voice ash "bod" tok=90c2afe4082184ef take=3 src=tts:gpt-audio-1.5 f0=99 onset=0.327 dur=0.630 vowel=0.467-0.747 level=0.050
123	proc	103	booed	baselineTrain	shiftMags=0	341.064	1.5	1.5	1.5	30	16000	3	0@0.002	0.386	0.400-0.786	136.437	805.493	142	441	364.133	979.773	421.311	1758.19	365.594	988.118	421.311	1758.19	107.191	143.095	500.141	-12.5167	0.0723971	7.6875	-27.0759	0							1	0.000120605	-13.0901	voice ash "booed" tok=14d915b28c0d1455 take=3 src=tts:gpt-audio-1.5 f0=113 onset=0.310 dur=0.600 vowel=0.370-0.740 level=0.050
124	proc	104	bead	baselineTrain	shiftMags=0	343.887	1.5	1.5	1.5	30	16000	3	0@0.002	0.336	0.506-0.842	189.014	372.421	205	132	250.724	2283.82	443.491	2701.59	246.815	2293.72	443.922	2704.45	102.732	455.037	2576.52	-5.57552	0.127824	8	-27.5159	0							1	0.000121684	-5.67979	voice ash "bead" tok=fcaefe50452257f6 take=0 src=tts:gpt-audio-1.5 f0=94 onset=0.367 dur=0.650 vowel=0.497-0.797 level=0.050
125	proc	105	booed	baselineTrain	shiftMags=0	346.589	1.5	1.5	1.5	30	16000	3	0@0.002	0.336	0.414-0.750	147.027	802.468	154	441	344.331	999.531	449.428	1773.98	345.886	1008.73	448.262	1768.18	93.9543	149.119	799.723	-12.4278	0.0700271	7.6875	-27.61	0							1	6.05263e-05	-12.9053	voice ash "booed" tok=82e3e9288fde43fb take=0 src=tts:gpt-audio-1.5 f0=94 onset=0.299 dur=0.590 vowel=0.389-0.729 level=0.050
126	proc	106	bad	baselineTrain	shiftMags=0	349.001	1.5	1.5	1.5	30	16000	3	0@0.002	0.336	0.436-0.772	-255.59	648.197	-208	287	850.407	1563.47	587.399	2210.02	855.027	1557.2	593.242	2216.16	90.1817	88.7331	-28.0352	-2.94296	0.169633	8.375	-27.6058	0							1	0.000121783	-2.99929	voice ash "bad" tok=be6401efa21001bb take=0 src=tts:gpt-audio-1.5 f0=87 onset=0.309 dur=0.570 vowel=0.419-0.809 level=0.050
127	proc	107	bod	baselineTrain	shiftMags=0	351.545	1.5	1.5	1.5	30	16000	3	0@0.002	0.362	0.502-0.864	-101.573	808.812	-90	446	616.518	943.373	502.991	1776.31	617.619	946.464	502.628	1779.54	96.1102	103.341	125.589	-11.2009	0.0752825	8	-27.6769	0							1	0.000119204	-11.555	voice ash "bod" tok=cbbad00887880bc8 take=0 src=tts:gpt-audio-1.5 f0=87 onset=0.330 dur=0.680 vowel=0.480-0.840 level=0.050
128	proc	108	bad	baselineTrain	shiftMags=0	354.432	1.5	1.5	1.5	30	16000	3	0@0.002	0.402	0.422-0.824	-261.959	636.519	-212	275	848.182	1557.37	603.54	2177.96	851.624	1560.53	603.802	2177.96	97.1892	101.222	70.3829	-2.71424	0.177235	8.375	-27.8705	0							1	0.000121443	-2.72788	voice ash "bad" tok=66aa28bd9c51a88d take=1 src=tts:gpt-audio-1.5 f0=89 onset=0.292 dur=0.710 vowel=0.402-0.922 level=0.050
129	proc	109	booed	baselineTrain	shiftMags=0	356.811	1.5	1.5	1.5	30	16000	3	0@0.002	0.368	0.532-0.900	156.948	790.382	166	419	294.91	1053.5	396.448	2140.73	294.91	1053.5	396.448	2140.73	92.8968	133.194	623.791	-13.1629	0.0584417	7.375	-28.121	0							1	9.65187e-05	-14.2511	voice ash "booed" tok=483dac6d7b781d23 take=1 src=tts:gpt-audio-1.5 f0=93 onset=0.365 dur=0.720 vowel=0.515-0.875 level=0.050
130	proc	110	bod	baselineTrain	shiftMags=0	359.11	1.5	1.5	1.5	30	16000	3	0@0.002	0.374	0.392-0.766	-92.3889	788.636	-82	424	626.411	1010.92	519.006	1794.37	628.635	1011.29	518.873	1795.98	93.2158	91.4512	-33.0853	-9.57476	0.0721062	8	-27.5339	0							1	0.000119337	-10.0238	voice ash "bod" tok=833f71af6e7d4487 take=1 src=tts:gpt-audio-1.5 f0=86 onset=0.334 dur=0.570 vowel=0.374-0.734 level=0.050
131	proc	111	bead	baselineTrain	shiftMags=0	361.734	1.5	1.5	1.5	30	16000	3	0@0.002	0.318	0.554-0.872	191.996	360.917	209	127	251.269	2352.43	435.868	2727.07	254.7	2359.57	436.868	2730.91	98.5502	133.389	524.055	-8.23558	0.0753464	7.25	-27.7695	0							1	0.000121516	-8.49695	voice ash "bead" tok=3b925d8a31a7a932 take=1 src=tts:gpt-audio-1.5 f0=97 onset=0.370 dur=0.650 vowel=0.530-0.820 level=0.050
132	proc	112	bad	baselineTrain	shiftMags=0	364.137	1.5	1.5	1.5	30	16000	3	0@0.002	0.346	0.388-0.734	-228.45	633.772	-188	275	776.426	1592.25	561.505	2241.58	777.629	1592.65	562.695	2245.54	107.893	108.767	13.9738	-1.95457	0.155149	8.375	-27.8856	0							1	0.000121603	-1.96395	voice ash "bad" tok=d2dbf06ba76eb9c6 take=2 src=tts:gpt-audio-1.5 f0=85 onset=0.334 dur=0.550 vowel=0.374-0.694 level=0.050
133	proc	113	bead	baselineTrain	shiftMags=0	366.899	1.5	1.5	1.5	30	16000	3	0@0.002	0.342	0.438-0.780	195.135	362.728	213	127	237.925	2311.71	427.954	2703.78	240.985	2316.86	433.916	2742.86	82.8703	196.096	1491.16	-9.03795	0.0916292	8	-27.5215	0							1	0.000121384	-9.35102	voice ash "bead" tok=42206fd53da2f915 take=2 src=tts:gpt-audio-1.5 f0=87 onset=0.322 dur=0.610 vowel=0.422-0.742 level=0.050
134	proc	114	booed	baselineTrain	shiftMags=0	369.332	1.5	1.5	1.5	30	16000	3	0@0.002	0.378	0.364-0.788	153.375	755.884	162	380	296.207	1154.8	413.547	1865.42	295.241	1145.08	414.646	1867.29	94.0276	133.47	606.427	-11.1871	0.0827399	7.5	-26.9842	0							1	0.000121791	-11.6651	voice ash "booed" tok=05db9761505af88f take=2 src=tts:gpt-audio-1.5 f0=84 onset=0.375 dur=0.420 vowel=0.375-0.755 level=0.050
135	proc	115	bod	baselineTrain	shiftMags=0	371.724	1.5	1.5	1.5	30	16000	3	0@0.002	0.33	0.410-0.774	-101.88	809.092	-90	452	629.243	937.215	517.414	1746.38	632.13	937.96	516.854	1743.57	82.4024	78.802	-77.3461	-10.4614	0.0591224	8	-26.7264	1	1.485+15.4ms						1	0.000120207	-10.8584	voice ash "bod" tok=2ee2982af233f106 take=2 src=tts:gpt-audio-1.5 f0=88 onset=0.334 dur=0.510 vowel=0.384-0.724 level=0.050
136	proc	116	booed	train	shiftMags=0	374.434	1.5	1.5	1.5	30	16000	3	0@0.002	0.388	0.376-0.764	136.305	805.395	142	441	362.121	978.559	420.083	1755.32	365.097	978.559	420.083	1755.32	107.571	141.269	471.788	-13.1794	0.0589787	7.6875	-27.0766	0							1	0.000120257	-13.902	voice ash "booed" tok=14d915b28c0d1455 take=3 src=tts:gpt-audio-1.5 f0=113 onset=0.288 dur=0.600 vowel=0.348-0.718 level=0.050
137	proc	117	bod	train	shiftMags=0	377.404	1.5	1.5	1.5	30	16000	3	0@0.002	0.296	0.496-0.792	-150.295	796.073	-129	435	691.956	978.049	524.482	1756.21	696.499	984.336	524.482	1757.61	124.818	130.758	80.4951	-11.0162	0.06428	8	-27.0753	0							1	9.88859e-05	-11.2384	voice ash "bod" tok=90c2afe4082184ef take=3 src=tts:gpt-audio-1.5 f0=99 onset=0.321 dur=0.630 vowel=0.461-0.741 level=0.050
138	proc	118	bad	train	shiftMags=0	380.065	1.5	1.5	1.5	30	16000	3	0@0.002	0.332	0.424-0.756	-239.506	640.578	-196	281	818.648	1567.87	557.752	2217.01	822.664	1569.24	561.348	2217.01	93.9637	120.867	435.892	-3.06531	0.173646	8.375	-27.6819	0							1	0.00012101	-3.15031	voice ash "bad" tok=27a360ed72a55a41 take=3 src=tts:gpt-audio-1.5 f0=92 onset=0.311 dur=0.620 vowel=0.401-0.711 level=0.050
139	proc	119	bead	train	shiftMags=0	383.04	1.5	1.5	1.5	30	16000	3	0@0.002	0.308	0.502-0.810	204.677	362.99	225	127	235.527	2329.14	447.908	2717.49	236.958	2332.64	448.423	2721.79	92.2142	124.93	525.669	-8.02557	0.121352	8	-27.1745	0							1	0.000119182	-8.24402	voice ash "bead" tok=9fa84b73fa853f8a take=3 src=tts:gpt-audio-1.5 f0=97 onset=0.366 dur=0.570 vowel=0.506-0.796 level=0.050
140	proc	120	bod	train	shiftMags=0	386.034	1.5	1.5	1.5	30	16000	3	0@0.002	0.362	0.542-0.904	-101.567	808.751	-90	446	616.584	943.19	487.715	1757.42	617.501	946.628	487.691	1768.43	97.1518	102.829	98.3166	-10.8892	0.0792595	8	-27.6771	0							1	0.00012126	-11.4005	voice ash "bod" tok=cbbad00887880bc8 take=0 src=tts:gpt-audio-1.5 f0=87 onset=0.370 dur=0.680 vowel=0.520-0.880 level=0.050
141	proc	121	bad	train	shiftMags=0	389.847	1.5	1.5	1.5	30	16000	3	0@0.002	0.334	0.450-0.784	-255.516	649.006	-208	287	853.911	1558.16	589.645	2217.1	861.417	1558.19	590.605	2219.77	88.3588	88.8843	10.2648	-2.85523	0.191102	8.375	-27.6045	0							1	0.000122058	-2.95031	voice ash "bad" tok=be6401efa21001bb take=0 src=tts:gpt-audio-1.5 f0=87 onset=0.321 dur=0.570 vowel=0.431-0.821 level=0.050
142	proc	122	bead	train	shiftMags=0	392.528	1.5	1.5	1.5	30	16000	3	0@0.002	0.336	0.430-0.766	189.105	372.354	205	132	248.539	2290.63	439.032	2709.42	244.037	2291.11	442.937	2712.98	103.086	140.896	540.941	-5.52807	0.144891	7.5625	-27.5169	0							1	0.000121865	-5.68867	voice ash "bead" tok=fcaefe50452257f6 take=0 src=tts:gpt-audio-1.5 f0=94 onset=0.291 dur=0.650 vowel=0.421-0.721 level=0.050
143	proc	123	booed	train	shiftMags=0	395.057	1.5	1.5	1.5	30	16000	3	0@0.002	0.334	0.462-0.796	147.034	803.547	154	441	347.283	1004.54	448.836	1803.52	347.857	1008.62	447.939	1801.58	97.5741	148.116	722.586	-11.904	0.068217	7.6875	-27.6107	0							1	6.10244e-05	-12.5263	voice ash "booed" tok=82e3e9288fde43fb take=0 src=tts:gpt-audio-1.5 f0=94 onset=0.345 dur=0.590 vowel=0.435-0.775 level=0.050
144	proc	124	bead	train	shiftMags=0	397.366	1.5	1.5	1.5	30	16000	3	0@0.002	0.318	0.514-0.832	191.932	361.086	209	127	253.108	2355.91	439.237	2727.04	254.873	2356.46	439.585	2731.99	100.39	133.384	491.966	-8.51217	0.073513	7.25	-27.7704	0							1	0.000119308	-8.7688	voice ash "bead" tok=3b925d8a31a7a932 take=1 src=tts:gpt-audio-1.5 f0=97 onset=0.331 dur=0.650 vowel=0.491-0.781 level=0.050
145	proc	125	bad	train	shiftMags=0	400.012	1.5	1.5	1.5	30	16000	3	0@0.002	0.402	0.432-0.834	-261.931	636.516	-212	275	850.213	1557.53	597.2	2177.56	851.256	1558.61	599.993	2184.67	97.0293	99.8814	50.155	-2.65572	0.175469	8.3125	-27.8696	0							1	0.000122056	-2.75505	voice ash "bad" tok=66aa28bd9c51a88d take=1 src=tts:gpt-audio-1.5 f0=89 onset=0.303 dur=0.710 vowel=0.413-0.933 level=0.050
146	proc	126	booed	train	shiftMags=0	402.397	1.5	1.5	1.5	30	16000	3	0@0.002	0.366	0.518-0.884	156.806	790.185	166	419	294.76	1051.84	403.366	2115.71	293.223	1052.26	404.649	2124.6	96.5807	133.144	555.81	-12.8018	0.0573984	7.375	-28.1217	0							0	0.000120106		voice ash "booed" tok=483dac6d7b781d23 take=1 src=tts:gpt-audio-1.5 f0=93 onset=0.349 dur=0.720 vowel=0.499-0.859 level=0.050
147	proc	127	bod	train	shiftMags=0	405.072	1.5	1.5	1.5	30	16000	3	0@0.002	0.376	0.422-0.798	-92.2947	788.482	-82	424	625.661	1010.44	516.472	1797.14	628.997	1010.54	516.12	1799.42	92.4992	85.1104	-144.126	-9.90481	0.0756452	8	-27.5341	0							1	0.000120167	-10.2352	voice ash "bod" tok=833f71af6e7d4487 take=1 src=tts:gpt-audio-1.5 f0=86 onset=0.365 dur=0.570 vowel=0.405-0.765 level=0.050
148	proc	128	bead	train	shiftMags=0	407.647	1.5	1.5	1.5	30	16000	3	0@0.002	0.34	0.442-0.782	195.077	362.695	213	127	239.18	2311.28	429.609	2714.74	244.022	2315.08	429.801	2719.12	85.6664	193.631	1411.81	-9.00526	0.118522	7.375	-27.5211	0							1	0.000121926	-9.38081	voice ash "bead" tok=42206fd53da2f915 take=2 src=tts:gpt-audio-1.5 f0=87 onset=0.324 dur=0.610 vowel=0.424-0.744 level=0.050
149	proc	129	bad	train	shiftMags=0	410.315	1.5	1.5	1.5	30	16000	3	0@0.002	0.346	0.392-0.738	-228.37	633.798	-188	275	777.142	1590.85	557.441	2248.61	778.64	1593.64	559.036	2250.25	107.041	109.258	35.4867	-1.86528	0.169495	8.375	-27.8872	0							1	0.000118359	-1.9281	voice ash "bad" tok=d2dbf06ba76eb9c6 take=2 src=tts:gpt-audio-1.5 f0=85 onset=0.336 dur=0.550 vowel=0.376-0.696 level=0.050
150	proc	130	bod	train	shiftMags=0	412.996	1.5	1.5	1.5	30	16000	3	0@0.002	0.334	0.372-0.738	-101.922	809.223	-90	452	629.7	937.492	524.807	1747.68	631.08	940.033	525.054	1742.29	86.6647	78.8586	-163.412	-10.5347	0.0605964	8	-26.7267	0							1	0.000121026	-10.9506	voice ash "bod" tok=2ee2982af233f106 take=2 src=tts:gpt-audio-1.5 f0=88 onset=0.297 dur=0.510 vowel=0.347-0.687 level=0.050
151	proc	131	booed	train	shiftMags=0	415.667	1.5	1.5	1.5	30	16000	3	0@0.002	0.382	0.286-0.710	153.325	754.262	162	380	296.895	1159.44	408.914	1875.87	294.091	1143.68	410.662	1875.87	93.2106	133.323	619.633	-11.5847	0.0825568	7.5	-26.9868	0							1	0.000120971	-11.982	voice ash "booed" tok=05db9761505af88f take=2 src=tts:gpt-audio-1.5 f0=84 onset=0.298 dur=0.420 vowel=0.298-0.678 level=0.050
152	proc	132	bead	train	shiftMags=0	418.612	1.5	1.5	1.5	30	16000	3	0@0.002	0.308	0.472-0.780	204.67	363.118	225	127	235.421	2329.27	457.897	2709.46	236.789	2332.88	463.237	2715.14	92.3482	124.535	517.674	-7.95076	0.120838	8	-27.1744	0							1	0.000121641	-8.31263	voice ash "bead" tok=9fa84b73fa853f8a take=3 src=tts:gpt-audio-1.5 f0=97 onset=0.336 dur=0.570 vowel=0.476-0.766 level=0.050
153	proc	133	bad	train	shiftMags=0	421.278	1.5	1.5	1.5	30	16000	3	0@0.002	0.332	0.404-0.736	-239.484	640.371	-196	281	818.655	1567.66	558.815	2218.46	822.496	1569.15	562.168	2219.67	93.9462	96.9678	54.8055	-3.06384	0.165356	8.375	-27.6811	0							1	0.000120944	-3.15555	voice ash "bad" tok=27a360ed72a55a41 take=3 src=tts:gpt-audio-1.5 f0=92 onset=0.291 dur=0.620 vowel=0.381-0.691 level=0.050
154	proc	134	bod	train	shiftMags=0	423.616	1.5	1.5	1.5	30	16000	3	0@0.002	0.296	0.548-0.844	-150.239	796.15	-129	435	686.653	970.441	514.035	1758.93	695.951	984.179	514.035	1758.93	124.634	130.472	79.2485	-10.8215	0.0584971	8	-27.076	0							1	0.000111452	-11.0893	voice ash "bod" tok=90c2afe4082184ef take=3 src=tts:gpt-audio-1.5 f0=99 onset=0.372 dur=0.630 vowel=0.512-0.792 level=0.050
155	proc	135	booed	train	shiftMags=0	426.529	1.5	1.5	1.5	30	16000	3	0@0.002	0.388	0.390-0.778	136.319	805.56	142	443.5	363.847	984.738	421.868	1760.04	364.734	990.474	420.398	1753.78	106.099	141.26	495.528	-12.8744	0.051244	7.6875	-27.0764	1	1.485+15.4ms						1	0.000119206	-13.906	voice ash "booed" tok=14d915b28c0d1455 take=3 src=tts:gpt-audio-1.5 f0=113 onset=0.302 dur=0.600 vowel=0.362-0.732 level=0.050
156	proc	136	bad	train	shiftMags=0	429.335	1.5	1.5	1.5	30	16000	3	0@0.002	0.334	0.468-0.802	-255.673	648.196	-208	287	852.805	1563.39	587.547	2211.74	856.512	1557.45	589.405	2212.78	87.6975	93.7267	115.111	-2.85076	0.185011	8.375	-27.6052	0							1	0.000121809	-2.95952	voice ash "bad" tok=be6401efa21001bb take=0 src=tts:gpt-audio-1.5 f0=87 onset=0.340 dur=0.570 vowel=0.450-0.840 level=0.050
157	proc	137	bod	train	shiftMags=0	431.861	1.5	1.5	1.5	30	16000	3	0@0.002	0.36	0.510-0.870	-101.599	808.684	-90	446	617.234	943.315	506.578	1768.64	618.003	950.579	506.37	1769.29	96.8456	102.706	101.707	-10.7226	0.0887278	8	-27.6774	0							1	0.000120764	-11.2285	voice ash "bod" tok=cbbad00887880bc8 take=0 src=tts:gpt-audio-1.5 f0=87 onset=0.337 dur=0.680 vowel=0.487-0.847 level=0.050
158	proc	138	booed	train	shiftMags=0	434.444	1.5	1.5	1.5	30	16000	3	0@0.002	0.334	0.470-0.804	147.024	803.341	154	441	346.156	1011.26	445.656	1803.87	348.25	1013.6	444.55	1807.38	95.5541	148.216	759.978	-12.0111	0.0711548	7.6875	-27.6098	0							1	6.10042e-05	-12.4652	voice ash "booed" tok=82e3e9288fde43fb take=0 src=tts:gpt-audio-1.5 f0=94 onset=0.353 dur=0.590 vowel=0.443-0.783 level=0.050
159	proc	139	bead	train	shiftMags=0	437.116	1.5	1.5	1.5	30	16000	3	0@0.002	0.336	0.442-0.778	189.075	372.286	205	132	248.543	2287.49	439.457	2698.59	244.681	2288.54	441.333	2709.87	103.677	198.412	1123.69	-5.62319	0.14065	8	-27.5161	0							1	0.000121964	-5.72857	voice ash "bead" tok=fcaefe50452257f6 take=0 src=tts:gpt-audio-1.5 f0=94 onset=0.302 dur=0.650 vowel=0.432-0.732 level=0.050
160	proc	140	bad	train	shiftMags=0	439.659	1.5	1.5	1.5	30	16000	3	0@0.002	0.4	0.456-0.856	-261.967	636.595	-212	275	846.735	1556.1	601.711	2185.46	857.025	1556.9	603.183	2190.88	98.9202	100.274	23.538	-2.64182	0.183214	8.3125	-27.8694	0							1	0.000122018	-2.70486	voice ash "bad" tok=66aa28bd9c51a88d take=1 src=tts:gpt-audio-1.5 f0=89 onset=0.325 dur=0.710 vowel=0.435-0.955 level=0.050
161	proc	141	bead	train	shiftMags=0	442.412	1.5	1.5	1.5	30	16000	3	0@0.002	0.32	0.554-0.874	191.877	355.302	209	124	253.35	2356.39	434.785	2724.89	255.104	2360.26	437.094	2729.79	96.8664	133.118	550.369	-8.37784	0.0701383	7.25	-27.7702	0							1	0.000119997	-8.77531	voice ash "bead" tok=3b925d8a31a7a932 take=1 src=tts:gpt-audio-1.5 f0=97 onset=0.372 dur=0.650 vowel=0.532-0.822 level=0.050
162	proc	142	booed	train	shiftMags=0	445.41	1.5	1.5	1.5	30	16000	3	0@0.002	0.366	0.496-0.862	156.691	790.27	166	419	296.808	1053.27	400.534	1992.27	293.647	1054.78	398.714	1848.05	97.4529	133.246	541.582	-13.0997	0.0568007	7.5	-28.1204	0							1	0.000117996	-14.0667	voice ash "booed" tok=483dac6d7b781d23 take=1 src=tts:gpt-audio-1.5 f0=93 onset=0.328 dur=0.720 vowel=0.478-0.838 level=0.050
163	proc	143	bod	train	shiftMags=0	447.699	1.5	1.5	1.5	30	16000	3	0@0.002	0.376	0.348-0.724	-92.3108	788.526	-82	424	626.211	1010.41	506.953	1797.83	628.347	1013.02	504.755	1797.83	93.1707	105.33	212.363	-9.79063	0.0784738	8	-27.5338	0							1	0.000117564	-10.2477	voice ash "bod" tok=833f71af6e7d4487 take=1 src=tts:gpt-audio-1.5 f0=86 onset=0.291 dur=0.570 vowel=0.331-0.691 level=0.050
164	proc	144	bead	train	shiftMags=0	450.638	1.5	1.5	1.5	30	16000	3	0@0.002	0.34	0.418-0.758	195.14	362.634	213	127	238.462	2321.3	440.171	2700.05	239.11	2324.05	440.18	2724.7	84.969	NaN	NaN	-9.11962	0.0911994	8	-27.5216	0							1	0.000121901	-9.36028	voice ash "bead" tok=42206fd53da2f915 take=2 src=tts:gpt-audio-1.5 f0=87 onset=0.300 dur=0.610 vowel=0.400-0.720 level=0.050
165	proc	145	bad	train	shiftMags=0	453.63	1.5	1.5	1.5	30	16000	3	0@0.002	0.346	0.414-0.760	-228.443	633.8	-188	275	777.914	1588.89	556.366	2247.98	780.897	1594.34	557.751	2247.98	106.057	109.664	57.8977	-1.8613	0.163321	8.375	-27.887	0							1	0.000122044	-1.93493	voice ash "bad" tok=d2dbf06ba76eb9c6 take=2 src=tts:gpt-audio-1.5 f0=85 onset=0.359 dur=0.550 vowel=0.399-0.719 level=0.050
166	proc	146	bod	train	shiftMags=0	456.527	1.5	1.5	1.5	30	16000	3	0@0.002	0.332	0.420-0.784	-101.926	809.092	-90	452	628.487	937.454	518.131	1742.94	632.011	938.11	516.565	1743.64	82.3675	78.7928	-76.8141	-10.4615	0.0620419	8	-26.7265	0							1	0.000119661	-10.9018	voice ash "bod" tok=2ee2982af233f106 take=2 src=tts:gpt-audio-1.5 f0=88 onset=0.344 dur=0.510 vowel=0.394-0.734 level=0.050
167	proc	147	booed	train	shiftMags=0	459.125	1.5	1.5	1.5	30	16000	3	0@0.002	0.382	0.346-0.772	150.527	755.393	158	380	297.002	1160.24	417.206	1865.15	294.266	1144.53	418.881	1865.15	94.9501	133.424	588.933	-11.8908	0.0852183	7.5	-26.9835	0							1	0.00011601	-12.2585	voice ash "booed" tok=05db9761505af88f take=2 src=tts:gpt-audio-1.5 f0=84 onset=0.358 dur=0.420 vowel=0.358-0.738 level=0.050
168	proc	148	bead	train	shiftMags=0	461.872	1.5	1.5	1.5	30	16000	3	0@0.002	0.308	0.476-0.784	204.664	362.955	225	127	238.957	2325.22	451.533	2721.27	238.957	2333.37	455.481	2734.39	91.3121	124.887	542.095	-8.0101	0.12608	8	-27.1753	0							1	0.000122006	-8.2798	voice ash "bead" tok=9fa84b73fa853f8a take=3 src=tts:gpt-audio-1.5 f0=97 onset=0.340 dur=0.570 vowel=0.480-0.770 level=0.050
169	proc	149	booed	train	shiftMags=0	464.472	1.5	1.5	1.5	30	16000	3	0@0.002	0.386	0.450-0.836	136.543	805.339	142	441	364.653	983.561	426.729	1756.83	365.044	989.467	425.473	1754.07	109.514	145.161	487.84	-13.0193	0.054327	7.6875	-27.0766	0							1	0.000101628	-13.837	voice ash "booed" tok=14d915b28c0d1455 take=3 src=tts:gpt-audio-1.5 f0=113 onset=0.361 dur=0.600 vowel=0.421-0.791 level=0.050
170	proc	150	bod	train	shiftMags=0	467.002	1.5	1.5	1.5	30	16000	3	0@0.002	0.298	0.464-0.762	-150.279	796.01	-129	435	692.167	979.235	499.401	1757.07	694.369	983.302	497.651	1757.89	124.698	130.483	78.5079	-10.9063	0.0574889	8	-27.0755	0							1	0.000113551	-11.2958	voice ash "bod" tok=90c2afe4082184ef take=3 src=tts:gpt-audio-1.5 f0=99 onset=0.289 dur=0.630 vowel=0.429-0.709 level=0.050
171	proc	151	bad	train	shiftMags=0	470.369	1.5	1.5	1.5	30	16000	3	0@0.002	0.332	0.464-0.796	-239.573	640.451	-196	281	818.874	1567.31	560.132	2214.4	821.925	1569.59	562.067	2217.72	93.7138	110.231	281.032	-3.04571	0.176257	8.375	-27.6795	0							1	0.00012189	-3.13944	voice ash "bad" tok=27a360ed72a55a41 take=3 src=tts:gpt-audio-1.5 f0=92 onset=0.350 dur=0.620 vowel=0.440-0.750 level=0.050
172	proc	152	bead	train	shiftMags=0	472.77	1.5	1.5	1.5	30	16000	3	0@0.002	0.334	0.474-0.808	191.566	371.49	209	132	247.403	2286.87	439.794	2705.23	245.486	2288.63	440.523	2709.49	103.284	129.78	395.351	-5.56397	0.130748	7.5625	-27.5186	0							1	0.000121881	-5.74242	voice ash "bead" tok=fcaefe50452257f6 take=0 src=tts:gpt-audio-1.5 f0=94 onset=0.334 dur=0.650 vowel=0.464-0.764 level=0.050
173	proc	153	bad	train	shiftMags=0	475.378	1.5	1.5	1.5	30	16000	3	0@0.002	0.334	0.450-0.784	-255.604	648.787	-208	287	855.428	1560.12	586.001	2225.25	863.766	1558.91	589.494	2227.35	91.7869	90.584	-22.8382	-2.8995	0.181813	8.375	-27.6055	0							1	0.000120332	-2.99849	voice ash "bad" tok=be6401efa21001bb take=0 src=tts:gpt-audio-1.5 f0=87 onset=0.323 dur=0.570 vowel=0.433-0.823 level=0.050
174	proc	154	bod	train	shiftMags=0	477.84	1.5	1.5	1.5	30	16000	3	0@0.002	0.36	0.478-0.838	-101.599	808.593	-90	446	615.041	942.726	517.025	1758.39	615.84	952.387	515.829	1772.94	97.2945	103.717	110.671	-10.3954	0.0932887	8	-27.6782	0							1	0.000105886	-10.9232	voice ash "bod" tok=cbbad00887880bc8 take=0 src=tts:gpt-audio-1.5 f0=87 onset=0.305 dur=0.680 vowel=0.455-0.815 level=0.050
175	proc	155	booed	train	shiftMags=0	480.246	1.5	1.5	1.5	30	16000	3	0@0.002	0.336	0.440-0.776	147.015	803.447	154	441	346.844	1007.48	441.058	1775.49	348.032	1010.61	439.12	1786.6	99.0391	148.098	696.584	-11.6295	0.0663559	7.6875	-27.6106	1	1.485+15.4ms						1	6.03652e-05	-12.372	voice ash "booed" tok=82e3e9288fde43fb take=0 src=tts:gpt-audio-1.5 f0=94 onset=0.324 dur=0.590 vowel=0.414-0.754 level=0.050
176	proc	156	booed	train	shiftMags=0	482.952	1.5	1.5	1.5	30	16000	3	0@0.002	0.366	0.524-0.890	156.734	790.21	166	419	295.323	1053.83	401.925	2148.65	295.323	1053.83	401.925	2148.65	94.3452	133.171	596.706	-13.0375	0.0560297	7.375	-28.1207	0							1	0.000108306	-14.0122	voice ash "booed" tok=483dac6d7b781d23 take=1 src=tts:gpt-audio-1.5 f0=93 onset=0.355 dur=0.720 vowel=0.505-0.865 level=0.050
177	proc	157	bod	train	shiftMags=0	485.414	1.5	1.5	1.5	30	16000	3	0@0.002	0.376	0.378-0.754	-92.3152	788.409	-82	424	625.848	1010.39	518.406	1789.83	628.041	1012.9	518.406	1791.02	93.837	105.083	195.964	-9.89914	0.0726213	8	-27.5334	0							1	0.000121355	-10.195	voice ash "bod" tok=833f71af6e7d4487 take=1 src=tts:gpt-audio-1.5 f0=86 onset=0.320 dur=0.570 vowel=0.360-0.720 level=0.050
178	proc	158	bad	train	shiftMags=0	488.289	1.5	1.5	1.5	30	16000	3	0@0.002	0.402	0.468-0.870	-261.869	636.494	-212	275	848.069	1562.17	599.986	2182.99	856.409	1564.01	600.845	2185.01	98.6159	99.7734	20.2031	-2.72445	0.165182	8.375	-27.8693	0							1	0.00012082	-2.75315	voice ash "bad" tok=66aa28bd9c51a88d take=1 src=tts:gpt-audio-1.5 f0=89 onset=0.338 dur=0.710 vowel=0.448-0.968 level=0.050
179	proc	159	bead	train	shiftMags=0	490.605	1.5	1.5	1.5	30	16000	3	0@0.002	0.318	0.520-0.838	192.049	349.435	209	121	254.418	2347.98	438.315	2715.37	255.07	2363.1	443.032	2735.27	98.7668	133.455	521.11	-8.3096	0.0712021	7.25	-27.7702	0							1	0.000121821	-8.53531	voice ash "bead" tok=3b925d8a31a7a932 take=1 src=tts:gpt-audio-1.5 f0=97 onset=0.336 dur=0.650 vowel=0.496-0.786 level=0.050
180	proc	160	bod	train	shiftMags=0	493.025	1.5	1.5	1.5	30	16000	3	0@0.002	0.332	0.396-0.760	-101.943	809.169	-90	452	626.298	938.374	498.628	1743.95	630.28	940.452	497.695	1746.33	84.8709	80.0773	-100.653	-10.4348	0.0646605	8	-26.7265	0							1	0.000120606	-10.8438	voice ash "bod" tok=2ee2982af233f106 take=2 src=tts:gpt-audio-1.5 f0=88 onset=0.320 dur=0.510 vowel=0.370-0.710 level=0.050
181	proc	161	bead	train	shiftMags=0	495.593	1.5	1.5	1.5	30	16000	3	0@0.002	0.342	0.434-0.776	195.129	362.801	213	127	239.554	2322.31	434.906	2701.49	241.007	2328.69	435.024	2706.55	85.4027	NaN	NaN	-9.07577	0.115276	8	-27.521	0							1	0.000121873	-9.35611	voice ash "bead" tok=42206fd53da2f915 take=2 src=tts:gpt-audio-1.5 f0=87 onset=0.318 dur=0.610 vowel=0.418-0.738 level=0.050
182	proc	162	bad	train	shiftMags=0	498.004	1.5	1.5	1.5	30	16000	3	0@0.002	0.346	0.400-0.746	-228.456	633.779	-188	275	777.01	1591.43	556.627	2246.61	778.621	1593.39	559.224	2246.61	107.442	110.127	42.7302	-1.89621	0.164717	8.375	-27.8865	1	0.985+15.4ms						1	0.000121942	-1.96407	voice ash "bad" tok=d2dbf06ba76eb9c6 take=2 src=tts:gpt-audio-1.5 f0=85 onset=0.346 dur=0.550 vowel=0.386-0.706 level=0.050
183	proc	163	booed	train	shiftMags=0	500.882	1.5	1.5	1.5	30	16000	3	0@0.002	0.378	0.308-0.732	153.395	755.729	162	380	297.082	1161.18	415.186	1878.27	294.454	1145.55	418.574	1878.27	94.9044	133.344	588.724	-11.0302	0.088604	7.5	-26.9843	0							1	0.000120173	-11.6345	voice ash "booed" tok=05db9761505af88f take=2 src=tts:gpt-audio-1.5 f0=84 onset=0.319 dur=0.420 vowel=0.319-0.699 level=0.050
184	proc	164	booed	train	shiftMags=0	503.501	1.5	1.5	1.5	30	16000	3	0@0.002	0.386	0.420-0.806	136.564	805.344	142	441	364.971	983.186	432.676	1763.73	365.278	989.162	432.809	1759.75	109.237	146.406	507.025	-13.333	0.055591	7.6875	-27.0765	0							0	0.000114686		voice ash "booed" tok=14d915b28c0d1455 take=3 src=tts:gpt-audio-1.5 f0=113 onset=0.331 dur=0.600 vowel=0.391-0.761 level=0.050
185	proc	165	bead	train	shiftMags=0	505.797	1.5	1.5	1.5	30	16000	3	0@0.002	0.308	0.444-0.752	204.375	363.087	225	127	238.413	2326.87	448.195	2699.21	238.129	2333.11	450.423	2721.29	92.1919	124.824	524.616	-8.3124	0.11709	8	-27.1741	0							1	0.000121827	-8.50127	voice ash "bead" tok=9fa84b73fa853f8a take=3 src=tts:gpt-audio-1.5 f0=97 onset=0.308 dur=0.570 vowel=0.448-0.738 level=0.050
186	proc	166	bod	train	shiftMags=0	508.2	1.5	1.5	1.5	30	16000	3	0@0.002	0.296	0.484-0.780	-152.47	796.063	-131	435	692.057	979.638	525.102	1759.74	695.544	983.586	524.515	1758.1	124.705	131.159	87.3642	-10.7469	0.0656715	8	-27.0726	0							1	0.000104969	-11.2115	voice ash "bod" tok=90c2afe4082184ef take=3 src=tts:gpt-audio-1.5 f0=99 onset=0.309 dur=0.630 vowel=0.449-0.729 level=0.050
187	proc	167	bad	train	shiftMags=0	510.974	1.5	1.5	1.5	30	16000	3	0@0.002	0.332	0.464-0.796	-239.505	640.631	-196	281	818.747	1567.25	561.681	2211.93	822.158	1569.42	564.399	2215.83	93.254	96.9176	66.712	-3.10793	0.182565	8.375	-27.6808	0							1	0.00012087	-3.14637	voice ash "bad" tok=27a360ed72a55a41 take=3 src=tts:gpt-audio-1.5 f0=92 onset=0.350 dur=0.620 vowel=0.440-0.750 level=0.050
188	proc	168	booed	train	shiftMags=0	513.456	1.5	1.5	1.5	30	16000	3	0@0.002	0.334	0.454-0.788	146.965	803.46	154	441	344.211	1000.46	444.766	1754.89	346.683	1006.47	445.93	1762.94	93.3318	148.273	801.38	-11.9424	0.0655693	7.6875	-27.6113	0							1	6.09212e-05	-12.4282	voice ash "booed" tok=82e3e9288fde43fb take=0 src=tts:gpt-audio-1.5 f0=94 onset=0.337 dur=0.590 vowel=0.427-0.767 level=0.050
189	proc	169	bad	train	shiftMags=0	515.93	1.5	1.5	1.5	30	16000	3	0@0.002	0.334	0.464-0.798	-255.595	648.615	-208	287	853.674	1556.76	577.727	2218.16	855.522	1556.76	583.665	2224.24	96.7321	90.4529	-116.194	-2.90701	0.181812	8.375	-27.6059	0							1	0.000121249	-2.96317	voice ash "bad" tok=be6401efa21001bb take=0 src=tts:gpt-audio-1.5 f0=87 onset=0.336 dur=0.570 vowel=0.446-0.836 level=0.050
190	proc	170	bead	train	shiftMags=0	518.338	1.5	1.5	1.5	30	16000	3	0@0.002	0.338	0.464-0.802	188.974	372.63	205	132	248.041	2287.86	437.769	2693.39	246.219	2291.49	438.798	2706.18	102.889	129.204	394.272	-5.55847	0.129347	8	-27.5182	0							1	0.000120351	-5.69492	voice ash "bead" tok=fcaefe50452257f6 take=0 src=tts:gpt-audio-1.5 f0=94 onset=0.326 dur=0.650 vowel=0.456-0.756 level=0.050
191	proc	171	bod	train	shiftMags=0	520.598	1.5	1.5	1.5	30	16000	3	0@0.002	0.364	0.496-0.862	-101.556	808.67	-90	446	614.281	944.259	507.908	1751.38	614.317	944.259	507.026	1776.28	94.5009	99.4802	88.8969	-10.8019	0.0901867	8	-27.6773	0							1	0.000120051	-11.3761	voice ash "bod" tok=cbbad00887880bc8 take=0 src=tts:gpt-audio-1.5 f0=87 onset=0.322 dur=0.680 vowel=0.472-0.832 level=0.050
192	proc	172	bod	train	shiftMags=0	523.417	1.5	1.5	1.5	30	16000	3	0@0.002	0.376	0.410-0.786	-92.3934	788.497	-82	424	625.256	1009.91	493.916	1797.89	627.174	1012.06	489.202	1797.89	92.6887	102.769	178.733	-9.5775	0.073851	8	-27.5337	0							1	0.000121934	-10.1392	voice ash "bod" tok=833f71af6e7d4487 take=1 src=tts:gpt-audio-1.5 f0=86 onset=0.352 dur=0.570 vowel=0.392-0.752 level=0.050
193	proc	173	bad	train	shiftMags=0	525.911	1.5	1.5	1.5	30	16000	3	0@0.002	0.402	0.442-0.844	-261.85	636.52	-212	275	850.157	1557.18	598.445	2174.22	851.98	1558.44	598.634	2184.52	97.0713	100.32	56.9932	-2.67557	0.172174	8.3125	-27.8704	0							1	0.000121872	-2.74896	voice ash "bad" tok=66aa28bd9c51a88d take=1 src=tts:gpt-audio-1.5 f0=89 onset=0.313 dur=0.710 vowel=0.423-0.943 level=0.050
194	proc	174	bead	train	shiftMags=0	528.344	1.5	1.5	1.5	30	16000	3	0@0.002	0.32	0.524-0.844	191.769	354.988	209	124	253.217	2355.78	439.072	2725.74	254.975	2357.97	439.362	2729.51	100.369	148.436	677.431	-8.55492	0.0720652	7.25	-27.7704	0							1	0.000120561	-8.78614	voice ash "bead" tok=3b925d8a31a7a932 take=1 src=tts:gpt-audio-1.5 f0=97 onset=0.341 dur=0.650 vowel=0.501-0.791 level=0.050
195	proc	175	booed	train	shiftMags=0	530.673	1.5	1.5	1.5	30	16000	3	0@0.002	0.368	0.480-0.848	157.097	790.356	166	419	293.755	1052.17	395.904	2157.9	293.755	1052.17	395.904	2157.9	96.7621	132.932	549.813	-13.2495	0.0572417	7.5625	-28.1214	1	1.485+15.4ms						1	0.000111619	-14.2611	voice ash "booed" tok=483dac6d7b781d23 take=1 src=tts:gpt-audio-1.5 f0=93 onset=0.312 dur=0.720 vowel=0.462-0.822 level=0.050
196	proc	176	bod	train	shiftMags=0	533.302	1.5	1.5	1.5	30	16000	3	0@0.002	0.344	0.376-0.740	-101.758	808.845	-90	452	626.159	938.402	513.545	1732.56	630.356	940.033	513.522	1745.51	87.0297	86.8645	-3.28792	-10.5989	0.05733	8	-26.7257	0							1	0.000116923	-10.9034	voice ash "bod" tok=2ee2982af233f106 take=2 src=tts:gpt-audio-1.5 f0=88 onset=0.300 dur=0.510 vowel=0.350-0.690 level=0.050
197	proc	177	bead	train	shiftMags=0	536.106	1.5	1.5	1.5	30	16000	3	0@0.002	0.338	0.486-0.824	195.132	362.542	213	127	239.271	2321.81	434.96	2705.52	244.018	2329.89	436.84	2713.14	85.4584	NaN	NaN	-9.01549	0.0903657	7.375	-27.5223	0							1	0.000120355	-9.34543	voice ash "bead" tok=42206fd53da2f915 take=2 src=tts:gpt-audio-1.5 f0=87 onset=0.368 dur=0.610 vowel=0.468-0.788 level=0.050
198	proc	178	booed	train	shiftMags=0	539.066	1.5	1.5	1.5	30	16000	3	0@0.002	0.382	0.302-0.726	153.332	754.375	162	380	297.256	1162.42	404.276	1811.24	294.833	1143.93	409.991	1876.2	91.6304	135.998	683.626	-11.5115	0.0793843	7.5	-26.9841	0							1	0.000121305	-11.9971	voice ash "booed" tok=05db9761505af88f take=2 src=tts:gpt-audio-1.5 f0=84 onset=0.313 dur=0.420 vowel=0.313-0.693 level=0.050
199	proc	179	bad	train	shiftMags=0	542.016	1.5	1.5	1.5	30	16000	3	0@0.002	0.346	0.424-0.770	-228.4	633.875	-188	275	777.708	1589.02	555.982	2247.26	780.526	1594.43	558.577	2247.26	106.469	110.152	58.8676	-1.84694	0.169409	8.375	-27.8874	0							1	0.000121572	-1.93566	voice ash "bad" tok=d2dbf06ba76eb9c6 take=2 src=tts:gpt-audio-1.5 f0=85 onset=0.368 dur=0.550 vowel=0.408-0.728 level=0.050
200	proc	180	bead	train	shiftMags=0	544.278	1.5	1.5	1.5	30	16000	3	0@0.002	0.308	0.508-0.816	204.319	363.09	225	127	238.485	2331.78	445.541	2712.56	238.485	2333.51	450.421	2732.4	92.0147	124.853	528.358	-7.88518	0.114864	8	-27.1755	0							1	0.000121871	-8.07519	voice ash "bead" tok=9fa84b73fa853f8a take=3 src=tts:gpt-audio-1.5 f0=97 onset=0.371 dur=0.570 vowel=0.511-0.801 level=0.050
201	proc	181	bod	train	shiftMags=0	547.9	1.5	1.5	1.5	30	16000	3	0@0.002	0.296	0.478-0.774	-150.262	796.114	-129	435	686.833	970.522	512.02	1756.64	695.672	984.078	511.773	1756.64	124.641	130.548	80.164	-10.6595	0.0599698	8	-27.0754	0							1	0.000117003	-11.0756	voice ash "bod" tok=90c2afe4082184ef take=3 src=tts:gpt-audio-1.5 f0=99 onset=0.302 dur=0.630 vowel=0.442-0.722 level=0.050
202	proc	182	booed	train	shiftMags=0	550.514	1.5	1.5	1.5	30	16000	3	0@0.002	0.386	0.402-0.788	136.577	805.537	142	441	363.914	986.164	423.879	1758.62	364.759	991.488	424.614	1759.71	104.311	143.079	547.111	-13.1337	0.0479011	7.6875	-27.0767	1	0.985+15.4ms						1	0.000120874	-13.6562	voice ash "booed" tok=14d915b28c0d1455 take=3 src=tts:gpt-audio-1.5 f0=113 onset=0.313 dur=0.600 vowel=0.373-0.743 level=0.050
203	proc	183	bad	train	shiftMags=0	553.176	1.5	1.5	1.5	30	16000	3	0@0.002	0.332	0.472-0.804	-239.557	640.431	-196	281	819.512	1567.6	560.069	2209.91	821.252	1569.06	562.874	2213.26	90.9481	100.258	168.731	-3.05237	0.161751	8.375	-27.6793	0							1	0.000121781	-3.14521	voice ash "bad" tok=27a360ed72a55a41 take=3 src=tts:gpt-audio-1.5 f0=92 onset=0.358 dur=0.620 vowel=0.448-0.758 level=0.050
204	proc	184	bod	train	shiftMags=0	555.746	1.5	1.5	1.5	30	16000	3	0@0.002	0.362	0.492-0.854	-101.594	808.63	-90	446	618.542	942.827	504.058	1771.99	618.614	946.917	502.866	1764.15	96.1067	102.833	117.11	-11.1123	0.0826168	8	-27.6779	0							1	0.000119943	-11.6037	voice ash "bod" tok=cbbad00887880bc8 take=0 src=tts:gpt-audio-1.5 f0=87 onset=0.319 dur=0.680 vowel=0.469-0.829 level=0.050
205	proc	185	booed	train	shiftMags=0	558.692	1.5	1.5	1.5	30	16000	3	0@0.002	0.334	0.460-0.794	146.899	803.586	154	441	346.514	1009.23	447.202	1793.09	348.1	1012.06	445.485	1791.5	98.9733	148.104	697.795	-11.7148	0.0703856	7.6875	-27.6098	0							1	6.06159e-05	-12.3	voice ash "booed" tok=82e3e9288fde43fb take=0 src=tts:gpt-audio-1.5 f0=94 onset=0.344 dur=0.590 vowel=0.434-0.774 level=0.050
206	proc	186	bad	train	shiftMags=0	561.387	1.5	1.5	1.5	30	16000	3	0@0.002	0.336	0.442-0.778	-255.518	648.295	-208	287	854.808	1556.54	582.284	2214.08	855.686	1556.54	588.097	2223.2	95.9124	88.7631	-134.11	-2.93002	0.185542	8.375	-27.6044	0							1	0.000120559	-2.98458	voice ash "bad" tok=be6401efa21001bb take=0 src=tts:gpt-audio-1.5 f0=87 onset=0.315 dur=0.570 vowel=0.425-0.815 level=0.050
207	proc	187	bead	train	shiftMags=0	563.964	1.5	1.5	1.5	30	16000	3	0@0.002	0.336	0.488-0.824	188.824	372.386	205	132	251.753	2283.7	441.86	2658.81	247.888	2293.6	444.719	2699.74	103.918	455.424	2558.12	-5.54497	0.132001	7.5625	-27.5179	0							1	0.000121549	-5.68733	voice ash "bead" tok=fcaefe50452257f6 take=0 src=tts:gpt-audio-1.5 f0=94 onset=0.349 dur=0.650 vowel=0.479-0.779 level=0.050
208	proc	188	bod	train	shiftMags=0	566.936	1.5	1.5	1.5	30	16000	3	0@0.002	0.378	0.344-0.722	-92.2982	788.596	-82	424	625.909	1012.45	520.867	1797.38	628.234	1013.18	518.594	1797.96	93.959	99.0291	90.9862	-9.98731	0.0741631	8	-27.5337	0							1	0.00012166	-10.2618	voice ash "bod" tok=833f71af6e7d4487 take=1 src=tts:gpt-audio-1.5 f0=86 onset=0.288 dur=0.570 vowel=0.328-0.688 level=0.050
209	proc	189	bead	train	shiftMags=0	569.575	1.5	1.5	1.5	30	16000	3	0@0.002	0.32	0.542-0.862	191.718	355.295	209	124	251.386	2349.91	433.761	2727.82	254.396	2361.76	438.739	2732.71	98.4949	133.388	525.004	-8.5406	0.0720408	7.25	-27.7692	0							1	0.000122025	-8.76617	voice ash "bead" tok=3b925d8a31a7a932 take=1 src=tts:gpt-audio-1.5 f0=97 onset=0.360 dur=0.650 vowel=0.520-0.810 level=0.050
210	proc	190	bad	train	shiftMags=0	571.831	1.5	1.5	1.5	30	16000	3	0@0.002	0.4	0.422-0.822	-261.906	636.28	-212	275	847.831	1557.47	593.403	2177.49	851.859	1560.81	593.949	2177.49	97.1242	97.0841	-0.71359	-2.71057	0.174524	8.3125	-27.8699	0							1	0.000121733	-2.72375	voice ash "bad" tok=66aa28bd9c51a88d take=1 src=tts:gpt-audio-1.5 f0=89 onset=0.292 dur=0.710 vowel=0.402-0.922 level=0.050
211	proc	191	booed	train	shiftMags=0	574.551	1.5	1.5	1.5	30	16000	3	0@0.002	0.366	0.480-0.846	156.834	790.084	166	419	293.631	1051.45	402.457	2012.12	293.631	1051.45	402.457	2012.12	94.507	133.503	598.057	-13.013	0.0574726	7.4375	-28.1207	0							1	0.000113928	-13.9347	voice ash "booed" tok=483dac6d7b781d23 take=1 src=tts:gpt-audio-1.5 f0=93 onset=0.311 dur=0.720 vowel=0.461-0.821 level=0.050
212	proc	192	bad	train	shiftMags=0	577.525	1.5	1.5	1.5	30	16000	3	0@0.002	0.346	0.412-0.758	-228.415	633.838	-188	275	777.252	1591.16	561.08	2248.74	778.696	1593.55	562.624	2248.74	107.474	96.1811	-192.188	-1.86484	0.156769	8.375	-27.8869	0							1	0.000122029	-1.94215	voice ash "bad" tok=d2dbf06ba76eb9c6 take=2 src=tts:gpt-audio-1.5 f0=85 onset=0.356 dur=0.550 vowel=0.396-0.716 level=0.050
213	proc	193	bead	train	shiftMags=0	580.265	1.5	1.5	1.5	30	16000	3	0@0.002	0.342	0.448-0.790	195.082	362.638	213	127	237.707	2314.36	437.542	2698.4	240.702	2318.29	438.893	2739.48	84.2354	198.913	1487.57	-9.09939	0.0947253	8	-27.5216	0							1	0.000120325	-9.3691	voice ash "bead" tok=42206fd53da2f915 take=2 src=tts:gpt-audio-1.5 f0=87 onset=0.331 dur=0.610 vowel=0.431-0.751 level=0.050
214	proc	194	bod	train	shiftMags=0	582.665	1.5	1.5	1.5	30	16000	3	0@0.002	0.348	0.450-0.814	-101.801	808.827	-90	452	628.993	937.689	524.55	1747.29	632.001	938.261	523.792	1743.73	86.1885	79.4138	-141.725	-10.493	0.0575556	8	-26.7257	0							1	0.000119925	-10.8674	voice ash "bod" tok=2ee2982af233f106 take=2 src=tts:gpt-audio-1.5 f0=88 onset=0.374 dur=0.510 vowel=0.424-0.764 level=0.050
215	proc	195	booed	train	shiftMags=0	585.543	1.5	1.5	1.5	30	16000	3	0@0.002	0.382	0.314-0.738	153.262	754.933	162	380	296.285	1155.17	409.606	1838.3	295.318	1145.59	412.781	1847.13	90.5857	134.851	688.817	-11.457	0.0835032	7.5	-26.9843	1	1.485+15.4ms						1	0.000119985	-11.9459	voice ash "booed" tok=05db9761505af88f take=2 src=tts:gpt-audio-1.5 f0=84 onset=0.325 dur=0.420 vowel=0.325-0.705 level=0.050
216	proc	196	bead	train	shiftMags=0	587.82	1.5	1.5	1.5	30	16000	3	0@0.002	0.308	0.470-0.778	204.556	363.088	225	127	236.455	2331.62	443.822	2722.94	237.031	2332.77	444.193	2733	91.2912	124.868	542.232	-7.7871	0.112305	8	-27.1753	0							1	0.000120928	-7.9853	voice ash "bead" tok=9fa84b73fa853f8a take=3 src=tts:gpt-audio-1.5 f0=97 onset=0.333 dur=0.570 vowel=0.473-0.763 level=0.050
217	proc	197	bad	train	shiftMags=0	590.705	1.5	1.5	1.5	30	16000	3	0@0.002	0.334	0.484-0.818	-239.518	640.348	-196	281	818.45	1567.77	559.072	2214.8	822.811	1568.23	560.597	2219.16	94.0273	121.319	441.18	-3.0319	0.169255	8.375	-27.6827	0							1	0.000121338	-3.13085	voice ash "bad" tok=27a360ed72a55a41 take=3 src=tts:gpt-audio-1.5 f0=92 onset=0.371 dur=0.620 vowel=0.461-0.771 level=0.050
218	proc	198	bod	train	shiftMags=0	593.057	1.5	1.5	1.5	30	16000	3	0@0.002	0.298	0.508-0.806	-150.171	796.383	-129	435	684.515	968.364	518.09	1757.82	690.488	984.462	518.09	1762.03	124.592	130.537	80.697	-10.6789	0.0651577	8	-27.0752	0							0	8.48052e-05		voice ash "bod" tok=90c2afe4082184ef take=3 src=tts:gpt-audio-1.5 f0=99 onset=0.334 dur=0.630 vowel=0.474-0.754 level=0.050
219	proc	199	booed	train	shiftMags=0	595.938	1.5	1.5	1.5	30	16000	3	0@0.002	0.386	0.452-0.838	136.484	805.425	142	441	363.727	985.062	426.777	1757.41	364.727	990.784	425.078	1757.31	106.269	146.262	553.001	-12.6025	0.0719922	7.6875	-27.0766	0							1	0.000119584	-13.1977	voice ash "booed" tok=14d915b28c0d1455 take=3 src=tts:gpt-audio-1.5 f0=113 onset=0.362 dur=0.600 vowel=0.422-0.792 level=0.050
220	proc	200	bad	train	shiftMags=0	598.321	1.5	1.5	1.5	30	16000	3	0@0.002	0.334	0.438-0.772	-255.482	649.188	-208	287	852.275	1563.52	585.009	2211.81	855.048	1557.25	588.128	2212.13	88.5536	92.1339	68.6174	-2.90217	0.180587	8.375	-27.6049	0							1	0.000120384	-2.94205	voice ash "bad" tok=be6401efa21001bb take=0 src=tts:gpt-audio-1.5 f0=87 onset=0.309 dur=0.570 vowel=0.419-0.809 level=0.050
221	proc	201	bead	train	shiftMags=0	600.681	1.5	1.5	1.5	30	16000	3	0@0.002	0.334	0.430-0.764	189.109	371.609	205	132	250.077	2288.14	438.92	2686.11	245.878	2292.59	442.547	2708.04	104.065	454.745	2553.08	-5.61421	0.131564	7.5625	-27.5166	0							1	0.000121652	-5.7303	voice ash "bead" tok=fcaefe50452257f6 take=0 src=tts:gpt-audio-1.5 f0=94 onset=0.290 dur=0.650 vowel=0.420-0.720 level=0.050
222	proc	202	bod	train	shiftMags=0	603.12	1.5	1.5	1.5	30	16000	3	0@0.002	0.36	0.510-0.870	-101.547	808.716	-90	446	616.267	943.246	506.814	1764.22	617.317	950.859	506.376	1764.48	96.8437	103.568	116.224	-10.9123	0.0936108	8	-27.6775	0							1	0.000121112	-11.3499	voice ash "bod" tok=cbbad00887880bc8 take=0 src=tts:gpt-audio-1.5 f0=87 onset=0.336 dur=0.680 vowel=0.486-0.846 level=0.050
223	proc	203	booed	train	shiftMags=0	605.748	1.5	1.5	1.5	30	16000	3	0@0.002	0.336	0.486-0.822	147.062	803.025	154	441	344.68	1002.51	443.688	1804.71	347.382	1015.52	443.18	1804.71	97.9873	148.077	714.821	-11.8881	0.0641605	7.6875	-27.6109	0							0	6.07349e-05		voice ash "booed" tok=82e3e9288fde43fb take=0 src=tts:gpt-audio-1.5 f0=94 onset=0.370 dur=0.590 vowel=0.460-0.800 level=0.050
224	proc	204	bead	train	shiftMags=0	608.517	1.5	1.5	1.5	30	16000	3	0@0.002	0.318	0.478-0.796	192.078	349.437	209	121	254.257	2350.98	432.93	2720.94	254.257	2363.88	434.668	2736.34	97.9693	133.348	533.754	-8.32026	0.0747958	7.25	-27.7703	0							1	0.000121396	-8.58722	voice ash "bead" tok=3b925d8a31a7a932 take=1 src=tts:gpt-audio-1.5 f0=97 onset=0.294 dur=0.650 vowel=0.454-0.744 level=0.050
225	proc	205	bad	train	shiftMags=0	611.151	1.5	1.5	1.5	30	16000	3	0@0.002	0.4	0.450-0.850	-261.899	636.526	-212	275	847.788	1561.66	596.306	2187.82	856.193	1565.05	596.941	2203.64	98.6063	100.947	40.6203	-2.72237	0.177959	8.3125	-27.869	0							1	0.000121885	-2.69996	voice ash "bad" tok=66aa28bd9c51a88d take=1 src=tts:gpt-audio-1.5 f0=89 onset=0.319 dur=0.710 vowel=0.429-0.949 level=0.050
226	proc	206	booed	train	shiftMags=0	613.455	1.5	1.5	1.5	30	16000	3	0@0.002	0.368	0.494-0.862	156.935	790.124	166	419	295.833	1054.43	402.02	2146.42	295.833	1054.43	402.02	2146.42	97.0151	132.787	543.403	-12.9914	0.0526145	7.375	-28.1213	0							0	0.000118137		voice ash "booed" tok=483dac6d7b781d23 take=1 src=tts:gpt-audio-1.5 f0=93 onset=0.326 dur=0.720 vowel=0.476-0.836 level=0.050
227	proc	207	bod	train	shiftMags=0	616.415	1.5	1.5	1.5	30	16000	3	0@0.002	0.376	0.398-0.774	-92.3408	788.437	-82	424	626.181	1010.43	502.599	1793.54	628.647	1013	502.196	1797.43	93.8208	102.171	147.611	-9.94115	0.0754147	8	-27.5348	0							1	0.000120746	-10.1832	voice ash "bod" tok=833f71af6e7d4487 take=1 src=tts:gpt-audio-1.5 f0=86 onset=0.340 dur=0.570 vowel=0.380-0.740 level=0.050
228	proc	208	bod	train	shiftMags=0	619.294	1.5	1.5	1.5	30	16000	3	0@0.002	0.33	0.372-0.736	-101.885	809.099	-90	452	632.672	937.307	512.135	1740.3	633.494	938.71	512.425	1742.95	86.7067	79.3879	-152.669	-10.4986	0.056241	8	-26.7263	0							1	0.000117806	-10.8433	voice ash "bod" tok=2ee2982af233f106 take=2 src=tts:gpt-audio-1.5 f0=88 onset=0.296 dur=0.510 vowel=0.346-0.686 level=0.050
229	proc	209	booed	train	shiftMags=0	621.819	1.5	1.5	1.5	30	16000	3	0@0.002	0.382	0.286-0.710	153.36	755.553	162	380	296.714	1157.7	407.674	1860.81	293.588	1141.68	411.307	1860.81	94.7906	133.498	592.808	-11.3005	0.080304	7.5	-26.9842	0							1	0.000119819	-11.6433	voice ash "booed" tok=05db9761505af88f take=2 src=tts:gpt-audio-1.5 f0=84 onset=0.296 dur=0.420 vowel=0.296-0.676 level=0.050
230	proc	210	bad	train	shiftMags=0	624.097	1.5	1.5	1.5	30	16000	3	0@0.002	0.346	0.390-0.736	-228.441	633.807	-188	275	776.368	1591.87	557.309	2239.84	778.205	1593.02	558.902	2248.29	107.974	109.022	16.7274	-1.86976	0.163093	8.375	-27.8872	0							1	0.000118398	-1.96208	voice ash "bad" tok=d2dbf06ba76eb9c6 take=2 src=tts:gpt-audio-1.5 f0=85 onset=0.335 dur=0.550 vowel=0.375-0.695 level=0.050
231	proc	211	bead	train	shiftMags=0	627.654	1.5	1.5	1.5	30	16000	3	0@0.002	0.342	0.436-0.778	195.058	362.671	213	127	238.772	2319.37	432.945	2689.82	243.776	2327.3	435.397	2719.53	85.5015	192.461	1404.65	-9.10818	0.117687	8	-27.5211	0							1	0.000121834	-9.41051	voice ash "bead" tok=42206fd53da2f915 take=2 src=tts:gpt-audio-1.5 f0=87 onset=0.319 dur=0.610 vowel=0.419-0.739 level=0.050
232	proc	212	bod	train	shiftMags=0	630.626	1.5	1.5	1.5	30	16000	3	0@0.002	0.296	0.512-0.808	-154.726	796.115	-133	435	685.401	978.783	511.638	1760	688.804	983.787	510.175	1759.57	125.19	131.018	78.7681	-10.5917	0.0722173	8	-27.0764	0							1	9.23506e-05	-11.2448	voice ash "bod" tok=90c2afe4082184ef take=3 src=tts:gpt-audio-1.5 f0=99 onset=0.337 dur=0.630 vowel=0.477-0.757 level=0.050
233	proc	213	bead	train	shiftMags=0	633.592	1.5	1.5	1.5	30	16000	3	0@0.002	0.308	0.450-0.758	204.496	363.134	225	127	236.222	2331.43	448.058	2723.21	236.504	2333.06	448.645	2728.77	91.3573	124.21	531.825	-7.87956	0.123098	8	-27.1744	0							1	0.000121093	-8.12154	voice ash "bead" tok=9fa84b73fa853f8a take=3 src=tts:gpt-audio-1.5 f0=97 onset=0.313 dur=0.570 vowel=0.453-0.743 level=0.050
234	proc	214	booed	train	shiftMags=0	635.968	1.5	1.5	1.5	30	16000	3	0@0.002	0.388	0.460-0.848	136.347	805.261	142	441	363.844	984.699	434.17	1759.71	364.754	990.449	435.754	1758.97	106.098	146.262	555.796	-13.3127	0.0497358	7.6875	-27.0764	0							1	0.000114958	-13.9074	voice ash "booed" tok=14d915b28c0d1455 take=3 src=tts:gpt-audio-1.5 f0=113 onset=0.372 dur=0.600 vowel=0.432-0.802 level=0.050
235	proc	215	bad	train	shiftMags=0	638.366	1.5	1.5	1.5	30	16000	3	0@0.002	0.332	0.480-0.812	-239.511	640.609	-196	281	820.188	1566.31	560.836	2210.83	821.661	1568.54	563.176	2210.83	93.4932	110.28	285.891	-3.02922	0.177045	8.375	-27.6792	1	1.485+15.4ms						1	0.000122054	-3.15337	voice ash "bad" tok=27a360ed72a55a41 take=3 src=tts:gpt-audio-1.5 f0=92 onset=0.367 dur=0.620 vowel=0.457-0.767 level=0.050
236	proc	216	booed	train	shiftMags=0	641.349	1.5	1.5	1.5	30	16000	3	0@0.002	0.334	0.450-0.784	147.027	803.565	154	441	346.041	1011.84	440.246	1801.87	348.275	1014.04	442.123	1797.36	95.5978	141.275	676.154	-11.8488	0.0730615	7.6875	-27.6107	0							1	6.10069e-05	-12.5121	voice ash "booed" tok=82e3e9288fde43fb take=0 src=tts:gpt-audio-1.5 f0=94 onset=0.333 dur=0.590 vowel=0.423-0.763 level=0.050
237	proc	217	bead	train	shiftMags=0	643.853	1.5	1.5	1.5	30	16000	3	0@0.002	0.334	0.438-0.772	189.11	371.679	205	132	251.139	2283.46	443.173	2660.2	247.39	2293.84	452.112	2703.53	103.562	428.295	2457.73	-5.63653	0.129408	7.5625	-27.5197	0							1	0.000121827	-5.72726	voice ash "bead" tok=fcaefe50452257f6 take=0 src=tts:gpt-audio-1.5 f0=94 onset=0.298 dur=0.650 vowel=0.428-0.728 level=0.050
238	proc	218	bod	train	shiftMags=0	646.625	1.5	1.5	1.5	30	16000	3	0@0.002	0.362	0.460-0.822	-101.59	808.638	-90	446	618.171	942.421	511.002	1779.64	618.991	949.277	508.204	1771.75	98.0507	100.018	34.3866	-10.8774	0.0888913	8	-27.6772	0							1	0.000120687	-11.5137	voice ash "bod" tok=cbbad00887880bc8 take=0 src=tts:gpt-audio-1.5 f0=87 onset=0.287 dur=0.680 vowel=0.437-0.797 level=0.050
239	proc	219	bad	train	shiftMags=0	649.572	1.5	1.5	1.5	30	16000	3	0@0.002	0.334	0.420-0.754	-255.646	648.287	-208	287	854.7	1559.29	581.6	2221.52	862.727	1558.44	584.182	2222.56	88.3677	90.6125	43.4283	-2.89696	0.172482	8.375	-27.6063	0							1	0.000120986	-2.9567	voice ash "bad" tok=be6401efa21001bb take=0 src=tts:gpt-audio-1.5 f0=87 onset=0.292 dur=0.570 vowel=0.402-0.792 level=0.050
240	proc	220	booed	train	shiftMags=0	652.441	1.5	1.5	1.5	30	16000	3	0@0.002	0.366	0.512-0.878	156.831	790.2	166	419	294.19	1052.67	400.951	1961.3	294.19	1052.67	400.951	1961.3	93.6546	133.351	611.761	-12.9536	0.0577091	7.4375	-28.1208	0							1	0.000117662	-13.9448	voice ash "booed" tok=483dac6d7b781d23 take=1 src=tts:gpt-audio-1.5 f0=93 onset=0.343 dur=0.720 vowel=0.493-0.853 level=0.050
241	proc	221	bad	train	shiftMags=0	655.294	1.5	1.5	1.5	30	16000	3	0@0.002	0.4	0.470-0.870	-264.232	636.607	-214	275	847.574	1560.98	596.487	2184.72	856.033	1564.93	596.826	2189.54	99.1806	99.2025	0.382567	-2.5906	0.174762	8.3125	-27.8693	0							1	0.000121392	-2.71105	voice ash "bad" tok=66aa28bd9c51a88d take=1 src=tts:gpt-audio-1.5 f0=89 onset=0.339 dur=0.710 vowel=0.449-0.969 level=0.050
242	proc	222	bead	train	shiftMags=0	658.004	1.5	1.5	1.5	30	16000	3	0@0.002	0.318	0.476-0.794	192.308	360.65	209	127	253.454	2356.54	438.804	2724.97	253.454	2363.12	445.542	2735	96.8656	133.371	553.672	-8.23787	0.0712171	8	-27.7703	0							1	0.000119175	-8.50073	voice ash "bead" tok=3b925d8a31a7a932 take=1 src=tts:gpt-audio-1.5 f0=97 onset=0.292 dur=0.650 vowel=0.452-0.742 level=0.050
243	proc	223	bod	train	shiftMags=0	660.859	1.5	1.5	1.5	30	16000	3	0@0.002	0.376	0.408-0.784	-92.3238	788.523	-82	424	626.15	1010.27	505.6	1794.44	628.122	1012.83	501.971	1794.44	93.1759	105.082	208.184	-9.82724	0.0753101	8	-27.5337	0							1	0.000119463	-10.2555	voice ash "bod" tok=833f71af6e7d4487 take=1 src=tts:gpt-audio-1.5 f0=86 onset=0.351 dur=0.570 vowel=0.391-0.751 level=0.050
244	proc	224	bead	train	shiftMags=0	663.286	1.5	1.5	1.5	30	16000	3	0@0.002	0.342	0.426-0.768	195.131	362.701	213	127	238.839	2317.17	440.992	2691.08	243.761	2323.55	442.725	2723.34	85.052	NaN	NaN	-9.20173	0.0970565	7.375	-27.5223	0							1	0.000121471	-9.34751	voice ash "bead" tok=42206fd53da2f915 take=2 src=tts:gpt-audio-1.5 f0=87 onset=0.310 dur=0.610 vowel=0.410-0.730 level=0.050
245	proc	225	bod	train	shiftMags=0	666.214	1.5	1.5	1.5	30	16000	3	0@0.002	0.334	0.408-0.774	-101.925	809.193	-90	452	628.204	937.452	516.643	1742.03	632.348	938.232	520.473	1745.14	82.2126	79.397	-60.33	-10.7629	0.0645463	8	-26.726	0							1	0.000119615	-10.9551	voice ash "bod" tok=2ee2982af233f106 take=2 src=tts:gpt-audio-1.5 f0=88 onset=0.333 dur=0.510 vowel=0.383-0.723 level=0.050
246	proc	226	bad	train	shiftMags=0	668.624	1.5	1.5	1.5	30	16000	3	0@0.002	0.346	0.356-0.702	-228.403	633.802	-188	275	778.289	1590.34	556.161	2237.38	781.97	1595.55	557.473	2246.54	107.792	94.0409	-236.268	-1.84939	0.156847	8.375	-27.8872	0							1	0.00012189	-1.93777	voice ash "bad" tok=d2dbf06ba76eb9c6 take=2 src=tts:gpt-audio-1.5 f0=85 onset=0.300 dur=0.550 vowel=0.340-0.660 level=0.050
247	proc	227	booed	train	shiftMags=0	670.966	1.5	1.5	1.5	30	16000	3	0@0.002	0.382	0.344-0.768	153.249	754.732	162	380	296.266	1154.93	408.918	1860.02	295.306	1145.36	411.003	1861.67	90.582	133.496	671.393	-11.3009	0.084035	7.5	-26.9844	0							1	0.000121362	-11.7363	voice ash "booed" tok=05db9761505af88f take=2 src=tts:gpt-audio-1.5 f0=84 onset=0.355 dur=0.420 vowel=0.355-0.735 level=0.050
248	proc	228	bad	train	shiftMags=0	673.793	1.5	1.5	1.5	30	16000	3	0@0.002	0.332	0.450-0.782	-239.598	640.601	-196	281	820.24	1566.07	560.164	2210.71	820.788	1568.34	562.906	2210.71	93.8068	120.347	431.323	-3.05011	0.177002	8.375	-27.6792	0							1	0.000121509	-3.13674	voice ash "bad" tok=27a360ed72a55a41 take=3 src=tts:gpt-audio-1.5 f0=92 onset=0.336 dur=0.620 vowel=0.426-0.736 level=0.050
249	proc	229	booed	train	shiftMags=0	676.787	1.5	1.5	1.5	30	16000	3	0@0.002	0.386	0.420-0.806	136.355	804.861	142	441	364.133	979.825	427.963	1746.01	365.601	988.169	427.963	1746.01	107.19	144.651	518.877	-12.5311	0.0786774	7.6875	-27.0757	0							1	0.000106262	-13.0905	voice ash "booed" tok=14d915b28c0d1455 take=3 src=tts:gpt-audio-1.5 f0=113 onset=0.330 dur=0.600 vowel=0.390-0.760 level=0.050
250	proc	230	bead	train	shiftMags=0	679.606	1.5	1.5	1.5	30	16000	3	0@0.002	0.308	0.434-0.742	204.362	363.175	225	127	238.483	2326.77	445.038	2706.9	238.222	2333.17	445.04	2718.54	92.2172	124.22	515.747	-8.1755	0.121158	8	-27.1749	0							1	0.000121551	-8.50363	voice ash "bead" tok=9fa84b73fa853f8a take=3 src=tts:gpt-audio-1.5 f0=97 onset=0.298 dur=0.570 vowel=0.438-0.728 level=0.050
251	proc	231	bod	train	shiftMags=0	682.324	1.5	1.5	1.5	30	16000	3	0@0.002	0.298	0.522-0.820	-150.151	796.327	-129	435	687.728	977.467	525.634	1760.79	692.94	983.694	520.719	1760.79	124.759	131.024	84.8136	-11.05	0.0603247	8	-27.0753	0							1	0.000118366	-11.3736	voice ash "bod" tok=90c2afe4082184ef take=3 src=tts:gpt-audio-1.5 f0=99 onset=0.348 dur=0.630 vowel=0.488-0.768 level=0.050
252	proc	232	booed	train	shiftMags=0	684.64	1.5	1.5	1.5	30	16000	3	0@0.002	0.336	0.472-0.808	147.001	803.37	154	441	344.832	1001.76	448.808	1750.42	347.549	1003.5	448.633	1755.3	91.5922	147.596	826.025	-11.8593	0.0716122	7.6875	-27.61	0							0	6.08891e-05		voice ash "booed" tok=82e3e9288fde43fb take=0 src=tts:gpt-audio-1.5 f0=94 onset=0.356 dur=0.590 vowel=0.446-0.786 level=0.050
253	proc	233	bod	train	shiftMags=0	687.287	1.5	1.5	1.5	30	16000	3	0@0.002	0.362	0.524-0.886	-101.538	808.547	-90	446	615.026	943.899	515.3	1755.47	615.915	945.323	514.078	1773.27	95.6089	100.046	78.5419	-10.761	0.0848329	8	-27.6778	0							1	0.000121195	-11.0922	voice ash "bod" tok=cbbad00887880bc8 take=0 src=tts:gpt-audio-1.5 f0=87 onset=0.351 dur=0.680 vowel=0.501-0.861 level=0.050
254	proc	234	bad	train	shiftMags=0	689.67	1.5	1.5	1.5	30	16000	3	0@0.002	0.336	0.452-0.788	-255.651	644.32	-208	281	855.994	1562.78	577.283	2203.82	862.348	1559.96	578.777	2226.58	98.2852	88.9657	-172.469	-2.93326	0.190059	8.375	-27.604	0							1	0.000122011	-2.96573	voice ash "bad" tok=be6401efa21001bb take=0 src=tts:gpt-audio-1.5 f0=87 onset=0.324 dur=0.570 vowel=0.434-0.824 level=0.050
255	proc	235	bead	train	shiftMags=0	692.326	1.5	1.5	1.5	30	16000	3	0@0.002	0.336	0.460-0.796	190.348	372.264	207	132	250.074	2288.4	429.056	2670.79	245.841	2293.8	431.708	2707.83	104.013	129.151	374.754	-5.54019	0.132683	7.5625	-27.5176	1	1.485+15.4ms						1	0.000121335	-5.72853	voice ash "bead" tok=fcaefe50452257f6 take=0 src=tts:gpt-audio-1.5 f0=94 onset=0.320 dur=0.650 vowel=0.450-0.750 level=0.050
256	proc	236	booed	train	shiftMags=0	694.883	1.5	1.5	1.5	30	16000	3	0@0.002	0.368	0.502-0.870	156.906	790.234	166	419	294.714	1053.13	404.36	2152.58	294.714	1053.13	404.36	2152.58	93.1602	132.96	615.849	-13.0489	0.0542169	7.4375	-28.1211	0							1	0.000112645	-14.2839	voice ash "booed" tok=483dac6d7b781d23 take=1 src=tts:gpt-audio-1.5 f0=93 onset=0.334 dur=0.720 vowel=0.484-0.844 level=0.050
257	proc	237	bad	train	shiftMags=0	697.239	1.5	1.5	1.5	30	16000	3	0@0.002	0.4	0.462-0.862	-261.859	636.553	-212	275	845.238	1562.61	602.049	2184.39	852.712	1566.86	602.141	2184.39	97.0818	99.9433	50.2903	-2.61581	0.179248	8.3125	-27.8695	0							1	0.000121951	-2.69835	voice ash "bad" tok=66aa28bd9c51a88d take=1 src=tts:gpt-audio-1.5 f0=89 onset=0.331 dur=0.710 vowel=0.441-0.961 level=0.050
258	proc	238	bead	train	shiftMags=0	699.897	1.5	1.5	1.5	30	16000	3	0@0.002	0.32	0.480-0.800	191.754	355.353	209	124	253.591	2351.85	437.243	2735.26	253.591	2372.91	437.376	2735.84	98.5902	133.341	522.722	-8.51636	0.0733387	7.25	-27.7694	0							1	0.000120635	-8.77826	voice ash "bead" tok=3b925d8a31a7a932 take=1 src=tts:gpt-audio-1.5 f0=97 onset=0.297 dur=0.650 vowel=0.457-0.747 level=0.050
259	proc	239	bod	train	shiftMags=0	702.74	1.5	1.5	1.5	30	16000	3	0@0.002	0.374	0.378-0.752	-92.382	788.567	-82	424	629.548	1012.48	525.896	1796.91	630.595	1013.6	525.896	1796.91	93.0045	106.249	230.485	-9.52796	0.0781789	8	-27.5341	0							1	0.000118943	-9.94617	voice ash "bod" tok=833f71af6e7d4487 take=1 src=tts:gpt-audio-1.5 f0=86 onset=0.320 dur=0.570 vowel=0.360-0.720 level=0.050
260	proc	240	bod	train	shiftMags=0	705.526	1.5	1.5	1.5	30	16000	3	0@0.002	0.332	0.368-0.734	-101.91	809.358	-90	452	628.213	937.513	511.981	1745.77	632.579	938.246	515.151	1747.45	81.7339	79.4629	-48.7856	-10.5177	0.0650888	8	-26.7258	0							1	0.000118947	-10.9433	voice ash "bod" tok=2ee2982af233f106 take=2 src=tts:gpt-audio-1.5 f0=88 onset=0.293 dur=0.510 vowel=0.343-0.683 level=0.050
261	proc	241	bead	train	shiftMags=0	708.881	1.5	1.5	1.5	30	16000	3	0@0.002	0.34	0.410-0.750	195.145	362.674	213	127	238.127	2310.86	434.91	2702.83	241.258	2315.78	438.785	2736.05	84.2315	139.317	871.131	-9.09364	0.115399	8	-27.5209	0							1	0.000121456	-9.35111	voice ash "bead" tok=42206fd53da2f915 take=2 src=tts:gpt-audio-1.5 f0=87 onset=0.292 dur=0.610 vowel=0.392-0.712 level=0.050
262	proc	242	bad	train	shiftMags=0	711.834	1.5	1.5	1.5	30	16000	3	0@0.002	0.346	0.358-0.704	-228.416	633.806	-188	275	776.79	1591.84	558.793	2234.37	778.381	1593.26	560.09	2243.71	100.752	109.031	136.713	-1.89281	0.16696	8.375	-27.8866	1	0.985+15.4ms						1	0.000121714	-1.95674	voice ash "bad" tok=d2dbf06ba76eb9c6 take=2 src=tts:gpt-audio-1.5 f0=85 onset=0.302 dur=0.550 vowel=0.342-0.662 level=0.050
263	proc	243	booed	train	shiftMags=0	714.783	1.5	1.5	1.5	30	16000	3	0@0.002	0.382	0.360-0.786	153.243	755.276	162	380	296.998	1159.43	396.143	1827.67	294.117	1142.16	404.131	1852.52	92.5623	134.712	649.654	-11.6352	0.0874283	7.5	-26.9862	0							1	0.00011671	-12.2419	voice ash "booed" tok=05db9761505af88f take=2 src=tts:gpt-audio-1.5 f0=84 onset=0.372 dur=0.420 vowel=0.372-0.752 level=0.050
264	proc	244	booed	train	shiftMags=0	717.302	1.5	1.5	1.5	30	16000	3	0@0.002	0.386	0.386-0.772	136.6	804.786	142	441	363.235	982.308	434.005	1755.57	365.198	982.861	434.005	1748.25	106.793	145.395	534.19	-12.6049	0.0781362	7.6875	-27.0766	0							0	0.000120822		voice ash "booed" tok=14d915b28c0d1455 take=3 src=tts:gpt-audio-1.5 f0=113 onset=0.296 dur=0.600 vowel=0.356-0.726 level=0.050
265	proc	245	bod	train	shiftMags=0	720.285	1.5	1.5	1.5	30	16000	3	0@0.002	0.298	0.460-0.758	-150.209	796.32	-129	435	684.988	973.347	520.395	1754.33	686.525	982.931	520.395	1759.28	118.139	130.763	175.756	-10.9543	0.0616828	8	-27.0755	0							1	0.000108834	-11.3748	voice ash "bod" tok=90c2afe4082184ef take=3 src=tts:gpt-audio-1.5 f0=99 onset=0.286 dur=0.630 vowel=0.426-0.706 level=0.050
266	proc	246	bead	train	shiftMags=0	722.678	1.5	1.5	1.5	30	16000	3	0@0.002	0.31	0.508-0.818	204.73	363.132	225	127	236.578	2331.98	452.864	2725.31	237.246	2333.11	455.181	2730.1	91.5318	124.889	537.962	-8.30789	0.110137	8	-27.1754	0							1	0.000121619	-8.53841	voice ash "bead" tok=9fa84b73fa853f8a take=3 src=tts:gpt-audio-1.5 f0=97 onset=0.372 dur=0.570 vowel=0.512-0.802 level=0.050
267	proc	247	bad	train	shiftMags=0	725.228	1.5	1.5	1.5	30	16000	3	0@0.002	0.332	0.404-0.736	-239.474	640.615	-196	281	818.72	1567.73	563.115	2211.78	822.52	1569.15	565.119	2214.88	93.9569	120.394	429.236	-3.06425	0.173478	8.375	-27.6811	0							1	0.000121044	-3.14599	voice ash "bad" tok=27a360ed72a55a41 take=3 src=tts:gpt-audio-1.5 f0=92 onset=0.291 dur=0.620 vowel=0.381-0.691 level=0.050
268	proc	248	bead	train	shiftMags=0	728.109	1.5	1.5	1.5	30	16000	3	0@0.002	0.334	0.432-0.766	189.117	371.65	205	132	248.751	2286.01	435.352	2709.22	244.784	2287.29	442.301	2712.29	104.625	340.18	2041.29	-5.56877	0.129724	7.5625	-27.5197	0							1	0.000118791	-5.70608	voice ash "bead" tok=fcaefe50452257f6 take=0 src=tts:gpt-audio-1.5 f0=94 onset=0.293 dur=0.650 vowel=0.423-0.723 level=0.050
269	proc	249	bad	train	shiftMags=0	730.423	1.5	1.5	1.5	30	16000	3	0@0.002	0.334	0.480-0.814	-255.577	648.571	-208	287	854.424	1557.27	585.308	2219.09	861.985	1558.3	588.659	2219.11	88.3606	89.0244	12.9571	-2.92905	0.162757	8.375	-27.6059	0							1	0.00012032	-2.98657	voice ash "bad" tok=be6401efa21001bb take=0 src=tts:gpt-audio-1.5 f0=87 onset=0.351 dur=0.570 vowel=0.461-0.851 level=0.050
270	proc	250	booed	train	shiftMags=0	732.969	1.5	1.5	1.5	30	16000	3	0@0.002	0.336	0.452-0.788	147.022	803.487	154	441	344.665	1001.61	447.821	1756.07	347.434	1003.9	447.691	1751.74	91.6387	148.298	833.366	-11.8355	0.0656525	7.6875	-27.6106	0							1	0.00011673	-12.4793	voice ash "booed" tok=82e3e9288fde43fb take=0 src=tts:gpt-audio-1.5 f0=94 onset=0.336 dur=0.590 vowel=0.426-0.766 level=0.050
271	proc	251	bod	train	shiftMags=0	735.226	1.5	1.5	1.5	30	16000	3	0@0.002	0.364	0.490-0.856	-101.547	808.67	-90	446	616.625	943.24	504.806	1766.24	617.476	950.789	502.341	1767.97	96.8477	100.222	59.2892	-10.5492	0.0880162	8	-27.6763	0							0	0.000120862		voice ash "bod" tok=cbbad00887880bc8 take=0 src=tts:gpt-audio-1.5 f0=87 onset=0.316 dur=0.680 vowel=0.466-0.826 level=0.050
272	proc	252	booed	train	shiftMags=0	737.635	1.5	1.5	1.5	30	16000	3	0@0.002	0.366	0.474-0.840	156.76	790.349	166	419	295.317	1053.78	396.602	2134.49	295.317	1053.78	396.602	2134.49	94.3336	133.059	595.471	-12.9144	0.0525827	7.375	-28.1207	0							1	0.000110308	-13.9862	voice ash "booed" tok=483dac6d7b781d23 take=1 src=tts:gpt-audio-1.5 f0=93 onset=0.305 dur=0.720 vowel=0.455-0.815 level=0.050
273	proc	253	bod	train	shiftMags=0	740.152	1.5	1.5	1.5	30	16000	3	0@0.002	0.376	0.420-0.796	-92.2979	788.485	-82	424	626.048	1010.77	507.884	1794.05	627.51	1012.03	507.884	1800.47	93.0342	108.684	269.169	-9.80623	0.072466	8	-27.5346	0							1	0.000118795	-10.2586	voice ash "bod" tok=833f71af6e7d4487 take=1 src=tts:gpt-audio-1.5 f0=86 onset=0.363 dur=0.570 vowel=0.403-0.763 level=0.050
274	proc	254	bead	train	shiftMags=0	743.028	1.5	1.5	1.5	30	16000	3	0@0.002	0.32	0.478-0.798	192.064	355.341	209	124	254.495	2348.63	439.233	2718.17	254.878	2363.81	442.441	2737.32	99.837	133.405	501.806	-8.60492	0.0751732	7.25	-27.7701	0							1	0.000120468	-8.77078	voice ash "bead" tok=3b925d8a31a7a932 take=1 src=tts:gpt-audio-1.5 f0=97 onset=0.296 dur=0.650 vowel=0.456-0.746 level=0.050
275	proc	255	bad	train	shiftMags=0	745.747	1.5	1.5	1.5	30	16000	3	0@0.002	0.402	0.474-0.876	-261.966	636.472	-212	275	848.379	1556.69	601.273	2171.6	855.682	1556.88	602.512	2178.97	99.7266	101.255	26.3356	-2.63467	0.176783	8.3125	-27.87	1	1.485+15.4ms						1	0.000121914	-2.72444	voice ash "bad" tok=66aa28bd9c51a88d take=1 src=tts:gpt-audio-1.5 f0=89 onset=0.344 dur=0.710 vowel=0.454-0.974 level=0.050
276	proc	256	bod	train	shiftMags=0	748.068	1.5	1.5	1.5	30	16000	3	0@0.002	0.334	0.382-0.748	-101.937	809.196	-90	452	629.983	937.508	517.267	1735.21	631.089	940.053	517.27	1740.08	86.657	87.4371	15.515	-10.4789	0.062198	8	-26.7262	0							1	0.00011536	-10.953	voice ash "bod" tok=2ee2982af233f106 take=2 src=tts:gpt-audio-1.5 f0=88 onset=0.307 dur=0.510 vowel=0.357-0.697 level=0.050
277	proc	257	bead	train	shiftMags=0	750.915	1.5	1.5	1.5	30	16000	3	0@0.002	0.342	0.422-0.764	195.037	363.016	213	127	239.255	2314.13	432.24	2718.06	243.902	2315.04	434.82	2740.89	85.9241	139.342	836.99	-9.13641	0.103889	8	-27.5217	0							1	0.000122062	-9.38382	voice ash "bead" tok=42206fd53da2f915 take=2 src=tts:gpt-audio-1.5 f0=87 onset=0.305 dur=0.610 vowel=0.405-0.725 level=0.050
278	proc	258	booed	train	shiftMags=0	753.734	1.5	1.5	1.5	30	16000	3	0@0.002	0.378	0.280-0.704	153.413	755.668	162	380	297.224	1161.84	400.399	1852.02	295.126	1148.33	404.571	1852.02	93.3116	133.399	618.748	-11.1071	0.0869674	7.5	-26.9842	0							1	0.000121208	-11.5893	voice ash "booed" tok=05db9761505af88f take=2 src=tts:gpt-audio-1.5 f0=84 onset=0.290 dur=0.420 vowel=0.290-0.670 level=0.050
279	proc	259	bad	train	shiftMags=0	756.214	1.5	1.5	1.5	30	16000	3	0@0.002	0.346	0.406-0.752	-228.4	633.822	-188	275	777.791	1591.06	557.634	2232.74	779.996	1593.88	562.318	2241.82	106.677	109.015	37.5262	-1.91402	0.154194	8.375	-27.8868	0							1	0.000121974	-1.96589	voice ash "bad" tok=d2dbf06ba76eb9c6 take=2 src=tts:gpt-audio-1.5 f0=85 onset=0.351 dur=0.550 vowel=0.391-0.711 level=0.050
280	proc	260	bead	train	shiftMags=0	758.594	1.5	1.5	1.5	30	16000	3	0@0.002	0.308	0.502-0.810	204.34	363.164	225	127	235.806	2329.75	443.846	2721.3	236.627	2332.64	444.458	2726.25	91.6826	124.201	525.546	-7.87626	0.117349	8	-27.1748	0							1	0.000120467	-8.12683	voice ash "bead" tok=9fa84b73fa853f8a take=3 src=tts:gpt-audio-1.5 f0=97 onset=0.365 dur=0.570 vowel=0.505-0.795 level=0.050
281	proc	261	bad	train	shiftMags=0	761.396	1.5	1.5	1.5	30	16000	3	0@0.002	0.332	0.418-0.750	-239.518	640.626	-196	281	813.984	1564.58	559.929	2213.6	821.713	1569.87	565.696	2216.63	93.7173	106.431	220.237	-3.03731	0.170428	8.375	-27.6813	0							1	0.000122011	-3.1503	voice ash "bad" tok=27a360ed72a55a41 take=3 src=tts:gpt-audio-1.5 f0=92 onset=0.305 dur=0.620 vowel=0.395-0.705 level=0.050
282	proc	262	bod	train	shiftMags=0	764.349	1.5	1.5	1.5	30	16000	3	0@0.002	0.298	0.464-0.762	-150.166	796.401	-129	435	692.371	978.703	515.049	1764.47	692.678	983.322	514.327	1763.56	124.853	131.107	84.6139	-10.8459	0.0584675	8	-27.0753	1	0.985+15.4ms						1	0.000116963	-11.3883	voice ash "bod" tok=90c2afe4082184ef take=3 src=tts:gpt-audio-1.5 f0=99 onset=0.290 dur=0.630 vowel=0.430-0.710 level=0.050
283	proc	263	booed	train	shiftMags=0	766.763	1.5	1.5	1.5	30	16000	3	0@0.002	0.386	0.404-0.790	136.667	805.033	142	441	362.526	980.686	420.553	1763.34	364.514	988.221	424.259	1763.47	106.459	144.188	525.192	-12.6784	0.0587683	7.6875	-27.077	0							1	0.000108253	-13.341	voice ash "booed" tok=14d915b28c0d1455 take=3 src=tts:gpt-audio-1.5 f0=113 onset=0.314 dur=0.600 vowel=0.374-0.744 level=0.050
284	proc	264	bead	train	shiftMags=0	769.261	1.5	1.5	1.5	30	16000	3	0@0.002	0.336	0.470-0.806	189.138	372.278	205	132	249.865	2288.34	444.351	2681.95	245.641	2294.2	447.285	2706.67	104.514	454.971	2546.5	-5.5008	0.136317	7.5625	-27.5218	0							1	0.000119713	-5.66438	voice ash "bead" tok=fcaefe50452257f6 take=0 src=tts:gpt-audio-1.5 f0=94 onset=0.330 dur=0.650 vowel=0.460-0.760 level=0.050
285	proc	265	bod	train	shiftMags=0	771.76	1.5	1.5	1.5	30	16000	3	0@0.002	0.362	0.480-0.842	-101.58	808.74	-90	446	618.225	942.559	508.553	1774.77	619.101	948.839	506.772	1770.63	97.6333	100.063	42.5561	-11.0154	0.0747031	8	-27.6772	0							1	0.000116291	-11.4372	voice ash "bod" tok=cbbad00887880bc8 take=0 src=tts:gpt-audio-1.5 f0=87 onset=0.308 dur=0.680 vowel=0.458-0.818 level=0.050
286	proc	266	booed	train	shiftMags=0	774.735	1.5	1.5	1.5	30	16000	3	0@0.002	0.334	0.432-0.766	147.024	803.424	154	441	347.423	1003.73	447.473	1801.3	347.863	1008.18	447.383	1772.77	96.0491	151.128	784.714	-11.7447	0.0735969	7.6875	-27.6109	0							1	6.07374e-05	-12.4638	voice ash "booed" tok=82e3e9288fde43fb take=0 src=tts:gpt-audio-1.5 f0=94 onset=0.315 dur=0.590 vowel=0.405-0.745 level=0.050
287	proc	267	bad	train	shiftMags=0	777.023	1.5	1.5	1.5	30	16000	3	0@0.002	0.336	0.452-0.788	-255.564	648.519	-208	287	854.961	1556.56	581.577	2196.96	855.814	1556.56	584.317	2213.99	93.4872	90.5798	-54.696	-2.92599	0.189186	8.375	-27.6042	0							1	0.000120354	-2.98267	voice ash "bad" tok=be6401efa21001bb take=0 src=tts:gpt-audio-1.5 f0=87 onset=0.325 dur=0.570 vowel=0.435-0.825 level=0.050
288	proc	268	bead	train	shiftMags=0	779.287	1.5	1.5	1.5	30	16000	3	0@0.002	0.32	0.544-0.864	191.723	355.308	209	124	253.274	2356.03	439.617	2727.87	254.966	2358.71	439.917	2732.42	98.6083	133.387	522.999	-8.50703	0.0749393	8	-27.7701	0							1	0.000121731	-8.7689	voice ash "bead" tok=3b925d8a31a7a932 take=1 src=tts:gpt-audio-1.5 f0=97 onset=0.361 dur=0.650 vowel=0.521-0.811 level=0.050
289	proc	269	bad	train	shiftMags=0	781.674	1.5	1.5	1.5	30	16000	3	0@0.002	0.402	0.466-0.868	-261.852	636.512	-212	275	849.302	1559.3	595.744	2179.25	856.6	1559.3	598.541	2193.02	100.014	99.0618	-16.5697	-2.69249	0.185011	8.375	-27.8697	0							1	0.000122033	-2.75426	voice ash "bad" tok=66aa28bd9c51a88d take=1 src=tts:gpt-audio-1.5 f0=89 onset=0.337 dur=0.710 vowel=0.447-0.967 level=0.050
290	proc	270	bod	train	shiftMags=0	784.271	1.5	1.5	1.5	30	16000	3	0@0.002	0.378	0.418-0.796	-92.3665	788.568	-82	424	624.913	1009.91	505.291	1791.44	626.41	1012.2	502.153	1794.08	91.8636	98.9837	129.237	-9.81433	0.0746161	8	-27.5334	0							1	0.000120369	-10.2531	voice ash "bod" tok=833f71af6e7d4487 take=1 src=tts:gpt-audio-1.5 f0=86 onset=0.362 dur=0.570 vowel=0.402-0.762 level=0.050
291	proc	271	booed	train	shiftMags=0	788.245	1.5	1.5	1.5	30	16000	3	0@0.002	0.368	0.504-0.872	157.21	790.404	166	419	296.185	1054.12	400.884	1998.95	296.185	1054.12	400.884	1998.95	97.0617	133.417	550.766	-13.259	0.0523156	7.4375	-28.1213	0							1	0.000100891	-14.2592	voice ash "booed" tok=483dac6d7b781d23 take=1 src=tts:gpt-audio-1.5 f0=93 onset=0.337 dur=0.720 vowel=0.487-0.847 level=0.050
292	proc	272	bod	train	shiftMags=0	790.523	1.5	1.5	1.5	30	16000	3	0@0.002	0.344	0.398-0.762	-101.776	808.865	-90	452	632.284	938.436	508.516	1743.72	634.307	939.598	507.529	1746.64	82.0018	78.814	-68.6435	-10.3766	0.0565451	8	-26.7259	0							1	0.00011903	-10.8636	voice ash "bod" tok=2ee2982af233f106 take=2 src=tts:gpt-audio-1.5 f0=88 onset=0.322 dur=0.510 vowel=0.372-0.712 level=0.050
293	proc	273	booed	train	shiftMags=0	793.371	1.5	1.5	1.5	30	16000	3	0@0.002	0.38	0.302-0.726	151.928	755.999	160	380	296.98	1159.65	413.573	1831.32	294.209	1142.41	416.082	1845.16	92.6702	133.7	634.583	-10.9876	0.0948789	7.5	-26.9836	0							1	0.000121389	-11.4297	voice ash "booed" tok=05db9761505af88f take=2 src=tts:gpt-audio-1.5 f0=84 onset=0.312 dur=0.420 vowel=0.312-0.692 level=0.050
294	proc	274	bead	train	shiftMags=0	796.015	1.5	1.5	1.5	30	16000	3	0@0.002	0.342	0.482-0.824	195.109	362.575	213	127	239.122	2316.54	437.635	2716.51	243.427	2316.96	441.793	2746.05	85.8444	139.261	837.599	-9.14759	0.0935989	8	-27.5224	0							1	0.000120953	-9.39207	voice ash "bead" tok=42206fd53da2f915 take=2 src=tts:gpt-audio-1.5 f0=87 onset=0.365 dur=0.610 vowel=0.465-0.785 level=0.050
295	proc	275	bad	train	shiftMags=0	798.932	1.5	1.5	1.5	30	16000	3	0@0.002	0.346	0.348-0.694	-228.422	633.695	-188	275	776.23	1592.28	556.365	2241.45	777.414	1592.67	558.247	2245.03	107.893	109.439	24.6383	-1.92002	0.163006	8.375	-27.8863	1	1.485+15.4ms						1	0.000121194	-1.96285	voice ash "bad" tok=d2dbf06ba76eb9c6 take=2 src=tts:gpt-audio-1.5 f0=85 onset=0.294 dur=0.550 vowel=0.334-0.654 level=0.050
296	proc	276	bad	train	shiftMags=0	801.905	1.5	1.5	1.5	30	16000	3	0@0.002	0.332	0.442-0.774	-239.652	640.652	-196	281	819.718	1567.55	561.004	2214.22	821.222	1568.86	563.538	2219.78	93.7316	121.436	448.308	-2.96998	0.179195	8.375	-27.6835	0							1	0.00012199	-3.07007	voice ash "bad" tok=27a360ed72a55a41 take=3 src=tts:gpt-audio-1.5 f0=92 onset=0.328 dur=0.620 vowel=0.418-0.728 level=0.050
297	proc	277	bead	train	shiftMags=0	804.694	1.5	1.5	1.5	30	16000	3	0@0.002	0.31	0.460-0.770	204.726	363.208	225	127	235.966	2330.52	463.88	2724.02	236.429	2332.78	465.358	2729.03	91.7499	124.198	524.233	-8.449	0.11683	8	-27.1741	0							1	0.000121438	-8.56624	voice ash "bead" tok=9fa84b73fa853f8a take=3 src=tts:gpt-audio-1.5 f0=97 onset=0.325 dur=0.570 vowel=0.465-0.755 level=0.050
298	proc	278	booed	train	shiftMags=0	807.131	1.5	1.5	1.5	30	16000	3	0@0.002	0.386	0.460-0.846	136.612	805.067	142	441	365.195	982.801	425.722	1759.11	365.332	988.947	425.511	1758.15	108.996	143.945	481.492	-12.9612	0.0504474	7.6875	-27.076	0							1	0.000108867	-13.6202	voice ash "booed" tok=14d915b28c0d1455 take=3 src=tts:gpt-audio-1.5 f0=113 onset=0.371 dur=0.600 vowel=0.431-0.801 level=0.050
299	proc	279	bod	train	shiftMags=0	810.064	1.5	1.5	1.5	30	16000	3	0@0.002	0.298	0.488-0.786	-150.181	796.398	-129	435	685.029	968.255	507.806	1764.12	689.887	984.337	504.094	1764.12	124.585	130.809	84.4002	-10.7023	0.0650331	8	-27.0763	0							0	0.000120673		voice ash "bod" tok=90c2afe4082184ef take=3 src=tts:gpt-audio-1.5 f0=99 onset=0.314 dur=0.630 vowel=0.454-0.734 level=0.050
300	proc	280	booed	train	shiftMags=0	812.323	1.5	1.5	1.5	30	16000	3	0@0.002	0.334	0.434-0.768	146.951	803.506	154	441	344.18	1000.34	441.539	1751.62	346.668	1006.41	442.346	1757.6	93.332	147.628	793.823	-11.5468	0.075792	7.6875	-27.6106	0							0	6.02967e-05		voice ash "booed" tok=82e3e9288fde43fb take=0 src=tts:gpt-audio-1.5 f0=94 onset=0.317 dur=0.590 vowel=0.407-0.747 level=0.050
301	proc	281	bad	train	shiftMags=0	815.314	1.5	1.5	1.5	30	16000	3	0@0.002	0.334	0.488-0.822	-255.731	648.624	-208	287	853.021	1562.37	587.953	2219.44	858.607	1557.66	591.38	2220.37	88.1871	90.5185	45.1744	-2.89542	0.17469	8.375	-27.6057	0							1	0.000121799	-2.99131	voice ash "bad" tok=be6401efa21001bb take=0 src=tts:gpt-audio-1.5 f0=87 onset=0.360 dur=0.570 vowel=0.470-0.860 level=0.050
302	proc	282	bead	train	shiftMags=0	817.874	1.5	1.5	1.5	30	16000	3	0@0.002	0.334	0.500-0.834	189.111	371.708	205	132	248.172	2291.61	437.705	2695.56	243.661	2293.22	441.806	2701.28	104.048	141.613	533.646	-5.57855	0.13819	7.5625	-27.5196	0							1	0.000121167	-5.70568	voice ash "bead" tok=fcaefe50452257f6 take=0 src=tts:gpt-audio-1.5 f0=94 onset=0.360 dur=0.650 vowel=0.490-0.790 level=0.050
303	proc	283	bod	train	shiftMags=0	820.326	1.5	1.5	1.5	30	16000	3	0@0.002	0.362	0.490-0.852	-101.554	808.758	-90	446	618.56	942.42	506.101	1758.93	619.389	948.545	505.318	1767.53	98.2604	102.002	64.6991	-11.2763	0.0609814	8	-27.6763	0							1	0.000121304	-11.713	voice ash "bod" tok=cbbad00887880bc8 take=0 src=tts:gpt-audio-1.5 f0=87 onset=0.318 dur=0.680 vowel=0.468-0.828 level=0.050
304	proc	284	bad	train	shiftMags=0	823.239	1.5	1.5	1.5	30	16000	3	0@0.002	0.402	0.450-0.852	-261.922	636.512	-212	275	841.695	1560.95	602.523	2179.75	848.574	1564.7	603.291	2188.62	98.4351	100.231	31.3074	-2.70746	0.180549	8.375	-27.87	0							1	0.000122061	-2.75436	voice ash "bad" tok=66aa28bd9c51a88d take=1 src=tts:gpt-audio-1.5 f0=89 onset=0.321 dur=0.710 vowel=0.431-0.951 level=0.050
305	proc	285	booed	train	shiftMags=0	825.862	1.5	1.5	1.5	30	16000	3	0@0.002	0.368	0.468-0.836	157.042	790.364	166	419	293.382	1051.69	397.989	2170.3	293.382	1051.69	397.989	2170.3	95.55	132.913	571.386	-13.1828	0.0549473	7.375	-28.1212	0							1	8.32534e-05	-14.2968	voice ash "booed" tok=483dac6d7b781d23 take=1 src=tts:gpt-audio-1.5 f0=93 onset=0.300 dur=0.720 vowel=0.450-0.810 level=0.050
306	proc	286	bead	train	shiftMags=0	828.402	1.5	1.5	1.5	30	16000	3	0@0.002	0.32	0.538-0.858	191.882	355.312	209	124	254.53	2348.42	437.588	2716.02	254.882	2363.48	439.643	2736.22	98.7215	133.406	521.264	-8.49832	0.072846	7.25	-27.7699	0							1	0.000121758	-8.77527	voice ash "bead" tok=3b925d8a31a7a932 take=1 src=tts:gpt-audio-1.5 f0=97 onset=0.356 dur=0.650 vowel=0.516-0.806 level=0.050
307	proc	287	bod	train	shiftMags=0	830.881	1.5	1.5	1.5	30	16000	3	0@0.002	0.376	0.394-0.770	-92.3483	788.465	-82	424	627.012	1011.74	496.456	1800.38	628.329	1013.01	496.225	1800.51	92.8655	94.0006	21.0331	-9.78731	0.0796069	8	-27.5349	0							1	0.000115358	-10.261	voice ash "bod" tok=833f71af6e7d4487 take=1 src=tts:gpt-audio-1.5 f0=86 onset=0.337 dur=0.570 vowel=0.377-0.737 level=0.050
308	proc	288	bead	train	shiftMags=0	833.445	1.5	1.5	1.5	30	16000	3	0@0.002	0.34	0.448-0.788	195.149	362.641	213	127	238.553	2322.23	435.447	2699.95	239.04	2325.32	437.774	2742.35	85.0164	225.762	1690.79	-9.00517	0.0951378	8	-27.5223	0							1	0.000121906	-9.34934	voice ash "bead" tok=42206fd53da2f915 take=2 src=tts:gpt-audio-1.5 f0=87 onset=0.330 dur=0.610 vowel=0.430-0.750 level=0.050
309	proc	289	bod	train	shiftMags=0	835.881	1.5	1.5	1.5	30	16000	3	0@0.002	0.332	0.406-0.770	-101.914	809.082	-90	452	626.004	938.413	549.267	1734.04	631.897	940.351	549.267	1746.89	87.0285	78.769	-172.632	-10.406	0.0569884	8	-26.7264	0							1	0.000118716	-10.8909	voice ash "bod" tok=2ee2982af233f106 take=2 src=tts:gpt-audio-1.5 f0=88 onset=0.330 dur=0.510 vowel=0.380-0.720 level=0.050
310	proc	290	bad	train	shiftMags=0	838.52	1.5	1.5	1.5	30	16000	3	0@0.002	0.346	0.424-0.770	-228.402	633.812	-188	275	778.091	1589.04	559.124	2247.51	781.015	1594.38	560.095	2247.51	106.068	108.596	40.7717	-1.88003	0.151546	8.375	-27.887	0							1	0.000120458	-1.94431	voice ash "bad" tok=d2dbf06ba76eb9c6 take=2 src=tts:gpt-audio-1.5 f0=85 onset=0.369 dur=0.550 vowel=0.409-0.729 level=0.050
311	proc	291	booed	train	shiftMags=0	841.097	1.5	1.5	1.5	30	16000	3	0@0.002	0.378	0.286-0.712	153.237	756.449	162	380	297.017	1160.34	416.634	1870.62	294.299	1144.51	417.595	1870.62	91.4266	133.432	654.5	-11.9103	0.0780234	7.5	-26.9849	0							1	0.000121779	-12.2417	voice ash "booed" tok=05db9761505af88f take=2 src=tts:gpt-audio-1.5 f0=84 onset=0.298 dur=0.420 vowel=0.298-0.678 level=0.050
312	proc	292	bead	train	shiftMags=0	843.545	1.5	1.5	1.5	30	16000	3	0@0.002	0.306	0.472-0.778	204.22	363.06	225	127	235.851	2329.76	455.12	2718.05	236.593	2332.78	455.491	2720.32	91.7316	124.533	529.25	-7.78851	0.111838	8	-27.175	0							1	0.00012204	-8.13744	voice ash "bead" tok=9fa84b73fa853f8a take=3 src=tts:gpt-audio-1.5 f0=97 onset=0.335 dur=0.570 vowel=0.475-0.765 level=0.050
313	proc	293	bad	train	shiftMags=0	845.799	1.5	1.5	1.5	30	16000	3	0@0.002	0.332	0.478-0.810	-239.617	640.33	-196	281	817.68	1563.57	563.796	2215.19	822.959	1571.07	565.256	2215.24	93.9391	110.393	279.422	-2.97498	0.162031	8.375	-27.6832	0							1	0.000121787	-3.1133	voice ash "bad" tok=27a360ed72a55a41 take=3 src=tts:gpt-audio-1.5 f0=92 onset=0.364 dur=0.620 vowel=0.454-0.764 level=0.050
314	proc	294	bod	train	shiftMags=0	848.163	1.5	1.5	1.5	30	16000	3	0@0.002	0.296	0.496-0.792	-150.251	796.124	-129	435	692.13	978.234	520.59	1761.06	696.508	984.255	520.59	1761.06	124.84	130.489	76.6082	-10.7178	0.0638119	8	-27.0758	0							1	9.95992e-05	-11.0656	voice ash "bod" tok=90c2afe4082184ef take=3 src=tts:gpt-audio-1.5 f0=99 onset=0.320 dur=0.630 vowel=0.460-0.740 level=0.050
315	proc	295	booed	train	shiftMags=0	850.999	1.5	1.5	1.5	30	16000	3	0@0.002	0.386	0.410-0.796	136.435	804.835	142	441	364.086	979.843	431.857	1761.66	365.638	988.027	431.857	1761.66	107.209	145.473	528.389	-12.5555	0.0791376	7.6875	-27.076	1	1.485+15.4ms						1	0.000104413	-13.0898	voice ash "booed" tok=14d915b28c0d1455 take=3 src=tts:gpt-audio-1.5 f0=113 onset=0.320 dur=0.600 vowel=0.380-0.750 level=0.050
316	proc	296	booed	train	shiftMags=0	853.78	1.5	1.5	1.5	30	16000	3	0@0.002	0.334	0.420-0.754	146.963	803.533	154	441	346.635	1008.64	443.188	1799.7	348.034	1011.46	442.026	1797.9	99.0217	140.478	605.438	-11.6563	0.0662542	7.6875	-27.6106	0							1	5.94624e-05	-12.2074	voice ash "booed" tok=82e3e9288fde43fb take=0 src=tts:gpt-audio-1.5 f0=94 onset=0.304 dur=0.590 vowel=0.394-0.734 level=0.050
317	proc	297	bod	train	shiftMags=0	856.723	1.5	1.5	1.5	30	16000	3	0@0.002	0.364	0.514-0.880	-99.344	808.567	-88	446	615.427	943.766	511.941	1754.79	617.089	945.75	511.176	1766.13	95.6089	102.077	113.326	-10.6961	0.0899277	8	-27.6782	0							1	0.000113272	-11.1245	voice ash "bod" tok=cbbad00887880bc8 take=0 src=tts:gpt-audio-1.5 f0=87 onset=0.341 dur=0.680 vowel=0.491-0.851 level=0.050
318	proc	298	bad	train	shiftMags=0	859.085	1.5	1.5	1.5	30	16000	3	0@0.002	0.334	0.490-0.824	-255.656	648.809	-208	287	855.07	1560.79	577.187	2223.86	863.073	1558.64	586.931	2225.14	88.9983	88.827	-3.33586	-2.87077	0.172457	8.375	-27.6055	0							1	0.00012027	-2.97294	voice ash "bad" tok=be6401efa21001bb take=0 src=tts:gpt-audio-1.5 f0=87 onset=0.362 dur=0.570 vowel=0.472-0.862 level=0.050
319	proc	299	bead	train	shiftMags=0	862.03	1.5	1.5	1.5	30	16000	3	0@0.002	0.338	0.460-0.798	188.944	372.68	205	132	248.617	2289.82	439.116	2699.52	244.243	2290.28	444.798	2711.83	103.974	197.972	1114.89	-5.55699	0.131581	7.5625	-27.5172	0							1	0.000120566	-5.68622	voice ash "bead" tok=fcaefe50452257f6 take=0 src=tts:gpt-audio-1.5 f0=94 onset=0.321 dur=0.650 vowel=0.451-0.751 level=0.050
320	proc	300	booed	train	shiftMags=0	864.945	1.5	1.5	1.5	30	16000	3	0@0.002	0.368	0.466-0.834	156.904	790.149	166	419	294.102	1052.17	396.052	2100.57	292.911	1053.18	395.165	1977.08	97.7416	133.167	535.434	-13.3062	0.0552651	7.5625	-28.1208	0							1	0.000111564	-14.2909	voice ash "booed" tok=483dac6d7b781d23 take=1 src=tts:gpt-audio-1.5 f0=93 onset=0.298 dur=0.720 vowel=0.448-0.808 level=0.050
321	proc	301	bad	train	shiftMags=0	868.458	1.5	1.5	1.5	30	16000	3	0@0.002	0.4	0.464-0.864	-261.957	636.597	-212	275	849.668	1556.81	595.292	2176.83	853.185	1557.83	596.968	2187.63	99.2799	101.31	35.0462	-2.63634	0.179005	8.3125	-27.8699	0							1	0.000121326	-2.70909	voice ash "bad" tok=66aa28bd9c51a88d take=1 src=tts:gpt-audio-1.5 f0=89 onset=0.333 dur=0.710 vowel=0.443-0.963 level=0.050
322	proc	302	bead	train	shiftMags=0	871.423	1.5	1.5	1.5	30	16000	3	0@0.002	0.318	0.506-0.824	191.955	360.621	209	127	253.377	2356.19	430.596	2725.95	253.377	2362.79	431.6	2736.6	96.8722	136.122	588.898	-8.16303	0.0780158	8	-27.7702	1	0.995+5.4ms						1	0.000122033	-8.45966	voice ash "bead" tok=3b925d8a31a7a932 take=1 src=tts:gpt-audio-1.5 f0=97 onset=0.322 dur=0.650 vowel=0.482-0.772 level=0.050
323	proc	303	bod	train	shiftMags=0	874.411	1.5	1.5	1.5	30	16000	3	0@0.002	0.376	0.428-0.804	-92.3823	788.429	-82	424	626.639	1010.27	521.805	1795.34	629.035	1012.87	521.805	1795.66	93.8133	99.0466	93.9771	-9.71386	0.0771767	8	-27.5336	0							1	0.000121824	-10.1757	voice ash "bod" tok=833f71af6e7d4487 take=1 src=tts:gpt-audio-1.5 f0=86 onset=0.370 dur=0.570 vowel=0.410-0.770 level=0.050
324	proc	304	bad	train	shiftMags=0	877.296	1.5	1.5	1.5	30	16000	3	0@0.002	0.346	0.382-0.728	-228.364	633.831	-188	275	777.428	1590.13	559.272	2249.13	778.898	1594.01	559.986	2249.13	108.989	109.256	4.2285	-1.89081	0.161379	8.375	-27.887	0							1	0.000121168	-1.96533	voice ash "bad" tok=d2dbf06ba76eb9c6 take=2 src=tts:gpt-audio-1.5 f0=85 onset=0.327 dur=0.550 vowel=0.367-0.687 level=0.050
325	proc	305	bod	train	shiftMags=0	879.963	1.5	1.5	1.5	30	16000	3	0@0.002	0.336	0.444-0.810	-101.93	809.273	-90	452	626.681	938.063	507.349	1748.95	628.956	939.393	510.018	1740.33	84.8536	78.8339	-127.393	-10.6714	0.0664726	8	-26.7256	0							1	0.00011774	-10.9467	voice ash "bod" tok=2ee2982af233f106 take=2 src=tts:gpt-audio-1.5 f0=88 onset=0.369 dur=0.510 vowel=0.419-0.759 level=0.050
326	proc	306	booed	train	shiftMags=0	882.867	1.5	1.5	1.5	30	16000	3	0@0.002	0.382	0.318-0.742	153.415	754.604	162	380	297.128	1161.29	409.516	1877.99	294.684	1146.46	414.516	1877.99	94.9587	133.483	589.537	-11.4472	0.0851125	7.5	-26.9842	0							1	0.000118861	-11.9417	voice ash "booed" tok=05db9761505af88f take=2 src=tts:gpt-audio-1.5 f0=84 onset=0.329 dur=0.420 vowel=0.329-0.709 level=0.050
327	proc	307	bead	train	shiftMags=0	885.232	1.5	1.5	1.5	30	16000	3	0@0.002	0.34	0.424-0.764	195.135	362.769	213	127	239.081	2316.45	435.793	2715.41	242.821	2319.72	436.565	2723.76	86.0243	114.093	488.877	-9.0937	0.109511	8	-27.5216	0							1	0.00012191	-9.34514	voice ash "bead" tok=42206fd53da2f915 take=2 src=tts:gpt-audio-1.5 f0=87 onset=0.306 dur=0.610 vowel=0.406-0.726 level=0.050
328	proc	308	booed	train	shiftMags=0	887.582	1.5	1.5	1.5	30	16000	3	0@0.002	0.386	0.386-0.772	136.29	805.741	142	441	361.962	978.15	428.843	1756.32	365.136	978.15	428.843	1756.32	107.599	145.476	522.13	-13.3696	0.0546024	7.6875	-27.0765	0							1	0.00011504	-13.9278	voice ash "booed" tok=14d915b28c0d1455 take=3 src=tts:gpt-audio-1.5 f0=113 onset=0.298 dur=0.600 vowel=0.358-0.728 level=0.050
329	proc	309	bod	train	shiftMags=0	889.936	1.5	1.5	1.5	30	16000	3	0@0.002	0.298	0.496-0.794	-150.313	796.002	-129	435	692.103	978.032	524.892	1757.88	696.854	984.434	524.892	1759.85	124.793	131.018	84.2792	-11.0482	0.0620124	8	-27.0757	0							1	0.000118854	-11.3058	voice ash "bod" tok=90c2afe4082184ef take=3 src=tts:gpt-audio-1.5 f0=99 onset=0.321 dur=0.630 vowel=0.461-0.741 level=0.050
330	proc	310	bead	train	shiftMags=0	892.707	1.5	1.5	1.5	30	16000	3	0@0.002	0.31	0.452-0.762	204.517	363.194	225	127	235.819	2328.46	442.348	2721.49	237.161	2332.79	443.336	2722.15	92.7663	107.431	254.089	-8.19246	0.117787	8	-27.1753	0							1	0.000121841	-8.50612	voice ash "bead" tok=9fa84b73fa853f8a take=3 src=tts:gpt-audio-1.5 f0=97 onset=0.316 dur=0.570 vowel=0.456-0.746 level=0.050
331	proc	311	bad	train	shiftMags=0	895.677	1.5	1.5	1.5	30	16000	3	0@0.002	0.332	0.450-0.782	-239.487	640.59	-196	281	820.163	1566.53	561.851	2213.78	821.601	1568.58	562.454	2213.78	93.4951	120.389	437.685	-3.12929	0.158704	8.375	-27.6834	0							1	0.000121722	-3.15842	voice ash "bad" tok=27a360ed72a55a41 take=3 src=tts:gpt-audio-1.5 f0=92 onset=0.337 dur=0.620 vowel=0.427-0.737 level=0.050
332	proc	312	bad	train	shiftMags=0	898.073	1.5	1.5	1.5	30	16000	3	0@0.002	0.334	0.418-0.752	-255.551	649.11	-208	287	852.632	1563.31	588.136	2204.81	855.34	1557.18	589.59	2206.48	88.5704	92.1358	68.325	-2.85591	0.163289	8.375	-27.6054	0							1	0.000120999	-2.94561	voice ash "bad" tok=be6401efa21001bb take=0 src=tts:gpt-audio-1.5 f0=87 onset=0.289 dur=0.570 vowel=0.399-0.789 level=0.050
333	proc	313	bead	train	shiftMags=0	900.426	1.5	1.5	1.5	30	16000	3	0@0.002	0.334	0.468-0.802	189.112	372.097	205	132	251.51	2283.58	439.739	2650.87	247.591	2293.97	444.648	2699.41	102.429	428.225	2476.49	-5.5501	0.125356	8	-27.5167	0							1	0.000122021	-5.687	voice ash "bead" tok=fcaefe50452257f6 take=0 src=tts:gpt-audio-1.5 f0=94 onset=0.329 dur=0.650 vowel=0.459-0.759 level=0.050
334	proc	314	bod	train	shiftMags=0	903.34	1.5	1.5	1.5	30	16000	3	0@0.002	0.362	0.518-0.880	-101.55	808.595	-90	446	614.936	942.749	500.128	1756.57	615.694	952.289	495.725	1772.5	97.304	102.85	95.9598	-10.4212	0.087465	8	-27.6758	0							1	0.000118503	-11.0749	voice ash "bod" tok=cbbad00887880bc8 take=0 src=tts:gpt-audio-1.5 f0=87 onset=0.345 dur=0.680 vowel=0.495-0.855 level=0.050
335	proc	315	booed	train	shiftMags=0	906.248	1.5	1.5	1.5	30	16000	3	0@0.002	0.334	0.468-0.802	147.016	803.399	154	441	344.877	1004.88	443.811	1754.25	347.439	1015.35	443.811	1761.32	98.5995	148.346	707.17	-11.6891	0.0660187	7.6875	-27.6099	1	1.485+15.4ms						1	6.09599e-05	-12.4649	voice ash "booed" tok=82e3e9288fde43fb take=0 src=tts:gpt-audio-1.5 f0=94 onset=0.351 dur=0.590 vowel=0.441-0.781 level=0.050
336	proc	316	bad	train	shiftMags=0	908.594	1.5	1.5	1.5	30	16000	3	0@0.002	0.4	0.462-0.862	-261.888	636.465	-212	275	845.268	1562.65	606.203	2176.33	852.77	1566.86	608.467	2176.33	97.0788	101.342	74.4059	-2.59295	0.175243	8.3125	-27.8691	0							1	0.000121345	-2.69625	voice ash "bad" tok=66aa28bd9c51a88d take=1 src=tts:gpt-audio-1.5 f0=89 onset=0.331 dur=0.710 vowel=0.441-0.961 level=0.050
337	proc	317	booed	train	shiftMags=0	910.869	1.5	1.5	1.5	30	16000	3	0@0.002	0.368	0.508-0.876	157.186	790.401	166	419	293.43	1051.69	407.258	2150.74	293.43	1051.69	407.258	2150.74	95.593	131.658	554.179	-13.3209	0.0534957	7.4375	-28.1215	0							1	9.06623e-05	-14.2409	voice ash "booed" tok=483dac6d7b781d23 take=1 src=tts:gpt-audio-1.5 f0=93 onset=0.341 dur=0.720 vowel=0.491-0.851 level=0.050
338	proc	318	bod	train	shiftMags=0	913.327	1.5	1.5	1.5	30	16000	3	0@0.002	0.376	0.420-0.796	-94.5566	788.485	-84	424	626.421	1010.9	516.008	1795.33	627.103	1012.15	516.008	1800.11	93.0662	104.698	203.892	-9.95467	0.0805874	8	-27.5342	0							1	0.000120602	-10.2602	voice ash "bod" tok=833f71af6e7d4487 take=1 src=tts:gpt-audio-1.5 f0=86 onset=0.363 dur=0.570 vowel=0.403-0.763 level=0.050
339	proc	319	bead	train	shiftMags=0	915.782	1.5	1.5	1.5	30	16000	3	0@0.002	0.32	0.524-0.844	191.71	355.329	209	124	253.339	2356.12	434.032	2723.27	255.041	2359.11	435.419	2727.96	98.6023	133.403	523.313	-8.47139	0.0716334	7.25	-27.7701	0							1	0.0001203	-8.76597	voice ash "bead" tok=3b925d8a31a7a932 take=1 src=tts:gpt-audio-1.5 f0=97 onset=0.341 dur=0.650 vowel=0.501-0.791 level=0.050
340	proc	320	booed	train	shiftMags=0	918.038	1.5	1.5	1.5	30	16000	3	0@0.002	0.382	0.306-0.730	153.266	754.599	162	380	296.784	1158.18	404.952	1851.4	293.744	1142.22	405.618	1864.61	94.8056	133.465	592.094	-11.4045	0.0812496	7.5	-26.9863	0							1	0.000120737	-11.9615	voice ash "booed" tok=05db9761505af88f take=2 src=tts:gpt-audio-1.5 f0=84 onset=0.317 dur=0.420 vowel=0.317-0.697 level=0.050
341	proc	321	bad	train	shiftMags=0	920.397	1.5	1.5	1.5	30	16000	3	0@0.002	0.346	0.380-0.726	-228.428	633.831	-188	275	777.094	1591.35	558.212	2246.82	778.73	1593.51	559.763	2246.82	107.443	94.0825	-229.885	-1.86131	0.160044	8.375	-27.8871	0							1	0.000121503	-1.962	voice ash "bad" tok=d2dbf06ba76eb9c6 take=2 src=tts:gpt-audio-1.5 f0=85 onset=0.326 dur=0.550 vowel=0.366-0.686 level=0.050
342	proc	322	bead	train	shiftMags=0	923.273	1.5	1.5	1.5	30	16000	3	0@0.002	0.34	0.478-0.818	195.095	362.695	213	127	237.749	2319.13	435.591	2703.38	240.172	2319.37	438.978	2745.4	84.258	138.884	865.2	-9.10705	0.107808	8	-27.5217	0							1	0.000121557	-9.38944	voice ash "bead" tok=42206fd53da2f915 take=2 src=tts:gpt-audio-1.5 f0=87 onset=0.361 dur=0.610 vowel=0.461-0.781 level=0.050
343	proc	323	bod	train	shiftMags=0	925.571	1.5	1.5	1.5	30	16000	3	0@0.002	0.334	0.390-0.756	-101.914	809.366	-90	452	631.474	937.503	511.616	1742.93	632.104	938.242	512.583	1745.12	86.3615	78.357	-168.391	-10.6394	0.067286	8	-26.7264	0							1	0.000118534	-10.9442	voice ash "bod" tok=2ee2982af233f106 take=2 src=tts:gpt-audio-1.5 f0=88 onset=0.315 dur=0.510 vowel=0.365-0.705 level=0.050
344	proc	324	bead	train	shiftMags=0	928.163	1.5	1.5	1.5	30	16000	3	0@0.002	0.31	0.458-0.768	204.722	363.16	225	127	236.564	2332.08	458.803	2731.28	237.24	2333.17	463.516	2733.45	91.529	124.91	538.302	-8.35383	0.122552	8	-27.1749	0							1	0.000121702	-8.56607	voice ash "bead" tok=9fa84b73fa853f8a take=3 src=tts:gpt-audio-1.5 f0=97 onset=0.323 dur=0.570 vowel=0.463-0.753 level=0.050
345	proc	325	booed	train	shiftMags=0	930.95	1.5	1.5	1.5	30	16000	3	0@0.002	0.386	0.382-0.768	136.256	805.594	142	446	362.769	980.05	427.854	1757.93	364.312	987.662	428.902	1754.27	106.279	145.355	542.058	-13.1903	0.0569483	7.6875	-27.0763	0							1	0.000112596	-13.907	voice ash "booed" tok=14d915b28c0d1455 take=3 src=tts:gpt-audio-1.5 f0=113 onset=0.294 dur=0.600 vowel=0.354-0.724 level=0.050
346	proc	326	bad	train	shiftMags=0	933.736	1.5	1.5	1.5	30	16000	3	0@0.002	0.332	0.426-0.758	-239.623	640.279	-196	281	818.303	1565.94	563.677	2218.88	824.35	1568.36	566.997	2219.45	94.2987	120.593	425.807	-3.05444	0.176614	8.375	-27.6808	0							1	0.000119818	-3.08066	voice ash "bad" tok=27a360ed72a55a41 take=3 src=tts:gpt-audio-1.5 f0=92 onset=0.312 dur=0.620 vowel=0.402-0.712 level=0.050
347	proc	327	bod	train	shiftMags=0	936.218	1.5	1.5	1.5	30	16000	3	0@0.002	0.296	0.548-0.844	-152.52	796.036	-131	435	686.041	970.208	515.519	1760.8	694.85	984.103	515.519	1760.8	124.627	130.503	79.7665	-10.8307	0.0600061	8	-27.0762	0							1	0.000107839	-11.2132	voice ash "bod" tok=90c2afe4082184ef take=3 src=tts:gpt-audio-1.5 f0=99 onset=0.373 dur=0.630 vowel=0.513-0.793 level=0.050
348	proc	328	booed	train	shiftMags=0	938.568	1.5	1.5	1.5	30	16000	3	0@0.002	0.334	0.490-0.824	146.897	803.606	154	441	346.513	1009.01	443.059	1758.9	348.108	1011.84	442.396	1772.64	98.974	149.481	713.804	-11.782	0.0664006	7.6875	-27.6106	0							1	6.05532e-05	-12.2936	voice ash "booed" tok=82e3e9288fde43fb take=0 src=tts:gpt-audio-1.5 f0=94 onset=0.374 dur=0.590 vowel=0.464-0.804 level=0.050
349	proc	329	bad	train	shiftMags=0	941.138	1.5	1.5	1.5	30	16000	3	0@0.002	0.334	0.414-0.748	-255.501	648.763	-208	287	853.768	1556.54	588.429	2222.12	855.695	1556.54	591.496	2223.94	95.2908	90.3101	-92.9393	-2.90082	0.177927	8.375	-27.605	0							1	0.000121969	-2.98067	voice ash "bad" tok=be6401efa21001bb take=0 src=tts:gpt-audio-1.5 f0=87 onset=0.285 dur=0.570 vowel=0.395-0.785 level=0.050
350	proc	330	bod	train	shiftMags=0	943.658	1.5	1.5	1.5	30	16000	3	0@0.002	0.368	0.502-0.870	-97.1231	808.487	-86	446	618.295	942.915	504.129	1785.99	618.523	947.024	504.034	1772.21	96.1065	103.621	130.331	-11.0526	0.0851524	8	-27.6753	0							1	0.000112002	-11.6132	voice ash "bod" tok=cbbad00887880bc8 take=0 src=tts:gpt-audio-1.5 f0=87 onset=0.329 dur=0.680 vowel=0.479-0.839 level=0.050
351	proc	331	bead	train	shiftMags=0	947.244	1.5	1.5	1.5	30	16000	3	0@0.002	0.338	0.438-0.776	188.961	372.158	205	132	249.901	2288.42	441.821	2703.13	245.657	2295.08	443.396	2713.18	104.253	455.352	2552.27	-5.60113	0.132915	7.5625	-27.5155	0							1	0.000121597	-5.69619	voice ash "bead" tok=fcaefe50452257f6 take=0 src=tts:gpt-audio-1.5 f0=94 onset=0.300 dur=0.650 vowel=0.430-0.730 level=0.050
352	proc	332	bod	train	shiftMags=0	949.713	1.5	1.5	1.5	30	16000	3	0@0.002	0.374	0.370-0.744	-92.3447	788.552	-82	424	624.494	1009.77	518.56	1798.84	626.249	1011.99	518.56	1798.84	92.5993	105.331	223.028	-9.73649	0.0693143	8	-27.535	0							1	0.000114367	-10.0359	voice ash "bod" tok=833f71af6e7d4487 take=1 src=tts:gpt-audio-1.5 f0=86 onset=0.312 dur=0.570 vowel=0.352-0.712 level=0.050
353	proc	333	bad	train	shiftMags=0	952.319	1.5	1.5	1.5	30	16000	3	0@0.002	0.4	0.434-0.834	-264.231	636.552	-214	275	849.164	1556.4	595.491	2178.81	854.274	1557.37	595.8	2178.81	99.7405	98.6227	-19.5117	-2.60627	0.163353	8.3125	-27.8699	0							1	0.000121989	-2.72106	voice ash "bad" tok=66aa28bd9c51a88d take=1 src=tts:gpt-audio-1.5 f0=89 onset=0.303 dur=0.710 vowel=0.413-0.933 level=0.050
354	proc	334	bead	train	shiftMags=0	955.3	1.5	1.5	1.5	30	16000	3	0@0.002	0.32	0.516-0.836	191.72	355.3	209	124	253.975	2353.55	432.737	2721.24	253.975	2363.98	436.831	2735.83	96.9261	133.389	552.815	-8.44883	0.0725677	7.25	-27.7697	0							1	0.000121726	-8.77395	voice ash "bead" tok=3b925d8a31a7a932 take=1 src=tts:gpt-audio-1.5 f0=97 onset=0.333 dur=0.650 vowel=0.493-0.783 level=0.050
355	proc	335	booed	train	shiftMags=0	957.556	1.5	1.5	1.5	30	16000	3	0@0.002	0.366	0.514-0.880	156.924	790.287	166	419	295.672	1054.02	403.39	2144.06	295.672	1054.02	403.39	2144.06	96.7125	133.27	555.094	-13.2275	0.0513777	7.375	-28.1208	1	1.485+15.4ms						1	0.000108206	-14.2347	voice ash "booed" tok=483dac6d7b781d23 take=1 src=tts:gpt-audio-1.5 f0=93 onset=0.346 dur=0.720 vowel=0.496-0.856 level=0.050
356	proc	336	bead	train	shiftMags=0	959.979	1.5	1.5	1.5	30	16000	3	0@0.002	0.342	0.424-0.766	195.11	362.498	213	127	239.719	2321.7	436.218	2699.01	241.242	2327.86	436.594	2704.22	85.5351	138.868	838.953	-9.03514	0.10186	8	-27.5215	0							1	0.000121571	-9.37635	voice ash "bead" tok=42206fd53da2f915 take=2 src=tts:gpt-audio-1.5 f0=87 onset=0.307 dur=0.610 vowel=0.407-0.727 level=0.050
357	proc	337	bod	train	shiftMags=0	962.866	1.5	1.5	1.5	30	16000	3	0@0.002	0.334	0.448-0.814	-101.928	809.212	-90	452	627.914	937.445	514.683	1742.91	632.234	938.152	515.469	1745.56	82.1939	78.8321	-72.2971	-10.6067	0.0630058	8	-26.7266	0							1	0.000119542	-10.9484	voice ash "bod" tok=2ee2982af233f106 take=2 src=tts:gpt-audio-1.5 f0=88 onset=0.373 dur=0.510 vowel=0.423-0.763 level=0.050
358	proc	338	booed	train	shiftMags=0	965.49	1.5	1.5	1.5	30	16000	3	0@0.002	0.376	0.276-0.700	153.359	756.601	162	380	296.73	1157.48	405.963	1853.66	293.574	1141.42	409.687	1853.66	94.8671	138.078	649.806	-11.2145	0.0899823	7.5	-26.9842	0							1	0.000121356	-11.4448	voice ash "booed" tok=05db9761505af88f take=2 src=tts:gpt-audio-1.5 f0=84 onset=0.286 dur=0.420 vowel=0.286-0.666 level=0.050
359	proc	339	bad	train	shiftMags=0	968.328	1.5	1.5	1.5	30	16000	3	0@0.002	0.346	0.426-0.772	-228.452	633.826	-188	275	778.168	1590.46	560.688	2237.67	782.167	1595.54	563.129	2246.95	107.795	102.457	-87.9262	-1.88233	0.165198	8.375	-27.8868	0							1	0.000122067	-1.94394	voice ash "bad" tok=d2dbf06ba76eb9c6 take=2 src=tts:gpt-audio-1.5 f0=85 onset=0.370 dur=0.550 vowel=0.410-0.730 level=0.050
360	proc	340	bod	train	shiftMags=0	970.637	1.5	1.5	1.5	30	16000	3	0@0.002	0.296	0.532-0.828	-150.293	796.158	-129	435	685.185	978.599	524.449	1760.7	689.472	983.832	524.062	1760.7	125.2	131.053	79.1015	-10.8885	0.0603186	8	-27.0757	0							1	0.000119463	-11.2838	voice ash "bod" tok=90c2afe4082184ef take=3 src=tts:gpt-audio-1.5 f0=99 onset=0.357 dur=0.630 vowel=0.497-0.777 level=0.050
361	proc	341	bead	train	shiftMags=0	973.63	1.5	1.5	1.5	30	16000	3	0@0.002	0.308	0.432-0.740	204.624	362.994	225	127	235.624	2329.77	448.638	2714.19	236.721	2332.9	449.151	2716.17	92.0617	124.535	523.048	-7.91386	0.117657	8	-27.1751	0							1	0.000121288	-8.20875	voice ash "bead" tok=9fa84b73fa853f8a take=3 src=tts:gpt-audio-1.5 f0=97 onset=0.295 dur=0.570 vowel=0.435-0.725 level=0.050
362	proc	342	booed	train	shiftMags=0	975.882	1.5	1.5	1.5	30	16000	3	0@0.002	0.386	0.448-0.834	136.681	805.2	142	441	362.281	979.335	427.808	1744.84	365.15	979.335	427.808	1744.84	106.135	142.674	512.194	-12.6874	0.0577313	7.6875	-27.0761	1	0.993+7.1ms						1	0.000113896	-13.4474	voice ash "booed" tok=14d915b28c0d1455 take=3 src=tts:gpt-audio-1.5 f0=113 onset=0.359 dur=0.600 vowel=0.419-0.789 level=0.050
363	proc	343	bad	train	shiftMags=0	978.721	1.5	1.5	1.5	30	16000	3	0@0.002	0.332	0.416-0.748	-239.482	640.314	-196	281	818.081	1564.35	556.851	2215.73	823.685	1569.97	562.836	2216.77	93.7178	121.307	446.718	-3.07595	0.182698	8.375	-27.6826	0							1	0.000120077	-3.14837	voice ash "bad" tok=27a360ed72a55a41 take=3 src=tts:gpt-audio-1.5 f0=92 onset=0.303 dur=0.620 vowel=0.393-0.703 level=0.050
364	proc	344	booed	train	shiftMags=0	981.155	1.5	1.5	1.5	30	16000	3	0@0.002	0.336	0.468-0.804	147.017	803.315	154	441	345.759	1013.12	449.282	1791.72	348.093	1014.48	448.783	1795.97	97.0692	149.121	743.282	-12.2925	0.0641731	7.6875	-27.6106	0							1	6.09464e-05	-12.8772	voice ash "booed" tok=82e3e9288fde43fb take=0 src=tts:gpt-audio-1.5 f0=94 onset=0.353 dur=0.590 vowel=0.443-0.783 level=0.050
365	proc	345	bod	train	shiftMags=0	983.939	1.5	1.5	1.5	30	16000	3	0@0.002	0.362	0.542-0.904	-101.589	808.727	-90	446	616.385	943.29	500.534	1754.27	617.602	946.409	500.128	1764.67	96.6231	103.674	121.939	-11.128	0.0778114	8	-27.6772	0							1	0.000121697	-11.509	voice ash "bod" tok=cbbad00887880bc8 take=0 src=tts:gpt-audio-1.5 f0=87 onset=0.370 dur=0.680 vowel=0.520-0.880 level=0.050
366	proc	346	bead	train	shiftMags=0	986.793	1.5	1.5	1.5	30	16000	3	0@0.002	0.338	0.470-0.808	189.064	372.522	205	132	248.677	2288.08	441.232	2639.95	244.229	2288.94	443.257	2700.94	103.891	292.703	1793.24	-5.6077	0.131205	7.5625	-27.5213	0							1	0.000120757	-5.7032	voice ash "bead" tok=fcaefe50452257f6 take=0 src=tts:gpt-audio-1.5 f0=94 onset=0.332 dur=0.650 vowel=0.462-0.762 level=0.050
367	proc	347	bad	train	shiftMags=0	989.594	1.5	1.5	1.5	30	16000	3	0@0.002	0.336	0.450-0.786	-255.681	644.565	-208	281	854.943	1561.06	586.813	2225.99	863.229	1558.59	590.9	2226.38	88.997	88.9625	-0.670548	-2.9242	0.171412	8.375	-27.6061	0							1	0.000122015	-2.96573	voice ash "bad" tok=be6401efa21001bb take=0 src=tts:gpt-audio-1.5 f0=87 onset=0.322 dur=0.570 vowel=0.432-0.822 level=0.050
368	proc	348	bead	train	shiftMags=0	992.56	1.5	1.5	1.5	30	16000	3	0@0.002	0.318	0.488-0.806	191.965	349.444	209	121	254.36	2350.19	437.392	2718.65	254.36	2363.64	439.099	2735.6	98.4806	148.318	708.935	-8.48345	0.0721989	7.25	-27.7696	0							1	0.000120917	-8.69857	voice ash "bead" tok=3b925d8a31a7a932 take=1 src=tts:gpt-audio-1.5 f0=97 onset=0.305 dur=0.650 vowel=0.465-0.755 level=0.050
369	proc	349	bod	train	shiftMags=0	994.977	1.5	1.5	1.5	30	16000	3	0@0.002	0.376	0.396-0.772	-92.2035	788.488	-82	424	627.071	1012.77	516.99	1793.73	630.802	1014.19	516.859	1796.36	92.0782	104.569	220.234	-9.87382	0.0787821	8	-27.5333	0							1	0.000120999	-10.1192	voice ash "bod" tok=833f71af6e7d4487 take=1 src=tts:gpt-audio-1.5 f0=86 onset=0.338 dur=0.570 vowel=0.378-0.738 level=0.050
370	proc	350	booed	train	shiftMags=0	997.866	1.5	1.5	1.5	30	16000	3	0@0.002	0.366	0.512-0.878	156.788	790.084	166	419	294.041	1052.59	400.675	2148.54	294.041	1052.59	400.675	2148.54	95.3055	133.332	581.275	-12.8536	0.0539048	7.5625	-28.1211	0							1	9.97539e-05	-13.656	voice ash "booed" tok=483dac6d7b781d23 take=1 src=tts:gpt-audio-1.5 f0=93 onset=0.343 dur=0.720 vowel=0.493-0.853 level=0.050
371	proc	351	bad	train	shiftMags=0	1000.58	1.5	1.5	1.5	30	16000	3	0@0.002	0.4	0.476-0.876	-264.344	636.688	-214	275	846.422	1556.17	594.809	2183.86	857.126	1557.05	600.19	2188.3	98.8401	100.159	22.9482	-2.5937	0.178285	8.3125	-27.8697	0							1	0.000122016	-2.71289	voice ash "bad" tok=66aa28bd9c51a88d take=1 src=tts:gpt-audio-1.5 f0=89 onset=0.345 dur=0.710 vowel=0.455-0.975 level=0.050
372	proc	352	bod	train	shiftMags=0	1002.97	1.5	1.5	1.5	30	16000	3	0@0.002	0.332	0.424-0.788	-101.879	809.032	-90	452	628.086	937.841	501.469	1732.93	628.919	939.821	500.837	1738.34	86.7926	78.7922	-167.423	-10.0863	0.0618417	8	-26.7259	0							0	0.000121723		voice ash "bod" tok=2ee2982af233f106 take=2 src=tts:gpt-audio-1.5 f0=88 onset=0.348 dur=0.510 vowel=0.398-0.738 level=0.050
373	proc	353	bead	train	shiftMags=0	1005.38	1.5	1.5	1.5	30	16000	3	0@0.002	0.34	0.406-0.746	195.084	362.498	213	127	238.871	2320.67	432.107	2689.8	243.894	2329.64	437.758	2723.15	85.5125	NaN	NaN	-9.06189	0.0926335	8	-27.5221	0							1	0.000122044	-9.38757	voice ash "bead" tok=42206fd53da2f915 take=2 src=tts:gpt-audio-1.5 f0=87 onset=0.289 dur=0.610 vowel=0.389-0.709 level=0.050
374	proc	354	bad	train	shiftMags=0	1007.7	1.5	1.5	1.5	30	16000	3	0@0.002	0.346	0.342-0.688	-228.458	633.833	-188	275	777.136	1591.13	560.83	2248.36	778.787	1593.58	562.339	2248.81	107.473	109.648	34.6884	-1.89753	0.149348	8.375	-27.8871	0							1	0.000121673	-1.94242	voice ash "bad" tok=d2dbf06ba76eb9c6 take=2 src=tts:gpt-audio-1.5 f0=85 onset=0.286 dur=0.550 vowel=0.326-0.646 level=0.050
375	proc	355	booed	train	shiftMags=0	1010.62	1.5	1.5	1.5	30	16000	3	0@0.002	0.376	0.280-0.704	153.339	756.319	162	380	297.221	1161.86	414.44	1877.57	295.05	1148.2	415.524	1877.57	93.273	133.398	619.443	-11.1604	0.0883751	7.5	-26.9843	1	1.485+15.4ms						1	0.000121454	-11.5576	voice ash "booed" tok=05db9761505af88f take=2 src=tts:gpt-audio-1.5 f0=84 onset=0.290 dur=0.420 vowel=0.290-0.670 level=0.050
376	proc	356	booed	train	shiftMags=0	1013.12	1.5	1.5	1.5	30	16000	3	0@0.002	0.386	0.416-0.802	136.582	805.629	142	441	363.382	981.665	425.426	1750.44	365.418	984.31	423.793	1750.44	107.541	143.648	501.179	-13.1952	0.0490136	7.6875	-27.0764	0							1	0.000110305	-13.7213	voice ash "booed" tok=14d915b28c0d1455 take=3 src=tts:gpt-audio-1.5 f0=113 onset=0.327 dur=0.600 vowel=0.387-0.757 level=0.050
377	proc	357	bod	train	shiftMags=0	1015.63	1.5	1.5	1.5	30	16000	3	0@0.002	0.298	0.472-0.770	-150.267	796.209	-129	435	687.733	976.452	530.653	1762.68	693.653	983.496	526.312	1762.68	124.89	130.785	79.8512	-11.0315	0.0662688	8	-27.0743	0							1	0.000117957	-11.3735	voice ash "bod" tok=90c2afe4082184ef take=3 src=tts:gpt-audio-1.5 f0=99 onset=0.298 dur=0.630 vowel=0.438-0.718 level=0.050
378	proc	358	bead	train	shiftMags=0	1017.97	1.5	1.5	1.5	30	16000	3	0@0.002	0.308	0.422-0.730	204.369	363.126	225	127	235.8	2328.68	457.455	2720.21	237.221	2332.72	458.565	2720.7	92.9046	124.875	511.993	-8.32489	0.119808	8	-27.1756	0							1	0.000122003	-8.51461	voice ash "bead" tok=9fa84b73fa853f8a take=3 src=tts:gpt-audio-1.5 f0=97 onset=0.286 dur=0.570 vowel=0.426-0.716 level=0.050
379	proc	359	bad	train	shiftMags=0	1020.83	1.5	1.5	1.5	30	16000	3	0@0.002	0.334	0.462-0.796	-239.509	640.348	-196	281	819.043	1567.38	559.171	2214.95	821.658	1569.82	561.06	2215.7	88.6221	120.288	528.903	-3.01818	0.161889	8.375	-27.6826	0							1	0.000121023	-3.13116	voice ash "bad" tok=27a360ed72a55a41 take=3 src=tts:gpt-audio-1.5 f0=92 onset=0.350 dur=0.620 vowel=0.440-0.750 level=0.050
380	proc	360	bead	train	shiftMags=0	1023.49	1.5	1.5	1.5	30	16000	3	0@0.002	0.336	0.484-0.820	190.334	372.661	207	132	247.298	2286.87	436.739	2699.77	245.358	2288.45	437.248	2703.27	103.449	230.769	1389.04	-5.59452	0.134374	7.5625	-27.5169	0							1	0.000120071	-5.72262	voice ash "bead" tok=fcaefe50452257f6 take=0 src=tts:gpt-audio-1.5 f0=94 onset=0.344 dur=0.650 vowel=0.474-0.774 level=0.050
381	proc	361	bod	train	shiftMags=0	1026.9	1.5	1.5	1.5	30	16000	3	0@0.002	0.36	0.548-0.908	-101.54	808.787	-90	446	614.45	943.151	516.33	1781.62	615.447	953.044	515.3	1781.62	95.6922	99.9879	76.0218	-10.8602	0.0880235	8	-27.6774	0							1	0.00011853	-11.3127	voice ash "bod" tok=cbbad00887880bc8 take=0 src=tts:gpt-audio-1.5 f0=87 onset=0.374 dur=0.680 vowel=0.524-0.884 level=0.050
382	proc	362	bad	train	shiftMags=0	1029.74	1.5	1.5	1.5	30	16000	3	0@0.002	0.334	0.474-0.808	-255.494	649.064	-208	287	854.433	1556.55	592.594	2215.1	855.68	1556.55	592.801	2223.8	95.9113	98.0427	38.0527	-2.90716	0.179693	8.375	-27.6044	1	0.985+15.4ms						1	0.000121586	-2.94639	voice ash "bad" tok=be6401efa21001bb take=0 src=tts:gpt-audio-1.5 f0=87 onset=0.345 dur=0.570 vowel=0.455-0.845 level=0.050
383	proc	363	booed	train	shiftMags=0	1032.4	1.5	1.5	1.5	30	16000	3	0@0.002	0.334	0.412-0.746	146.925	803.577	154	441	347.666	1002.45	446.956	1801.14	347.794	1007.26	438.712	1792.81	92.8275	143.542	754.617	-11.568	0.0713573	7.6875	-27.6099	0							1	6.08263e-05	-12.4074	voice ash "booed" tok=82e3e9288fde43fb take=0 src=tts:gpt-audio-1.5 f0=94 onset=0.296 dur=0.590 vowel=0.386-0.726 level=0.050
384	proc	364	bead	train	shiftMags=0	1035.24	1.5	1.5	1.5	30	16000	3	0@0.002	0.32	0.554-0.874	191.823	355.397	209	124	253.203	2355.92	446.953	2725.48	254.926	2356.95	447.355	2728.86	101.014	295.195	1856.54	-8.54427	0.0687052	7.25	-27.7695	0							1	0.000121346	-8.79001	voice ash "bead" tok=3b925d8a31a7a932 take=1 src=tts:gpt-audio-1.5 f0=97 onset=0.371 dur=0.650 vowel=0.531-0.821 level=0.050
385	proc	365	bod	train	shiftMags=0	1038.02	1.5	1.5	1.5	30	16000	3	0@0.002	0.376	0.356-0.732	-92.3106	788.48	-82	424	627.9	1013	524.35	1795.52	630.961	1013.17	519.372	1795.52	93.7269	98.9381	93.6756	-9.9394	0.0751445	8	-27.5342	0							1	0.000117066	-10.2634	voice ash "bod" tok=833f71af6e7d4487 take=1 src=tts:gpt-audio-1.5 f0=86 onset=0.299 dur=0.570 vowel=0.339-0.699 level=0.050
386	proc	366	bad	train	shiftMags=0	1040.59	1.5	1.5	1.5	30	16000	3	0@0.002	0.4	0.494-0.894	-261.885	636.568	-212	275	849.177	1556.43	595.993	2184.81	854.587	1557.28	599.124	2184.81	99.7561	98.9156	-14.6484	-2.69928	0.176047	8.3125	-27.8693	0							1	0.000121801	-2.73281	voice ash "bad" tok=66aa28bd9c51a88d take=1 src=tts:gpt-audio-1.5 f0=89 onset=0.363 dur=0.710 vowel=0.473-0.993 level=0.050
387	proc	367	booed	train	shiftMags=0	1043.11	1.5	1.5	1.5	30	16000	3	0@0.002	0.366	0.530-0.896	156.848	790.037	166	419	293.443	1051.6	399.326	2145.36	293.443	1051.6	399.326	2145.36	95.6239	131.465	551.081	-12.6005	0.0610922	7.4375	-28.1213	0							1	0.000117768	-13.4889	voice ash "booed" tok=483dac6d7b781d23 take=1 src=tts:gpt-audio-1.5 f0=93 onset=0.361 dur=0.720 vowel=0.511-0.871 level=0.050
388	proc	368	booed	train	shiftMags=0	1046.03	1.5	1.5	1.5	30	16000	3	0@0.002	0.382	0.326-0.752	153.249	755.224	162	380	297.011	1159.99	402.979	1849.03	294.267	1144.36	402.979	1849.03	91.4356	133.426	654.255	-11.6249	0.0846333	7.5	-26.9844	0							1	0.000118886	-12.2574	voice ash "booed" tok=05db9761505af88f take=2 src=tts:gpt-audio-1.5 f0=84 onset=0.338 dur=0.420 vowel=0.338-0.718 level=0.050
389	proc	369	bod	train	shiftMags=0	1048.42	1.5	1.5	1.5	30	16000	3	0@0.002	0.334	0.364-0.730	-101.921	809.233	-90	452	626.67	938.088	510.808	1732.32	628.724	939.336	511.533	1740.3	82.6749	78.8159	-82.7541	-10.6361	0.0583023	8	-26.7259	0							1	0.000121672	-10.9501	voice ash "bod" tok=2ee2982af233f106 take=2 src=tts:gpt-audio-1.5 f0=88 onset=0.289 dur=0.510 vowel=0.339-0.679 level=0.050
390	proc	370	bead	train	shiftMags=0	1050.74	1.5	1.5	1.5	30	16000	3	0@0.002	0.342	0.410-0.752	195.087	362.833	213	127	239.21	2312.43	433.622	2697.95	242.157	2312.83	434.386	2732.9	84.6002	139.417	864.809	-9.08182	0.111716	8	-27.5209	0							1	0.0001212	-9.39024	voice ash "bead" tok=42206fd53da2f915 take=2 src=tts:gpt-audio-1.5 f0=87 onset=0.293 dur=0.610 vowel=0.393-0.713 level=0.050
391	proc	371	bad	train	shiftMags=0	1053.64	1.5	1.5	1.5	30	16000	3	0@0.002	0.346	0.352-0.698	-228.411	633.832	-188	275	777.241	1590.13	556.91	2250.07	778.858	1594.07	558.147	2250.07	108.996	109.528	8.43235	-1.96449	0.159252	8.375	-27.8863	0							1	0.000121494	-1.9658	voice ash "bad" tok=d2dbf06ba76eb9c6 take=2 src=tts:gpt-audio-1.5 f0=85 onset=0.297 dur=0.550 vowel=0.337-0.657 level=0.050
392	proc	372	bad	train	shiftMags=0	1056.4	1.5	1.5	1.5	30	16000	3	0@0.002	0.332	0.422-0.754	-239.512	640.404	-196	281	819.378	1567.55	562.899	2209.27	820.987	1569.11	564.29	2209.98	88.5783	110.306	379.781	-2.98221	0.158424	8.375	-27.6826	0							1	0.000121898	-3.15416	voice ash "bad" tok=27a360ed72a55a41 take=3 src=tts:gpt-audio-1.5 f0=92 onset=0.308 dur=0.620 vowel=0.398-0.708 level=0.050
393	proc	373	bead	train	shiftMags=0	1059.35	1.5	1.5	1.5	30	16000	3	0@0.002	0.308	0.456-0.764	204.321	363.108	225	127	239.268	2325.82	447.082	2717.43	239.268	2332.98	451.32	2731.91	92.0482	124.874	528.011	-7.84255	0.116366	8	-27.1758	0							1	0.000121922	-8.1278	voice ash "bead" tok=9fa84b73fa853f8a take=3 src=tts:gpt-audio-1.5 f0=97 onset=0.319 dur=0.570 vowel=0.459-0.749 level=0.050
394	proc	374	booed	train	shiftMags=0	1062.05	1.5	1.5	1.5	30	16000	3	0@0.002	0.386	0.410-0.796	136.597	806.146	142	441	365.401	982.581	423.057	1763.46	365.423	988.809	424.43	1760.17	107.194	143.128	500.5	-12.6415	0.0577628	7.6875	-27.0759	0							0	0.000112157		voice ash "booed" tok=14d915b28c0d1455 take=3 src=tts:gpt-audio-1.5 f0=113 onset=0.321 dur=0.600 vowel=0.381-0.751 level=0.050
395	proc	375	bod	train	shiftMags=0	1065.05	1.5	1.5	1.5	30	16000	3	0@0.002	0.296	0.520-0.816	-150.243	796.109	-129	435	686.629	975.099	516.113	1759.04	689.283	983.978	515.566	1759.04	108.449	131.221	329.97	-10.7784	0.0655523	8	-27.0751	1	1.485+15.4ms						1	6.01991e-05	-11.1191	voice ash "bod" tok=90c2afe4082184ef take=3 src=tts:gpt-audio-1.5 f0=99 onset=0.344 dur=0.630 vowel=0.484-0.764 level=0.050
396	proc	376	bad	train	shiftMags=0	1067.63	1.5	1.5	1.5	30	16000	3	0@0.002	0.334	0.420-0.754	-255.679	648.58	-208	287	854.46	1557.11	581.371	2193.95	861.915	1558.39	589.528	2194.59	88.3613	92.2007	73.6357	-2.96069	0.177166	8.375	-27.6044	0							1	0.000121836	-2.98005	voice ash "bad" tok=be6401efa21001bb take=0 src=tts:gpt-audio-1.5 f0=87 onset=0.292 dur=0.570 vowel=0.402-0.792 level=0.050
397	proc	377	booed	train	shiftMags=0	1069.92	1.5	1.5	1.5	30	16000	3	0@0.002	0.334	0.408-0.742	146.926	803.664	154	441	344.904	1006.46	445.457	1784.7	347.486	1015.13	445.457	1784.7	98.4951	147.274	696.456	-11.8861	0.0686875	7.6875	-27.6105	0							1	6.08887e-05	-12.4014	voice ash "booed" tok=82e3e9288fde43fb take=0 src=tts:gpt-audio-1.5 f0=94 onset=0.292 dur=0.590 vowel=0.382-0.722 level=0.050
398	proc	378	bead	train	shiftMags=0	1072.67	1.5	1.5	1.5	30	16000	3	0@0.002	0.338	0.454-0.792	188.943	372.274	205	132	247.9	2288.03	431.73	2685.15	245.971	2291.61	431.76	2708.21	102.903	128.987	391.133	-5.53187	0.129857	7.5625	-27.522	0							1	0.000121901	-5.7076	voice ash "bead" tok=fcaefe50452257f6 take=0 src=tts:gpt-audio-1.5 f0=94 onset=0.315 dur=0.650 vowel=0.445-0.745 level=0.050
399	proc	379	bod	train	shiftMags=0	1075.11	1.5	1.5	1.5	30	16000	3	0@0.002	0.362	0.504-0.866	-101.52	808.744	-90	446	613.634	944.224	497.675	1749.09	613.946	944.476	497.658	1766.25	95.1194	103.744	150.254	-11.2451	0.0605719	8	-27.6773	0							1	0.000121811	-11.6847	voice ash "bod" tok=cbbad00887880bc8 take=0 src=tts:gpt-audio-1.5 f0=87 onset=0.332 dur=0.680 vowel=0.482-0.842 level=0.050
400	proc	380	bead	train	shiftMags=0	1077.66	1.5	1.5	1.5	30	16000	3	0@0.002	0.318	0.484-0.802	192.252	360.467	209	127	250.887	2351.22	439.255	2727.81	254.569	2360.15	439.516	2730.42	98.5194	182.062	1063.14	-8.11075	0.0802233	7.25	-27.7702	0							1	0.000121977	-8.40432	voice ash "bead" tok=3b925d8a31a7a932 take=1 src=tts:gpt-audio-1.5 f0=97 onset=0.300 dur=0.650 vowel=0.460-0.750 level=0.050
401	proc	381	bad	train	shiftMags=0	1080.18	1.5	1.5	1.5	30	16000	3	0@0.002	0.4	0.482-0.882	-261.871	636.482	-212	275	844.826	1562.73	597.372	2200.49	852.821	1566.78	597.657	2200.49	97.0968	98.3264	21.786	-2.64259	0.173912	8.3125	-27.8694	0							1	0.000121397	-2.69596	voice ash "bad" tok=66aa28bd9c51a88d take=1 src=tts:gpt-audio-1.5 f0=89 onset=0.351 dur=0.710 vowel=0.461-0.981 level=0.050
402	proc	382	booed	train	shiftMags=0	1082.68	1.5	1.5	1.5	30	16000	3	0@0.002	0.368	0.508-0.876	156.921	790.369	166	419	293.428	1051.59	409.642	1822.2	293.428	1051.59	409.642	1822.2	95.5933	133.307	575.731	-13.4492	0.0495918	7.4375	-28.1213	0							1	0.000112836	-14.2365	voice ash "booed" tok=483dac6d7b781d23 take=1 src=tts:gpt-audio-1.5 f0=93 onset=0.341 dur=0.720 vowel=0.491-0.851 level=0.050
403	proc	383	bod	train	shiftMags=0	1085.32	1.5	1.5	1.5	30	16000	3	0@0.002	0.378	0.370-0.748	-92.3917	788.609	-82	424	626.832	1011.17	510.875	1797.03	628.166	1011.58	507.483	1800.56	93.2095	95.9768	50.6509	-9.88122	0.0790529	8	-27.5341	0							1	0.00012027	-10.2488	voice ash "bod" tok=833f71af6e7d4487 take=1 src=tts:gpt-audio-1.5 f0=86 onset=0.314 dur=0.570 vowel=0.354-0.714 level=0.050
404	proc	384	bad	train	shiftMags=0	1088.01	1.5	1.5	1.5	30	16000	3	0@0.002	0.346	0.410-0.756	-228.38	633.847	-188	275	776.625	1591.68	555.342	2246.24	778.274	1593.17	556.994	2247.98	108.029	96.1894	-200.962	-1.86989	0.158134	8.375	-27.8862	0							1	0.000121538	-1.95916	voice ash "bad" tok=d2dbf06ba76eb9c6 take=2 src=tts:gpt-audio-1.5 f0=85 onset=0.355 dur=0.550 vowel=0.395-0.715 level=0.050
405	proc	385	booed	train	shiftMags=0	1090.32	1.5	1.5	1.5	30	16000	3	0@0.002	0.38	0.312-0.736	153.348	755.263	162	380	297.072	1161.46	399.285	1855.09	294.616	1143.24	407.045	1871.86	92.8877	134.696	643.382	-11.3586	0.0872196	7.5	-26.9862	0							1	0.000118129	-11.9223	voice ash "booed" tok=05db9761505af88f take=2 src=tts:gpt-audio-1.5 f0=84 onset=0.323 dur=0.420 vowel=0.323-0.703 level=0.050
406	proc	386	bod	train	shiftMags=0	1093.24	1.5	1.5	1.5	30	16000	3	0@0.002	0.332	0.444-0.808	-101.849	809.315	-90	452	627.458	937.874	509.307	1748.28	628.886	939.437	505.783	1741.26	86.8574	78.8389	-167.689	-10.6638	0.0629582	8	-26.7263	0							1	0.000121344	-10.9555	voice ash "bod" tok=2ee2982af233f106 take=2 src=tts:gpt-audio-1.5 f0=88 onset=0.369 dur=0.510 vowel=0.419-0.759 level=0.050
407	proc	387	bead	train	shiftMags=0	1095.75	1.5	1.5	1.5	30	16000	3	0@0.002	0.342	0.410-0.752	195.047	362.976	213	127	239.401	2312.72	434.996	2697.58	242.453	2312.73	435.911	2735.21	83.8847	114.205	534.171	-9.21659	0.0903757	8	-27.5223	0							1	0.000121617	-9.4069	voice ash "bead" tok=42206fd53da2f915 take=2 src=tts:gpt-audio-1.5 f0=87 onset=0.293 dur=0.610 vowel=0.393-0.713 level=0.050
408	proc	388	bead	train	shiftMags=0	1098.55	1.5	1.5	1.5	30	16000	3	0@0.002	0.306	0.466-0.772	204.318	363.108	225	127	238.907	2326.24	467.619	2712.39	238.907	2333.57	473.58	2722.53	92.1179	124.929	527.463	-7.9391	0.115108	8	-27.1755	0							1	0.000121938	-8.08666	voice ash "bead" tok=9fa84b73fa853f8a take=3 src=tts:gpt-audio-1.5 f0=97 onset=0.329 dur=0.570 vowel=0.469-0.759 level=0.050
409	proc	389	booed	train	shiftMags=0	1101.06	1.5	1.5	1.5	30	16000	3	0@0.002	0.386	0.378-0.764	136.437	805.991	142	441	362.132	978.84	420.29	1755.63	365.135	978.84	424.069	1755.63	105.931	143.699	527.916	-12.5258	0.0665903	7.6875	-27.0766	0							1	0.00011895	-13.1508	voice ash "booed" tok=14d915b28c0d1455 take=3 src=tts:gpt-audio-1.5 f0=113 onset=0.288 dur=0.600 vowel=0.348-0.718 level=0.050
410	proc	390	bod	train	shiftMags=0	1103.4	1.5	1.5	1.5	30	16000	3	0@0.002	0.298	0.486-0.784	-150.257	796.392	-129	435	687.911	971.726	525.832	1756.18	696.294	984.101	524.296	1756.18	124.658	130.246	75.9146	-10.9609	0.0562546	8	-27.076	0							1	0.00010036	-11.3711	voice ash "bod" tok=90c2afe4082184ef take=3 src=tts:gpt-audio-1.5 f0=99 onset=0.312 dur=0.630 vowel=0.452-0.732 level=0.050
411	proc	391	bad	train	shiftMags=0	1106.9	1.5	1.5	1.5	30	16000	3	0@0.002	0.332	0.468-0.800	-241.891	640.73	-198	281	817.809	1563.56	562.684	2218.81	823.145	1571.08	567.702	2219.55	93.9326	121.013	438.562	-3.07668	0.155969	8.375	-27.6813	0							1	0.000121514	-3.06385	voice ash "bad" tok=27a360ed72a55a41 take=3 src=tts:gpt-audio-1.5 f0=92 onset=0.354 dur=0.620 vowel=0.444-0.754 level=0.050
412	proc	392	bad	train	shiftMags=0	1109.32	1.5	1.5	1.5	30	16000	3	0@0.002	0.334	0.488-0.822	-255.642	648.362	-208	287	852.936	1563.51	580.78	2209.84	855.343	1557.29	584.758	2210.67	88.5707	92.5801	76.6474	-2.85069	0.172446	8.375	-27.6056	0							1	0.000122051	-2.93869	voice ash "bad" tok=be6401efa21001bb take=0 src=tts:gpt-audio-1.5 f0=87 onset=0.359 dur=0.570 vowel=0.469-0.859 level=0.050
413	proc	393	bod	train	shiftMags=0	1111.79	1.5	1.5	1.5	30	16000	3	0@0.002	0.36	0.500-0.860	-101.563	808.748	-90	446	616.483	943.344	523.494	1771.29	617.085	950.874	521.706	1772.07	96.8319	102.017	90.3015	-10.9787	0.0860274	8	-27.6759	0							1	0.000114206	-11.3394	voice ash "bod" tok=cbbad00887880bc8 take=0 src=tts:gpt-audio-1.5 f0=87 onset=0.326 dur=0.680 vowel=0.476-0.836 level=0.050
414	proc	394	bead	train	shiftMags=0	1114.55	1.5	1.5	1.5	30	16000	3	0@0.002	0.336	0.500-0.836	189.11	372.375	205	132	248.497	2290.86	438.572	2701.5	244.024	2291.45	440.116	2714.84	103.089	230.921	1396.21	-5.57161	0.138414	8	-27.5198	0							1	0.00012166	-5.68191	voice ash "bead" tok=fcaefe50452257f6 take=0 src=tts:gpt-audio-1.5 f0=94 onset=0.361 dur=0.650 vowel=0.491-0.791 level=0.050
415	proc	395	booed	train	shiftMags=0	1117.3	1.5	1.5	1.5	30	16000	3	0@0.002	0.334	0.478-0.812	146.927	803.521	154	441	344.937	1006.91	442.45	1778.71	347.557	1015.16	442.45	1778.71	98.4858	148.212	707.608	-11.756	0.0710033	7.6875	-27.6099	1	1.485+15.4ms						1	6.08287e-05	-12.3931	voice ash "booed" tok=82e3e9288fde43fb take=0 src=tts:gpt-audio-1.5 f0=94 onset=0.362 dur=0.590 vowel=0.452-0.792 level=0.050
416	proc	396	bed	generalization	shiftMags=0	1124.7	1.5	1.5	1.5	30	16000	4	0@0.002	0.248	0.468-0.716	-80.3884	562.104	-72	226	610.238	1815.5	407.005	1276.69	610.238	1815.5	407.005	1276.69	99.6432	208.81	1280.82	-5.05765	0.0844649	-29.875	-26.7291	0							0	0.000121956		voice ash "bed" tok=cb6039471394f1d6 take=3 src=tts:gpt-audio-1.5 f0=95 onset=0.293 dur=0.590 vowel=0.453-0.703 level=0.050
417	proc	397	bid	generalization	shiftMags=0	1127.25	1.5	1.5	1.5	30	16000	4	0@0.002	0.204	0.470-0.674	79.3583	509.936	79	198	416.503	1942.26	517.449	2108.12	416.503	1942.26	517.449	2108.12	97.3555	NaN	NaN	-6.24742	0.0909486	7.625	-27.6758	0							0	0.000122032		voice ash "bid" tok=7fa31812a547ef80 take=3 src=tts:gpt-audio-1.5 f0=100 onset=0.313 dur=0.540 vowel=0.453-0.673 level=0.050
418	proc	398	bayed	generalization	shiftMags=0	1129.85	1.5	1.5	1.5	30	16000	4	0@0.002	0.312	0.508-0.820	88.7766	397.327	89	143	372.43	2252	447.03	1373.14	372.43	2252	447.03	1373.14	130.691	191.574	662.089	-6.34139	0.0724384	-50.3125	-27.0171	0							0	0.00012195		voice ash "bayed" tok=9a679f0dfe9370d2 take=3 src=tts:gpt-audio-1.5 f0=127 onset=0.355 dur=0.640 vowel=0.485-0.765 level=0.050
419	proc	399	bode	generalization	shiftMags=0	1132.25	1.5	1.5	1.5	30	16000	4	0@0.002	0.352	0.392-0.744	39.2746	803.871	38	441	457.757	990.496	407.959	1138.26	457.757	990.496	407.959	1138.26	101.924	NaN	NaN	-4.60615	0.103284	-26.875	-27.5259	0							0	6.0645e-05		voice ash "bode" tok=67c7af57f1bf1c77 take=3 src=tts:gpt-audio-1.5 f0=95 onset=0.336 dur=0.540 vowel=0.366-0.696 level=0.050
420	proc	400	bud	generalization	shiftMags=0	1134.72	1.5	1.5	1.5	30	16000	4	0@0.002	0.278	0.474-0.752	-125.986	734.939	-110	358	661.734	1157.53	442.221	1380.81	661.734	1157.53	442.221	1380.81	82.8735	NaN	NaN	-4.62957	0.105673	13.3125	-27.4025	0							0	0.000119915		voice ash "bud" tok=90b6d94c8ab97221 take=3 src=tts:gpt-audio-1.5 f0=98 onset=0.368 dur=0.480 vowel=0.438-0.708 level=0.050
421	proc	401	bud	generalization	shiftMags=0	1137.14	1.5	1.5	1.5	30	16000	4	0@0.002	0.246	0.426-0.672	-140.992	736.444	-122	364	709.909	1192.27	501.934	2058.81	709.909	1192.27	501.934	2058.81	89.2289	NaN	NaN	-4.67961	0.0794021	24	-26.8238	0							0	0.000121265		voice ash "bud" tok=091cf0288aed6b34 take=0 src=tts:gpt-audio-1.5 f0=86 onset=0.290 dur=0.510 vowel=0.410-0.650 level=0.050
422	proc	402	bid	generalization	shiftMags=0	1139.5	1.5	1.5	1.5	30	16000	4	0@0.002	0.262	0.434-0.696	60.1305	507.555	59	198	417.944	1990.45	479.025	1325.28	417.944	1990.45	479.025	1325.28	104.777	228.911	1352.96	-5.71626	0.0724645	51.0625	-27.329	0							0	0.000116069		voice ash "bid" tok=f4f97d681f8ee47f take=0 src=tts:gpt-audio-1.5 f0=89 onset=0.304 dur=0.570 vowel=0.424-0.694 level=0.050
423	proc	403	bed	generalization	shiftMags=0	1142	1.5	1.5	1.5	30	16000	4	0@0.002	0.254	0.518-0.772	-78.1023	567.977	-70	231	613.599	1783.86	513.043	2769.46	613.599	1783.86	513.043	2769.46	100.364	NaN	NaN	-4.77186	0.0941634	19.0625	-27.9174	0							0	0.000121891		voice ash "bed" tok=adb421ecc8680bd9 take=0 src=tts:gpt-audio-1.5 f0=95 onset=0.360 dur=0.560 vowel=0.480-0.740 level=0.050
424	proc	404	bayed	generalization	shiftMags=0	1144.91	1.5	1.5	1.5	30	16000	4	0@0.002	0.37	0.404-0.774	122.147	437.076	126	160	380.155	2132.72	416.883	1272.32	380.155	2132.72	416.883	1272.32	85.6431	NaN	NaN	-5.26721	0.101882	-38.9375	-27.861	0							0	0.000121007		voice ash "bayed" tok=a42fe4c78eb5e08f take=0 src=tts:gpt-audio-1.5 f0=83 onset=0.289 dur=0.650 vowel=0.389-0.749 level=0.050
425	proc	405	bode	generalization	shiftMags=0	1147.81	1.5	1.5	1.5	30	16000	4	0@0.002	0.34	0.366-0.706	60.1229	814.134	59	457	460.542	971.25	406.323	1254.51	460.946	971.25	406.323	1239.22	82.0814	NaN	NaN	-4.61671	0.0838627	25.6875	-27.6565	0							0	8.35382e-05		voice ash "bode" tok=87f31a6cb6fb6ff6 take=0 src=tts:gpt-audio-1.5 f0=82 onset=0.314 dur=0.510 vowel=0.354-0.694 level=0.050
426	proc	406	bid	generalization	shiftMags=0	1150.47	1.5	1.5	1.5	30	16000	4	0@0.002	0.268	0.522-0.790	79.1688	519.623	79	204	423.828	1955.46	488.859	1454.25	423.828	1955.46	488.859	1454.25	95.4229	197.791	1261.89	-5.94273	0.0822023	-40.125	-26.5026	0							0	0.000122014		voice ash "bid" tok=3f347d0b47084cf1 take=1 src=tts:gpt-audio-1.5 f0=99 onset=0.375 dur=0.600 vowel=0.505-0.775 level=0.050
427	proc	407	bode	generalization	shiftMags=0	1153.23	1.5	1.5	1.5	30	16000	4	0@0.002	0.388	0.406-0.794	63.8664	802.775	63	441	530.223	1064.09	542.636	2120.47	533.132	1064.58	545.255	2131.08	89.7002	233.383	1655.42	-5.96582	0.0740705	60	-27.1213	0							0	6.06132e-05		voice ash "bode" tok=e164a7121b62e422 take=1 src=tts:gpt-audio-1.5 f0=91 onset=0.353 dur=0.580 vowel=0.393-0.743 level=0.050
428	proc	408	bud	generalization	shiftMags=0	1155.93	1.5	1.5	1.5	30	16000	4	0@0.002	0.258	0.502-0.886	-131.221	720.286	-114	347	691.871	1286.98	472.265	1260.17	691.871	1286.98	472.265	1260.17	91.7998	NaN	NaN	-4.93602	0.0879365	-25.5625	-28.3443	0							0	0.0001206		voice ash "bud" tok=c4313fde2b3d58ca take=1 src=tts:gpt-audio-1.5 f0=87 onset=0.332 dur=0.590 vowel=0.472-0.862 level=0.050
429	proc	409	bayed	generalization	shiftMags=0	1158.62	1.5	1.5	1.5	30	16000	4	0@0.002	0.394	0.418-0.812	98.1326	420.875	99	154	469.828	2016.67	409.144	2198.78	469.828	2016.67	409.144	2198.78	86.2257	138.968	826.269	-4.65937	0.0816359	3.75	-28.222	0							0	0.000121693		voice ash "bayed" tok=cb0ca450a3aef1b1 take=1 src=tts:gpt-audio-1.5 f0=86 onset=0.295 dur=0.750 vowel=0.405-0.765 level=0.050
430	proc	410	bed	generalization	shiftMags=0	1161.21	1.5	1.5	1.5	30	16000	4	0@0.002	0.302	0.418-0.720	-69.7592	575.977	-63	237	NaN	NaN	NaN	NaN					87.9342	NaN	NaN	-4.43175	0.0996471	56.5625	-27.7945	0							0	0.000121476		voice ash "bed" tok=3fc9854b87492ea4 take=1 src=tts:gpt-audio-1.5 f0=88 onset=0.363 dur=0.590 vowel=0.393-0.713 level=0.050
431	proc	411	bud	generalization	shiftMags=0	1163.96	1.5	1.5	1.5	30	16000	4	0@0.002	0.292	0.318-0.644	-94.6703	668.319	-84	300.5	627.547	1100.17	732.152	3483.58	627.547	1100.17	732.152	3483.58	92.9607	NaN	NaN	-5.24143	0.0843167	18.375	-27.5023	0							0	0.000117885		voice ash "bud" tok=fd7edec4ac0868df take=2 src=tts:gpt-audio-1.5 f0=86 onset=0.332 dur=0.340 vowel=0.332-0.612 level=0.050
432	proc	412	bed	generalization	shiftMags=0	1166.49	1.5	1.5	1.5	30	16000	4	0@0.002	0.22	0.378-0.598	-69.9837	594.702	-63	248	NaN	NaN	NaN	NaN					83.0637	NaN	NaN	-3.52177	0.0942681	49.5	-28.5533	0							0	0.00012121		voice ash "bed" tok=25efd06e9cfebf4f take=2 src=tts:gpt-audio-1.5 f0=86 onset=0.328 dur=0.430 vowel=0.358-0.698 level=0.050
433	proc	413	bid	generalization	shiftMags=0	1168.98	1.5	1.5	1.5	30	16000	4	0@0.002	0.236	0.402-0.672	71.7636	548.99	71	220	394.538	1888.38	372.502	1089.58	398.488	1896.65	372.71	2284.93	121.301	NaN	NaN	-4.55988	0.100732	43.3125	-28.0626	0							0	0.00012091		voice ash "bid" tok=02c01092c9aa76ac take=2 src=tts:gpt-audio-1.5 f0=103 onset=0.351 dur=0.370 vowel=0.371-0.651 level=0.050
434	proc	414	bayed	generalization	shiftMags=0	1171.4	1.5	1.5	1.5	30	16000	4	0@0.002	0.33	0.374-0.704	90.8019	422.271	91	154	469.631	1873.32	483.6	1416.49	472.369	1889.13	500.737	1437.2	96.4114	NaN	NaN	-5.25849	0.0890963	57.75	-27.6189	0							0	0.000121837		voice ash "bayed" tok=abd0a362d1855099 take=2 src=tts:gpt-audio-1.5 f0=94 onset=0.285 dur=0.550 vowel=0.355-0.665 level=0.050
435	proc	415	bode	generalization	shiftMags=0	1173.95	1.5	1.5	1.5	30	16000	4	0@0.002	0.316	0.534-0.850	47.3694	807.63	46	446	515.022	1057.64	340.728	1203.87	515.022	1057.64	340.728	1203.87	92.857	220.916	1500.5	-3.53539	0.0804091	53.9375	-28.9824	0							0	6.10348e-05		voice ash "bode" tok=2293b64c395a12fe take=2 src=tts:gpt-audio-1.5 f0=92 onset=0.374 dur=0.600 vowel=0.504-0.834 level=0.050
436	proc	416	bode	generalization	shiftMags=0	1176.75	1.5	1.5	1.5	30	16000	4	0@0.002	0.352	0.412-0.764	39.2896	803.993	38	441	493.337	1057.03	511.08	1469.64	493.337	1057.03	511.08	1469.64	99.9447	NaN	NaN	-4.37686	0.0913984	40.25	-27.526	0							0	6.05141e-05		voice ash "bode" tok=67c7af57f1bf1c77 take=3 src=tts:gpt-audio-1.5 f0=95 onset=0.356 dur=0.540 vowel=0.386-0.716 level=0.050
437	proc	417	bid	generalization	shiftMags=0	1179.03	1.5	1.5	1.5	30	16000	4	0@0.002	0.204	0.462-0.666	79.2492	509.457	79	198	418.688	1940.22	499.166	1809.4	418.688	1940.22	499.166	1809.4	96.2061	NaN	NaN	-6.25293	0.0895128	16.3125	-27.6743	0							0	0.000121602		voice ash "bid" tok=7fa31812a547ef80 take=3 src=tts:gpt-audio-1.5 f0=100 onset=0.304 dur=0.540 vowel=0.444-0.664 level=0.050
438	proc	418	bayed	generalization	shiftMags=0	1181.87	1.5	1.5	1.5	30	16000	4	0@0.002	0.312	0.522-0.834	86.9031	397.53	87	143	407.847	2172.37	438.03	1270.78	407.847	2172.37	438.03	1270.78	129.862	189.44	653.714	-6.01346	0.0737156	0.625	-27.0166	0							0	0.000121817		voice ash "bayed" tok=9a679f0dfe9370d2 take=3 src=tts:gpt-audio-1.5 f0=127 onset=0.371 dur=0.640 vowel=0.501-0.781 level=0.050
439	proc	419	bud	generalization	shiftMags=0	1184.72	1.5	1.5	1.5	30	16000	4	0@0.002	0.278	0.436-0.714	-125.997	735.021	-110	358	670.052	1164.18	431.097	1187.65	670.052	1164.18	431.097	1187.65	83.3386	NaN	NaN	-4.94472	0.0999159	58.1875	-27.4024	0							0	0.000121533		voice ash "bud" tok=90b6d94c8ab97221 take=3 src=tts:gpt-audio-1.5 f0=98 onset=0.330 dur=0.480 vowel=0.400-0.670 level=0.050
440	proc	420	bed	generalization	shiftMags=0	1187.48	1.5	1.5	1.5	30	16000	4	0@0.002	0.25	0.480-0.730	-78.2009	561.944	-70	226	605.082	1822.3	442.66	1378.95	605.082	1822.3	442.66	1378.95	101.002	NaN	NaN	-4.95458	0.0971905	16.8125	-26.7299	0							0	0.000122003		voice ash "bed" tok=cb6039471394f1d6 take=3 src=tts:gpt-audio-1.5 f0=95 onset=0.306 dur=0.590 vowel=0.466-0.716 level=0.050
441	proc	421	bud	generalization	shiftMags=0	1191.22	1.5	1.5	1.5	30	16000	4	0@0.002	0.238	0.494-0.740	-149.727	740.949	-129	364	663.664	1143.35	420.671	1394.3	663.664	1143.35	420.671	1394.3	90.189	NaN	NaN	-4.36592	0.092866	40.1875	-26.8235	0							0	0.000121985		voice ash "bud" tok=091cf0288aed6b34 take=0 src=tts:gpt-audio-1.5 f0=86 onset=0.357 dur=0.510 vowel=0.477-0.717 level=0.050
442	proc	422	bode	generalization	shiftMags=0	1193.57	1.5	1.5	1.5	30	16000	4	0@0.002	0.34	0.402-0.742	58.1255	813.785	57	457	463.071	959.164	438.497	2385.76	463.071	959.164	438.497	2385.76	83.4157	226.314	1727.92	-4.74593	0.0778599	-5.625	-27.6564	0							0	9.4579e-05		voice ash "bode" tok=87f31a6cb6fb6ff6 take=0 src=tts:gpt-audio-1.5 f0=82 onset=0.350 dur=0.510 vowel=0.390-0.730 level=0.050
443	proc	423	bed	generalization	shiftMags=0	1196.09	1.5	1.5	1.5	30	16000	4	0@0.002	0.252	0.464-0.716	-78.0868	568.155	-70	231	613.61	1792.03	428.194	1581.16	613.61	1792.03	428.194	1581.16	101.046	186.384	1059.92	-5.02968	0.0930438	43.5	-27.9238	0							0	0.00012196		voice ash "bed" tok=adb421ecc8680bd9 take=0 src=tts:gpt-audio-1.5 f0=95 onset=0.307 dur=0.560 vowel=0.427-0.687 level=0.050
444	proc	424	bayed	generalization	shiftMags=0	1198.45	1.5	1.5	1.5	30	16000	4	0@0.002	0.37	0.462-0.832	122.216	437.172	126	160	442.273	1980.88	405.302	1268.96	442.273	1980.88	405.302	1268.96	85.7484	NaN	NaN	-5.47168	0.0968204	41.5	-27.8612	0							0	0.000120595		voice ash "bayed" tok=a42fe4c78eb5e08f take=0 src=tts:gpt-audio-1.5 f0=83 onset=0.347 dur=0.650 vowel=0.447-0.807 level=0.050
445	proc	425	bid	generalization	shiftMags=0	1201.07	1.5	1.5	1.5	30	16000	4	0@0.002	0.262	0.438-0.700	60.0852	507.259	59	198	386.637	1977.66	405.202	1273.14	397.407	1980.38	410	1303.09	107.294	190.491	993.79	-5.66276	0.0833628	49	-27.328	0							0	0.000119919		voice ash "bid" tok=f4f97d681f8ee47f take=0 src=tts:gpt-audio-1.5 f0=89 onset=0.307 dur=0.570 vowel=0.427-0.697 level=0.050
446	proc	426	bed	generalization	shiftMags=0	1203.66	1.5	1.5	1.5	30	16000	4	0@0.002	0.302	0.370-0.672	-69.7924	575.99	-63	237	485.436	1769.12	522.576	3671.62	503.416	1770.86	516.492	3671.62	86.5246	198.639	1438.76	-5.28098	0.088013	42	-27.7931	0							0	0.000120961		voice ash "bed" tok=3fc9854b87492ea4 take=1 src=tts:gpt-audio-1.5 f0=88 onset=0.315 dur=0.590 vowel=0.345-0.665 level=0.050
447	proc	427	bud	generalization	shiftMags=0	1206.21	1.5	1.5	1.5	30	16000	4	0@0.002	0.262	0.464-0.848	-131.062	720.253	-114	347	683.135	1139.39	475.914	1978.55	687.663	1142.16	473.97	1750.25	90.9333	230.553	1610.66	-5.70511	0.0705869	47.5	-28.3444	0							0	0.000121957		voice ash "bud" tok=c4313fde2b3d58ca take=1 src=tts:gpt-audio-1.5 f0=87 onset=0.293 dur=0.590 vowel=0.433-0.823 level=0.050
448	proc	428	bid	generalization	shiftMags=0	1209.19	1.5	1.5	1.5	30	16000	4	0@0.002	0.27	0.470-0.740	79.1826	519.905	79	204	385.122	1979.8	438.493	1128.36	385.122	1979.8	438.493	1128.36	95.423	NaN	NaN	-4.88018	0.11278	24.0625	-26.5026	0							0	0.000121827		voice ash "bid" tok=3f347d0b47084cf1 take=1 src=tts:gpt-audio-1.5 f0=99 onset=0.324 dur=0.600 vowel=0.454-0.724 level=0.050
449	proc	429	bayed	generalization	shiftMags=0	1211.76	1.5	1.5	1.5	30	16000	4	0@0.002	0.396	0.416-0.812	98.0447	420.701	99	154	480.602	1962.7	415.47	2266.88	480.602	1962.7	415.47	2266.88	85.8909	140.604	853.272	-4.41336	0.083712	4.875	-28.2206	0							0	0.000121702		voice ash "bayed" tok=cb0ca450a3aef1b1 take=1 src=tts:gpt-audio-1.5 f0=86 onset=0.294 dur=0.750 vowel=0.404-0.764 level=0.050
450	proc	430	bode	generalization	shiftMags=0	1214.65	1.5	1.5	1.5	30	16000	4	0@0.002	0.39	0.386-0.776	63.9596	802.319	63	441	NaN	NaN	NaN	NaN					89.6929	NaN	NaN	-4.04057	0.0982751	35.875	-27.1204	0							0	6.09144e-05		voice ash "bode" tok=e164a7121b62e422 take=1 src=tts:gpt-audio-1.5 f0=91 onset=0.334 dur=0.580 vowel=0.374-0.724 level=0.050
451	proc	431	bayed	generalization	shiftMags=0	1217.14	1.5	1.5	1.5	30	16000	4	0@0.002	0.33	0.406-0.736	90.7932	421.045	91	154	471.252	1833.03	492.555	2418.65	476.187	1910.77	492.555	3668.85	97.8833	NaN	NaN	-4.71921	0.104069	51.9375	-27.6186	0							0	0.000121165		voice ash "bayed" tok=abd0a362d1855099 take=2 src=tts:gpt-audio-1.5 f0=94 onset=0.317 dur=0.550 vowel=0.387-0.697 level=0.050
452	proc	432	bode	generalization	shiftMags=0	1219.55	1.5	1.5	1.5	30	16000	4	0@0.002	0.316	0.470-0.786	47.304	807.94	46	446	441.489	957.265	408.006	1190.75	441.489	957.265	408.006	1190.75	92.5963	NaN	NaN	-3.18943	0.116248	6.875	-28.9836	0							0	6.08142e-05		voice ash "bode" tok=2293b64c395a12fe take=2 src=tts:gpt-audio-1.5 f0=92 onset=0.309 dur=0.600 vowel=0.439-0.769 level=0.050
453	proc	433	bed	generalization	shiftMags=0	1222.09	1.5	1.5	1.5	30	16000	4	0@0.002	0.224	0.362-0.586	-69.9799	594.629	-63	248	588.398	1741.56	362.628	1104.78	588.398	1741.56	362.628	1104.78	82.3662	NaN	NaN	-4.98912	0.0927914	47.125	-28.5537	0							0	0.000120961		voice ash "bed" tok=25efd06e9cfebf4f take=2 src=tts:gpt-audio-1.5 f0=86 onset=0.312 dur=0.430 vowel=0.342-0.682 level=0.050
454	proc	434	bud	generalization	shiftMags=0	1224.64	1.5	1.5	1.5	30	16000	4	0@0.002	0.292	0.336-0.660	-101.751	669.063	-90	300.5	612.582	1077.64	720.193	1984.28	621.989	1087.91	698.208	1593.48	143.227	NaN	NaN	-6.27264	0.101442	55.4375	-27.5006	0							0	0.000121757		voice ash "bud" tok=fd7edec4ac0868df take=2 src=tts:gpt-audio-1.5 f0=86 onset=0.350 dur=0.340 vowel=0.350-0.630 level=0.050
455	proc	435	bid	generalization	shiftMags=0	1227.27	1.5	1.5	1.5	30	16000	4	0@0.002	0.242	0.386-0.656	63.8409	547.797	63	220	NaN	NaN	NaN	NaN					99.4443	143.039	629.332	-3.92831	0.0952572	32.25	-28.0616	0							0	0.000119386		voice ash "bid" tok=02c01092c9aa76ac take=2 src=tts:gpt-audio-1.5 f0=103 onset=0.334 dur=0.370 vowel=0.354-0.634 level=0.050
456	proc	436	bud	generalization	shiftMags=0	1229.59	1.5	1.5	1.5	30	16000	4	0@0.002	0.276	0.432-0.710	-130.851	735.457	-114	358	639.729	1134.25	469.009	2108.11	642.766	1141.76	427.291	1781.18	83.4891	NaN	NaN	-4.39849	0.0892976	34.4375	-27.4024	0							0	0.000121408		voice ash "bud" tok=90b6d94c8ab97221 take=3 src=tts:gpt-audio-1.5 f0=98 onset=0.327 dur=0.480 vowel=0.397-0.667 level=0.050
457	proc	437	bid	generalization	shiftMags=0	1232.32	1.5	1.5	1.5	30	16000	4	0@0.002	0.206	0.472-0.678	79.2384	510.21	79	198	418.245	1945.43	522.722	2053.35	418.245	1945.43	522.722	2053.35	97.7512	NaN	NaN	-6.24178	0.0916635	5.125	-27.6745	0							0	0.000121121		voice ash "bid" tok=7fa31812a547ef80 take=3 src=tts:gpt-audio-1.5 f0=100 onset=0.316 dur=0.540 vowel=0.456-0.676 level=0.050
458	proc	438	bode	generalization	shiftMags=0	1235.29	1.5	1.5	1.5	30	16000	4	0@0.002	0.352	0.352-0.704	39.2773	804.141	38	441	493.605	1060.25	458.641	3537.42	493.605	1060.25	458.641	3537.42	101.928	194.45	1118.22	-4.90728	0.0943375	-0.375	-27.5263	0							0	6.05888e-05		voice ash "bode" tok=67c7af57f1bf1c77 take=3 src=tts:gpt-audio-1.5 f0=95 onset=0.296 dur=0.540 vowel=0.326-0.656 level=0.050
459	proc	439	bed	generalization	shiftMags=0	1237.63	1.5	1.5	1.5	30	16000	4	0@0.002	0.248	0.496-0.744	-80.3755	562.149	-72	226	600.031	1805.72	435.341	1200.22	601.339	1814.86	441.77	1208.2	100.171	154.015	744.734	-4.90772	0.098871	56.125	-26.7301	0							0	0.000121922		voice ash "bed" tok=cb6039471394f1d6 take=3 src=tts:gpt-audio-1.5 f0=95 onset=0.322 dur=0.590 vowel=0.482-0.732 level=0.050
460	proc	440	bayed	generalization	shiftMags=0	1240.49	1.5	1.5	1.5	30	16000	4	0@0.002	0.312	0.498-0.810	86.8197	397.271	87	143	419.614	2079.17	441.354	2878.36	429.331	2096.61	450.564	3464.46	129.297	NaN	NaN	-5.10438	0.0983798	35.1875	-27.0165	0							0	0.000121621		voice ash "bayed" tok=9a679f0dfe9370d2 take=3 src=tts:gpt-audio-1.5 f0=127 onset=0.346 dur=0.640 vowel=0.476-0.756 level=0.050
461	proc	441	bud	generalization	shiftMags=0	1243.02	1.5	1.5	1.5	30	16000	4	0@0.002	0.246	0.426-0.672	-141.076	737.763	-122	364	708.688	1190.86	456.608	2043.23	708.688	1190.86	456.608	2043.23	89.085	143.142	821.028	-4.68657	0.0789041	25.875	-26.8244	0							0	0.000121811		voice ash "bud" tok=091cf0288aed6b34 take=0 src=tts:gpt-audio-1.5 f0=86 onset=0.289 dur=0.510 vowel=0.409-0.649 level=0.050
462	proc	442	bayed	generalization	shiftMags=0	1245.35	1.5	1.5	1.5	30	16000	4	0@0.002	0.372	0.422-0.794	120.649	439.952	124	162.5	409	2070.08	426.482	2416.02	409	2070.08	426.482	2416.02	85.0647	219.352	1639.94	-4.71042	0.0811103	1.25	-27.861	0							0	0.000121827		voice ash "bayed" tok=a42fe4c78eb5e08f take=0 src=tts:gpt-audio-1.5 f0=83 onset=0.308 dur=0.650 vowel=0.408-0.768 level=0.050
463	proc	443	bid	generalization	shiftMags=0	1248.18	1.5	1.5	1.5	30	16000	4	0@0.002	0.264	0.472-0.736	60.0943	502.273	59	193	419.487	1988.74	426.088	2108.78	419.487	1988.74	426.088	2108.78	104.815	NaN	NaN	-5.20748	0.0900233	14.75	-27.3274	0							0	0.000115787		voice ash "bid" tok=f4f97d681f8ee47f take=0 src=tts:gpt-audio-1.5 f0=89 onset=0.343 dur=0.570 vowel=0.463-0.733 level=0.050
464	proc	444	bed	generalization	shiftMags=0	1251.16	1.5	1.5	1.5	30	16000	4	0@0.002	0.254	0.472-0.726	-78.1013	567.919	-70	231	593.151	1786.34	402.172	1358.25	593.151	1786.34	402.172	1358.25	101.243	NaN	NaN	-5.50872	0.0786312	59.5625	-27.9149	0							0	0.000120271		voice ash "bed" tok=adb421ecc8680bd9 take=0 src=tts:gpt-audio-1.5 f0=95 onset=0.314 dur=0.560 vowel=0.434-0.694 level=0.050
465	proc	445	bode	generalization	shiftMags=0	1253.95	1.5	1.5	1.5	30	16000	4	0@0.002	0.34	0.358-0.698	60.052	814.248	59	457	461.982	977.396	396.396	1212.73	462.333	984.261	398.267	1238.41	81.87	NaN	NaN	-4.69879	0.0823104	33.375	-27.6567	0							0	8.24274e-05		voice ash "bode" tok=87f31a6cb6fb6ff6 take=0 src=tts:gpt-audio-1.5 f0=82 onset=0.307 dur=0.510 vowel=0.347-0.687 level=0.050
