k	mode	itrial	word	cond	shiftInfo	t0	dur	pumped_s	rec_s	rec_limit_s	sr	fb	ost	shift_s	shift_span	shift_F1_Hz	shift_F2_Hz	shift_F1_mel	shift_F2_mel	in_F1	in_F2	out_F1	out_F2	span_in_F1	span_in_F2	span_out_F1	span_out_F2	in_f0	out_f0	pitch_cents	gain_dB	heard_peak	lag_ms	in_rms_dB	noise_zero_runs	noise_zero_at	play_s	play_rms_dB	play_peak	read_s	lost_s	input
1	proc	1	bead	baselineTrain	shiftMags=0	6.003	1.5	1.5	1.5	30	16000	3	0@0.002 1@0.392 2@0.442 3@0.528 4@0.622	0		0	0	0	0	355.442	2690.29	326.488	2928.78					147.549	143.732	-45.3812	-2.05988	0.116284	8	-26.6426	0							voice nova "bead" tok=aea297645e58779f take=0 src=tts:gpt-audio-1.5 f0=146 onset=0.352 dur=0.420 vowel=0.382-0.692 level=0.050
2	proc	2	booed	baselineTrain	shiftMags=0	8.59016	1.5	1.5	1.5	30	16000	3	0@0.002 1@0.328 2@0.378 3@0.492 4@0.600	0		0	0	0	0	357.803	1274.05	363.633	1218.15					167.747	170.938	32.6261	-1.99063	0.0971379	8	-27.2311	0							voice nova "booed" tok=c1440cd10ca7d3df take=0 src=tts:gpt-audio-1.5 f0=160 onset=0.332 dur=0.390 vowel=0.332-0.572 level=0.050
3	proc	3	bad	baselineTrain	shiftMags=0	11.0688	1.5	1.5	1.5	30	16000	3	0@0.002 1@0.318 2@0.368 3@0.430 2@0.544 3@0.568 4@0.618	0		0	0	0	0	1015.84	1837.44	1017.83	1839					133.099	132.761	-4.41367	-1.97783	0.209367	8	-26.1376	0							voice nova "bad" tok=0a26d815e9caf630 take=0 src=tts:gpt-audio-1.5 f0=132 onset=0.330 dur=0.340 vowel=0.330-0.570 level=0.050
4	proc	4	bod	baselineTrain	shiftMags=0	13.6183	1.5	1.5	1.5	30	16000	3	0@0.002 1@0.408 2@0.458 3@0.496 4@0.614	0		0	0	0	0	983.077	1310.93	970.289	1307.82					139.867	140.24	4.61538	-1.87152	0.147453	8	-28.1236	0							voice nova "bod" tok=ac3b06ad2fe22a43 take=0 src=tts:gpt-audio-1.5 f0=148 onset=0.323 dur=0.410 vowel=0.333-0.663 level=0.050
5	proc	5	booed	baselineTrain	shiftMags=0	16.4556	1.5	1.5	1.5	30	16000	3	0@0.002 1@0.450 2@0.500 3@0.568 4@0.682	0		0	0	0	0	378.379	1224.6	386.134	1220.65					151.249	155.869	52.0862	-2.01893	0.126085	8	-27.1328	0							voice nova "booed" tok=218ae11466f90560 take=1 src=tts:gpt-audio-1.5 f0=154 onset=0.328 dur=0.550 vowel=0.438-0.768 level=0.050
6	proc	6	bod	baselineTrain	shiftMags=0	19.2182	1.5	1.5	1.5	30	16000	3	0@0.002 1@0.370 0@0.372 1@0.374 0@0.402 1@0.460 2@0.510 3@0.564 4@0.670	0		0	0	0	0	960.044	1252.38	954.857	1250.65					140.496	141.435	11.5272	-1.93911	0.146044	8	-27.2309	0							voice nova "bod" tok=44a267ea7020c4cc take=1 src=tts:gpt-audio-1.5 f0=139 onset=0.316 dur=0.510 vowel=0.336-0.736 level=0.050
7	proc	7	bead	baselineTrain	shiftMags=0	21.8374	1.5	1.5	1.5	30	16000	3	0@0.002 1@0.404 2@0.454 3@0.510 4@0.606	0		0	0	0	0	320.296	3169.44	306.427	3160.42					160.086	156.473	-39.5237	-1.87797	0.108849	8	-26.622	1	0.985+15.4ms						voice nova "bead" tok=9f4782cd239a6d7c take=1 src=tts:gpt-audio-1.5 f0=157 onset=0.362 dur=0.370 vowel=0.382-0.632 level=0.050
8	proc	8	bad	baselineTrain	shiftMags=0	24.5732	1.5	1.5	1.5	30	16000	3	0@0.002 1@0.368 2@0.418 3@0.488 4@0.606	0		0	0	0	0	1055.01	1806.34	1054.46	1806.46					174.014	175.798	17.6518	-1.94677	0.120203	8	-26.6793	0							voice nova "bad" tok=14f4da4622cf3505 take=1 src=tts:gpt-audio-1.5 f0=149 onset=0.332 dur=0.370 vowel=0.352-0.622 level=0.050
9	proc	9	booed	baselineTrain	shiftMags=0	27.1063	1.5	1.5	1.5	30	16000	3	0@0.002 1@0.346 2@0.396 3@0.450 4@0.586	0		0	0	0	0	362.841	1669.71	366.231	1669.36					154.598	154.889	3.25944	-2.03955	0.111669	8	-26.521	0							voice nova "booed" tok=1264d4b18797fdfa take=2 src=tts:gpt-audio-1.5 f0=153 onset=0.301 dur=0.390 vowel=0.321-0.591 level=0.050
10	proc	10	bad	baselineTrain	shiftMags=0	29.5093	1.5	1.5	1.5	30	16000	3	0@0.002 1@0.390 2@0.440 3@0.472 4@0.566	0		0	0	0	0	1138.72	1948.79	1140.21	1948.91					135.321	136.738	18.0287	-1.82427	0.159915	8	-28.0833	0							voice nova "bad" tok=e615886ee3dd7411 take=2 src=tts:gpt-audio-1.5 f0=136 onset=0.345 dur=0.420 vowel=0.365-0.595 level=0.050
11	proc	11	bod	baselineTrain	shiftMags=0	31.7622	1.5	1.5	1.5	30	16000	3	0@0.002 1@0.440 2@0.490 3@0.536 4@0.632	0		0	0	0	0	978.262	1339.96	976.068	1342.57					151.253	151.246	-0.0843771	-1.96729	0.152589	8	-27.2255	0							voice nova "bod" tok=7f827d8d8855a883 take=2 src=tts:gpt-audio-1.5 f0=148 onset=0.313 dur=0.440 vowel=0.423-0.653 level=0.050
12	proc	12	bead	baselineTrain	shiftMags=0	34.2204	1.5	1.5	1.5	30	16000	3	0@0.002 1@0.454 2@0.504 3@0.582 4@0.720	0		0	0	0	0	312.771	3220.5	252.373	3203.04					158.602	152.868	-63.7462	-1.99718	0.108066	8	-26.9947	0							voice nova "bead" tok=21a7e5434e19f7df take=2 src=tts:gpt-audio-1.5 f0=148 onset=0.310 dur=0.540 vowel=0.450-0.740 level=0.050
13	proc	13	booed	baselineTrain	shiftMags=0	36.919	1.5	1.5	1.5	30	16000	3	0@0.002 1@0.410 2@0.460 3@0.526 4@0.624	0		0	0	0	0	409.621	1546.37	410.048	1547.54					195.094	203.327	71.5602	-2.08627	0.123781	8	-26.6306	0							voice nova "booed" tok=a950898a6b1aa9ec take=3 src=tts:gpt-audio-1.5 f0=195 onset=0.366 dur=0.350 vowel=0.386-0.636 level=0.050
14	proc	14	bod	baselineTrain	shiftMags=0	39.8303	1.5	1.5	1.5	30	16000	3	0@0.002 1@0.366 2@0.416 3@0.470 4@0.552	0		0	0	0	0	967.753	1222.44	969.014	1223.11					130.997	131.486	6.45336	-1.95596	0.143494	8	-27.0463	0							voice nova "bod" tok=258bd75fe923bad2 take=3 src=tts:gpt-audio-1.5 f0=133 onset=0.326 dur=0.370 vowel=0.346-0.616 level=0.050
15	proc	15	bad	baselineTrain	shiftMags=0	42.7023	1.5	1.5	1.5	30	16000	3	0@0.002 1@0.284 2@0.334 3@0.396 2@0.506 3@0.530 4@0.582	0		0	0	0	0	1021.12	1856.24	1018.05	1857.61					132.973	132.623	-4.56316	-1.98454	0.214504	8	-26.1377	0							voice nova "bad" tok=0a26d815e9caf630 take=0 src=tts:gpt-audio-1.5 f0=132 onset=0.294 dur=0.340 vowel=0.294-0.534 level=0.050
16	proc	16	bead	baselineTrain	shiftMags=0	45.3355	1.5	1.5	1.5	30	16000	3	0@0.002 1@0.366 2@0.416 3@0.428 2@0.486 3@0.580 4@0.678	0		0	0	0	0	322.114	2723.68	306.784	2969.44					141.076	143.333	27.4734	-1.89631	0.129212	8	-28.2367	0							voice nova "bead" tok=7fe897fdd57a9390 take=3 src=tts:gpt-audio-1.5 f0=140 onset=0.318 dur=0.510 vowel=0.338-0.708 level=0.050
17	proc	17	booed	baselineTrain	shiftMags=0	48.3258	1.5	1.5	1.5	30	16000	3	0@0.002 1@0.324 2@0.374 3@0.490 4@0.596	0		0	0	0	0	355.126	1264.03	362.228	1262.02					168.432	168.324	-1.10814	-1.90891	0.097202	8	-27.2313	0							voice nova "booed" tok=c1440cd10ca7d3df take=0 src=tts:gpt-audio-1.5 f0=160 onset=0.328 dur=0.390 vowel=0.328-0.568 level=0.050
18	proc	18	bead	baselineTrain	shiftMags=0	50.922	1.5	1.5	1.5	30	16000	3	0@0.002 1@0.356 2@0.406 3@0.490 4@0.586	0		0	0	0	0	361.031	2702.24	318.593	3209.49					147.918	153.809	67.6055	-1.99918	0.117511	8	-26.6429	0							voice nova "bead" tok=aea297645e58779f take=0 src=tts:gpt-audio-1.5 f0=146 onset=0.315 dur=0.420 vowel=0.345-0.655 level=0.050
19	proc	19	bod	baselineTrain	shiftMags=0	53.7979	1.5	1.5	1.5	30	16000	3	0@0.002 1@0.344 0@0.346 1@0.348 0@0.352 1@0.374 2@0.424 3@0.462 4@0.580	0		0	0	0	0	972.822	1261.02	966.568	1259.13					139.592	139.239	-4.38338	-1.93364	0.147871	8	-28.1238	0							voice nova "bod" tok=ac3b06ad2fe22a43 take=0 src=tts:gpt-audio-1.5 f0=148 onset=0.288 dur=0.410 vowel=0.298-0.628 level=0.050
20	proc	20	bad	baselineTrain	shiftMags=0	56.3547	1.5	1.5	1.5	30	16000	3	0@0.002 1@0.332 2@0.382 3@0.460 4@0.566	0		0	0	0	0	1053.39	1810.43	1053.5	1824.62					173.528	176.099	25.4573	-1.98936	0.119601	8	-26.6796	1	1.485+15.4ms						voice nova "bad" tok=14f4da4622cf3505 take=1 src=tts:gpt-audio-1.5 f0=149 onset=0.295 dur=0.370 vowel=0.315-0.585 level=0.050
21	proc	1	bid	baselineGeneralize	shiftMags=0	66.1661	1.5	1.5	1.5	30	16000	4	0@0.002	0.332	0.426-0.758	126.069	872.681	114	292	518.656	2396.18	465.564	1849.52	519.251	2399.4	385.504	1454.53	156.633	180.994	250.264	-4.22409	0.0950417	34.375	-27.7621	0							voice nova "bid" tok=0c00a513cebb7049 take=0 src=tts:gpt-audio-1.5 f0=151 onset=0.333 dur=0.440 vowel=0.423-0.733 level=0.050
22	proc	2	bud	baselineGeneralize	shiftMags=0	68.4554	1.5	1.5	1.5	30	16000	4	0@0.002	0.28	0.440-0.720	-117.668	1011.13	-92	388.5	988.098	1494.73	523.789	1489.28	988.098	1494.73	523.789	1489.28	160.217	NaN	NaN	-5.96705	0.0899172	10.9375	-27.9813	0							voice nova "bud" tok=c3df365507de79b6 take=0 src=tts:gpt-audio-1.5 f0=158 onset=0.292 dur=0.440 vowel=0.322-0.652 level=0.050
23	proc	3	bayed	baselineGeneralize	shiftMags=0	70.9805	1.5	1.5	1.5	30	16000	4	0@0.002	0.326	0.532-0.858	129.911	714.8	118	215	612.167	2300.57	739.989	2845.35	620.853	2324.52	1025.44	3492.98	151.98	191.357	398.862	-5.32727	0.0826941	39.9375	-28.5107	0							voice nova "bayed" tok=3a0e026013b32be5 take=1 src=tts:gpt-audio-1.5 f0=152 onset=0.329 dur=0.650 vowel=0.519-0.799 level=0.050
24	proc	4	bode	baselineGeneralize	shiftMags=0	73.6499	1.5	1.5	1.5	30	16000	4	0@0.002	0.338	0.400-0.738	50.0641	1109.95	42.9999	496	602.525	893.76	478.386	3498.54	602.525	893.76	478.386	3498.54	144.76	NaN	NaN	-4.76093	0.100351	-1.8125	-27.3962	0							voice nova "bode" tok=54a613ca9b77a6d8 take=0 src=tts:gpt-audio-1.5 f0=145 onset=0.357 dur=0.480 vowel=0.387-0.717 level=0.050
25	proc	5	bed	baselineGeneralize	shiftMags=0	76.0015	1.5	1.5	1.5	30	16000	4	0@0.002	0.234	0.344-0.590	-94.878	886.232	-75	303	857.265	2184.12	429.799	2400.01	857.265	2184.12	429.799	2400.01	143.654	NaN	NaN	-4.90073	0.100123	29.375	-27.0524	0							voice nova "bed" tok=93d65aa8eca896f0 take=0 src=tts:gpt-audio-1.5 f0=143 onset=0.304 dur=0.330 vowel=0.334-0.534 level=0.050
26	proc	6	bed	baselineGeneralize	shiftMags=0	78.3027	1.5	1.5	1.5	30	16000	4	0@0.002	0.254	0.352-0.606	-120.45	909.017	-94	314	861.241	2076.78	426.983	3537.96	889.913	2084.42	508.668	3609.2	138.402	NaN	NaN	-5.17362	0.0847264	35.875	-27.0961	0							voice nova "bed" tok=e267da24474bd4d7 take=1 src=tts:gpt-audio-1.5 f0=139 onset=0.287 dur=0.400 vowel=0.337-0.557 level=0.050
27	proc	7	bode	baselineGeneralize	shiftMags=0	80.7919	1.5	1.5	1.5	30	16000	4	0@0.002	0.46	0.286-0.778	146.415	1145.03	134	562	748.822	1285.32	448.618	3603.23	735.377	1307.42	462.541	3587.26	147.239	216.91	670.727	-5.5942	0.0952034	38.875	-26.5271	0							voice nova "bode" tok=33b78ff44ba709bf take=1 src=tts:gpt-audio-1.5 f0=147 onset=0.282 dur=0.530 vowel=0.282-0.752 level=0.050
28	proc	8	bud	baselineGeneralize	shiftMags=0	83.598	1.5	1.5	1.5	30	16000	4	0@0.002	0.218	0.320-0.538	-120.636	1006.58	-94	386	NaN	NaN	NaN	NaN					126.337	NaN	NaN	-3.3889	0.124259	9.3125	-26.7634	0							voice nova "bud" tok=d4991a84ce53ec1b take=1 src=tts:gpt-audio-1.5 f0=126 onset=0.322 dur=0.320 vowel=0.322-0.482 level=0.050
29	proc	9	bayed	baselineGeneralize	shiftMags=0	86.2734	1.5	1.5	1.5	30	16000	4	0@0.002	0.358	0.436-0.794	146.297	749.502	134	231	547.999	2492.3	511.02	1956.95	541.336	2495.19	504.639	1676.4	157.799	NaN	NaN	-5.69594	0.108509	34.3125	-27.8994	0							voice nova "bayed" tok=c5140cbb6e6806a4 take=2 src=tts:gpt-audio-1.5 f0=156 onset=0.334 dur=0.580 vowel=0.334-0.874 level=0.050
30	proc	10	bid	baselineGeneralize	shiftMags=0	89.271	1.5	1.5	1.5	30	16000	4	0@0.002	0.254	0.518-0.832	130.094	849.667	118	281	519.703	2412.83	471.483	1159.74	519.703	2412.83	471.483	1159.74	160.851	211.985	477.881	-5.05129	0.0776955	16.5625	-28.6882	0							voice nova "bid" tok=11dcda505463a098 take=1 src=tts:gpt-audio-1.5 f0=153 onset=0.366 dur=0.490 vowel=0.506-0.816 level=0.050
31	proc	11	bud	baselineGeneralize	shiftMags=0	91.9748	1.5	1.5	1.5	30	16000	4	0@0.002	0.198	0.410-0.614	-104.226	990.58	-82	375	911.687	1747.77	510.518	3588.06	914.092	1750.76	510.518	3588.06	157.827	NaN	NaN	-5.22763	0.0823238	27	-27.6741	0							voice nova "bud" tok=ef938da1630c1d0f take=2 src=tts:gpt-audio-1.5 f0=144 onset=0.343 dur=0.330 vowel=0.403-0.553 level=0.050
32	proc	12	bed	baselineGeneralize	shiftMags=0	94.8926	1.5	1.5	1.5	30	16000	4	0@0.002	0.234	0.362-0.596	-164.675	904.16	-126	314	894.876	2128.93	500.035	1241.32	906.129	2141.19	472.872	1227.9	155.674	NaN	NaN	-5.77558	0.0715481	35.0625	-26.7026	0							voice nova "bed" tok=3dc3c7d4b4236979 take=2 src=tts:gpt-audio-1.5 f0=154 onset=0.320 dur=0.310 vowel=0.350-0.550 level=0.050
33	proc	13	bid	baselineGeneralize	shiftMags=0	97.5723	1.5	1.5	1.5	30	16000	4	0@0.002	0.238	0.510-0.748	142.378	847.011	130	281	364.195	2317.61	468.16	1148.86	365.984	2352.82	525.87	1668.74	153.559	NaN	NaN	-4.64998	0.0936037	30.125	-29.0182	0							voice nova "bid" tok=edca23925a902056 take=2 src=tts:gpt-audio-1.5 f0=151 onset=0.371 dur=0.480 vowel=0.391-0.791 level=0.050
34	proc	14	bode	baselineGeneralize	shiftMags=0	100.183	1.5	1.5	1.5	30	16000	4	0@0.002	0.314	0.396-0.710	76.5963	1116.54	67	507	539.704	1260.16	482.676	3641.94	539.704	1260.16	482.676	3641.94	140.467	141.61	14.0413	-4.98333	0.0799804	-3.0625	-26.8991	0							voice nova "bode" tok=e403d6ba2bbcafc1 take=2 src=tts:gpt-audio-1.5 f0=139 onset=0.359 dur=0.370 vowel=0.389-0.649 level=0.050
35	proc	15	bayed	baselineGeneralize	shiftMags=0	102.745	1.5	1.5	1.5	30	16000	4	0@0.002	0.396	0.352-0.782	189.309	752.877	179	231	496.901	2570.51	483.233	1950.08	496.901	2570.51	483.233	1950.08	141.448	NaN	NaN	-4.82738	0.0889064	3.25	-27.117	0							voice nova "bayed" tok=17829631a71d46f1 take=3 src=tts:gpt-audio-1.5 f0=142 onset=0.348 dur=0.480 vowel=0.348-0.758 level=0.050
36	proc	16	bode	baselineGeneralize	shiftMags=0	105.048	1.5	1.5	1.5	30	16000	4	0@0.002	0.41	0.362-0.792	130.178	1116.26	118	507	544.501	1211.28	493.849	1407.08	544.501	1211.28	493.849	1407.08	165.509	NaN	NaN	-5.14433	0.107329	24.125	-26.9192	0							voice nova "bode" tok=b171397a56109f7a take=3 src=tts:gpt-audio-1.5 f0=161 onset=0.322 dur=0.480 vowel=0.332-0.762 level=0.050
37	proc	17	bayed	baselineGeneralize	shiftMags=0	107.345	1.5	1.5	1.5	30	16000	4	0@0.002	0.326	0.496-0.822	130.404	714.534	118	215	608.815	2285.85	737.909	2344.25	615.374	2322.76	1176.54	3370.72	151.88	194.458	427.835	-3.82843	0.12237	10.9375	-28.5111	0							voice nova "bayed" tok=3a0e026013b32be5 take=1 src=tts:gpt-audio-1.5 f0=152 onset=0.293 dur=0.650 vowel=0.483-0.763 level=0.050
38	proc	18	bud	baselineGeneralize	shiftMags=0	110.089	1.5	1.5	1.5	30	16000	4	0@0.002	0.302	0.454-0.786	-104.159	988.097	-82	369	975.472	1609.57	389.962	1283.77	975.472	1609.57	389.962	1283.77	153.699	NaN	NaN	-5.04924	0.0895475	-24.0625	-27.8433	0							voice nova "bud" tok=100e18a7e6306c98 take=3 src=tts:gpt-audio-1.5 f0=152 onset=0.295 dur=0.480 vowel=0.445-0.755 level=0.050
39	proc	19	bed	baselineGeneralize	shiftMags=0	112.984	1.5	1.5	1.5	30	16000	4	0@0.002	0.238	0.362-0.610	-94.5026	880.814	-75	298	861.95	2207.51	488.468	3407.94	864.551	2201.27	479.999	3372.33	154.491	234.307	721.054	-5.26871	0.0725904	23.0625	-27.8435	0							voice nova "bed" tok=600742630d189d83 take=3 src=tts:gpt-audio-1.5 f0=150 onset=0.341 dur=0.350 vowel=0.351-0.571 level=0.050
40	proc	20	bid	baselineGeneralize	shiftMags=0	115.248	1.5	1.5	1.5	30	16000	4	0@0.002	0.25	0.438-0.688	85.4086	900.646	75	309	NaN	NaN	NaN	NaN					144.44	226.93	782.13	-3.75676	0.107651	-24.6875	-28.3778	0							voice nova "bid" tok=3e54e63e297e7735 take=3 src=tts:gpt-audio-1.5 f0=138 onset=0.307 dur=0.420 vowel=0.427-0.617 level=0.050
41	proc	21	bid	baselineGeneralize	shiftMags=0	117.633	1.5	1.5	1.5	30	16000	4	0@0.002	0.33	0.418-0.750	122.14	859.074	110	287	520.193	2387.86	411.926	2009.2	520.193	2387.86	411.926	2009.2	155.846	NaN	NaN	-4.32039	0.0923721	36.875	-27.7623	0							voice nova "bid" tok=0c00a513cebb7049 take=0 src=tts:gpt-audio-1.5 f0=151 onset=0.325 dur=0.440 vowel=0.415-0.725 level=0.050
42	proc	22	bode	baselineGeneralize	shiftMags=0	120.129	1.5	1.5	1.5	30	16000	4	0@0.002	0.34	0.350-0.690	45.9452	1110.13	39.5	496	716.063	1369.28	531.565	1443.17	716.063	1369.28	531.565	1443.17	144.11	233.844	838.049	-6.84145	0.0846686	-18.125	-27.3957	0							voice nova "bode" tok=54a613ca9b77a6d8 take=0 src=tts:gpt-audio-1.5 f0=145 onset=0.307 dur=0.480 vowel=0.337-0.667 level=0.050
43	proc	23	bud	baselineGeneralize	shiftMags=0	122.613	1.5	1.5	1.5	30	16000	4	0@0.002	0.282	0.514-0.796	-114.87	1010.65	-90	391	975.201	1510.46	432.922	1211.85	975.201	1510.46	432.922	1211.85	161.508	192.482	303.742	-5.24277	0.0862349	-1.8125	-27.9809	0							voice nova "bud" tok=c3df365507de79b6 take=0 src=tts:gpt-audio-1.5 f0=158 onset=0.366 dur=0.440 vowel=0.396-0.726 level=0.050
44	proc	24	bayed	baselineGeneralize	shiftMags=0	125.489	1.5	1.5	1.5	30	16000	4	0@0.002	0.356	0.454-0.810	146.058	749.146	134	231	488.221	2530.83	403.776	1169.99	488.221	2530.83	403.776	1169.99	159.767	NaN	NaN	-4.65437	0.108249	-0.1875	-27.898	0							voice nova "bayed" tok=c5140cbb6e6806a4 take=2 src=tts:gpt-audio-1.5 f0=156 onset=0.352 dur=0.580 vowel=0.352-0.892 level=0.050
45	proc	25	bed	baselineGeneralize	shiftMags=0	127.928	1.5	1.5	1.5	30	16000	4	0@0.002	0.232	0.408-0.654	-97.4631	884.989	-77	298	858.277	2176.91	449.874	1356.05	886.185	2184.58	449.874	1378.78	144.866	NaN	NaN	-5.15422	0.0958439	45.625	-27.0522	0							voice nova "bed" tok=93d65aa8eca896f0 take=0 src=tts:gpt-audio-1.5 f0=143 onset=0.368 dur=0.330 vowel=0.398-0.598 level=0.050
46	proc	26	bed	baselineGeneralize	shiftMags=0	130.408	1.5	1.5	1.5	30	16000	4	0@0.002	0.254	0.392-0.646	-120.395	914.546	-94	320	836.981	2113.79	697.941	3308.67	849.889	2115.27	760.26	3676.92	138.923	NaN	NaN	-4.76586	0.0802959	23.5	-27.0957	0							voice nova "bed" tok=e267da24474bd4d7 take=1 src=tts:gpt-audio-1.5 f0=139 onset=0.327 dur=0.400 vowel=0.377-0.597 level=0.050
47	proc	27	bayed	baselineGeneralize	shiftMags=0	133.024	1.5	1.5	1.5	30	16000	4	0@0.002	0.398	0.290-0.720	187.531	753.291	177	231	481.297	2624.36	433.828	3610.98	481.297	2624.36	433.828	3610.98	142.624	218.025	734.732	-5.00051	0.0922847	-35.125	-27.1165	0							voice nova "bayed" tok=17829631a71d46f1 take=3 src=tts:gpt-audio-1.5 f0=142 onset=0.287 dur=0.480 vowel=0.287-0.697 level=0.050
48	proc	28	bid	baselineGeneralize	shiftMags=0	135.987	1.5	1.5	1.5	30	16000	4	0@0.002	0.254	0.456-0.770	130.329	853.971	118	281	514.163	2358.79	393.488	2309.34	529.018	2430.2	369.427	2483.58	158.555	190.362	316.517	-4.60207	0.0855735	31	-28.6875	0							voice nova "bid" tok=11dcda505463a098 take=1 src=tts:gpt-audio-1.5 f0=153 onset=0.304 dur=0.490 vowel=0.444-0.754 level=0.050
49	proc	29	bode	baselineGeneralize	shiftMags=0	138.458	1.5	1.5	1.5	30	16000	4	0@0.002	0.46	0.374-0.866	148.219	1144.34	136	562	407.839	1045.74	456.86	2493.33	407.839	1045.74	456.86	2493.33	147.272	NaN	NaN	-6.26263	0.0945312	-46.75	-26.5272	0							voice nova "bode" tok=33b78ff44ba709bf take=1 src=tts:gpt-audio-1.5 f0=147 onset=0.370 dur=0.530 vowel=0.370-0.840 level=0.050
50	proc	30	bud	baselineGeneralize	shiftMags=0	141.183	1.5	1.5	1.5	30	16000	4	0@0.002	0.216	0.308-0.524	-123.281	1007.53	-96	386	897.618	1606.2	374.385	1404.11	897.618	1606.2	374.385	1404.11	133.979	155.801	261.242	-4.43192	0.100862	-0.6875	-26.7643	0							voice nova "bud" tok=d4991a84ce53ec1b take=1 src=tts:gpt-audio-1.5 f0=126 onset=0.309 dur=0.320 vowel=0.309-0.469 level=0.050
51	proc	31	bayed	baselineGeneralize	shiftMags=0	144.47	1.5	1.5	1.5	30	16000	4	0@0.002	0.328	0.492-0.820	128.156	713.459	116	215	603.822	2199.75	517.413	1606.06	619.933	2278.94	431.421	1255.83	151.972	198.391	461.441	-5.1753	0.0757304	43.4375	-28.5107	0							voice nova "bayed" tok=3a0e026013b32be5 take=1 src=tts:gpt-audio-1.5 f0=152 onset=0.289 dur=0.650 vowel=0.479-0.759 level=0.050
52	proc	32	bid	baselineGeneralize	shiftMags=0	147.043	1.5	1.5	1.5	30	16000	4	0@0.002	0.238	0.508-0.746	142.488	846.464	130	281	480.51	2424.89	547.56	2966.24	480.51	2424.89	547.56	2966.24	153.648	233.287	722.979	-5.53756	0.0733806	-39.5625	-29.0184	0							voice nova "bid" tok=edca23925a902056 take=2 src=tts:gpt-audio-1.5 f0=151 onset=0.369 dur=0.480 vowel=0.389-0.789 level=0.050
53	proc	33	bed	baselineGeneralize	shiftMags=0	149.988	1.5	1.5	1.5	30	16000	4	0@0.002	0.236	0.394-0.630	-162.045	906.168	-124	314	946.157	2105.59	448.241	3537.22	952.914	2107.89	439.977	2411.3	156.581	NaN	NaN	-5.19693	0.0968689	37	-26.6986	0							voice nova "bed" tok=3dc3c7d4b4236979 take=2 src=tts:gpt-audio-1.5 f0=154 onset=0.353 dur=0.310 vowel=0.383-0.583 level=0.050
54	proc	34	bode	baselineGeneralize	shiftMags=0	152.402	1.5	1.5	1.5	30	16000	4	0@0.002	0.318	0.332-0.650	85.1893	1116.63	75	507	562.217	1272.38	515.235	2901.32	528.467	1262.08	522.433	3542.77	141.237	139.492	-21.526	-5.36595	0.0880892	59.75	-26.8991	0							voice nova "bode" tok=e403d6ba2bbcafc1 take=2 src=tts:gpt-audio-1.5 f0=139 onset=0.296 dur=0.370 vowel=0.326-0.586 level=0.050
55	proc	35	bud	baselineGeneralize	shiftMags=0	154.919	1.5	1.5	1.5	30	16000	4	0@0.002	0.194	0.354-0.556	-125.954	997.048	-98	380	917.663	1746.06	470.256	2191.16	917.663	1746.06	470.256	2191.16	161.127	NaN	NaN	-4.90465	0.0806811	8.3125	-27.6738	0							voice nova "bud" tok=ef938da1630c1d0f take=2 src=tts:gpt-audio-1.5 f0=144 onset=0.288 dur=0.330 vowel=0.348-0.498 level=0.050
56	proc	36	bid	baselineGeneralize	shiftMags=0	157.659	1.5	1.5	1.5	30	16000	4	0@0.002	0.254	0.420-0.674	93.9266	904.268	83	314	519.141	2337.06	452.425	1157.75	519.141	2337.06	452.425	1157.75	146.855	216.585	672.654	-5.2884	0.0914663	0.125	-28.3787	0							voice nova "bid" tok=3e54e63e297e7735 take=3 src=tts:gpt-audio-1.5 f0=138 onset=0.290 dur=0.420 vowel=0.410-0.600 level=0.050
57	proc	37	bud	baselineGeneralize	shiftMags=0	160.334	1.5	1.5	1.5	30	16000	4	0@0.002	0.298	0.520-0.852	-109.618	983.32	-86	369	899.805	1554.73	534.218	1371.21	898.251	1551.67	406.583	1256.24	154.395	NaN	NaN	-4.99253	0.0936059	36.375	-27.8424	0							voice nova "bud" tok=100e18a7e6306c98 take=3 src=tts:gpt-audio-1.5 f0=152 onset=0.360 dur=0.480 vowel=0.510-0.820 level=0.050
58	proc	38	bode	baselineGeneralize	shiftMags=0	163.016	1.5	1.5	1.5	30	16000	4	0@0.002	0.412	0.352-0.782	120.18	1116.01	108	507	598.08	1238.5	472.543	1521.38	598.08	1238.5	472.543	1521.38	166.054	NaN	NaN	-5.15498	0.101606	56.875	-26.9208	0							voice nova "bode" tok=b171397a56109f7a take=3 src=tts:gpt-audio-1.5 f0=161 onset=0.312 dur=0.480 vowel=0.322-0.752 level=0.050
59	proc	39	bayed	baselineGeneralize	shiftMags=0	165.722	1.5	1.5	1.5	30	16000	4	0@0.002	0.356	0.386-0.742	146.004	749.546	134	231	526.787	2474.08	503.89	1455.59	513.762	2479.68	492.243	1421.02	157.573	147.112	-118.923	-5.41893	0.0975214	18.4375	-27.898	0							voice nova "bayed" tok=c5140cbb6e6806a4 take=2 src=tts:gpt-audio-1.5 f0=156 onset=0.284 dur=0.580 vowel=0.284-0.824 level=0.050
60	proc	40	bed	baselineGeneralize	shiftMags=0	168.479	1.5	1.5	1.5	30	16000	4	0@0.002	0.24	0.322-0.572	-92.0578	879.908	-73	298	744.184	2360.19	505	3456.07	767.453	2352.33	505	3518.35	152.463	205.858	519.833	-4.41926	0.0935677	49.4375	-27.844	0							voice nova "bed" tok=600742630d189d83 take=3 src=tts:gpt-audio-1.5 f0=150 onset=0.302 dur=0.350 vowel=0.312-0.532 level=0.050
61	proc	41	bud	baselineGeneralize	shiftMags=0	170.971	1.5	1.5	1.5	30	16000	4	0@0.002	0.282	0.476-0.758	-114.809	1002.44	-90	380	976.822	1451.92	469.464	2468.57	988.378	1469.76	480.036	1466.09	161.089	213.404	486.872	-4.26896	0.0928806	25.6875	-27.9812	0							voice nova "bud" tok=c3df365507de79b6 take=0 src=tts:gpt-audio-1.5 f0=158 onset=0.328 dur=0.440 vowel=0.358-0.688 level=0.050
62	proc	42	bid	baselineGeneralize	shiftMags=0	173.484	1.5	1.5	1.5	30	16000	4	0@0.002	0.332	0.388-0.722	122.117	873.32	110	292	519.55	2394.02	518.883	1490.13	519.55	2394.02	518.883	1490.13	156.525	238.548	729.472	-6.10153	0.0859801	23.75	-27.7616	0							voice nova "bid" tok=0c00a513cebb7049 take=0 src=tts:gpt-audio-1.5 f0=151 onset=0.295 dur=0.440 vowel=0.385-0.695 level=0.050
63	proc	43	bed	baselineGeneralize	shiftMags=0	176.032	1.5	1.5	1.5	30	16000	4	0@0.002	0.232	0.342-0.574	-97.4062	883.452	-77	298	821.435	2184.32	444.71	3528.05	821.435	2184.32	444.71	3528.05	143.459	184.431	434.936	-4.88596	0.0891373	5.125	-27.0519	0							voice nova "bed" tok=93d65aa8eca896f0 take=0 src=tts:gpt-audio-1.5 f0=143 onset=0.303 dur=0.330 vowel=0.333-0.533 level=0.050
64	proc	44	bode	baselineGeneralize	shiftMags=0	178.674	1.5	1.5	1.5	30	16000	4	0@0.002	0.34	0.350-0.690	50.5631	1111.14	43.5	496	706.614	1316.19	459.421	3485.6	706.614	1316.19	459.421	3485.6	144.542	NaN	NaN	-5.12967	0.094233	10.1875	-27.3963	0							voice nova "bode" tok=54a613ca9b77a6d8 take=0 src=tts:gpt-audio-1.5 f0=145 onset=0.307 dur=0.480 vowel=0.337-0.667 level=0.050
65	proc	45	bayed	baselineGeneralize	shiftMags=0	181.349	1.5	1.5	1.5	30	16000	4	0@0.002	0.396	0.364-0.794	189.261	753.633	179	231	455.314	2611.7	443.629	2656.08	455.314	2611.7	443.629	2656.08	140.938	NaN	NaN	-5.25716	0.100182	-36.5625	-27.117	0							voice nova "bayed" tok=17829631a71d46f1 take=3 src=tts:gpt-audio-1.5 f0=142 onset=0.360 dur=0.480 vowel=0.360-0.770 level=0.050
66	proc	46	bode	baselineGeneralize	shiftMags=0	184.255	1.5	1.5	1.5	30	16000	4	0@0.002	0.46	0.364-0.856	144.307	1145.26	132	562	433.746	1169.22	451.725	2159.32	417.337	1084.97	451.725	2159.32	147.259	88.9843	-872.078	-5.80736	0.0837829	48.5625	-26.5276	0							voice nova "bode" tok=33b78ff44ba709bf take=1 src=tts:gpt-audio-1.5 f0=147 onset=0.360 dur=0.530 vowel=0.360-0.830 level=0.050
67	proc	47	bud	baselineGeneralize	shiftMags=0	186.802	1.5	1.5	1.5	30	16000	4	0@0.002	0.216	0.280-0.496	-123.293	1004.37	-96	386	829.317	1521.36	402.43	3636.31	849.455	1546.36	409.383	3617.1	126.25	221.997	977.102	-4.88103	0.0977312	29.8125	-26.7637	0							voice nova "bud" tok=d4991a84ce53ec1b take=1 src=tts:gpt-audio-1.5 f0=126 onset=0.281 dur=0.320 vowel=0.281-0.441 level=0.050
68	proc	48	bid	baselineGeneralize	shiftMags=0	189.388	1.5	1.5	1.5	30	16000	4	0@0.002	0.252	0.470-0.784	130.062	851.64	118	281	512.623	2490.06	407.625	2071.39	512.623	2490.06	407.625	2071.39	159.758	NaN	NaN	-4.574	0.0859116	17.25	-28.6883	0							voice nova "bid" tok=11dcda505463a098 take=1 src=tts:gpt-audio-1.5 f0=153 onset=0.318 dur=0.490 vowel=0.458-0.768 level=0.050
69	proc	49	bayed	baselineGeneralize	shiftMags=0	192.263	1.5	1.5	1.5	30	16000	4	0@0.002	0.326	0.574-0.900	130.414	714.238	118	215	590.57	2196.33	401.873	1308.29	547.885	1481.53	406.843	2410.54	153.117	NaN	NaN	-5.65408	0.0887442	40.75	-28.5113	0							voice nova "bayed" tok=3a0e026013b32be5 take=1 src=tts:gpt-audio-1.5 f0=152 onset=0.371 dur=0.650 vowel=0.561-0.841 level=0.050
70	proc	50	bed	baselineGeneralize	shiftMags=0	195.241	1.5	1.5	1.5	30	16000	4	0@0.002	0.256	0.380-0.636	-120.31	914.239	-94	320	904.172	2099.72	393.407	1251.46	904.576	2100.57	390.497	1235.63	138.916	292.537	1289.29	-5.21528	0.0815139	21.75	-27.0942	0							voice nova "bed" tok=e267da24474bd4d7 take=1 src=tts:gpt-audio-1.5 f0=139 onset=0.316 dur=0.400 vowel=0.366-0.586 level=0.050
71	proc	51	bayed	baselineGeneralize	shiftMags=0	197.673	1.5	1.5	1.5	30	16000	4	0@0.002	0.356	0.392-0.748	146.078	750.332	134	231	514.454	2497.69	505.98	3507.42	514.454	2497.69	505.98	3507.42	161.221	196.091	338.979	-5.32965	0.0917557	16.3125	-27.898	0							voice nova "bayed" tok=c5140cbb6e6806a4 take=2 src=tts:gpt-audio-1.5 f0=156 onset=0.290 dur=0.580 vowel=0.290-0.830 level=0.050
72	proc	52	bode	baselineGeneralize	shiftMags=0	200.471	1.5	1.5	1.5	30	16000	4	0@0.002	0.316	0.396-0.712	78.6721	1116.68	69	507	532.598	1238.22	529.322	2068.87	532.598	1217.24	545.768	2137.32	141.396	174.619	365.369	-6.48689	0.0683497	59	-26.899	0							voice nova "bode" tok=e403d6ba2bbcafc1 take=2 src=tts:gpt-audio-1.5 f0=139 onset=0.358 dur=0.370 vowel=0.388-0.648 level=0.050
73	proc	53	bud	baselineGeneralize	shiftMags=0	202.907	1.5	1.5	1.5	30	16000	4	0@0.002	0.194	0.376-0.580	-104.413	997.264	-82	375	855.209	1562.56	3512.67	7460.5	855.209	1562.56	3512.67	7460.5	161.168	NaN	NaN	-5.58017	0.0789246	42.5625	-27.6753	0							voice nova "bud" tok=ef938da1630c1d0f take=2 src=tts:gpt-audio-1.5 f0=144 onset=0.309 dur=0.330 vowel=0.369-0.519 level=0.050
74	proc	54	bed	baselineGeneralize	shiftMags=0	205.713	1.5	1.5	1.5	30	16000	4	0@0.002	0.234	0.400-0.634	-164.699	906.02	-126	314	910.675	2112.86	438.058	2313.62	922.438	2115.18	422.853	1257.6	155.122	140.556	-170.716	-5.31749	0.0738124	55.875	-26.7021	0							voice nova "bed" tok=3dc3c7d4b4236979 take=2 src=tts:gpt-audio-1.5 f0=154 onset=0.358 dur=0.310 vowel=0.388-0.588 level=0.050
75	proc	55	bid	baselineGeneralize	shiftMags=0	207.992	1.5	1.5	1.5	30	16000	4	0@0.002	0.238	0.462-0.700	142.353	846.584	130	281	NaN	NaN	NaN	NaN					154.565	NaN	NaN	-3.70842	0.0987982	3.6875	-29.0182	0							voice nova "bid" tok=edca23925a902056 take=2 src=tts:gpt-audio-1.5 f0=151 onset=0.324 dur=0.480 vowel=0.344-0.744 level=0.050
76	proc	56	bed	baselineGeneralize	shiftMags=0	210.622	1.5	1.5	1.5	30	16000	4	0@0.002	0.24	0.332-0.582	-92.05	883.318	-73	298	870.185	2193.45	508.266	1706.48	870.185	2193.45	508.266	1706.48	152.486	NaN	NaN	-5.20466	0.0874241	16.4375	-27.8441	0							voice nova "bed" tok=600742630d189d83 take=3 src=tts:gpt-audio-1.5 f0=150 onset=0.312 dur=0.350 vowel=0.322-0.542 level=0.050
77	proc	57	bayed	baselineGeneralize	shiftMags=0	213.3	1.5	1.5	1.5	30	16000	4	0@0.002	0.396	0.344-0.774	189.274	753.266	179	231	463.267	2553.39	843.596	2482.63	463.267	2553.39	843.596	2482.63	140.945	NaN	NaN	-4.33398	0.103547	-39.25	-27.117	0							voice nova "bayed" tok=17829631a71d46f1 take=3 src=tts:gpt-audio-1.5 f0=142 onset=0.341 dur=0.480 vowel=0.341-0.751 level=0.050
78	proc	58	bid	baselineGeneralize	shiftMags=0	216.074	1.5	1.5	1.5	30	16000	4	0@0.002	0.252	0.420-0.674	91.7309	903.722	81	314	442.72	2198.75	346.581	1075.32					145.068	202.389	576.479	-4.40397	0.110303	27.0625	-28.3784	0							voice nova "bid" tok=3e54e63e297e7735 take=3 src=tts:gpt-audio-1.5 f0=138 onset=0.289 dur=0.420 vowel=0.409-0.599 level=0.050
79	proc	59	bud	baselineGeneralize	shiftMags=0	219.012	1.5	1.5	1.5	30	16000	4	0@0.002	0.3	0.494-0.824	-106.85	984.684	-84	369	861.757	1545.19	543.491	1436.62	861.757	1545.19	543.491	1436.62	154.504	142.312	-142.306	-5.3318	0.0972221	27.0625	-27.8432	0							voice nova "bud" tok=100e18a7e6306c98 take=3 src=tts:gpt-audio-1.5 f0=152 onset=0.333 dur=0.480 vowel=0.483-0.793 level=0.050
80	proc	60	bode	baselineGeneralize	shiftMags=0	221.858	1.5	1.5	1.5	30	16000	4	0@0.002	0.412	0.398-0.826	132.16	1116.41	120	507	484.53	1123.21	408.856	3375.59	484.53	1123.21	408.856	3375.59	167.207	220.367	477.925	-4.63108	0.105709	-46.5625	-26.9202	0							voice nova "bode" tok=b171397a56109f7a take=3 src=tts:gpt-audio-1.5 f0=161 onset=0.357 dur=0.480 vowel=0.367-0.797 level=0.050
81	proc	61	bid	baselineGeneralize	shiftMags=0	225.531	1.5	1.5	1.5	30	16000	4	0@0.002	0.334	0.420-0.754	122.23	874.309	110	292	517.362	2391.41	563.737	1447.1	518.193	2392.38	552.75	1442.33	155.796	194.067	380.272	-4.30046	0.094857	39.4375	-27.7614	0							voice nova "bid" tok=0c00a513cebb7049 take=0 src=tts:gpt-audio-1.5 f0=151 onset=0.328 dur=0.440 vowel=0.418-0.728 level=0.050
82	proc	62	bode	baselineGeneralize	shiftMags=0	228.154	1.5	1.5	1.5	30	16000	4	0@0.002	0.34	0.344-0.684	45.9697	1110.08	39.5	496	696.029	1366.49	530.357	1488.48	696.029	1366.49	530.357	1488.48	143.501	NaN	NaN	-6.75738	0.0841835	-12.8125	-27.3962	0							voice nova "bode" tok=54a613ca9b77a6d8 take=0 src=tts:gpt-audio-1.5 f0=145 onset=0.302 dur=0.480 vowel=0.332-0.662 level=0.050
83	proc	63	bud	baselineGeneralize	shiftMags=0	230.413	1.5	1.5	1.5	30	16000	4	0@0.002	0.28	0.448-0.728	-120.299	1011.88	-94	391	935.937	1402.11	464.011	1263.86	935.937	1402.11	452.209	1263.86	161.292	183.996	227.994	-5.64101	0.0804881	55.375	-27.9811	0							voice nova "bud" tok=c3df365507de79b6 take=0 src=tts:gpt-audio-1.5 f0=158 onset=0.299 dur=0.440 vowel=0.329-0.659 level=0.050
84	proc	64	bed	baselineGeneralize	shiftMags=0	233.078	1.5	1.5	1.5	30	16000	4	0@0.002	0.232	0.384-0.628	-99.2954	885.264	-78.5	298	820.879	2208.04	471.44	1134.1	820.879	2208.04	471.44	1134.1	143.55	153.583	116.958	-5.03127	0.0895421	15.1875	-27.0517	0							voice nova "bed" tok=93d65aa8eca896f0 take=0 src=tts:gpt-audio-1.5 f0=143 onset=0.343 dur=0.330 vowel=0.373-0.573 level=0.050
85	proc	65	bayed	baselineGeneralize	shiftMags=0	235.75	1.5	1.5	1.5	30	16000	4	0@0.002	0.326	0.546-0.872	129.903	714.141	118	215	722.998	2329.36	367.949	1987.12	722.998	2329.36	367.949	1987.12	151.92	NaN	NaN	-4.51703	0.0834426	-2.6875	-28.5112	0							voice nova "bayed" tok=3a0e026013b32be5 take=1 src=tts:gpt-audio-1.5 f0=152 onset=0.343 dur=0.650 vowel=0.533-0.813 level=0.050
86	proc	66	bed	baselineGeneralize	shiftMags=0	238.556	1.5	1.5	1.5	30	16000	4	0@0.002	0.254	0.432-0.686	-120.527	915.227	-94	320	906.463	2078.16	546.239	3515.52	907.57	2092.24	569.34	3515.52	138.414	88.7905	-768.62	-5.22724	0.0795097	58.25	-27.0958	0							voice nova "bed" tok=e267da24474bd4d7 take=1 src=tts:gpt-audio-1.5 f0=139 onset=0.367 dur=0.400 vowel=0.417-0.637 level=0.050
87	proc	67	bode	baselineGeneralize	shiftMags=0	240.93	1.5	1.5	1.5	30	16000	4	0@0.002	0.46	0.302-0.794	146.114	1145.09	134	562	801.043	1302.2	428.019	3594.47	846.555	1306.07	441.68	3563.26	147.454	223.801	722.34	-5.4241	0.0890325	22.6875	-26.5277	0							voice nova "bode" tok=33b78ff44ba709bf take=1 src=tts:gpt-audio-1.5 f0=147 onset=0.298 dur=0.530 vowel=0.298-0.768 level=0.050
88	proc	68	bud	baselineGeneralize	shiftMags=0	243.622	1.5	1.5	1.5	30	16000	4	0@0.002	0.218	0.326-0.544	-125.6	1001.3	-98	380	NaN	NaN	NaN	NaN					125.946	NaN	NaN	-3.4203	0.127196	2.9375	-26.7639	0							voice nova "bud" tok=d4991a84ce53ec1b take=1 src=tts:gpt-audio-1.5 f0=126 onset=0.328 dur=0.320 vowel=0.328-0.488 level=0.050
89	proc	69	bid	baselineGeneralize	shiftMags=0	245.91	1.5	1.5	1.5	30	16000	4	0@0.002	0.256	0.460-0.774	130.156	853.908	118	281	524.768	2396.64	391.179	1274.77	524.768	2396.64	391.179	1274.77	158.981	247.414	765.684	-5.17762	0.0872475	12	-28.6873	0							voice nova "bid" tok=11dcda505463a098 take=1 src=tts:gpt-audio-1.5 f0=153 onset=0.308 dur=0.490 vowel=0.448-0.758 level=0.050
90	proc	70	bayed	baselineGeneralize	shiftMags=0	248.705	1.5	1.5	1.5	30	16000	4	0@0.002	0.358	0.422-0.780	146.299	749.522	134	231	538.026	2362.83	393.833	1250.74	514.654	2392.44	404.949	1269.69	159.863	192.271	319.569	-5.30891	0.0894204	45.5625	-27.8979	0							voice nova "bayed" tok=c5140cbb6e6806a4 take=2 src=tts:gpt-audio-1.5 f0=156 onset=0.321 dur=0.580 vowel=0.321-0.861 level=0.050
91	proc	71	bed	baselineGeneralize	shiftMags=0	251.571	1.5	1.5	1.5	30	16000	4	0@0.002	0.234	0.360-0.594	-159.512	906.575	-122	314	929.388	2113.44	531.073	2980.79	929.388	2113.44	531.073	2980.79	155.083	NaN	NaN	-6.26211	0.078808	-33.9375	-26.7034	0							voice nova "bed" tok=3dc3c7d4b4236979 take=2 src=tts:gpt-audio-1.5 f0=154 onset=0.317 dur=0.310 vowel=0.347-0.547 level=0.050
92	proc	72	bayed	baselineGeneralize	shiftMags=0	254.149	1.5	1.5	1.5	30	16000	4	0@0.002	0.396	0.338-0.768	189.238	752.855	179	231	497.9	2566.61	491.668	1215.27	497.433	2586.51	496.451	1223.13	141.865	235.595	878.152	-5.57815	0.0793643	15.9375	-27.1171	0							voice nova "bayed" tok=17829631a71d46f1 take=3 src=tts:gpt-audio-1.5 f0=142 onset=0.334 dur=0.480 vowel=0.334-0.744 level=0.050
93	proc	73	bid	baselineGeneralize	shiftMags=0	256.915	1.5	1.5	1.5	30	16000	4	0@0.002	0.238	0.454-0.692	142.45	846.365	130	276	479.458	2421.22	432.101	1357.76	479.458	2421.22	432.101	1357.76	154.948	178.537	245.335	-4.53798	0.101684	-17.1875	-29.0182	0							voice nova "bid" tok=edca23925a902056 take=2 src=tts:gpt-audio-1.5 f0=151 onset=0.316 dur=0.480 vowel=0.336-0.736 level=0.050
94	proc	74	bud	baselineGeneralize	shiftMags=0	259.662	1.5	1.5	1.5	30	16000	4	0@0.002	0.198	0.396-0.600	-104.309	993.129	-82	375	935.794	1681.55	452.035	2892.68	960.75	1725.88	381.133	2255.51	161.144	140.608	-236.003	-5.0731	0.0852053	29.9375	-27.6745	0							voice nova "bud" tok=ef938da1630c1d0f take=2 src=tts:gpt-audio-1.5 f0=144 onset=0.329 dur=0.330 vowel=0.389-0.539 level=0.050
95	proc	75	bode	baselineGeneralize	shiftMags=0	262.14	1.5	1.5	1.5	30	16000	4	0@0.002	0.316	0.340-0.656	78.7369	1116.69	69	507	565.723	1254.78	509.902	1781.9	565.723	1254.78	509.902	1781.9	141.763	166.319	276.561	-4.8319	0.0876205	-17.1875	-26.8993	0							voice nova "bode" tok=e403d6ba2bbcafc1 take=2 src=tts:gpt-audio-1.5 f0=139 onset=0.304 dur=0.370 vowel=0.334-0.594 level=0.050
96	proc	76	booed	baselineTrain	shiftMags=0	269.459	1.5	1.5	1.5	30	16000	3	0@0.002	0.36	0.462-0.822	229.84	1130.86	224	535	375.658	1226.9	591.459	2350.79	375.658	1226.9	591.459	2350.79	151.664	153.714	23.2351	-14.3902	0.0663498	7.6875	-27.1324	0							voice nova "booed" tok=218ae11466f90560 take=1 src=tts:gpt-audio-1.5 f0=154 onset=0.342 dur=0.550 vowel=0.452-0.782 level=0.050
97	proc	77	bead	baselineTrain	shiftMags=0	271.969	1.5	1.5	1.5	30	16000	3	0@0.002	0.28	0.372-0.652	219.853	649.833	213	187	320.887	3166.37	592.15	3394.68	320.887	3166.37	592.15	3394.68	160.05	155.15	-53.8332	-11.244	0.0817559	7.6875	-26.6222	0							voice nova "bead" tok=9f4782cd239a6d7c take=1 src=tts:gpt-audio-1.5 f0=157 onset=0.332 dur=0.370 vowel=0.352-0.602 level=0.050
98	proc	78	bad	baselineTrain	shiftMags=0	274.598	1.5	1.5	1.5	30	16000	3	0@0.002	0.288	0.344-0.632	-324.312	999.835	-230	380	1084.82	1954.86	713.944	2799.33	1108.51	1935.76	725.093	2780.76	135.342	134.481	-11.0485	-2.24733	0.167326	8.25	-28.0831	0							voice nova "bad" tok=e615886ee3dd7411 take=2 src=tts:gpt-audio-1.5 f0=136 onset=0.301 dur=0.420 vowel=0.321-0.551 level=0.050
99	proc	79	bod	baselineTrain	shiftMags=0	277.456	1.5	1.5	1.5	30	16000	3	0@0.002	0.322	0.462-0.784	-209.984	1099.21	-157	480	965.573	1255.42	708.101	2346.96	965.253	1248.19	712.529	2349	140.97	142.855	22.993	-9.58244	0.0811292	8.125	-27.2317	0							voice nova "bod" tok=44a267ea7020c4cc take=1 src=tts:gpt-audio-1.5 f0=139 onset=0.321 dur=0.510 vowel=0.341-0.741 level=0.050
100	proc	80	bod	baselineTrain	shiftMags=0	280.355	1.5	1.5	1.5	30	16000	3	0@0.002	0.29	0.494-0.790	-182.54	1093.4	-138	474	967.816	1337.55	723.756	2435.79	987.586	1342.78	723.756	2435.79	150.37	142.898	-88.2427	-8.89431	0.0792894	8.0625	-27.2258	0							voice nova "bod" tok=7f827d8d8855a883 take=2 src=tts:gpt-audio-1.5 f0=148 onset=0.368 dur=0.440 vowel=0.478-0.708 level=0.050
101	proc	81	bead	baselineTrain	shiftMags=0	282.889	1.5	1.5	1.5	30	16000	3	0@0.002	0.344	0.456-0.800	249.938	637.184	248	182	312.823	3265.3	513.087	3318.67	312.823	3265.3	513.087	3318.67	158.369	156.836	-16.839	-12.1889	0.0732032	7.6875	-26.9936	0							voice nova "bead" tok=21a7e5434e19f7df take=2 src=tts:gpt-audio-1.5 f0=148 onset=0.312 dur=0.540 vowel=0.452-0.742 level=0.050
102	proc	82	bad	baselineTrain	shiftMags=0	285.846	1.5	1.5	1.5	30	16000	3	0@0.002	0.334	0.338-0.678	-271.113	979.995	-197	364	1016.49	1835.94	786.453	2872.98	1018.92	1805.65	780.803	2881.99	133.242	133.19	-0.676959	-2.56985	0.20609	8.25	-26.1381	1	0.985+15.4ms						voice nova "bad" tok=0a26d815e9caf630 take=0 src=tts:gpt-audio-1.5 f0=132 onset=0.351 dur=0.340 vowel=0.351-0.591 level=0.050
103	proc	83	booed	baselineTrain	shiftMags=0	288.519	1.5	1.5	1.5	30	16000	3	0@0.002	0.284	0.364-0.668	213.058	1068.74	205	447	364.633	1668.77	522.612	2678.09	364.633	1668.77	522.612	2678.09	154.513	166.461	128.945	-13.0037	0.0679985	7.625	-26.5221	0							voice nova "booed" tok=1264d4b18797fdfa take=2 src=tts:gpt-audio-1.5 f0=153 onset=0.321 dur=0.390 vowel=0.341-0.611 level=0.050
104	proc	84	bead	baselineTrain	shiftMags=0	290.907	1.5	1.5	1.5	30	16000	3	0@0.002	0.278	0.470-0.750	253.657	649.236	252	187	322.206	2723.52	483.085	3451.78	322.206	2723.52	483.085	3451.78	141.076	145.328	51.4036	-10.1727	0.0654227	7.6875	-28.2361	0							voice nova "bead" tok=7fe897fdd57a9390 take=3 src=tts:gpt-audio-1.5 f0=140 onset=0.308 dur=0.510 vowel=0.328-0.698 level=0.050
105	proc	85	booed	baselineTrain	shiftMags=0	293.534	1.5	1.5	1.5	30	16000	3	0@0.002	0.268	0.396-0.664	213.381	1075.82	205	449.5	407.703	1559.3	424.434	2585.4	406.975	1544.14	424.039	2580.36	195.741	222.993	225.667	-15.0345	0.0642573	10.4375	-26.6314	0							voice nova "booed" tok=a950898a6b1aa9ec take=3 src=tts:gpt-audio-1.5 f0=195 onset=0.354 dur=0.350 vowel=0.374-0.624 level=0.050
106	proc	86	bod	baselineTrain	shiftMags=0	296.294	1.5	1.5	1.5	30	16000	3	0@0.002	0.288	0.360-0.648	-240.24	1117.4	-177	518	956.445	1215.98	722.343	2354.49	962.901	1217.01	721.836	2355.46	130.486	136.791	81.6851	-10.6976	0.0912367	8.125	-27.0457	0							voice nova "bod" tok=258bd75fe923bad2 take=3 src=tts:gpt-audio-1.5 f0=133 onset=0.321 dur=0.370 vowel=0.341-0.611 level=0.050
107	proc	87	bad	baselineTrain	shiftMags=0	299.117	1.5	1.5	1.5	30	16000	3	0@0.002	0.29	0.380-0.670	-301.903	997.941	-216	380	1052.75	1810.22	743.268	2833.64	1056.16	1806.01	746.831	2833.64	174.585	173.271	-13.0791	-4.34723	0.11555	8.25	-26.6796	0							voice nova "bad" tok=14f4da4622cf3505 take=1 src=tts:gpt-audio-1.5 f0=149 onset=0.345 dur=0.370 vowel=0.365-0.635 level=0.050
108	proc	88	bad	baselineTrain	shiftMags=0	301.456	1.5	1.5	1.5	30	16000	3	0@0.002	0.288	0.350-0.638	-324.063	996.455	-230	380	1085.28	1941.25	724.186	2782.18	1132.72	1890.33	724.992	2782.18	135.995	132.351	-47.0214	-2.14086	0.164176	8.25	-28.0829	0							voice nova "bad" tok=e615886ee3dd7411 take=2 src=tts:gpt-audio-1.5 f0=136 onset=0.307 dur=0.420 vowel=0.327-0.557 level=0.050
109	proc	89	bead	baselineTrain	shiftMags=0	304.436	1.5	1.5	1.5	30	16000	3	0@0.002	0.342	0.356-0.698	236.608	660.7	232	193	356.809	2673.52	336.713	3274.39	356.809	2705.74	336.713	3299.06	151.198	160.251	100.666	-12.4742	0.0836632	7.6875	-26.6433	0							voice nova "bead" tok=aea297645e58779f take=0 src=tts:gpt-audio-1.5 f0=146 onset=0.315 dur=0.420 vowel=0.345-0.655 level=0.050
110	proc	90	bod	baselineTrain	shiftMags=0	307.103	1.5	1.5	1.5	30	16000	3	0@0.002	0.268	0.414-0.716	-216.144	1097.32	-161	485	941.1	1260	741.702	2360.41	969.049	1260.41	742.42	2366.76	139.575	144.822	63.8845	-9.38227	0.0594123	8.25	-28.1239	0							voice nova "bod" tok=ac3b06ad2fe22a43 take=0 src=tts:gpt-audio-1.5 f0=148 onset=0.328 dur=0.410 vowel=0.338-0.668 level=0.050
111	proc	91	booed	baselineTrain	shiftMags=0	310.357	1.5	1.5	1.5	30	16000	3	0@0.002	0.318	0.300-0.624	212.702	1116.44	205	513	470.902	1338.58	563.069	2418.47	954.971	2044.75	3008.86	3185.92	169.937	192.245	213.539	-11.5141	0.113771	8	-27.2316	0							voice nova "booed" tok=c1440cd10ca7d3df take=0 src=tts:gpt-audio-1.5 f0=160 onset=0.305 dur=0.390 vowel=0.305-0.545 level=0.050
112	proc	92	bead	baselineTrain	shiftMags=0	312.821	1.5	1.5	1.5	30	16000	3	0@0.002	0.28	0.350-0.630	219.942	662.443	213	193	320.487	3161.07	590.703	3376.7	320.487	3161.07	590.703	3376.7	158.16	167.255	96.796	-11.3189	0.0763833	7.75	-26.6223	0							voice nova "bead" tok=9f4782cd239a6d7c take=1 src=tts:gpt-audio-1.5 f0=157 onset=0.310 dur=0.370 vowel=0.330-0.580 level=0.050
113	proc	93	bod	baselineTrain	shiftMags=0	315.695	1.5	1.5	1.5	30	16000	3	0@0.002	0.322	0.428-0.750	-209.924	1098.44	-157	480	963.536	1248.29	717.326	2343.49	963.917	1253.14	717.326	2343.49	139.556	137.996	-19.4658	-9.37229	0.068117	8.125	-27.2307	0							voice nova "bod" tok=44a267ea7020c4cc take=1 src=tts:gpt-audio-1.5 f0=139 onset=0.288 dur=0.510 vowel=0.308-0.708 level=0.050
114	proc	94	bad	baselineTrain	shiftMags=0	317.986	1.5	1.5	1.5	30	16000	3	0@0.002	0.34	0.320-0.660	-268.079	979.748	-195	364	1023.68	1817.06	783.764	2824.91	1047.71	1806.61	783.764	2824.91	133.35	133.093	-3.3347	-2.45236	0.230199	8.25	-26.1377	0							voice nova "bad" tok=0a26d815e9caf630 take=0 src=tts:gpt-audio-1.5 f0=132 onset=0.333 dur=0.340 vowel=0.333-0.573 level=0.050
115	proc	95	booed	baselineTrain	shiftMags=0	320.47	1.5	1.5	1.5	30	16000	3	0@0.002	0.36	0.430-0.790	229.548	1131.75	224	535	379.749	1225.47	598.637	2351.35	379.749	1225.47	598.637	2351.35	151.609	181.117	307.889	-14.6317	0.0693995	7.6875	-27.1322	1	1.485+15.4ms						voice nova "booed" tok=218ae11466f90560 take=1 src=tts:gpt-audio-1.5 f0=154 onset=0.309 dur=0.550 vowel=0.419-0.749 level=0.050
116	proc	96	booed	baselineTrain	shiftMags=0	323.229	1.5	1.5	1.5	30	16000	3	0@0.002	0.282	0.400-0.704	212.976	1068.52	205	447	365.191	1669.23	523.85	2679.8	362.484	1659.82	528.977	2671.19	154.374	159.528	56.8509	-13.3712	0.0741043	7.625	-26.5211	0							voice nova "booed" tok=1264d4b18797fdfa take=2 src=tts:gpt-audio-1.5 f0=153 onset=0.357 dur=0.390 vowel=0.377-0.647 level=0.050
117	proc	97	bod	baselineTrain	shiftMags=0	325.574	1.5	1.5	1.5	30	16000	3	0@0.002	0.292	0.448-0.744	-182.355	1085.18	-138	469	969.58	1338.9	706.418	2431.99	989.868	1346.88	709.52	2434.01	151.026	142.024	-106.396	-8.33323	0.113671	8.0625	-27.2256	0							voice nova "bod" tok=7f827d8d8855a883 take=2 src=tts:gpt-audio-1.5 f0=148 onset=0.321 dur=0.440 vowel=0.431-0.661 level=0.050
118	proc	98	bad	baselineTrain	shiftMags=0	328.363	1.5	1.5	1.5	30	16000	3	0@0.002	0.288	0.342-0.630	-305.05	989.855	-218	375	1052.27	1810.52	742.003	2821.28	1056.09	1805.47	748.175	2831.57	173.88	173.625	-2.54405	-4.33867	0.109988	8.25	-26.6788	0							voice nova "bad" tok=14f4da4622cf3505 take=1 src=tts:gpt-audio-1.5 f0=149 onset=0.306 dur=0.370 vowel=0.326-0.596 level=0.050
119	proc	99	bead	baselineTrain	shiftMags=0	331.055	1.5	1.5	1.5	30	16000	3	0@0.002	0.344	0.430-0.774	247.142	641.387	244	184.5	311.832	3219.59	515.492	3331.51	311.832	3219.59	515.492	3331.51	159.149	157.783	-14.9274	-12.0699	0.0719196	7.6875	-26.9864	0							voice nova "bead" tok=21a7e5434e19f7df take=2 src=tts:gpt-audio-1.5 f0=148 onset=0.285 dur=0.540 vowel=0.425-0.715 level=0.050
120	proc	100	bad	baselineTrain	shiftMags=0	333.506	1.5	1.5	1.5	30	16000	3	0@0.002	0.288	0.382-0.670	-321.462	998.88	-228	380	1045.69	1924.68	712.358	2744.6	1103.4	1865.44	715.726	2744.6	135.051	134.384	-8.57577	-2.32375	0.174654	8.25	-28.0838	0							voice nova "bad" tok=e615886ee3dd7411 take=2 src=tts:gpt-audio-1.5 f0=136 onset=0.339 dur=0.420 vowel=0.359-0.589 level=0.050
121	proc	101	bead	baselineTrain	shiftMags=0	336.364	1.5	1.5	1.5	30	16000	3	0@0.002	0.278	0.502-0.782	253.733	648.703	252	187	323.872	2722.64	460.376	2213.41	323.872	2722.64	460.376	2213.41	141.259	144.941	44.5497	-10.4215	0.0627831	7.6875	-28.2352	0							voice nova "bead" tok=7fe897fdd57a9390 take=3 src=tts:gpt-audio-1.5 f0=140 onset=0.340 dur=0.510 vowel=0.360-0.730 level=0.050
122	proc	102	bod	baselineTrain	shiftMags=0	338.669	1.5	1.5	1.5	30	16000	3	0@0.002	0.286	0.360-0.646	-240.104	1117.95	-177	518	953.368	1216.3	730.688	2354.3	954.991	1217.3	729.1	2361	130.392	134.654	55.677	-10.669	0.0887529	8.0625	-27.0443	1	0.985+15.4ms						voice nova "bod" tok=258bd75fe923bad2 take=3 src=tts:gpt-audio-1.5 f0=133 onset=0.322 dur=0.370 vowel=0.342-0.612 level=0.050
123	proc	103	booed	baselineTrain	shiftMags=0	341.064	1.5	1.5	1.5	30	16000	3	0@0.002	0.27	0.352-0.622	212.932	1074.12	205	447	408.924	1544.78	425.823	2624.86	408.869	1539.4	434.332	2604.03	197.195	224.467	224.249	-13.4447	0.072206	5.9375	-26.6319	0							voice nova "booed" tok=a950898a6b1aa9ec take=3 src=tts:gpt-audio-1.5 f0=195 onset=0.310 dur=0.350 vowel=0.330-0.580 level=0.050
124	proc	104	bead	baselineTrain	shiftMags=0	343.887	1.5	1.5	1.5	30	16000	3	0@0.002	0.344	0.402-0.746	236.603	655.617	232	190	355.574	2687.63	320.049	3282.47	357.699	2701.77	320.913	3295.74	147.518	155.336	89.3978	-12.7885	0.0743038	7.6875	-26.6427	0							voice nova "bead" tok=aea297645e58779f take=0 src=tts:gpt-audio-1.5 f0=146 onset=0.362 dur=0.420 vowel=0.392-0.702 level=0.050
125	proc	105	booed	baselineTrain	shiftMags=0	346.589	1.5	1.5	1.5	30	16000	3	0@0.002	0.316	0.294-0.618	212.824	1116.31	205	513	386.496	1338.24	514.104	2407.06	374.976	1699.55	515.811	2414.04	168.621	192.563	229.853	-12.2003	0.0736565	7.75	-27.2312	0							voice nova "booed" tok=c1440cd10ca7d3df take=0 src=tts:gpt-audio-1.5 f0=160 onset=0.299 dur=0.390 vowel=0.299-0.539 level=0.050
126	proc	106	bad	baselineTrain	shiftMags=0	349.001	1.5	1.5	1.5	30	16000	3	0@0.002	0.338	0.296-0.636	-270.774	979.767	-197	364	1019.35	1862.92	785.612	2894.15	1031.93	1812.28	787.156	2886.76	132.795	133.121	4.24909	-2.48832	0.217012	8.25	-26.1384	0							voice nova "bad" tok=0a26d815e9caf630 take=0 src=tts:gpt-audio-1.5 f0=132 onset=0.309 dur=0.340 vowel=0.309-0.549 level=0.050
127	proc	107	bod	baselineTrain	shiftMags=0	351.545	1.5	1.5	1.5	30	16000	3	0@0.002	0.268	0.416-0.718	-216.106	1097.4	-161	485	966.238	1266.13	735.677	2364.62	977.506	1316.13	735.677	2366.49	139.678	146.24	79.4796	-9.45746	0.0581247	8.25	-28.1243	0							voice nova "bod" tok=ac3b06ad2fe22a43 take=0 src=tts:gpt-audio-1.5 f0=148 onset=0.330 dur=0.410 vowel=0.340-0.670 level=0.050
128	proc	108	bad	baselineTrain	shiftMags=0	354.432	1.5	1.5	1.5	30	16000	3	0@0.002	0.288	0.328-0.616	-304.988	988.153	-218	369	1055.18	1805.85	739.925	2816.57	1057.07	1801.74	742.02	2816.57	174.018	176.422	23.746	-4.28433	0.126571	8.25	-26.6789	0							voice nova "bad" tok=14f4da4622cf3505 take=1 src=tts:gpt-audio-1.5 f0=149 onset=0.292 dur=0.370 vowel=0.312-0.582 level=0.050
129	proc	109	booed	baselineTrain	shiftMags=0	356.811	1.5	1.5	1.5	30	16000	3	0@0.002	0.36	0.486-0.846	229.443	1131.83	224	535	378.78	1225.74	613.462	2348.72	387.102	1223.93	614.15	2346.16	150.517	153.075	29.1748	-14.1232	0.06864	7.75	-27.1325	0							voice nova "booed" tok=218ae11466f90560 take=1 src=tts:gpt-audio-1.5 f0=154 onset=0.365 dur=0.550 vowel=0.475-0.805 level=0.050
130	proc	110	bod	baselineTrain	shiftMags=0	359.11	1.5	1.5	1.5	30	16000	3	0@0.002	0.32	0.476-0.796	-209.964	1098.13	-157	480	955.475	1247.89	715	2353.93	967.69	1248.23	715	2353.93	139.587	140.572	12.1784	-9.18655	0.089199	8.125	-27.2308	0							voice nova "bod" tok=44a267ea7020c4cc take=1 src=tts:gpt-audio-1.5 f0=139 onset=0.334 dur=0.510 vowel=0.354-0.754 level=0.050
131	proc	111	bead	baselineTrain	shiftMags=0	361.734	1.5	1.5	1.5	30	16000	3	0@0.002	0.28	0.410-0.690	220.03	654.187	213	190	320.474	3161.78	586.197	3398.67	320.474	3161.78	586.197	3398.67	157.933	189.431	314.83	-11.6965	0.076669	7.6875	-26.622	0							voice nova "bead" tok=9f4782cd239a6d7c take=1 src=tts:gpt-audio-1.5 f0=157 onset=0.370 dur=0.370 vowel=0.390-0.640 level=0.050
132	proc	112	bad	baselineTrain	shiftMags=0	364.137	1.5	1.5	1.5	30	16000	3	0@0.002	0.288	0.376-0.664	-324.055	998.161	-230	380	1104.25	1956.99	727.104	2884.69	1141.68	1840.77	733.237	2884.69	135.018	133.966	-13.5353	-2.09877	0.170555	8.25	-28.0831	0							voice nova "bad" tok=e615886ee3dd7411 take=2 src=tts:gpt-audio-1.5 f0=136 onset=0.334 dur=0.420 vowel=0.354-0.584 level=0.050
133	proc	113	bead	baselineTrain	shiftMags=0	366.899	1.5	1.5	1.5	30	16000	3	0@0.002	0.346	0.460-0.806	249.758	636.555	248	182	310.341	3205.7	479.422	3317.85	310.341	3205.7	479.422	3317.85	159.893	159.99	1.04623	-11.8564	0.0864901	7.6875	-26.9922	0							voice nova "bead" tok=21a7e5434e19f7df take=2 src=tts:gpt-audio-1.5 f0=148 onset=0.317 dur=0.540 vowel=0.457-0.747 level=0.050
134	proc	114	booed	baselineTrain	shiftMags=0	369.332	1.5	1.5	1.5	30	16000	3	0@0.002	0.282	0.418-0.722	213.088	1068.73	205	447	365.602	1678.05	529.518	2684.68	363.925	1664.34	532.178	2676.8	153.529	159.062	61.3023	-12.5084	0.0920624	7.625	-26.522	0							voice nova "booed" tok=1264d4b18797fdfa take=2 src=tts:gpt-audio-1.5 f0=153 onset=0.375 dur=0.390 vowel=0.395-0.665 level=0.050
135	proc	115	bod	baselineTrain	shiftMags=0	371.724	1.5	1.5	1.5	30	16000	3	0@0.002	0.288	0.456-0.744	-184.49	1094.79	-139.5	477	986.73	1340.14	712.823	2434.36	990.592	1345.14	716.134	2439.1	150.4	143.48	-81.5467	-8.09515	0.120902	8.0625	-27.2257	1	1.485+15.4ms						voice nova "bod" tok=7f827d8d8855a883 take=2 src=tts:gpt-audio-1.5 f0=148 onset=0.329 dur=0.440 vowel=0.439-0.669 level=0.050
136	proc	116	booed	train	shiftMags=0	374.434	1.5	1.5	1.5	30	16000	3	0@0.002	0.27	0.330-0.600	212.939	1075.38	205	447	409.833	1547.32	418.889	2627.81	408.868	1542.94	417.758	2627.5	195.762	205.888	87.3098	-14.1417	0.0715241	5.875	-26.6314	0							voice nova "booed" tok=a950898a6b1aa9ec take=3 src=tts:gpt-audio-1.5 f0=195 onset=0.288 dur=0.350 vowel=0.308-0.558 level=0.050
137	proc	117	bod	train	shiftMags=0	377.404	1.5	1.5	1.5	30	16000	3	0@0.002	0.286	0.356-0.642	-240.271	1119	-177	518	945.271	1220.52	723.627	2334.33	965.778	1220.71	720.208	2347.8	130.657	132.809	28.2826	-10.4377	0.0909982	8.0625	-27.0449	0							voice nova "bod" tok=258bd75fe923bad2 take=3 src=tts:gpt-audio-1.5 f0=133 onset=0.316 dur=0.370 vowel=0.336-0.606 level=0.050
138	proc	118	bad	train	shiftMags=0	380.065	1.5	1.5	1.5	30	16000	3	0@0.002	0.332	0.298-0.638	-274.533	978.143	-199	364	1017.22	1838.63	776.464	2858.3	1022.96	1806.6	776.606	2866.94	133.295	133.218	-1.00547	-2.44856	0.225468	8.25	-26.1378	0							voice nova "bad" tok=0a26d815e9caf630 take=0 src=tts:gpt-audio-1.5 f0=132 onset=0.311 dur=0.340 vowel=0.311-0.551 level=0.050
139	proc	119	bead	train	shiftMags=0	383.04	1.5	1.5	1.5	30	16000	3	0@0.002	0.278	0.528-0.808	253.555	660.466	252	193	319.748	2719.08	508.882	3438.35	319.748	2719.08	508.882	3438.35	140.404	147.383	83.9829	-10.3701	0.0630111	7.6875	-28.236	0							voice nova "bead" tok=7fe897fdd57a9390 take=3 src=tts:gpt-audio-1.5 f0=140 onset=0.366 dur=0.510 vowel=0.386-0.756 level=0.050
140	proc	120	bod	train	shiftMags=0	386.034	1.5	1.5	1.5	30	16000	3	0@0.002	0.268	0.456-0.758	-215.974	1097.67	-161	485	972.667	1266.8	734.47	2354.72	977.653	1318.79	734.47	2368.75	139.96	153.095	155.303	-9.47558	0.0596516	8.25	-28.1242	0							voice nova "bod" tok=ac3b06ad2fe22a43 take=0 src=tts:gpt-audio-1.5 f0=148 onset=0.370 dur=0.410 vowel=0.380-0.710 level=0.050
141	proc	121	bad	train	shiftMags=0	389.847	1.5	1.5	1.5	30	16000	3	0@0.002	0.29	0.356-0.646	-302.151	998.312	-216	380	1055.5	1803.66	741.03	2810.65	1057.7	1800.7	742.207	2810.65	173.821	176.563	27.0993	-4.27162	0.119775	8.25	-26.6797	0							voice nova "bad" tok=14f4da4622cf3505 take=1 src=tts:gpt-audio-1.5 f0=149 onset=0.321 dur=0.370 vowel=0.341-0.611 level=0.050
142	proc	122	bead	train	shiftMags=0	392.528	1.5	1.5	1.5	30	16000	3	0@0.002	0.342	0.328-0.670	236.691	648.469	232	187	361.967	2701.72	331.65	3288.93	358.712	2706.37	331.641	3296.95	147.679	172.507	269.024	-11.9174	0.0813736	7.9375	-26.6426	1	0.985+15.4ms						voice nova "bead" tok=aea297645e58779f take=0 src=tts:gpt-audio-1.5 f0=146 onset=0.286 dur=0.420 vowel=0.316-0.626 level=0.050
143	proc	123	booed	train	shiftMags=0	395.057	1.5	1.5	1.5	30	16000	3	0@0.002	0.318	0.340-0.666	212.8	1115.82	205	513	691.541	1693.69	486.969	2725.43	958.882	2050.11	518.714	3017.91	166.86	194.391	264.388	-10.8493	0.109804	8	-27.2321	0							voice nova "booed" tok=c1440cd10ca7d3df take=0 src=tts:gpt-audio-1.5 f0=160 onset=0.345 dur=0.390 vowel=0.345-0.585 level=0.050
144	proc	124	bead	train	shiftMags=0	397.366	1.5	1.5	1.5	30	16000	3	0@0.002	0.278	0.372-0.650	217.169	648.877	209	187	320.664	3168.29	599.253	3398.21	320.664	3168.29	599.253	3398.21	158.605	187.038	285.474	-11.0773	0.083951	7.6875	-26.6224	0							voice nova "bead" tok=9f4782cd239a6d7c take=1 src=tts:gpt-audio-1.5 f0=157 onset=0.331 dur=0.370 vowel=0.351-0.601 level=0.050
145	proc	125	bad	train	shiftMags=0	400.012	1.5	1.5	1.5	30	16000	3	0@0.002	0.288	0.346-0.634	-321.389	998.25	-228	380	1079.97	1958.93	729.526	2841.2	1127.68	1889.67	735.366	2781.58	135.895	132.799	-39.8967	-2.08819	0.172153	8.25	-28.0829	0							voice nova "bad" tok=e615886ee3dd7411 take=2 src=tts:gpt-audio-1.5 f0=136 onset=0.303 dur=0.420 vowel=0.323-0.553 level=0.050
146	proc	126	booed	train	shiftMags=0	402.397	1.5	1.5	1.5	30	16000	3	0@0.002	0.36	0.470-0.830	229.452	1131.54	224	535	378.323	1225.39	587.026	2348.3	378.323	1225.39	587.026	2348.3	151.458	192.619	416.196	-14.9987	0.0650715	7.625	-27.1328	0							voice nova "booed" tok=218ae11466f90560 take=1 src=tts:gpt-audio-1.5 f0=154 onset=0.349 dur=0.550 vowel=0.459-0.789 level=0.050
147	proc	127	bod	train	shiftMags=0	405.072	1.5	1.5	1.5	30	16000	3	0@0.002	0.32	0.506-0.826	-209.976	1098.88	-157	480	955.912	1247.41	719.275	2339.92	959.767	1248.74	719.378	2346.53	140.211	140.747	6.61313	-8.93957	0.0938244	8.125	-27.2304	0							voice nova "bod" tok=44a267ea7020c4cc take=1 src=tts:gpt-audio-1.5 f0=139 onset=0.365 dur=0.510 vowel=0.385-0.785 level=0.050
148	proc	128	bead	train	shiftMags=0	407.647	1.5	1.5	1.5	30	16000	3	0@0.002	0.342	0.464-0.808	247.046	637.339	244	182	309.782	3172.97	491.876	3307.18	309.782	3172.97	491.876	3307.18	157.83	159.862	22.1477	-11.9705	0.0768843	7.6875	-26.9923	0							voice nova "bead" tok=21a7e5434e19f7df take=2 src=tts:gpt-audio-1.5 f0=148 onset=0.319 dur=0.540 vowel=0.459-0.749 level=0.050
149	proc	129	bad	train	shiftMags=0	410.315	1.5	1.5	1.5	30	16000	3	0@0.002	0.332	0.324-0.664	-271.46	979.626	-197	364	1026.63	1836.78	786.273	2858.79	1030.39	1824.03	782.136	2858.79	132.7	133.041	4.44426	-2.49072	0.19968	8.25	-26.1379	0							voice nova "bad" tok=0a26d815e9caf630 take=0 src=tts:gpt-audio-1.5 f0=132 onset=0.336 dur=0.340 vowel=0.336-0.576 level=0.050
150	proc	130	bod	train	shiftMags=0	412.996	1.5	1.5	1.5	30	16000	3	0@0.002	0.29	0.418-0.714	-182.577	1095.03	-138	474	978.346	1340.02	713.091	2432.99	985.229	1355.84	716.076	2435.15	151.058	142.663	-98.992	-9.04755	0.0789402	8.0625	-27.2254	0							voice nova "bod" tok=7f827d8d8855a883 take=2 src=tts:gpt-audio-1.5 f0=148 onset=0.292 dur=0.440 vowel=0.402-0.632 level=0.050
151	proc	131	booed	train	shiftMags=0	415.667	1.5	1.5	1.5	30	16000	3	0@0.002	0.282	0.340-0.644	212.756	1070.19	205	447	362.036	1660.11	533.372	2670.04	362.036	1660.11	533.372	2670.04	154.38	159.281	54.1142	-13.6292	0.0727348	7.625	-26.5211	0							voice nova "booed" tok=1264d4b18797fdfa take=2 src=tts:gpt-audio-1.5 f0=153 onset=0.298 dur=0.390 vowel=0.318-0.588 level=0.050
152	proc	132	bead	train	shiftMags=0	418.612	1.5	1.5	1.5	30	16000	3	0@0.002	0.276	0.498-0.778	253.091	654.773	252	190	320.103	2723.28	472.341	2196.4	320.103	2723.28	472.341	2196.4	140.399	144.536	50.285	-10.2866	0.0704782	7.6875	-28.2362	0							voice nova "bead" tok=7fe897fdd57a9390 take=3 src=tts:gpt-audio-1.5 f0=140 onset=0.336 dur=0.510 vowel=0.356-0.726 level=0.050
153	proc	133	bad	train	shiftMags=0	421.278	1.5	1.5	1.5	30	16000	3	0@0.002	0.29	0.326-0.616	-301.856	999.094	-216	380	1055.54	1804.45	739.775	2817.58	1057.43	1800.13	740.956	2819.01	173.672	174.215	5.40539	-4.31191	0.120969	8.25	-26.679	0							voice nova "bad" tok=14f4da4622cf3505 take=1 src=tts:gpt-audio-1.5 f0=149 onset=0.291 dur=0.370 vowel=0.311-0.581 level=0.050
154	proc	134	bod	train	shiftMags=0	423.616	1.5	1.5	1.5	30	16000	3	0@0.002	0.286	0.406-0.692	-240.174	1117.1	-177	518	948.082	1220.04	724.884	2345.33	973.192	1220.24	724.12	2353.8	131.531	131.724	2.54103	-10.7693	0.0895924	8.0625	-27.0451	0							voice nova "bod" tok=258bd75fe923bad2 take=3 src=tts:gpt-audio-1.5 f0=133 onset=0.367 dur=0.370 vowel=0.387-0.657 level=0.050
155	proc	135	booed	train	shiftMags=0	426.529	1.5	1.5	1.5	30	16000	3	0@0.002	0.27	0.344-0.614	209.93	1075.8	201	447	408.436	1539.87	415.6	2602.55	408.019	1542.39	422.122	2592.93	199.432	222.511	189.573	-14.3514	0.0668869	7.625	-26.6308	1	1.485+15.4ms						voice nova "booed" tok=a950898a6b1aa9ec take=3 src=tts:gpt-audio-1.5 f0=195 onset=0.302 dur=0.350 vowel=0.322-0.572 level=0.050
156	proc	136	bad	train	shiftMags=0	429.335	1.5	1.5	1.5	30	16000	3	0@0.002	0.288	0.382-0.670	-301.214	1020.53	-216	399.5	1006.8	1931.1	702.94	2725.15	1071.14	1922.98	705.653	2725.15	135.254	133.076	-28.1008	-2.37731	0.168509	8.25	-28.0829	0							voice nova "bad" tok=e615886ee3dd7411 take=2 src=tts:gpt-audio-1.5 f0=136 onset=0.340 dur=0.420 vowel=0.360-0.590 level=0.050
157	proc	137	bod	train	shiftMags=0	431.861	1.5	1.5	1.5	30	16000	3	0@0.002	0.266	0.422-0.724	-216.084	1098.15	-161	485	949.827	1266.52	729.885	2359.93	973.396	1269.8	730.669	2367.94	140.456	156.617	188.54	-9.42937	0.0602566	8.25	-28.1235	0							voice nova "bod" tok=ac3b06ad2fe22a43 take=0 src=tts:gpt-audio-1.5 f0=148 onset=0.337 dur=0.410 vowel=0.347-0.677 level=0.050
158	proc	138	booed	train	shiftMags=0	434.444	1.5	1.5	1.5	30	16000	3	0@0.002	0.318	0.348-0.674	213.05	1115.69	205	513	700.974	1689.93	1764.14	3318.97	993.605	2061.86	3026.33	4242.52	165.866	185.963	197.995	-11.3793	0.114221	8	-27.2319	0							voice nova "booed" tok=c1440cd10ca7d3df take=0 src=tts:gpt-audio-1.5 f0=160 onset=0.353 dur=0.390 vowel=0.353-0.593 level=0.050
159	proc	139	bead	train	shiftMags=0	437.116	1.5	1.5	1.5	30	16000	3	0@0.002	0.342	0.338-0.680	236.652	661.067	232	193	362.785	2695.32	345.565	3281.5	358.892	2703.58	343.385	3293	148.284	176.465	301.228	-12.7575	0.0745323	7.625	-26.6434	0							voice nova "bead" tok=aea297645e58779f take=0 src=tts:gpt-audio-1.5 f0=146 onset=0.297 dur=0.420 vowel=0.327-0.637 level=0.050
160	proc	140	bad	train	shiftMags=0	439.659	1.5	1.5	1.5	30	16000	3	0@0.002	0.336	0.312-0.652	-271.268	980.382	-197	364	1025.96	1822.82	779.857	2904.89	1033.13	1818.56	779.857	2864.77	132.972	133.122	1.95446	-2.48797	0.222918	8.25	-26.1377	0							voice nova "bad" tok=0a26d815e9caf630 take=0 src=tts:gpt-audio-1.5 f0=132 onset=0.325 dur=0.340 vowel=0.325-0.565 level=0.050
161	proc	141	bead	train	shiftMags=0	442.412	1.5	1.5	1.5	30	16000	3	0@0.002	0.278	0.412-0.690	219.87	674.157	213	198	320.791	3163.16	600.26	3416.9	320.791	3163.16	600.26	3416.9	163.73	182.614	188.978	-11.4416	0.081974	7.6875	-26.6219	0							voice nova "bead" tok=9f4782cd239a6d7c take=1 src=tts:gpt-audio-1.5 f0=157 onset=0.372 dur=0.370 vowel=0.392-0.642 level=0.050
162	proc	142	booed	train	shiftMags=0	445.41	1.5	1.5	1.5	30	16000	3	0@0.002	0.36	0.448-0.808	226.888	1131.13	221	535	381.117	1223.82	592.063	2343.38	381.117	1223.82	592.063	2343.38	150.818	158.251	83.2787	-14.8596	0.0601899	7.6875	-27.1317	1	0.985+15.4ms						voice nova "booed" tok=218ae11466f90560 take=1 src=tts:gpt-audio-1.5 f0=154 onset=0.328 dur=0.550 vowel=0.438-0.768 level=0.050
163	proc	143	bod	train	shiftMags=0	447.699	1.5	1.5	1.5	30	16000	3	0@0.002	0.32	0.432-0.752	-209.997	1099.22	-157	480	955.4	1243.5	709.295	2343.35	952.077	1241.96	713.344	2345.07	140.334	141.28	11.6225	-9.04195	0.0873236	8.125	-27.2322	0							voice nova "bod" tok=44a267ea7020c4cc take=1 src=tts:gpt-audio-1.5 f0=139 onset=0.291 dur=0.510 vowel=0.311-0.711 level=0.050
164	proc	144	bead	train	shiftMags=0	450.638	1.5	1.5	1.5	30	16000	3	0@0.002	0.344	0.440-0.784	247.114	636.254	244	182	311.935	3229.94	523.124	3318.61	311.935	3229.94	523.124	3318.61	158.42	156.7	-18.9018	-11.7765	0.0720617	7.6875	-26.993	0							voice nova "bead" tok=21a7e5434e19f7df take=2 src=tts:gpt-audio-1.5 f0=148 onset=0.295 dur=0.540 vowel=0.435-0.725 level=0.050
165	proc	145	bad	train	shiftMags=0	453.63	1.5	1.5	1.5	30	16000	3	0@0.002	0.29	0.394-0.684	-301.905	986.789	-216	369	1052.54	1808.92	741.296	2817.28	1056.64	1803.28	742.447	2828.22	172.666	176.293	35.9898	-4.25446	0.114092	8.25	-26.6788	0							voice nova "bad" tok=14f4da4622cf3505 take=1 src=tts:gpt-audio-1.5 f0=149 onset=0.359 dur=0.370 vowel=0.379-0.649 level=0.050
166	proc	146	bod	train	shiftMags=0	456.527	1.5	1.5	1.5	30	16000	3	0@0.002	0.29	0.466-0.762	-182.356	1095.13	-138	474	976.697	1339.04	714.523	2435.77	986.088	1339.91	717.633	2435.87	150.386	143.462	-81.6035	-8.32178	0.115393	8.0625	-27.2252	0							voice nova "bod" tok=7f827d8d8855a883 take=2 src=tts:gpt-audio-1.5 f0=148 onset=0.339 dur=0.440 vowel=0.449-0.679 level=0.050
167	proc	147	booed	train	shiftMags=0	459.125	1.5	1.5	1.5	30	16000	3	0@0.002	0.282	0.402-0.706	212.762	1069.33	205	447	363.696	1661.04	527.417	2671.3	363.696	1661.04	527.417	2671.3	154.492	162.386	86.2759	-11.9396	0.0996599	7.6875	-26.521	0							voice nova "booed" tok=1264d4b18797fdfa take=2 src=tts:gpt-audio-1.5 f0=153 onset=0.358 dur=0.390 vowel=0.378-0.648 level=0.050
168	proc	148	bead	train	shiftMags=0	461.872	1.5	1.5	1.5	30	16000	3	0@0.002	0.278	0.502-0.782	253.085	650.149	252	187	323.498	2720.68	507.572	3453.71	323.498	2720.68	507.572	3453.71	140.541	145.186	56.2929	-10.3676	0.056378	7.6875	-28.2362	0							voice nova "bead" tok=7fe897fdd57a9390 take=3 src=tts:gpt-audio-1.5 f0=140 onset=0.340 dur=0.510 vowel=0.360-0.730 level=0.050
169	proc	149	booed	train	shiftMags=0	464.472	1.5	1.5	1.5	30	16000	3	0@0.002	0.268	0.404-0.672	212.905	1074.06	205	447	409.514	1541.33	421.14	2583.53	408.49	1541.07	414.527	2586.56	199.101	213.193	118.392	-13.1683	0.0750726	7.6875	-26.6322	0							voice nova "booed" tok=a950898a6b1aa9ec take=3 src=tts:gpt-audio-1.5 f0=195 onset=0.361 dur=0.350 vowel=0.381-0.631 level=0.050
170	proc	150	bod	train	shiftMags=0	467.002	1.5	1.5	1.5	30	16000	3	0@0.002	0.286	0.324-0.610	-240.164	1119.01	-177	518	941.207	1218.72	723.713	2353.25	950.387	1221.27	723.713	2362.64	130.776	132.664	24.8208	-10.2721	0.0932025	8.0625	-27.046	0							voice nova "bod" tok=258bd75fe923bad2 take=3 src=tts:gpt-audio-1.5 f0=133 onset=0.284 dur=0.370 vowel=0.304-0.574 level=0.050
171	proc	151	bad	train	shiftMags=0	470.369	1.5	1.5	1.5	30	16000	3	0@0.002	0.286	0.394-0.680	-327.813	997.269	-232	380	1035.28	1927.99	731.338	2705.64	1092.49	1890.62	715.568	2755.89	134.156	135.663	19.3421	-2.14668	0.168887	8.25	-28.0834	0							voice nova "bad" tok=e615886ee3dd7411 take=2 src=tts:gpt-audio-1.5 f0=136 onset=0.350 dur=0.420 vowel=0.370-0.600 level=0.050
172	proc	152	bead	train	shiftMags=0	472.77	1.5	1.5	1.5	30	16000	3	0@0.002	0.342	0.370-0.712	236.427	662.118	232	193	356.495	2694.82	371.45	3144.15	360.775	2695.7	357.542	2243.05	149.529	181.032	330.986	-12.9136	0.0773229	7.6875	-26.6429	0							voice nova "bead" tok=aea297645e58779f take=0 src=tts:gpt-audio-1.5 f0=146 onset=0.329 dur=0.420 vowel=0.359-0.669 level=0.050
173	proc	153	bad	train	shiftMags=0	475.378	1.5	1.5	1.5	30	16000	3	0@0.002	0.34	0.310-0.650	-268.385	981.502	-195	364	1016.14	1864.59	788.37	2854.6	1022.88	1815.57	788.37	2854.6	133.339	133.149	-2.46305	-2.46448	0.227267	8.25	-26.1378	0							voice nova "bad" tok=0a26d815e9caf630 take=0 src=tts:gpt-audio-1.5 f0=132 onset=0.323 dur=0.340 vowel=0.323-0.563 level=0.050
174	proc	154	bod	train	shiftMags=0	477.84	1.5	1.5	1.5	30	16000	3	0@0.002	0.268	0.390-0.694	-213.266	1098.01	-159	485	978.32	1285.25	728.191	2353.47	978.32	1285.25	728.191	2364.22	140.997	148.184	86.0623	-9.22995	0.0640373	8.25	-28.1242	0							voice nova "bod" tok=ac3b06ad2fe22a43 take=0 src=tts:gpt-audio-1.5 f0=148 onset=0.305 dur=0.410 vowel=0.315-0.645 level=0.050
175	proc	155	booed	train	shiftMags=0	480.246	1.5	1.5	1.5	30	16000	3	0@0.002	0.318	0.318-0.644	212.848	1116.27	205	513	468.667	1336.89	527.88	2395.24	949.075	2049.34	577.231	3027.26	166.258	193.113	259.221	-11.5303	0.135723	8	-27.2313	1	1.485+15.4ms						voice nova "booed" tok=c1440cd10ca7d3df take=0 src=tts:gpt-audio-1.5 f0=160 onset=0.324 dur=0.390 vowel=0.324-0.564 level=0.050
176	proc	156	booed	train	shiftMags=0	482.952	1.5	1.5	1.5	30	16000	3	0@0.002	0.36	0.476-0.836	226.924	1131.69	221	535	377.373	1223.72	599.7	2357.44	379.132	1222.37	612.908	2355.49	152.421	151.627	-9.0444	-14.4845	0.0705729	7.75	-27.1327	0							voice nova "booed" tok=218ae11466f90560 take=1 src=tts:gpt-audio-1.5 f0=154 onset=0.355 dur=0.550 vowel=0.465-0.795 level=0.050
177	proc	157	bod	train	shiftMags=0	485.414	1.5	1.5	1.5	30	16000	3	0@0.002	0.32	0.462-0.782	-209.954	1099.35	-157	480	957.312	1243.88	715.172	2344.09	961.65	1246.28	715.915	2345.59	139.058	140.169	13.781	-8.98936	0.087512	8.125	-27.2319	0							voice nova "bod" tok=44a267ea7020c4cc take=1 src=tts:gpt-audio-1.5 f0=139 onset=0.320 dur=0.510 vowel=0.340-0.740 level=0.050
178	proc	158	bad	train	shiftMags=0	488.289	1.5	1.5	1.5	30	16000	3	0@0.002	0.29	0.374-0.664	-301.901	999.87	-216	380	1051.59	1808.41	745.426	2762.67	1056.74	1803.76	746.993	2813.06	172.648	174.266	16.1535	-4.3622	0.11521	8.25	-26.6792	0							voice nova "bad" tok=14f4da4622cf3505 take=1 src=tts:gpt-audio-1.5 f0=149 onset=0.338 dur=0.370 vowel=0.358-0.628 level=0.050
179	proc	159	bead	train	shiftMags=0	490.605	1.5	1.5	1.5	30	16000	3	0@0.002	0.28	0.376-0.656	219.996	664.794	213	193	317.328	3168.03	598.224	3384.85	317.328	3168.03	598.224	3384.85	159.127	179.083	204.543	-11.2067	0.082346	7.75	-26.6224	0							voice nova "bead" tok=9f4782cd239a6d7c take=1 src=tts:gpt-audio-1.5 f0=157 onset=0.336 dur=0.370 vowel=0.356-0.606 level=0.050
180	proc	160	bod	train	shiftMags=0	493.025	1.5	1.5	1.5	30	16000	3	0@0.002	0.292	0.442-0.738	-182.379	1093.58	-138	474	969.155	1333.67	718.078	2429.3	985.892	1348.19	719.961	2435.76	151.576	140.581	-130.366	-8.12348	0.115579	8.0625	-27.2259	0							voice nova "bod" tok=7f827d8d8855a883 take=2 src=tts:gpt-audio-1.5 f0=148 onset=0.315 dur=0.440 vowel=0.425-0.655 level=0.050
181	proc	161	bead	train	shiftMags=0	495.593	1.5	1.5	1.5	30	16000	3	0@0.002	0.344	0.456-0.800	249.772	634.829	248	182	313.188	3258.59	509.379	3318.42	313.188	3258.59	509.379	3318.42	159.48	156.728	-30.1366	-12.1802	0.0703647	7.6875	-26.9937	0							voice nova "bead" tok=21a7e5434e19f7df take=2 src=tts:gpt-audio-1.5 f0=148 onset=0.313 dur=0.540 vowel=0.453-0.743 level=0.050
182	proc	162	bad	train	shiftMags=0	498.004	1.5	1.5	1.5	30	16000	3	0@0.002	0.288	0.388-0.676	-323.957	999.075	-230	380	1092.81	1947.84	715.01	2784.29	1134.13	1871.51	727.005	2784.29	135.474	135.883	5.22727	-2.15385	0.16607	8.25	-28.0835	1	0.985+15.4ms						voice nova "bad" tok=e615886ee3dd7411 take=2 src=tts:gpt-audio-1.5 f0=136 onset=0.346 dur=0.420 vowel=0.366-0.596 level=0.050
183	proc	163	booed	train	shiftMags=0	500.882	1.5	1.5	1.5	30	16000	3	0@0.002	0.284	0.362-0.666	212.945	1067.26	205	447	363.229	1662.38	528.446	2669.11	363.229	1662.38	528.446	2669.11	154.384	157.236	31.687	-12.7648	0.0857637	7.625	-26.5212	0							voice nova "booed" tok=1264d4b18797fdfa take=2 src=tts:gpt-audio-1.5 f0=153 onset=0.319 dur=0.390 vowel=0.339-0.609 level=0.050
184	proc	164	booed	train	shiftMags=0	503.501	1.5	1.5	1.5	30	16000	3	0@0.002	0.268	0.374-0.642	211.398	1075.6	203	449.5	409.011	1540.98	420.908	2593.93	408.404	1540.7	428.563	2588.64	198.767	221.811	189.898	-12.9515	0.0892392	10.5	-26.6301	0							voice nova "booed" tok=a950898a6b1aa9ec take=3 src=tts:gpt-audio-1.5 f0=195 onset=0.331 dur=0.350 vowel=0.351-0.601 level=0.050
185	proc	165	bead	train	shiftMags=0	505.797	1.5	1.5	1.5	30	16000	3	0@0.002	0.278	0.470-0.750	253.285	649.295	252	187	322.583	2722.24	495.037	3452.89	322.583	2722.24	495.037	3452.89	140.309	145.082	57.9144	-10.5708	0.05963	7.6875	-28.236	0							voice nova "bead" tok=7fe897fdd57a9390 take=3 src=tts:gpt-audio-1.5 f0=140 onset=0.308 dur=0.510 vowel=0.328-0.698 level=0.050
186	proc	166	bod	train	shiftMags=0	508.2	1.5	1.5	1.5	30	16000	3	0@0.002	0.286	0.342-0.628	-240.214	1118.82	-177	518	942.464	1217.6	725.835	2341.76	957.45	1220.23	725.777	2361.91	130.491	135.705	67.8271	-10.4971	0.0916923	8.0625	-27.0453	0							voice nova "bod" tok=258bd75fe923bad2 take=3 src=tts:gpt-audio-1.5 f0=133 onset=0.304 dur=0.370 vowel=0.324-0.594 level=0.050
187	proc	167	bad	train	shiftMags=0	510.974	1.5	1.5	1.5	30	16000	3	0@0.002	0.332	0.338-0.678	-274.288	980.317	-199	364	1016.21	1835.8	787.769	2862.51	1022.45	1804.3	786.474	2873.89	133.065	132.922	-1.86311	-2.61101	0.214674	8.25	-26.1376	0							voice nova "bad" tok=0a26d815e9caf630 take=0 src=tts:gpt-audio-1.5 f0=132 onset=0.350 dur=0.340 vowel=0.350-0.590 level=0.050
188	proc	168	booed	train	shiftMags=0	513.456	1.5	1.5	1.5	30	16000	3	0@0.002	0.318	0.332-0.658	212.825	1115.5	205	513	382.688	1339.03	499.025	2439.22	373.276	1701.57	502.07	2714.28	168.175	184.575	161.094	-11.2986	0.145802	8	-27.2311	0							voice nova "booed" tok=c1440cd10ca7d3df take=0 src=tts:gpt-audio-1.5 f0=160 onset=0.337 dur=0.390 vowel=0.337-0.577 level=0.050
189	proc	169	bad	train	shiftMags=0	515.93	1.5	1.5	1.5	30	16000	3	0@0.002	0.29	0.372-0.662	-307.938	984.674	-220	369	1052.81	1810.2	745.212	2804.6	1057.2	1804.85	749.498	2823.92	172.135	172.411	2.7671	-4.36454	0.118499	8.25	-26.6796	0							voice nova "bad" tok=14f4da4622cf3505 take=1 src=tts:gpt-audio-1.5 f0=149 onset=0.336 dur=0.370 vowel=0.356-0.626 level=0.050
190	proc	170	bead	train	shiftMags=0	518.338	1.5	1.5	1.5	30	16000	3	0@0.002	0.342	0.362-0.704	236.607	661.896	232	193	357.157	2688.19	348.692	3268.61	361.933	2692.88	345.269	3284.91	150.199	180.69	319.963	-12.6596	0.0820736	7.625	-26.6426	0							voice nova "bead" tok=aea297645e58779f take=0 src=tts:gpt-audio-1.5 f0=146 onset=0.321 dur=0.420 vowel=0.351-0.661 level=0.050
191	proc	171	bod	train	shiftMags=0	520.598	1.5	1.5	1.5	30	16000	3	0@0.002	0.268	0.408-0.710	-213.39	1098.08	-159	485	942.955	1263.53	736.752	2357.61	974.892	1286.66	736.752	2362.51	140.033	153.452	158.431	-9.15735	0.0708114	8.25	-28.1245	0							voice nova "bod" tok=ac3b06ad2fe22a43 take=0 src=tts:gpt-audio-1.5 f0=148 onset=0.322 dur=0.410 vowel=0.332-0.662 level=0.050
192	proc	172	bod	train	shiftMags=0	523.417	1.5	1.5	1.5	30	16000	3	0@0.002	0.32	0.494-0.814	-210.102	1098.51	-157	480	965.956	1254.56	715.993	2344.27	965.244	1251.66	724.603	2344.75	140.391	140.407	0.198603	-8.77421	0.0997979	8.125	-27.2324	0							voice nova "bod" tok=44a267ea7020c4cc take=1 src=tts:gpt-audio-1.5 f0=139 onset=0.352 dur=0.510 vowel=0.372-0.772 level=0.050
193	proc	173	bad	train	shiftMags=0	525.911	1.5	1.5	1.5	30	16000	3	0@0.002	0.288	0.356-0.644	-324.248	997.971	-230	380	1107.33	1957.72	732.476	2804.92	1147.39	1827.58	738.016	2804.92	135.987	139.384	42.7179	-2.16912	0.173865	8.25	-28.0839	0							voice nova "bad" tok=e615886ee3dd7411 take=2 src=tts:gpt-audio-1.5 f0=136 onset=0.313 dur=0.420 vowel=0.333-0.563 level=0.050
194	proc	174	bead	train	shiftMags=0	528.344	1.5	1.5	1.5	30	16000	3	0@0.002	0.278	0.382-0.660	217.192	671.477	209	198	318.819	3158.65	593.791	3408.22	318.819	3158.65	593.791	3408.22	159.296	168.232	94.4895	-11.1377	0.0829846	7.75	-26.6221	0							voice nova "bead" tok=9f4782cd239a6d7c take=1 src=tts:gpt-audio-1.5 f0=157 onset=0.341 dur=0.370 vowel=0.361-0.611 level=0.050
195	proc	175	booed	train	shiftMags=0	530.673	1.5	1.5	1.5	30	16000	3	0@0.002	0.36	0.434-0.794	229.473	1131.39	224	535	377.075	1226.15	596.501	2354.71	377.075	1226.15	596.501	2354.71	150.38	186.895	376.338	-13.7907	0.0646023	7.6875	-27.1315	1	1.485+15.4ms						voice nova "booed" tok=218ae11466f90560 take=1 src=tts:gpt-audio-1.5 f0=154 onset=0.312 dur=0.550 vowel=0.422-0.752 level=0.050
196	proc	176	bod	train	shiftMags=0	533.302	1.5	1.5	1.5	30	16000	3	0@0.002	0.288	0.422-0.718	-184.445	1089.6	-139.5	469	968.746	1334.52	712.693	2435.61	985.408	1348.63	712.693	2435.61	151.574	140.67	-129.25	-7.97641	0.119477	8.0625	-27.2255	0							voice nova "bod" tok=7f827d8d8855a883 take=2 src=tts:gpt-audio-1.5 f0=148 onset=0.295 dur=0.440 vowel=0.405-0.635 level=0.050
197	proc	177	bead	train	shiftMags=0	536.106	1.5	1.5	1.5	30	16000	3	0@0.002	0.344	0.508-0.852	247.013	637.459	244	182	310.771	3218.34	498.629	3319.7	310.771	3218.34	498.629	3319.7	159.903	164.805	52.2845	-11.8582	0.0770588	7.6875	-26.9921	0							voice nova "bead" tok=21a7e5434e19f7df take=2 src=tts:gpt-audio-1.5 f0=148 onset=0.363 dur=0.540 vowel=0.503-0.793 level=0.050
198	proc	178	booed	train	shiftMags=0	539.066	1.5	1.5	1.5	30	16000	3	0@0.002	0.282	0.356-0.660	209.884	1070.1	201	447	364.755	1675.4	517.968	2677.94	363.694	1661.24	527.687	2677.88	153.486	167.882	155.203	-13.7353	0.0670191	7.625	-26.5214	0							voice nova "booed" tok=1264d4b18797fdfa take=2 src=tts:gpt-audio-1.5 f0=153 onset=0.313 dur=0.390 vowel=0.333-0.603 level=0.050
199	proc	179	bad	train	shiftMags=0	542.016	1.5	1.5	1.5	30	16000	3	0@0.002	0.34	0.356-0.696	-265.152	982.805	-193	364	1020.94	1867.09	787.755	2885.04	1030.39	1817.22	786.183	2886.15	132.715	133.161	5.79755	-2.53851	0.224623	8.25	-26.1376	0							voice nova "bad" tok=0a26d815e9caf630 take=0 src=tts:gpt-audio-1.5 f0=132 onset=0.368 dur=0.340 vowel=0.368-0.608 level=0.050
200	proc	180	bead	train	shiftMags=0	544.278	1.5	1.5	1.5	30	16000	3	0@0.002	0.276	0.532-0.812	253.872	660.463	252	193	324.429	2720.87	491.688	3471.26	324.429	2720.87	491.688	3471.26	140.63	144.781	50.3564	-10.4436	0.0507208	7.6875	-28.2358	0							voice nova "bead" tok=7fe897fdd57a9390 take=3 src=tts:gpt-audio-1.5 f0=140 onset=0.371 dur=0.510 vowel=0.391-0.761 level=0.050
201	proc	181	bod	train	shiftMags=0	547.9	1.5	1.5	1.5	30	16000	3	0@0.002	0.286	0.336-0.622	-240.295	1117	-177	518	948.621	1219.38	719.599	2347.7	971.375	1220.54	718.39	2353.32	131.529	132.358	10.8669	-10.5	0.100693	8.0625	-27.0458	0							voice nova "bod" tok=258bd75fe923bad2 take=3 src=tts:gpt-audio-1.5 f0=133 onset=0.297 dur=0.370 vowel=0.317-0.587 level=0.050
202	proc	182	booed	train	shiftMags=0	550.514	1.5	1.5	1.5	30	16000	3	0@0.002	0.268	0.356-0.624	213.299	1075.85	205	449.5	406.978	1543.23	430.423	2600.43	405.525	1528.32	443.17	2578.77	195.682	184.608	-100.859	-12.7896	0.0939749	10.5	-26.6326	1	0.985+15.4ms						voice nova "booed" tok=a950898a6b1aa9ec take=3 src=tts:gpt-audio-1.5 f0=195 onset=0.313 dur=0.350 vowel=0.333-0.583 level=0.050
203	proc	183	bad	train	shiftMags=0	553.176	1.5	1.5	1.5	30	16000	3	0@0.002	0.29	0.394-0.684	-301.983	998.97	-216	380	1054.12	1809.33	744.839	2818.91	1055.96	1804.83	746.077	2835.77	174.217	172.728	-14.8627	-4.28518	0.116863	8.25	-26.6788	0							voice nova "bad" tok=14f4da4622cf3505 take=1 src=tts:gpt-audio-1.5 f0=149 onset=0.358 dur=0.370 vowel=0.378-0.648 level=0.050
204	proc	184	bod	train	shiftMags=0	555.746	1.5	1.5	1.5	30	16000	3	0@0.002	0.266	0.406-0.708	-215.878	1097.82	-161	485	944.207	1261.85	738.337	2357.35	981.076	1292.13	736.144	2363.82	140.555	148.575	96.0571	-9.30315	0.0615711	8.1875	-28.1241	0							voice nova "bod" tok=ac3b06ad2fe22a43 take=0 src=tts:gpt-audio-1.5 f0=148 onset=0.319 dur=0.410 vowel=0.329-0.659 level=0.050
205	proc	185	booed	train	shiftMags=0	558.692	1.5	1.5	1.5	30	16000	3	0@0.002	0.318	0.338-0.664	212.844	1116.79	205	513	471.479	1335.2	528.355	2474.39	943.265	2047.81	533.497	3026.27	166.311	177.472	112.443	-11.1566	0.143293	7.75	-27.2312	0							voice nova "booed" tok=c1440cd10ca7d3df take=0 src=tts:gpt-audio-1.5 f0=160 onset=0.344 dur=0.390 vowel=0.344-0.584 level=0.050
206	proc	186	bad	train	shiftMags=0	561.387	1.5	1.5	1.5	30	16000	3	0@0.002	0.288	0.358-0.646	-324.701	1000.32	-230	380	1065.23	1966.63	713.32	2788.82	1116.47	1923.16	728.382	2788.82	135.209	132.998	-28.5488	-2.19096	0.173284	8.25	-28.0833	0							voice nova "bad" tok=e615886ee3dd7411 take=2 src=tts:gpt-audio-1.5 f0=136 onset=0.315 dur=0.420 vowel=0.335-0.565 level=0.050
207	proc	187	bead	train	shiftMags=0	563.964	1.5	1.5	1.5	30	16000	3	0@0.002	0.342	0.386-0.728	236.716	662.884	232	193	357.562	2680.97	337.826	3232.05	357.562	2713.89	324.311	3295.01	148.84	176.286	292.988	-12.2441	0.0828314	7.6875	-26.6429	0							voice nova "bead" tok=aea297645e58779f take=0 src=tts:gpt-audio-1.5 f0=146 onset=0.344 dur=0.420 vowel=0.374-0.684 level=0.050
208	proc	188	bod	train	shiftMags=0	566.936	1.5	1.5	1.5	30	16000	3	0@0.002	0.322	0.428-0.750	-209.936	1099.23	-157	480	961.449	1247.23	723.297	2342.63	963.559	1251.94	716.153	2342.63	139.622	142.554	35.9841	-9.22588	0.0636208	8.125	-27.2325	0							voice nova "bod" tok=44a267ea7020c4cc take=1 src=tts:gpt-audio-1.5 f0=139 onset=0.288 dur=0.510 vowel=0.308-0.708 level=0.050
209	proc	189	bead	train	shiftMags=0	569.575	1.5	1.5	1.5	30	16000	3	0@0.002	0.278	0.400-0.678	219.921	673.276	213	198	320.561	3166.37	600.259	3416.48	320.561	3166.37	600.259	3416.48	157.032	167.096	107.542	-11.4256	0.0810342	7.75	-26.6222	0							voice nova "bead" tok=9f4782cd239a6d7c take=1 src=tts:gpt-audio-1.5 f0=157 onset=0.360 dur=0.370 vowel=0.380-0.630 level=0.050
210	proc	190	bad	train	shiftMags=0	571.831	1.5	1.5	1.5	30	16000	3	0@0.002	0.334	0.278-0.620	-271.117	979.058	-197	364	1018.64	1836.84	785.005	2886.84	1032.79	1809.11	785.005	2886.84	133.329	132.951	-4.91191	-1.97696	0.299496	8.25	-26.1376	0							voice nova "bad" tok=0a26d815e9caf630 take=0 src=tts:gpt-audio-1.5 f0=132 onset=0.292 dur=0.340 vowel=0.292-0.532 level=0.050
211	proc	191	booed	train	shiftMags=0	574.551	1.5	1.5	1.5	30	16000	3	0@0.002	0.36	0.432-0.792	229.318	1131.95	224	535	377.388	1226.94	552.906	2370.03	377.388	1226.94	552.906	2370.03	151.605	192.683	415.095	-14.7069	0.0672998	7.75	-27.1325	0							voice nova "booed" tok=218ae11466f90560 take=1 src=tts:gpt-audio-1.5 f0=154 onset=0.311 dur=0.550 vowel=0.421-0.751 level=0.050
212	proc	192	bad	train	shiftMags=0	577.525	1.5	1.5	1.5	30	16000	3	0@0.002	0.29	0.392-0.682	-302.033	998.381	-216	380	1052.53	1810.05	743.643	2821.41	1056.44	1804.74	748.883	2832.97	172.142	175.935	37.732	-4.28582	0.121418	8.25	-26.6798	0							voice nova "bad" tok=14f4da4622cf3505 take=1 src=tts:gpt-audio-1.5 f0=149 onset=0.356 dur=0.370 vowel=0.376-0.646 level=0.050
213	proc	193	bead	train	shiftMags=0	580.265	1.5	1.5	1.5	30	16000	3	0@0.002	0.344	0.470-0.814	247.273	635.858	244	182	310.137	3200.61	479.81	3314.78	310.137	3200.61	479.81	3314.78	158.882	160.964	22.5332	-12.1041	0.0760064	7.6875	-26.9912	0							voice nova "bead" tok=21a7e5434e19f7df take=2 src=tts:gpt-audio-1.5 f0=148 onset=0.326 dur=0.540 vowel=0.466-0.756 level=0.050
214	proc	194	bod	train	shiftMags=0	582.665	1.5	1.5	1.5	30	16000	3	0@0.002	0.29	0.496-0.792	-182.522	1092.17	-138	469	984.196	1340.06	718.769	2435.19	988.945	1344.66	720.21	2435.49	150.434	142.964	-88.1799	-8.3368	0.1192	8.0625	-27.2258	0							voice nova "bod" tok=7f827d8d8855a883 take=2 src=tts:gpt-audio-1.5 f0=148 onset=0.369 dur=0.440 vowel=0.479-0.709 level=0.050
215	proc	195	booed	train	shiftMags=0	585.543	1.5	1.5	1.5	30	16000	3	0@0.002	0.282	0.368-0.672	213.06	1070.49	205	447	365.916	1678.42	538.805	2683.22	363.763	1664.86	541.771	2679.27	153.608	173.433	210.15	-12.9272	0.0759714	7.625	-26.5213	1	1.485+15.4ms						voice nova "booed" tok=1264d4b18797fdfa take=2 src=tts:gpt-audio-1.5 f0=153 onset=0.325 dur=0.390 vowel=0.345-0.615 level=0.050
216	proc	196	bead	train	shiftMags=0	587.82	1.5	1.5	1.5	30	16000	3	0@0.002	0.286	0.392-0.774	253.569	662.757	252	193	326.847	2711.2	496.745	3344.36	326.847	2711.2	496.745	3344.36	140.543	143.267	33.2314	-10.8582	0.0505533	7.6875	-28.2351	0							voice nova "bead" tok=7fe897fdd57a9390 take=3 src=tts:gpt-audio-1.5 f0=140 onset=0.333 dur=0.510 vowel=0.353-0.723 level=0.050
217	proc	197	bad	train	shiftMags=0	590.705	1.5	1.5	1.5	30	16000	3	0@0.002	0.288	0.414-0.702	-324.234	997.765	-230	380	1029.6	1831	710.019	2771.33	1058.95	1807.35	710.782	2789.3	135.511	132.774	-35.3302	-2.15716	0.167841	8.25	-28.0826	0							voice nova "bad" tok=e615886ee3dd7411 take=2 src=tts:gpt-audio-1.5 f0=136 onset=0.371 dur=0.420 vowel=0.391-0.621 level=0.050
218	proc	198	bod	train	shiftMags=0	593.057	1.5	1.5	1.5	30	16000	3	0@0.002	0.286	0.368-0.654	-240.288	1117.84	-177	518	950.159	1218.83	717.778	2351.8	971.002	1219.11	717.414	2358.75	131.035	133.837	36.6214	-10.5433	0.0928122	8.0625	-27.0459	0							voice nova "bod" tok=258bd75fe923bad2 take=3 src=tts:gpt-audio-1.5 f0=133 onset=0.329 dur=0.370 vowel=0.349-0.619 level=0.050
219	proc	199	booed	train	shiftMags=0	595.938	1.5	1.5	1.5	30	16000	3	0@0.002	0.27	0.404-0.674	212.922	1074.67	205	447	408.648	1537.91	414.3	2606.18	407.961	1542.11	415.091	2599.91	199.603	223.597	196.523	-14.0056	0.0776765	5.9375	-26.6301	0							voice nova "booed" tok=a950898a6b1aa9ec take=3 src=tts:gpt-audio-1.5 f0=195 onset=0.362 dur=0.350 vowel=0.382-0.632 level=0.050
220	proc	200	bad	train	shiftMags=0	598.321	1.5	1.5	1.5	30	16000	3	0@0.002	0.33	0.296-0.636	-271.639	978.913	-197	364	1015.68	1865.24	781.277	2891.47	1031.89	1807.97	781.433	2886.61	133.002	133.027	0.327305	-2.37659	0.220648	8.25	-26.1379	0							voice nova "bad" tok=0a26d815e9caf630 take=0 src=tts:gpt-audio-1.5 f0=132 onset=0.309 dur=0.340 vowel=0.309-0.549 level=0.050
221	proc	201	bead	train	shiftMags=0	600.681	1.5	1.5	1.5	30	16000	3	0@0.002	0.342	0.326-0.668	236.651	649.771	232	187	360.696	2699.95	348.028	3289.61	357.386	2705.96	342.479	3301.21	151.502	176.594	265.325	-12.7209	0.081807	7.625	-26.6427	0							voice nova "bead" tok=aea297645e58779f take=0 src=tts:gpt-audio-1.5 f0=146 onset=0.285 dur=0.420 vowel=0.315-0.625 level=0.050
222	proc	202	bod	train	shiftMags=0	603.12	1.5	1.5	1.5	30	16000	3	0@0.002	0.268	0.422-0.724	-213.426	1097.82	-159	485	958.588	1268.47	735.769	2358.67	977.592	1273.33	737.131	2365.21	140.807	144.361	43.1482	-8.93519	0.055486	8.25	-28.1234	1	0.985+15.4ms						voice nova "bod" tok=ac3b06ad2fe22a43 take=0 src=tts:gpt-audio-1.5 f0=148 onset=0.336 dur=0.410 vowel=0.346-0.676 level=0.050
223	proc	203	booed	train	shiftMags=0	605.748	1.5	1.5	1.5	30	16000	3	0@0.002	0.316	0.366-0.690	212.906	1117.17	205	513	460.811	1334.41	536.61	2412.23	1016.86	2055.57	536.923	3015.03	170.374	194.64	230.523	-11.1293	0.134602	8	-27.2315	0							voice nova "booed" tok=c1440cd10ca7d3df take=0 src=tts:gpt-audio-1.5 f0=160 onset=0.370 dur=0.390 vowel=0.370-0.610 level=0.050
224	proc	204	bead	train	shiftMags=0	608.517	1.5	1.5	1.5	30	16000	3	0@0.002	0.28	0.334-0.614	219.926	667.845	213	195.5	322.006	3158.55	594.235	3425.9	322.006	3158.55	594.235	3425.9	164.602	169.993	55.7938	-11.3425	0.0827197	7.6875	-26.6221	0							voice nova "bead" tok=9f4782cd239a6d7c take=1 src=tts:gpt-audio-1.5 f0=157 onset=0.294 dur=0.370 vowel=0.314-0.564 level=0.050
225	proc	205	bad	train	shiftMags=0	611.151	1.5	1.5	1.5	30	16000	3	0@0.002	0.29	0.354-0.644	-301.899	998.698	-216	380	1053.94	1807.46	740.599	2816.9	1056.85	1802.63	745.47	2830.32	174.272	171.398	-28.7855	-4.2865	0.119335	8.25	-26.6801	0							voice nova "bad" tok=14f4da4622cf3505 take=1 src=tts:gpt-audio-1.5 f0=149 onset=0.319 dur=0.370 vowel=0.339-0.609 level=0.050
226	proc	206	booed	train	shiftMags=0	613.455	1.5	1.5	1.5	30	16000	3	0@0.002	0.36	0.446-0.806	229.136	1131.53	224	535	383.498	1223.72	582.714	2370.2	383.498	1223.72	582.714	2370.2	151.029	188.136	380.333	-14.7953	0.0654686	7.6875	-27.1327	0							voice nova "booed" tok=218ae11466f90560 take=1 src=tts:gpt-audio-1.5 f0=154 onset=0.326 dur=0.550 vowel=0.436-0.766 level=0.050
227	proc	207	bod	train	shiftMags=0	616.415	1.5	1.5	1.5	30	16000	3	0@0.002	0.32	0.482-0.802	-209.921	1099.3	-157	480	954.65	1243.7	709.286	2341.25	958.263	1244.43	710.572	2345.75	138.941	140.022	13.412	-8.8188	0.0948418	8.125	-27.2319	0							voice nova "bod" tok=44a267ea7020c4cc take=1 src=tts:gpt-audio-1.5 f0=139 onset=0.340 dur=0.510 vowel=0.360-0.760 level=0.050
228	proc	208	bod	train	shiftMags=0	619.294	1.5	1.5	1.5	30	16000	3	0@0.002	0.288	0.418-0.706	-184.394	1094.8	-139.5	477	972.228	1339.54	718.279	2426.02	991.584	1346.34	718.87	2427.54	150.443	143.747	-78.8231	-8.29386	0.117438	8.0625	-27.2255	0							voice nova "bod" tok=7f827d8d8855a883 take=2 src=tts:gpt-audio-1.5 f0=148 onset=0.291 dur=0.440 vowel=0.401-0.631 level=0.050
229	proc	209	booed	train	shiftMags=0	621.819	1.5	1.5	1.5	30	16000	3	0@0.002	0.282	0.340-0.644	212.709	1069.89	205	447	366.602	1682.35	533.09	2684.44	364.548	1670.47	533.196	2674.8	154.242	153.622	-6.97785	-12.2057	0.0990223	7.6875	-26.521	0							voice nova "booed" tok=1264d4b18797fdfa take=2 src=tts:gpt-audio-1.5 f0=153 onset=0.296 dur=0.390 vowel=0.316-0.586 level=0.050
230	proc	210	bad	train	shiftMags=0	624.097	1.5	1.5	1.5	30	16000	3	0@0.002	0.288	0.378-0.666	-324.228	1009.49	-230	386	1065.13	1964.95	721.82	2770.33	1116.94	1918.68	731.795	2770.33	135.171	134.565	-7.77929	-2.19245	0.184463	8.25	-28.0838	0							voice nova "bad" tok=e615886ee3dd7411 take=2 src=tts:gpt-audio-1.5 f0=136 onset=0.335 dur=0.420 vowel=0.355-0.585 level=0.050
231	proc	211	bead	train	shiftMags=0	627.654	1.5	1.5	1.5	30	16000	3	0@0.002	0.344	0.458-0.802	246.814	637.016	244	182	310.324	3213.43	496.356	3318.19	310.324	3213.43	496.356	3318.19	158.678	163.221	48.8701	-12.2941	0.0774225	7.6875	-26.9933	0							voice nova "bead" tok=21a7e5434e19f7df take=2 src=tts:gpt-audio-1.5 f0=148 onset=0.314 dur=0.540 vowel=0.454-0.744 level=0.050
232	proc	212	bod	train	shiftMags=0	630.626	1.5	1.5	1.5	30	16000	3	0@0.002	0.286	0.372-0.658	-240.276	1117.59	-177	518	953.514	1216.1	724.234	2354.73	954.504	1218.37	720.984	2355.76	130.395	132.009	21.3003	-10.2675	0.0953806	8.0625	-27.0453	0							voice nova "bod" tok=258bd75fe923bad2 take=3 src=tts:gpt-audio-1.5 f0=133 onset=0.332 dur=0.370 vowel=0.352-0.622 level=0.050
233	proc	213	bead	train	shiftMags=0	633.592	1.5	1.5	1.5	30	16000	3	0@0.002	0.276	0.476-0.756	253.316	647.016	252	187	328.083	2716.55	486.874	3361.12	328.083	2716.55	486.874	3361.12	140.322	145.206	59.2329	-10.5204	0.064332	7.625	-28.2348	0							voice nova "bead" tok=7fe897fdd57a9390 take=3 src=tts:gpt-audio-1.5 f0=140 onset=0.313 dur=0.510 vowel=0.333-0.703 level=0.050
234	proc	214	booed	train	shiftMags=0	635.968	1.5	1.5	1.5	30	16000	3	0@0.002	0.27	0.414-0.684	212.819	1072.89	205	447	407.724	1537.22	456.508	2597.49	407.584	1541.59	457.807	2588.95	199.43	221.912	184.925	-14.7977	0.0767065	10.5	-26.6313	0							voice nova "booed" tok=a950898a6b1aa9ec take=3 src=tts:gpt-audio-1.5 f0=195 onset=0.372 dur=0.350 vowel=0.392-0.642 level=0.050
235	proc	215	bad	train	shiftMags=0	638.366	1.5	1.5	1.5	30	16000	3	0@0.002	0.334	0.354-0.694	-271.037	977.508	-197	364	1024.95	1848.88	786.232	2815.43	1029.7	1840.8	786.232	2858.02	132.565	133.032	6.08984	-2.48788	0.231014	8.25	-26.1374	1	1.485+15.4ms						voice nova "bad" tok=0a26d815e9caf630 take=0 src=tts:gpt-audio-1.5 f0=132 onset=0.367 dur=0.340 vowel=0.367-0.607 level=0.050
236	proc	216	booed	train	shiftMags=0	641.349	1.5	1.5	1.5	30	16000	3	0@0.002	0.318	0.328-0.654	212.919	1115.22	205	513	469.088	1333.01	525.758	2424	933.494	2048.66	593.487	3038.21	165.576	97.6485	-914.19	-11.2008	0.127647	8	-27.2313	0							voice nova "booed" tok=c1440cd10ca7d3df take=0 src=tts:gpt-audio-1.5 f0=160 onset=0.333 dur=0.390 vowel=0.333-0.573 level=0.050
237	proc	217	bead	train	shiftMags=0	643.853	1.5	1.5	1.5	30	16000	3	0@0.002	0.342	0.334-0.676	236.664	647.279	232	187	356.9	2684.71	348.463	3283.38	359.576	2709.18	360.525	3300.56	148.063	168.924	228.199	-13.026	0.0771144	7.625	-26.6429	0							voice nova "bead" tok=aea297645e58779f take=0 src=tts:gpt-audio-1.5 f0=146 onset=0.293 dur=0.420 vowel=0.323-0.633 level=0.050
238	proc	218	bod	train	shiftMags=0	646.625	1.5	1.5	1.5	30	16000	3	0@0.002	0.268	0.374-0.676	-215.902	1097.7	-161	485	945.777	1262.14	735.588	2365	969.174	1262.91	730.797	2364.91	140.032	153.861	163.046	-9.02967	0.0626145	8.25	-28.1249	0							voice nova "bod" tok=ac3b06ad2fe22a43 take=0 src=tts:gpt-audio-1.5 f0=148 onset=0.287 dur=0.410 vowel=0.297-0.627 level=0.050
239	proc	219	bad	train	shiftMags=0	649.572	1.5	1.5	1.5	30	16000	3	0@0.002	0.288	0.328-0.616	-302.188	998.718	-216	380	1055.13	1805.25	743.503	2820.63	1057.36	1801.26	745.235	2820.63	174.021	178.664	45.5815	-4.34207	0.118001	8.25	-26.6796	0							voice nova "bad" tok=14f4da4622cf3505 take=1 src=tts:gpt-audio-1.5 f0=149 onset=0.292 dur=0.370 vowel=0.312-0.582 level=0.050
240	proc	220	booed	train	shiftMags=0	652.441	1.5	1.5	1.5	30	16000	3	0@0.002	0.36	0.464-0.824	229.425	1131.77	224	535	378.208	1225.96	575.205	2363.66	378.208	1225.96	575.205	2363.66	149.099	185.03	373.782	-14.8305	0.0660613	7.6875	-27.1316	0							voice nova "booed" tok=218ae11466f90560 take=1 src=tts:gpt-audio-1.5 f0=154 onset=0.343 dur=0.550 vowel=0.453-0.783 level=0.050
241	proc	221	bad	train	shiftMags=0	655.294	1.5	1.5	1.5	30	16000	3	0@0.002	0.288	0.382-0.670	-324.029	1004.74	-230	386	1041.22	1923.08	708.573	2727.5	1101.64	1868.14	718.757	2727.5	135.281	137.596	29.372	-2.40294	0.163566	8.25	-28.0829	0							voice nova "bad" tok=e615886ee3dd7411 take=2 src=tts:gpt-audio-1.5 f0=136 onset=0.339 dur=0.420 vowel=0.359-0.589 level=0.050
242	proc	222	bead	train	shiftMags=0	658.004	1.5	1.5	1.5	30	16000	3	0@0.002	0.28	0.332-0.612	220.053	649.214	213	187	321.423	3155.19	580.03	3402.47	321.423	3155.19	580.03	3402.47	160.043	151.93	-90.0613	-11.1683	0.08282	7.75	-26.6219	1	0.985+15.4ms						voice nova "bead" tok=9f4782cd239a6d7c take=1 src=tts:gpt-audio-1.5 f0=157 onset=0.292 dur=0.370 vowel=0.312-0.562 level=0.050
243	proc	223	bod	train	shiftMags=0	660.859	1.5	1.5	1.5	30	16000	3	0@0.002	0.32	0.492-0.812	-209.893	1098.63	-157	480	965.782	1248.34	702.681	2340.84	960.784	1246.27	703.001	2343.99	140.369	140.45	0.994573	-8.95741	0.0910364	8.125	-27.2306	0							voice nova "bod" tok=44a267ea7020c4cc take=1 src=tts:gpt-audio-1.5 f0=139 onset=0.351 dur=0.510 vowel=0.371-0.771 level=0.050
244	proc	224	bead	train	shiftMags=0	663.286	1.5	1.5	1.5	30	16000	3	0@0.002	0.346	0.448-0.794	246.798	634.27	244	182	311.65	3214.91	517.489	3322.91	311.65	3214.91	517.489	3322.91	158.504	156.747	-19.3077	-12.0357	0.0761328	7.6875	-26.9921	0							voice nova "bead" tok=21a7e5434e19f7df take=2 src=tts:gpt-audio-1.5 f0=148 onset=0.305 dur=0.540 vowel=0.445-0.735 level=0.050
245	proc	225	bod	train	shiftMags=0	666.214	1.5	1.5	1.5	30	16000	3	0@0.002	0.292	0.454-0.750	-182.417	1094.13	-138	474	986.861	1340.36	713.613	2438.74	986.861	1340.36	713.613	2438.74	150.372	143.458	-81.4783	-9.03503	0.0777206	8.0625	-27.2246	0							voice nova "bod" tok=7f827d8d8855a883 take=2 src=tts:gpt-audio-1.5 f0=148 onset=0.328 dur=0.440 vowel=0.438-0.668 level=0.050
246	proc	226	bad	train	shiftMags=0	668.624	1.5	1.5	1.5	30	16000	3	0@0.002	0.332	0.288-0.628	-271.365	980.648	-197	364	1013.72	1837.23	782.045	2848.94	1021.8	1804.84	781.936	2874.24	133.242	133.36	1.53079	-2.52029	0.218728	8.25	-26.1375	0							voice nova "bad" tok=0a26d815e9caf630 take=0 src=tts:gpt-audio-1.5 f0=132 onset=0.300 dur=0.340 vowel=0.300-0.540 level=0.050
247	proc	227	booed	train	shiftMags=0	670.966	1.5	1.5	1.5	30	16000	3	0@0.002	0.284	0.398-0.702	212.737	1069	205	447	366.822	1678.01	523.588	2689.53	364.45	1664.51	528.556	2680.7	153.603	168.685	162.152	-12.7844	0.0841997	7.625	-26.5222	0							voice nova "booed" tok=1264d4b18797fdfa take=2 src=tts:gpt-audio-1.5 f0=153 onset=0.355 dur=0.390 vowel=0.375-0.645 level=0.050
248	proc	228	bad	train	shiftMags=0	673.793	1.5	1.5	1.5	30	16000	3	0@0.002	0.29	0.372-0.662	-302.024	998.413	-216	380	1052.41	1809.76	741.312	2820.81	1056.25	1804.79	743.472	2834.11	172.141	173.857	17.1709	-4.22237	0.125307	8.25	-26.6794	0							voice nova "bad" tok=14f4da4622cf3505 take=1 src=tts:gpt-audio-1.5 f0=149 onset=0.336 dur=0.370 vowel=0.356-0.626 level=0.050
249	proc	229	booed	train	shiftMags=0	676.787	1.5	1.5	1.5	30	16000	3	0@0.002	0.27	0.372-0.642	213.146	1075.78	205	447	411.293	1546.2	399.692	2606.31	410.041	1539.51	411.675	2589.86	197.197	221.049	197.675	-13.6811	0.0790107	5.875	-26.6324	0							voice nova "booed" tok=a950898a6b1aa9ec take=3 src=tts:gpt-audio-1.5 f0=195 onset=0.330 dur=0.350 vowel=0.350-0.600 level=0.050
250	proc	230	bead	train	shiftMags=0	679.606	1.5	1.5	1.5	30	16000	3	0@0.002	0.276	0.460-0.740	253.093	654.823	252	190	322.73	2721.63	444.269	3455.03	322.73	2721.63	444.269	3455.03	140.293	145.414	62.0636	-10.275	0.0664414	7.6875	-28.235	0							voice nova "bead" tok=7fe897fdd57a9390 take=3 src=tts:gpt-audio-1.5 f0=140 onset=0.298 dur=0.510 vowel=0.318-0.688 level=0.050
251	proc	231	bod	train	shiftMags=0	682.324	1.5	1.5	1.5	30	16000	3	0@0.002	0.286	0.382-0.668	-240.133	1118.44	-177	518	948.235	1218.54	721.686	2340.3	955.577	1219.94	716.349	2352.65	130.415	136.099	73.8568	-10.6542	0.093451	8.0625	-27.0467	0							voice nova "bod" tok=258bd75fe923bad2 take=3 src=tts:gpt-audio-1.5 f0=133 onset=0.343 dur=0.370 vowel=0.363-0.633 level=0.050
252	proc	232	booed	train	shiftMags=0	684.64	1.5	1.5	1.5	30	16000	3	0@0.002	0.318	0.350-0.676	212.815	1116.45	205	513	434.018	2067.76	570.125	3037.23	674.309	2085.35	573.165	3038.96	167.515	194.612	259.565	-11.2615	0.142351	8	-27.2312	0							voice nova "booed" tok=c1440cd10ca7d3df take=0 src=tts:gpt-audio-1.5 f0=160 onset=0.356 dur=0.390 vowel=0.356-0.596 level=0.050
253	proc	233	bod	train	shiftMags=0	687.287	1.5	1.5	1.5	30	16000	3	0@0.002	0.268	0.436-0.740	-213.311	1097.84	-159	485	940.92	1263.09	736.907	2359.3	975.014	1289.92	736.907	2359.3	139.546	155.279	184.943	-9.17601	0.0595814	8.25	-28.1246	0							voice nova "bod" tok=ac3b06ad2fe22a43 take=0 src=tts:gpt-audio-1.5 f0=148 onset=0.351 dur=0.410 vowel=0.361-0.691 level=0.050
254	proc	234	bad	train	shiftMags=0	689.67	1.5	1.5	1.5	30	16000	3	0@0.002	0.286	0.368-0.654	-328.048	1003.06	-232	380	1098.66	1954.67	724.939	2789.95	1144.92	1847.44	724.939	2789.95	135.061	132.273	-36.1164	-2.29552	0.176909	8.25	-28.0829	0							voice nova "bad" tok=e615886ee3dd7411 take=2 src=tts:gpt-audio-1.5 f0=136 onset=0.324 dur=0.420 vowel=0.344-0.574 level=0.050
255	proc	235	bead	train	shiftMags=0	692.326	1.5	1.5	1.5	30	16000	3	0@0.002	0.342	0.356-0.698	236.727	662.432	232	193	356.758	2669.11	326.147	3277.16	356.758	2701.66	326.147	3294.78	151.281	160.823	105.896	-12.3036	0.080974	7.6875	-26.6428	1	1.485+15.4ms						voice nova "bead" tok=aea297645e58779f take=0 src=tts:gpt-audio-1.5 f0=146 onset=0.315 dur=0.420 vowel=0.345-0.655 level=0.050
256	proc	236	booed	train	shiftMags=0	694.883	1.5	1.5	1.5	30	16000	3	0@0.002	0.362	0.454-0.816	229.21	1130.24	224	535	378.269	1226.1	598.48	2365.69	378.269	1226.1	598.48	2365.69	149.96	151.946	22.7841	-14.8275	0.0711384	7.6875	-27.1327	0							voice nova "booed" tok=218ae11466f90560 take=1 src=tts:gpt-audio-1.5 f0=154 onset=0.334 dur=0.550 vowel=0.444-0.774 level=0.050
257	proc	237	bad	train	shiftMags=0	697.239	1.5	1.5	1.5	30	16000	3	0@0.002	0.33	0.318-0.658	-271.615	978.038	-197	364	1019.23	1867.74	786.641	2922.23	1032.32	1806.89	785.502	2895.88	133.263	133.112	-1.95593	-2.49241	0.227838	8.25	-26.1378	0							voice nova "bad" tok=0a26d815e9caf630 take=0 src=tts:gpt-audio-1.5 f0=132 onset=0.331 dur=0.340 vowel=0.331-0.571 level=0.050
258	proc	238	bead	train	shiftMags=0	699.897	1.5	1.5	1.5	30	16000	3	0@0.002	0.278	0.338-0.616	219.906	671.176	213	198	318.253	3169.03	594.378	3389.46	318.253	3169.03	594.378	3389.46	155.565	182.013	271.823	-11.4428	0.0762695	7.6875	-26.6228	0							voice nova "bead" tok=9f4782cd239a6d7c take=1 src=tts:gpt-audio-1.5 f0=157 onset=0.297 dur=0.370 vowel=0.317-0.567 level=0.050
259	proc	239	bod	train	shiftMags=0	702.74	1.5	1.5	1.5	30	16000	3	0@0.002	0.32	0.462-0.782	-209.972	1098.08	-157	480	954.18	1243.39	699.626	2341.02	957.017	1244.68	699.975	2341.79	138.849	141.594	33.8982	-9.13749	0.0924801	8.125	-27.2316	0							voice nova "bod" tok=44a267ea7020c4cc take=1 src=tts:gpt-audio-1.5 f0=139 onset=0.320 dur=0.510 vowel=0.340-0.740 level=0.050
260	proc	240	bod	train	shiftMags=0	705.526	1.5	1.5	1.5	30	16000	3	0@0.002	0.29	0.414-0.710	-182.584	1093.69	-138	474	968.48	1337.93	714.729	2434.18	987.495	1343.88	714.729	2434.18	150.372	143.534	-80.5735	-8.95369	0.0742111	8.0625	-27.2253	0							voice nova "bod" tok=7f827d8d8855a883 take=2 src=tts:gpt-audio-1.5 f0=148 onset=0.288 dur=0.440 vowel=0.398-0.628 level=0.050
261	proc	241	bead	train	shiftMags=0	708.881	1.5	1.5	1.5	30	16000	3	0@0.002	0.344	0.432-0.776	247.278	634.867	244	182	310.548	3196.96	504.772	3318.46	310.548	3196.96	504.772	3318.46	159.576	150.579	-100.459	-11.7766	0.0720263	7.6875	-26.9932	0							voice nova "bead" tok=21a7e5434e19f7df take=2 src=tts:gpt-audio-1.5 f0=148 onset=0.287 dur=0.540 vowel=0.427-0.717 level=0.050
262	proc	242	bad	train	shiftMags=0	711.834	1.5	1.5	1.5	30	16000	3	0@0.002	0.29	0.338-0.628	-307.481	986.209	-220	369	1054.82	1809.79	743.254	2822.51	1057.35	1808.6	744.471	2822.51	174.022	174.164	1.41946	-4.34038	0.116321	8.25	-26.6798	1	0.985+15.4ms						voice nova "bad" tok=14f4da4622cf3505 take=1 src=tts:gpt-audio-1.5 f0=149 onset=0.302 dur=0.370 vowel=0.322-0.592 level=0.050
263	proc	243	booed	train	shiftMags=0	714.783	1.5	1.5	1.5	30	16000	3	0@0.002	0.284	0.414-0.720	212.954	1069.17	205	447	364.1	1671.45	525.896	2680.29	364.1	1671.45	525.896	2680.29	154.298	158.918	51.0689	-13.0763	0.0707325	7.625	-26.5215	0							voice nova "booed" tok=1264d4b18797fdfa take=2 src=tts:gpt-audio-1.5 f0=153 onset=0.372 dur=0.390 vowel=0.392-0.662 level=0.050
264	proc	244	booed	train	shiftMags=0	717.302	1.5	1.5	1.5	30	16000	3	0@0.002	0.27	0.338-0.608	213.212	1075.9	205	447	408.328	1545.62	421.682	2606.05	408.192	1535.19	412.237	2601.97	194.479	221.277	223.488	-14.0684	0.0729069	6	-26.6304	0							voice nova "booed" tok=a950898a6b1aa9ec take=3 src=tts:gpt-audio-1.5 f0=195 onset=0.296 dur=0.350 vowel=0.316-0.566 level=0.050
265	proc	245	bod	train	shiftMags=0	720.285	1.5	1.5	1.5	30	16000	3	0@0.002	0.286	0.320-0.606	-240.228	1117.99	-177	518	951.401	1214.41	721.082	2363.69	961.008	1216.19	719.844	2363.82	130.805	132.19	18.2314	-10.2543	0.0846178	8.0625	-27.045	0							voice nova "bod" tok=258bd75fe923bad2 take=3 src=tts:gpt-audio-1.5 f0=133 onset=0.281 dur=0.370 vowel=0.301-0.571 level=0.050
266	proc	246	bead	train	shiftMags=0	722.678	1.5	1.5	1.5	30	16000	3	0@0.002	0.286	0.424-0.814	254.075	649.719	252	187	327.103	2715.41	461.344	3499.96	327.103	2715.41	461.344	3499.96	140.721	144.038	40.3379	-10.5042	0.0644676	7.6875	-28.2364	0							voice nova "bead" tok=7fe897fdd57a9390 take=3 src=tts:gpt-audio-1.5 f0=140 onset=0.372 dur=0.510 vowel=0.392-0.762 level=0.050
267	proc	247	bad	train	shiftMags=0	725.228	1.5	1.5	1.5	30	16000	3	0@0.002	0.288	0.334-0.622	-321.519	996.214	-228	380	1086.11	1955.09	720.401	2827.24	1110.36	1936.56	725.721	2817.49	135.324	134.615	-9.10453	-2.22363	0.165568	8.25	-28.0829	0							voice nova "bad" tok=e615886ee3dd7411 take=2 src=tts:gpt-audio-1.5 f0=136 onset=0.291 dur=0.420 vowel=0.311-0.541 level=0.050
268	proc	248	bead	train	shiftMags=0	728.109	1.5	1.5	1.5	30	16000	3	0@0.002	0.342	0.328-0.670	236.593	650.41	232	187	361.534	2696.79	363.822	3279.1	359.792	2703.66	356.981	3293.3	148.878	164.951	177.499	-13.0071	0.0739686	7.625	-26.6429	0							voice nova "bead" tok=aea297645e58779f take=0 src=tts:gpt-audio-1.5 f0=146 onset=0.288 dur=0.420 vowel=0.318-0.628 level=0.050
269	proc	249	bad	train	shiftMags=0	730.423	1.5	1.5	1.5	30	16000	3	0@0.002	0.334	0.338-0.680	-271.651	979.401	-197	364	1017.96	1837.71	786.315	2853.43	1033.79	1809.56	786.315	2853.43	133.336	133.091	-3.18498	-1.96194	0.280849	8.25	-26.138	0							voice nova "bad" tok=0a26d815e9caf630 take=0 src=tts:gpt-audio-1.5 f0=132 onset=0.351 dur=0.340 vowel=0.351-0.591 level=0.050
270	proc	250	booed	train	shiftMags=0	732.969	1.5	1.5	1.5	30	16000	3	0@0.002	0.316	0.332-0.656	212.815	1116.62	205	513	438.882	2067.73	527.151	3009.23	675.035	2087.27	528.405	3017.6	167.624	179.419	117.727	-11.2744	0.116514	8	-27.2317	0							voice nova "booed" tok=c1440cd10ca7d3df take=0 src=tts:gpt-audio-1.5 f0=160 onset=0.336 dur=0.390 vowel=0.336-0.576 level=0.050
271	proc	251	bod	train	shiftMags=0	735.226	1.5	1.5	1.5	30	16000	3	0@0.002	0.268	0.402-0.704	-213.425	1097.77	-159	485	955.915	1268.24	734.331	2358.23	977.891	1272.98	735.016	2365.1	140.761	154.023	155.875	-9.42254	0.0631715	8.25	-28.1242	0							voice nova "bod" tok=ac3b06ad2fe22a43 take=0 src=tts:gpt-audio-1.5 f0=148 onset=0.316 dur=0.410 vowel=0.326-0.656 level=0.050
272	proc	252	booed	train	shiftMags=0	737.635	1.5	1.5	1.5	30	16000	3	0@0.002	0.36	0.426-0.786	229.44	1131.17	224	535	377.544	1223.64	611.885	2363.57	379.14	1222.23	621.108	2355.72	152.42	158.501	67.7295	-14.5767	0.0723697	7.6875	-27.1316	0							voice nova "booed" tok=218ae11466f90560 take=1 src=tts:gpt-audio-1.5 f0=154 onset=0.305 dur=0.550 vowel=0.415-0.745 level=0.050
273	proc	253	bod	train	shiftMags=0	740.152	1.5	1.5	1.5	30	16000	3	0@0.002	0.322	0.504-0.826	-209.858	1098.96	-157	480	965.207	1251.04	713.374	2352.9	963.001	1249.32	714.142	2351.48	140.114	142.603	30.4853	-9.20833	0.0787964	8.125	-27.2322	0							voice nova "bod" tok=44a267ea7020c4cc take=1 src=tts:gpt-audio-1.5 f0=139 onset=0.363 dur=0.510 vowel=0.383-0.783 level=0.050
274	proc	254	bead	train	shiftMags=0	743.028	1.5	1.5	1.5	30	16000	3	0@0.002	0.278	0.336-0.614	217.184	664.802	209	193	316.365	3169.13	598.263	3399.09	316.365	3169.13	598.263	3399.09	157.456	181.894	249.777	-11.6185	0.0781762	7.75	-26.622	0							voice nova "bead" tok=9f4782cd239a6d7c take=1 src=tts:gpt-audio-1.5 f0=157 onset=0.296 dur=0.370 vowel=0.316-0.566 level=0.050
275	proc	255	bad	train	shiftMags=0	745.747	1.5	1.5	1.5	30	16000	3	0@0.002	0.288	0.380-0.668	-302.194	988.747	-216	372	1053.27	1808.9	744.766	2816.85	1056.45	1806.09	745.557	2823.36	175.831	175.259	-5.64389	-4.31709	0.121237	8.25	-26.6796	1	1.485+15.4ms						voice nova "bad" tok=14f4da4622cf3505 take=1 src=tts:gpt-audio-1.5 f0=149 onset=0.344 dur=0.370 vowel=0.364-0.634 level=0.050
276	proc	256	bod	train	shiftMags=0	748.068	1.5	1.5	1.5	30	16000	3	0@0.002	0.29	0.428-0.724	-186.4	1093.79	-141	474	979.935	1341.65	719.71	2423.15	987.076	1356.17	721.508	2423.58	151.063	141.496	-113.269	-8.85012	0.0747254	8.0625	-27.225	0							voice nova "bod" tok=7f827d8d8855a883 take=2 src=tts:gpt-audio-1.5 f0=148 onset=0.302 dur=0.440 vowel=0.412-0.642 level=0.050
277	proc	257	bead	train	shiftMags=0	750.915	1.5	1.5	1.5	30	16000	3	0@0.002	0.344	0.444-0.788	248.65	637.976	246	182	309.495	3168.16	461.873	3303.58	309.495	3168.16	461.873	3303.58	158.524	158.956	4.71	-12.3676	0.0750336	7.6875	-26.9861	0							voice nova "bead" tok=21a7e5434e19f7df take=2 src=tts:gpt-audio-1.5 f0=148 onset=0.300 dur=0.540 vowel=0.440-0.730 level=0.050
278	proc	258	booed	train	shiftMags=0	753.734	1.5	1.5	1.5	30	16000	3	0@0.002	0.282	0.334-0.638	209.851	1067.39	201	447	363.085	1667.75	536.047	2678.17	363.085	1667.75	536.047	2678.17	154.329	159.39	55.8582	-12.1992	0.0880279	7.625	-26.5221	0							voice nova "booed" tok=1264d4b18797fdfa take=2 src=tts:gpt-audio-1.5 f0=153 onset=0.290 dur=0.390 vowel=0.310-0.580 level=0.050
279	proc	259	bad	train	shiftMags=0	756.214	1.5	1.5	1.5	30	16000	3	0@0.002	0.288	0.394-0.682	-321.295	998.062	-228	380	1087.94	1955.76	713.058	2760.7	1112.95	1937.95	722.79	2761.55	135.369	133.288	-26.8162	-2.18054	0.163688	8.25	-28.0829	0							voice nova "bad" tok=e615886ee3dd7411 take=2 src=tts:gpt-audio-1.5 f0=136 onset=0.351 dur=0.420 vowel=0.371-0.601 level=0.050
280	proc	260	bead	train	shiftMags=0	758.594	1.5	1.5	1.5	30	16000	3	0@0.002	0.278	0.526-0.808	253.209	660.778	252	193	319.459	2717.52	484.421	3439.8	319.459	2717.52	484.421	3439.8	140.942	149.394	100.833	-10.653	0.0485144	7.625	-28.2351	0							voice nova "bead" tok=7fe897fdd57a9390 take=3 src=tts:gpt-audio-1.5 f0=140 onset=0.365 dur=0.510 vowel=0.385-0.755 level=0.050
281	proc	261	bad	train	shiftMags=0	761.396	1.5	1.5	1.5	30	16000	3	0@0.002	0.332	0.292-0.632	-271.31	977.417	-197	364	1026.87	1821.51	783.062	2868.31	1035.33	1817.83	783.062	2868.31	132.971	132.925	-0.599771	-2.4378	0.224365	8.25	-26.1376	0							voice nova "bad" tok=0a26d815e9caf630 take=0 src=tts:gpt-audio-1.5 f0=132 onset=0.305 dur=0.340 vowel=0.305-0.545 level=0.050
282	proc	262	bod	train	shiftMags=0	764.349	1.5	1.5	1.5	30	16000	3	0@0.002	0.286	0.324-0.610	-240.159	1117.5	-177	518	945.927	1221.47	732.807	2335.75	960.609	1222.4	732.807	2362.12	130.839	136.657	75.3198	-10.5759	0.0920478	8.0625	-27.0457	1	0.985+15.4ms						voice nova "bod" tok=258bd75fe923bad2 take=3 src=tts:gpt-audio-1.5 f0=133 onset=0.285 dur=0.370 vowel=0.305-0.575 level=0.050
283	proc	263	booed	train	shiftMags=0	766.763	1.5	1.5	1.5	30	16000	3	0@0.002	0.27	0.356-0.626	213.036	1075.72	205	447	407.125	1544.91	441.885	2609.03	406.168	1530.34	439.645	2608.27	195.971	224.335	234.017	-13.6261	0.0678573	5.875	-26.6303	0							voice nova "booed" tok=a950898a6b1aa9ec take=3 src=tts:gpt-audio-1.5 f0=195 onset=0.314 dur=0.350 vowel=0.334-0.584 level=0.050
284	proc	264	bead	train	shiftMags=0	769.261	1.5	1.5	1.5	30	16000	3	0@0.002	0.342	0.366-0.708	236.501	660.03	232	193	357.194	2678.2	330.361	3213.2	357.194	2711.32	330.361	3278.6	150.924	169.376	199.684	-12.657	0.0818869	7.625	-26.6429	0							voice nova "bead" tok=aea297645e58779f take=0 src=tts:gpt-audio-1.5 f0=146 onset=0.325 dur=0.420 vowel=0.355-0.665 level=0.050
285	proc	265	bod	train	shiftMags=0	771.76	1.5	1.5	1.5	30	16000	3	0@0.002	0.268	0.394-0.696	-216.034	1097.66	-161	485	947.555	1260.1	731.008	2367.14	972.884	1260.58	728.808	2366.98	139.814	152.262	147.657	-9.17159	0.054767	8.25	-28.1242	0							voice nova "bod" tok=ac3b06ad2fe22a43 take=0 src=tts:gpt-audio-1.5 f0=148 onset=0.308 dur=0.410 vowel=0.318-0.648 level=0.050
286	proc	266	booed	train	shiftMags=0	774.735	1.5	1.5	1.5	30	16000	3	0@0.002	0.318	0.310-0.636	212.976	1114.98	205	513	692.556	1696.51	1769.64	3322.52	961.641	2054.99	3017.35	4220.09	166.986	191.216	234.568	-11.1869	0.137462	8	-27.2312	0							voice nova "booed" tok=c1440cd10ca7d3df take=0 src=tts:gpt-audio-1.5 f0=160 onset=0.315 dur=0.390 vowel=0.315-0.555 level=0.050
287	proc	267	bad	train	shiftMags=0	777.023	1.5	1.5	1.5	30	16000	3	0@0.002	0.29	0.360-0.650	-302.038	998.789	-216	380	1052.61	1810.66	743.66	2833.74	1056.41	1806.17	748.003	2833.74	173.524	163.241	-105.766	-4.36155	0.118086	8.25	-26.6797	0							voice nova "bad" tok=14f4da4622cf3505 take=1 src=tts:gpt-audio-1.5 f0=149 onset=0.325 dur=0.370 vowel=0.345-0.615 level=0.050
288	proc	268	bead	train	shiftMags=0	779.287	1.5	1.5	1.5	30	16000	3	0@0.002	0.278	0.402-0.680	219.859	664.217	213	193	320.177	3167.76	586.089	3414.79	320.177	3167.76	586.089	3414.79	163.062	172.455	96.9654	-11.147	0.0849635	7.75	-26.6222	0							voice nova "bead" tok=9f4782cd239a6d7c take=1 src=tts:gpt-audio-1.5 f0=157 onset=0.361 dur=0.370 vowel=0.381-0.631 level=0.050
289	proc	269	bad	train	shiftMags=0	781.674	1.5	1.5	1.5	30	16000	3	0@0.002	0.288	0.380-0.668	-324.287	998.555	-230	380	1087.98	1943.76	724.385	2783.94	1133.03	1886.9	730.59	2783.94	136.002	132.89	-40.0696	-2.20141	0.17049	8.25	-28.0839	0							voice nova "bad" tok=e615886ee3dd7411 take=2 src=tts:gpt-audio-1.5 f0=136 onset=0.337 dur=0.420 vowel=0.357-0.587 level=0.050
290	proc	270	bod	train	shiftMags=0	784.271	1.5	1.5	1.5	30	16000	3	0@0.002	0.32	0.504-0.824	-209.938	1099.55	-157	480	965.515	1257.76	703.606	2345.43	965.308	1254.55	703.696	2346.5	140.968	141.709	9.07682	-9.27613	0.0917742	8.125	-27.2307	0							voice nova "bod" tok=44a267ea7020c4cc take=1 src=tts:gpt-audio-1.5 f0=139 onset=0.362 dur=0.510 vowel=0.382-0.782 level=0.050
291	proc	271	booed	train	shiftMags=0	788.245	1.5	1.5	1.5	30	16000	3	0@0.002	0.36	0.458-0.818	228.314	1131.93	222.5	535	381.546	1223.84	575.9	2356.96	381.546	1223.84	575.9	2356.96	150.891	176.858	274.904	-14.0494	0.0660941	7.6875	-27.1319	0							voice nova "booed" tok=218ae11466f90560 take=1 src=tts:gpt-audio-1.5 f0=154 onset=0.337 dur=0.550 vowel=0.447-0.777 level=0.050
292	proc	272	bod	train	shiftMags=0	790.523	1.5	1.5	1.5	30	16000	3	0@0.002	0.288	0.444-0.732	-184.519	1094.35	-139.5	477	965.588	1334.94	722.128	2438.73	979.093	1342.49	722.128	2438.73	152.022	141.461	-124.646	-7.90717	0.128143	8.0625	-27.2254	0							voice nova "bod" tok=7f827d8d8855a883 take=2 src=tts:gpt-audio-1.5 f0=148 onset=0.317 dur=0.440 vowel=0.427-0.657 level=0.050
293	proc	273	booed	train	shiftMags=0	793.371	1.5	1.5	1.5	30	16000	3	0@0.002	0.284	0.356-0.660	212.819	1068.35	205	447	363.494	1672.35	530.843	2676.44	362.367	1657.75	528.482	2682.29	154.257	170.892	177.302	-11.998	0.0911844	7.625	-26.5214	0							voice nova "booed" tok=1264d4b18797fdfa take=2 src=tts:gpt-audio-1.5 f0=153 onset=0.312 dur=0.390 vowel=0.332-0.602 level=0.050
294	proc	274	bead	train	shiftMags=0	796.015	1.5	1.5	1.5	30	16000	3	0@0.002	0.344	0.504-0.848	249.763	637.979	248	182	312.537	3220.89	479.209	3327.51	312.537	3220.89	479.209	3327.51	158.543	156.455	-22.9545	-11.8256	0.0813981	7.6875	-26.9916	0							voice nova "bead" tok=21a7e5434e19f7df take=2 src=tts:gpt-audio-1.5 f0=148 onset=0.360 dur=0.540 vowel=0.500-0.790 level=0.050
295	proc	275	bad	train	shiftMags=0	798.932	1.5	1.5	1.5	30	16000	3	0@0.002	0.33	0.282-0.622	-271.466	978.403	-197	364	1023.29	1839.85	791.692	2815.31	1036.04	1815.14	787.333	2831.54	133.216	133.097	-1.54589	-2.53912	0.21905	8.25	-26.1377	1	1.485+15.4ms						voice nova "bad" tok=0a26d815e9caf630 take=0 src=tts:gpt-audio-1.5 f0=132 onset=0.294 dur=0.340 vowel=0.294-0.534 level=0.050
296	proc	276	bad	train	shiftMags=0	801.905	1.5	1.5	1.5	30	16000	3	0@0.002	0.288	0.364-0.652	-302.223	998.436	-216	380	1051.49	1810.32	739.621	2815.6	1056.51	1805.83	746.15	2835.95	174.131	165.758	-85.3179	-4.30874	0.122922	8.25	-26.6795	0							voice nova "bad" tok=14f4da4622cf3505 take=1 src=tts:gpt-audio-1.5 f0=149 onset=0.328 dur=0.370 vowel=0.348-0.618 level=0.050
297	proc	277	bead	train	shiftMags=0	804.694	1.5	1.5	1.5	30	16000	3	0@0.002	0.276	0.486-0.766	253.464	662.058	252	193	318.346	2718.78	517.345	3443.88	318.346	2718.78	517.345	3443.88	140.617	144.698	49.5263	-10.5412	0.0606074	7.6875	-28.2352	0							voice nova "bead" tok=7fe897fdd57a9390 take=3 src=tts:gpt-audio-1.5 f0=140 onset=0.325 dur=0.510 vowel=0.345-0.715 level=0.050
298	proc	278	booed	train	shiftMags=0	807.131	1.5	1.5	1.5	30	16000	3	0@0.002	0.268	0.414-0.682	213.445	1075.68	205	449.5	409.221	1541.97	423.453	2573.94	408.666	1539.91	426.941	2580.99	198.404	224.742	215.797	-12.9369	0.0885372	6	-26.6323	0							voice nova "booed" tok=a950898a6b1aa9ec take=3 src=tts:gpt-audio-1.5 f0=195 onset=0.371 dur=0.350 vowel=0.391-0.641 level=0.050
299	proc	279	bod	train	shiftMags=0	810.064	1.5	1.5	1.5	30	16000	3	0@0.002	0.286	0.348-0.634	-240.196	1118.81	-177	518	950.871	1216.59	730.662	2354.17	971.045	1218.21	725.084	2355.69	131.769	136.131	56.3774	-10.6741	0.0912481	8.125	-27.0443	0							voice nova "bod" tok=258bd75fe923bad2 take=3 src=tts:gpt-audio-1.5 f0=133 onset=0.309 dur=0.370 vowel=0.329-0.599 level=0.050
300	proc	280	booed	train	shiftMags=0	812.323	1.5	1.5	1.5	30	16000	3	0@0.002	0.318	0.312-0.638	212.735	1115.54	205	513	413.447	1701.91	1771.24	2733.67	382.245	2064.59	2986.2	3029.49	168.174	195.193	257.943	-11.1998	0.123619	8	-27.2317	0							voice nova "booed" tok=c1440cd10ca7d3df take=0 src=tts:gpt-audio-1.5 f0=160 onset=0.317 dur=0.390 vowel=0.317-0.557 level=0.050
301	proc	281	bad	train	shiftMags=0	815.314	1.5	1.5	1.5	30	16000	3	0@0.002	0.286	0.404-0.690	-326.924	997.093	-232	380	1068.28	1928.71	723.992	2785.83	1121.38	1928.71	726.158	2807.57	134.194	132.474	-22.3344	-2.03683	0.167217	8.25	-28.0836	0							voice nova "bad" tok=e615886ee3dd7411 take=2 src=tts:gpt-audio-1.5 f0=136 onset=0.360 dur=0.420 vowel=0.380-0.610 level=0.050
302	proc	282	bead	train	shiftMags=0	817.874	1.5	1.5	1.5	30	16000	3	0@0.002	0.342	0.396-0.738	236.649	648.504	232	187	361.089	2705.11	314.768	3285.92	357.994	2708.77	314.63	3293.07	147.918	167.788	218.206	-12.5343	0.0813244	7.6875	-26.6434	1	0.985+15.4ms						voice nova "bead" tok=aea297645e58779f take=0 src=tts:gpt-audio-1.5 f0=146 onset=0.355 dur=0.420 vowel=0.385-0.695 level=0.050
303	proc	283	bod	train	shiftMags=0	820.326	1.5	1.5	1.5	30	16000	3	0@0.002	0.268	0.404-0.706	-216.044	1097.35	-161	485	941.986	1260.22	734.314	2359.23	968.508	1260.4	736.267	2364.61	139.604	150.039	124.79	-9.36625	0.0606011	8.25	-28.1245	0							voice nova "bod" tok=ac3b06ad2fe22a43 take=0 src=tts:gpt-audio-1.5 f0=148 onset=0.318 dur=0.410 vowel=0.328-0.658 level=0.050
304	proc	284	bad	train	shiftMags=0	823.239	1.5	1.5	1.5	30	16000	3	0@0.002	0.334	0.308-0.648	-271.675	976.521	-197	364	1018.05	1865.63	781.427	2806.5	1031.31	1805.31	779.261	2828.62	133.249	133.115	-1.74115	-2.48047	0.231722	8.25	-26.1378	0							voice nova "bad" tok=0a26d815e9caf630 take=0 src=tts:gpt-audio-1.5 f0=132 onset=0.321 dur=0.340 vowel=0.321-0.561 level=0.050
305	proc	285	booed	train	shiftMags=0	825.862	1.5	1.5	1.5	30	16000	3	0@0.002	0.362	0.420-0.782	229.572	1131.08	224	535	378.578	1226.47	574.675	2363.61	378.578	1226.47	574.675	2363.61	151.11	180.234	305.126	-14.8411	0.0660594	7.6875	-27.1327	0							voice nova "booed" tok=218ae11466f90560 take=1 src=tts:gpt-audio-1.5 f0=154 onset=0.300 dur=0.550 vowel=0.410-0.740 level=0.050
306	proc	286	bead	train	shiftMags=0	828.402	1.5	1.5	1.5	30	16000	3	0@0.002	0.278	0.396-0.674	217.183	673.896	209	198	315.914	3168.51	603.795	3408.28	315.914	3168.51	603.795	3408.28	157.649	185.315	279.912	-11.4327	0.0861304	7.75	-26.6224	0							voice nova "bead" tok=9f4782cd239a6d7c take=1 src=tts:gpt-audio-1.5 f0=157 onset=0.356 dur=0.370 vowel=0.376-0.626 level=0.050
307	proc	287	bod	train	shiftMags=0	830.881	1.5	1.5	1.5	30	16000	3	0@0.002	0.322	0.478-0.800	-209.887	1099.27	-157	480	961.623	1248.24	718.625	2355.64	963.4	1252.36	718.625	2349.81	139.618	138.379	-15.4354	-9.2515	0.0874047	8.125	-27.2316	0							voice nova "bod" tok=44a267ea7020c4cc take=1 src=tts:gpt-audio-1.5 f0=139 onset=0.337 dur=0.510 vowel=0.357-0.757 level=0.050
308	proc	288	bead	train	shiftMags=0	833.445	1.5	1.5	1.5	30	16000	3	0@0.002	0.346	0.468-0.814	249.966	635.621	248	182	310.315	3210.27	496.242	3309.19	310.315	3210.27	496.242	3309.19	158.619	150.133	-95.1939	-11.8791	0.0731087	7.6875	-26.9929	0							voice nova "bead" tok=21a7e5434e19f7df take=2 src=tts:gpt-audio-1.5 f0=148 onset=0.325 dur=0.540 vowel=0.465-0.755 level=0.050
309	proc	289	bod	train	shiftMags=0	835.881	1.5	1.5	1.5	30	16000	3	0@0.002	0.29	0.452-0.748	-182.374	1091.56	-138	474	968.859	1333.04	715.299	2428.78	985.042	1347.14	716.431	2436.31	151.575	143.397	-96.025	-8.05139	0.119133	8.125	-27.2249	0							voice nova "bod" tok=7f827d8d8855a883 take=2 src=tts:gpt-audio-1.5 f0=148 onset=0.325 dur=0.440 vowel=0.435-0.665 level=0.050
310	proc	290	bad	train	shiftMags=0	838.52	1.5	1.5	1.5	30	16000	3	0@0.002	0.29	0.404-0.694	-301.867	999.623	-216	380	1053.34	1807.7	747.727	2824.6	1057.2	1803.77	748.659	2830.34	172.678	177.185	44.6076	-4.33591	0.114371	8.25	-26.6797	0							voice nova "bad" tok=14f4da4622cf3505 take=1 src=tts:gpt-audio-1.5 f0=149 onset=0.369 dur=0.370 vowel=0.389-0.659 level=0.050
311	proc	291	booed	train	shiftMags=0	841.097	1.5	1.5	1.5	30	16000	3	0@0.002	0.282	0.342-0.646	212.889	1069.3	205	447	363.345	1661.09	540.596	2670.24	363.345	1661.09	540.596	2670.24	154.493	161.328	74.9456	-12.0152	0.098992	7.625	-26.5219	0							voice nova "booed" tok=1264d4b18797fdfa take=2 src=tts:gpt-audio-1.5 f0=153 onset=0.298 dur=0.390 vowel=0.318-0.588 level=0.050
312	proc	292	bead	train	shiftMags=0	843.545	1.5	1.5	1.5	30	16000	3	0@0.002	0.276	0.498-0.778	253.227	649.323	252	187	318.95	2721.52	471.412	3445.21	318.95	2721.52	471.412	3445.21	140.994	144.457	42.013	-10.4507	0.063692	7.6875	-28.2352	0							voice nova "bead" tok=7fe897fdd57a9390 take=3 src=tts:gpt-audio-1.5 f0=140 onset=0.335 dur=0.510 vowel=0.355-0.725 level=0.050
313	proc	293	bad	train	shiftMags=0	845.799	1.5	1.5	1.5	30	16000	3	0@0.002	0.288	0.406-0.694	-321.195	999.374	-228	380	1071.92	1901.14	722.962	2798.31	1121.14	1820.82	731.89	2798.31	133.482	135.431	25.1027	-2.1948	0.171253	8.25	-28.0839	0							voice nova "bad" tok=e615886ee3dd7411 take=2 src=tts:gpt-audio-1.5 f0=136 onset=0.364 dur=0.420 vowel=0.384-0.614 level=0.050
314	proc	294	bod	train	shiftMags=0	848.163	1.5	1.5	1.5	30	16000	3	0@0.002	0.286	0.354-0.640	-240.045	1117.35	-177	518	946.737	1219.11	725.478	2344.82	961.505	1219.5	713.297	2363.68	130.624	132.174	20.4129	-10.7858	0.0849489	8.0625	-27.0454	0							voice nova "bod" tok=258bd75fe923bad2 take=3 src=tts:gpt-audio-1.5 f0=133 onset=0.315 dur=0.370 vowel=0.335-0.605 level=0.050
315	proc	295	booed	train	shiftMags=0	850.999	1.5	1.5	1.5	30	16000	3	0@0.002	0.27	0.362-0.632	212.985	1075.47	205	447	409.456	1544.28	419.016	2608.89	408.378	1540.52	424.813	2607.15	197.101	222.397	209.043	-14.0675	0.0723172	5.875	-26.6313	1	1.485+15.4ms						voice nova "booed" tok=a950898a6b1aa9ec take=3 src=tts:gpt-audio-1.5 f0=195 onset=0.320 dur=0.350 vowel=0.340-0.590 level=0.050
316	proc	296	booed	train	shiftMags=0	853.78	1.5	1.5	1.5	30	16000	3	0@0.002	0.318	0.298-0.624	213.024	1116.14	205	513	465.99	1338.71	492.837	2421.59	946.131	2047.25	3022.64	3154.99	166.27	160.859	-57.2853	-11.4474	0.146708	8	-27.2314	0							voice nova "booed" tok=c1440cd10ca7d3df take=0 src=tts:gpt-audio-1.5 f0=160 onset=0.304 dur=0.390 vowel=0.304-0.544 level=0.050
317	proc	297	bod	train	shiftMags=0	856.723	1.5	1.5	1.5	30	16000	3	0@0.002	0.266	0.426-0.728	-216.063	1098.11	-161	485	941.57	1262.57	726.601	2351.61	975.974	1290.5	731.321	2353.07	139.499	148.724	110.852	-9.37391	0.0574958	8.1875	-28.1236	0							voice nova "bod" tok=ac3b06ad2fe22a43 take=0 src=tts:gpt-audio-1.5 f0=148 onset=0.341 dur=0.410 vowel=0.351-0.681 level=0.050
318	proc	298	bad	train	shiftMags=0	859.085	1.5	1.5	1.5	30	16000	3	0@0.002	0.34	0.350-0.690	-265.046	982.91	-193	364	1014.99	1817.02	785.529	2829.98	1020.36	1809.92	783.576	2858.43	133.332	133.086	-3.20169	-2.66726	0.19431	8.25	-26.1378	0							voice nova "bad" tok=0a26d815e9caf630 take=0 src=tts:gpt-audio-1.5 f0=132 onset=0.362 dur=0.340 vowel=0.362-0.602 level=0.050
319	proc	299	bead	train	shiftMags=0	862.03	1.5	1.5	1.5	30	16000	3	0@0.002	0.342	0.358-0.700	236.931	661.845	232	193	361.711	2697.27	356.426	3284.91	358.288	2704.02	346.507	3293.62	147.656	188.252	420.51	-12.5979	0.0747557	7.625	-26.6429	0							voice nova "bead" tok=aea297645e58779f take=0 src=tts:gpt-audio-1.5 f0=146 onset=0.316 dur=0.420 vowel=0.346-0.656 level=0.050
320	proc	300	booed	train	shiftMags=0	864.945	1.5	1.5	1.5	30	16000	3	0@0.002	0.36	0.418-0.778	228.338	1130.89	222.5	535	379.324	1223.92	597.297	2358.16	379.324	1223.92	597.297	2358.16	151.475	168.895	188.463	-14.8023	0.0575455	7.6875	-27.1328	0							voice nova "booed" tok=218ae11466f90560 take=1 src=tts:gpt-audio-1.5 f0=154 onset=0.298 dur=0.550 vowel=0.408-0.738 level=0.050
321	proc	301	bad	train	shiftMags=0	868.458	1.5	1.5	1.5	30	16000	3	0@0.002	0.29	0.368-0.658	-302.067	999.308	-216	380	1053.76	1807.19	747.836	2829.13	1056.53	1804.93	752.168	2829.13	175.775	175.236	-5.31085	-4.26805	0.114873	8.25	-26.6795	0							voice nova "bad" tok=14f4da4622cf3505 take=1 src=tts:gpt-audio-1.5 f0=149 onset=0.333 dur=0.370 vowel=0.353-0.623 level=0.050
322	proc	302	bead	train	shiftMags=0	871.423	1.5	1.5	1.5	30	16000	3	0@0.002	0.28	0.362-0.642	219.92	668.377	213	195.5	320.62	3170.58	597.292	3407.82	320.62	3170.58	597.292	3407.82	160.147	155.095	-55.4958	-11.474	0.0738141	7.75	-26.6223	1	0.985+15.4ms						voice nova "bead" tok=9f4782cd239a6d7c take=1 src=tts:gpt-audio-1.5 f0=157 onset=0.322 dur=0.370 vowel=0.342-0.592 level=0.050
323	proc	303	bod	train	shiftMags=0	874.411	1.5	1.5	1.5	30	16000	3	0@0.002	0.32	0.512-0.832	-209.928	1098.67	-157	480	954.383	1243.19	727.672	2342.88	958.019	1244.24	721.756	2341.94	138.847	140.125	15.8692	-9.00269	0.088672	8.125	-27.2321	0							voice nova "bod" tok=44a267ea7020c4cc take=1 src=tts:gpt-audio-1.5 f0=139 onset=0.370 dur=0.510 vowel=0.390-0.790 level=0.050
324	proc	304	bad	train	shiftMags=0	877.296	1.5	1.5	1.5	30	16000	3	0@0.002	0.288	0.370-0.658	-324.048	1003.06	-230	386	1084.12	1941.85	728.891	2776.36	1129.29	1893.17	733.01	2776.36	135.999	131.86	-53.5104	-2.22081	0.170548	8.25	-28.0837	0							voice nova "bad" tok=e615886ee3dd7411 take=2 src=tts:gpt-audio-1.5 f0=136 onset=0.327 dur=0.420 vowel=0.347-0.577 level=0.050
325	proc	305	bod	train	shiftMags=0	879.963	1.5	1.5	1.5	30	16000	3	0@0.002	0.292	0.490-0.786	-182.416	1091.01	-138	469	977.418	1340.18	715.679	2434.24	988.033	1358.08	717.56	2435.9	151.527	141.821	-114.6	-8.84555	0.075121	8.0625	-27.2253	0							voice nova "bod" tok=7f827d8d8855a883 take=2 src=tts:gpt-audio-1.5 f0=148 onset=0.364 dur=0.440 vowel=0.474-0.704 level=0.050
326	proc	306	booed	train	shiftMags=0	882.867	1.5	1.5	1.5	30	16000	3	0@0.002	0.282	0.372-0.676	212.882	1069.67	205	447	363.154	1664.26	530.273	2670.04	363.154	1664.26	530.273	2670.04	154.499	169.613	161.583	-13.5755	0.0705144	7.625	-26.5213	0							voice nova "booed" tok=1264d4b18797fdfa take=2 src=tts:gpt-audio-1.5 f0=153 onset=0.329 dur=0.390 vowel=0.349-0.619 level=0.050
327	proc	307	bead	train	shiftMags=0	885.232	1.5	1.5	1.5	30	16000	3	0@0.002	0.344	0.446-0.790	249.995	637.623	248	182	310.71	3172.16	494.225	3308.23	310.71	3172.16	494.225	3308.23	157.968	150.803	-80.3671	-11.6125	0.0757687	7.6875	-26.9945	0							voice nova "bead" tok=21a7e5434e19f7df take=2 src=tts:gpt-audio-1.5 f0=148 onset=0.301 dur=0.540 vowel=0.441-0.731 level=0.050
328	proc	308	booed	train	shiftMags=0	887.582	1.5	1.5	1.5	30	16000	3	0@0.002	0.268	0.340-0.608	213.065	1076.11	205	447	409.112	1547.38	429.711	2612.52	408.187	1541.48	424.513	2604.94	195.644	223.532	230.696	-14.1466	0.0757144	7.625	-26.6304	0							voice nova "booed" tok=a950898a6b1aa9ec take=3 src=tts:gpt-audio-1.5 f0=195 onset=0.298 dur=0.350 vowel=0.318-0.568 level=0.050
329	proc	309	bod	train	shiftMags=0	889.936	1.5	1.5	1.5	30	16000	3	0@0.002	0.286	0.356-0.642	-240.253	1117.86	-177	518	947.538	1220.4	721.466	2341.2	965.885	1221.03	722.679	2349.85	130.971	132.556	20.8292	-10.3086	0.094564	8.0625	-27.0451	0							voice nova "bod" tok=258bd75fe923bad2 take=3 src=tts:gpt-audio-1.5 f0=133 onset=0.316 dur=0.370 vowel=0.336-0.606 level=0.050
330	proc	310	bead	train	shiftMags=0	892.707	1.5	1.5	1.5	30	16000	3	0@0.002	0.278	0.478-0.758	253.471	649.998	252	187	320.646	2719.04	481.969	3448.65	320.646	2719.04	481.969	3448.65	140.747	149.769	107.551	-10.4284	0.0689693	7.625	-28.2354	0							voice nova "bead" tok=7fe897fdd57a9390 take=3 src=tts:gpt-audio-1.5 f0=140 onset=0.316 dur=0.510 vowel=0.336-0.706 level=0.050
331	proc	311	bad	train	shiftMags=0	895.677	1.5	1.5	1.5	30	16000	3	0@0.002	0.338	0.324-0.664	-270.947	979.063	-197	364	1021.67	1853.31	785.978	2900.22	1027.7	1838.2	785.978	2899.47	132.566	133.082	6.73758	-2.4989	0.207673	8.25	-26.1379	0							voice nova "bad" tok=0a26d815e9caf630 take=0 src=tts:gpt-audio-1.5 f0=132 onset=0.337 dur=0.340 vowel=0.337-0.577 level=0.050
332	proc	312	bad	train	shiftMags=0	898.073	1.5	1.5	1.5	30	16000	3	0@0.002	0.29	0.324-0.614	-302.171	986.257	-216	369	1055.85	1807.05	742.547	2815.9	1056.65	1801.63	748.916	2819.01	174.435	174.388	-0.459452	-4.35097	0.112938	8.25	-26.679	0							voice nova "bad" tok=14f4da4622cf3505 take=1 src=tts:gpt-audio-1.5 f0=149 onset=0.289 dur=0.370 vowel=0.309-0.579 level=0.050
333	proc	313	bead	train	shiftMags=0	900.426	1.5	1.5	1.5	30	16000	3	0@0.002	0.344	0.364-0.708	236.745	663.078	232	193	357.195	2682.96	349.669	3277.94	359.778	2708.19	362.069	3294.8	148.091	172.024	259.352	-12.4716	0.0757821	7.625	-26.6428	0							voice nova "bead" tok=aea297645e58779f take=0 src=tts:gpt-audio-1.5 f0=146 onset=0.324 dur=0.420 vowel=0.354-0.664 level=0.050
334	proc	314	bod	train	shiftMags=0	903.34	1.5	1.5	1.5	30	16000	3	0@0.002	0.272	0.430-0.734	-210.517	1097.75	-157	485	980.622	1285.13	726.387	2353.67	980.622	1285.13	726.493	2364.58	141.036	142.884	22.5376	-9.34966	0.0604943	8.25	-28.1244	0							voice nova "bod" tok=ac3b06ad2fe22a43 take=0 src=tts:gpt-audio-1.5 f0=148 onset=0.345 dur=0.410 vowel=0.355-0.685 level=0.050
335	proc	315	booed	train	shiftMags=0	906.248	1.5	1.5	1.5	30	16000	3	0@0.002	0.318	0.346-0.672	212.849	1115.75	205	513	464.246	1332.95	527.108	2393.42	1023.05	2053.75	560.125	3018.72	170.526	194.716	229.654	-11.2892	0.125513	8	-27.2316	1	1.485+15.4ms						voice nova "booed" tok=c1440cd10ca7d3df take=0 src=tts:gpt-audio-1.5 f0=160 onset=0.351 dur=0.390 vowel=0.351-0.591 level=0.050
336	proc	316	bad	train	shiftMags=0	908.594	1.5	1.5	1.5	30	16000	3	0@0.002	0.288	0.374-0.662	-324.262	996.886	-230	380	1063.05	1936.88	723.508	2815.54	1085.22	1883.96	725.299	2800.33	135.34	132.575	-35.7378	-2.17639	0.169365	8.25	-28.0832	0							voice nova "bad" tok=e615886ee3dd7411 take=2 src=tts:gpt-audio-1.5 f0=136 onset=0.331 dur=0.420 vowel=0.351-0.581 level=0.050
337	proc	317	booed	train	shiftMags=0	910.869	1.5	1.5	1.5	30	16000	3	0@0.002	0.36	0.462-0.822	229.991	1131.5	224	535	378.163	1226.6	576.352	2357.36	378.163	1226.6	576.352	2357.36	151.151	189.91	395.193	-14.6256	0.0705604	7.6875	-27.1328	0							voice nova "booed" tok=218ae11466f90560 take=1 src=tts:gpt-audio-1.5 f0=154 onset=0.341 dur=0.550 vowel=0.451-0.781 level=0.050
338	proc	318	bod	train	shiftMags=0	913.327	1.5	1.5	1.5	30	16000	3	0@0.002	0.322	0.504-0.826	-209.989	1098.54	-157	480	965.786	1255.53	703.129	2349.52	964.381	1251.38	703.178	2345.64	140.093	140.691	7.37522	-9.12528	0.0841699	8.125	-27.232	0							voice nova "bod" tok=44a267ea7020c4cc take=1 src=tts:gpt-audio-1.5 f0=139 onset=0.363 dur=0.510 vowel=0.383-0.783 level=0.050
339	proc	319	bead	train	shiftMags=0	915.782	1.5	1.5	1.5	30	16000	3	0@0.002	0.278	0.382-0.660	219.904	663.737	213	193	320.178	3165.42	579.686	3413.29	320.178	3165.42	579.686	3413.29	163.153	187.632	242.016	-11.1165	0.0786877	7.6875	-26.622	0							voice nova "bead" tok=9f4782cd239a6d7c take=1 src=tts:gpt-audio-1.5 f0=157 onset=0.341 dur=0.370 vowel=0.361-0.611 level=0.050
340	proc	320	booed	train	shiftMags=0	918.038	1.5	1.5	1.5	30	16000	3	0@0.002	0.284	0.360-0.664	213.035	1069.51	205	447	367.396	1682.98	524.302	2690.56	366.044	1670.69	530.396	2678.94	154.415	169.586	162.249	-13.0132	0.0754614	7.625	-26.521	0							voice nova "booed" tok=1264d4b18797fdfa take=2 src=tts:gpt-audio-1.5 f0=153 onset=0.317 dur=0.390 vowel=0.337-0.607 level=0.050
341	proc	321	bad	train	shiftMags=0	920.397	1.5	1.5	1.5	30	16000	3	0@0.002	0.332	0.314-0.654	-271.401	980.528	-197	364	1026.89	1832.79	791.112	2863.15	1032.22	1824.51	788.266	2903.24	132.671	133.049	4.93644	-2.44808	0.213666	8.25	-26.1376	0							voice nova "bad" tok=0a26d815e9caf630 take=0 src=tts:gpt-audio-1.5 f0=132 onset=0.326 dur=0.340 vowel=0.326-0.566 level=0.050
342	proc	322	bead	train	shiftMags=0	923.273	1.5	1.5	1.5	30	16000	3	0@0.002	0.344	0.500-0.844	247.038	635.73	244	182	309.624	3209.55	495.579	3314.97	310.18	3210.1	495.824	3315.39	158.342	148.108	-115.678	-12.4944	0.0727664	7.6875	-26.9952	1	0.985+15.4ms						voice nova "bead" tok=21a7e5434e19f7df take=2 src=tts:gpt-audio-1.5 f0=148 onset=0.356 dur=0.540 vowel=0.496-0.786 level=0.050
343	proc	323	bod	train	shiftMags=0	925.571	1.5	1.5	1.5	30	16000	3	0@0.002	0.29	0.436-0.732	-182.555	1095.04	-138	474	971.185	1340.24	712.91	2430.47	988.141	1345.13	718.426	2431	148.755	144.843	-46.1385	-8.7595	0.0773749	8.0625	-27.2253	0							voice nova "bod" tok=7f827d8d8855a883 take=2 src=tts:gpt-audio-1.5 f0=148 onset=0.310 dur=0.440 vowel=0.420-0.650 level=0.050
344	proc	324	bead	train	shiftMags=0	928.163	1.5	1.5	1.5	30	16000	3	0@0.002	0.278	0.484-0.764	253.465	649.87	252	187	327.246	2716.49	485.487	3339.06	327.246	2716.49	485.487	3339.06	140.722	146.405	68.547	-10.5108	0.0569633	7.6875	-28.2363	0							voice nova "bead" tok=7fe897fdd57a9390 take=3 src=tts:gpt-audio-1.5 f0=140 onset=0.323 dur=0.510 vowel=0.343-0.713 level=0.050
345	proc	325	booed	train	shiftMags=0	930.95	1.5	1.5	1.5	30	16000	3	0@0.002	0.27	0.336-0.606	209.656	1075.84	201	447	408.293	1559.07	417.996	2590.25	407.502	1544.61	398.789	2583.08	195.778	221.398	212.905	-13.7071	0.0800854	7.6875	-26.6292	0							voice nova "booed" tok=a950898a6b1aa9ec take=3 src=tts:gpt-audio-1.5 f0=195 onset=0.294 dur=0.350 vowel=0.314-0.564 level=0.050
346	proc	326	bad	train	shiftMags=0	933.736	1.5	1.5	1.5	30	16000	3	0@0.002	0.29	0.348-0.638	-302.076	995.575	-216	375	1054.9	1807.05	738.162	2821.86	1057.42	1802.39	741.31	2821.86	174.004	177.468	34.1215	-4.36086	0.11565	8.25	-26.6796	0							voice nova "bad" tok=14f4da4622cf3505 take=1 src=tts:gpt-audio-1.5 f0=149 onset=0.312 dur=0.370 vowel=0.332-0.602 level=0.050
347	proc	327	bod	train	shiftMags=0	936.218	1.5	1.5	1.5	30	16000	3	0@0.002	0.286	0.406-0.692	-240.164	1117.46	-177	518	949.442	1220.05	730.851	2349.46	972.51	1220.98	730.318	2355.61	131.576	131.465	-1.46362	-10.5344	0.0921553	8.0625	-27.0456	0							voice nova "bod" tok=258bd75fe923bad2 take=3 src=tts:gpt-audio-1.5 f0=133 onset=0.368 dur=0.370 vowel=0.388-0.658 level=0.050
348	proc	328	booed	train	shiftMags=0	938.568	1.5	1.5	1.5	30	16000	3	0@0.002	0.318	0.368-0.694	212.709	1117.07	205	513	471.475	1335.32	505.064	2423.39	943.56	2047.6	3024.88	3186.05	166.311	188.542	217.208	-11.4682	0.142593	8	-27.2315	0							voice nova "booed" tok=c1440cd10ca7d3df take=0 src=tts:gpt-audio-1.5 f0=160 onset=0.374 dur=0.390 vowel=0.374-0.614 level=0.050
349	proc	329	bad	train	shiftMags=0	941.138	1.5	1.5	1.5	30	16000	3	0@0.002	0.288	0.328-0.616	-324.053	1000.55	-230	380	1063.79	1968.15	707.814	2753.27	1118.63	1928.58	713.571	2753.27	135.386	137.114	21.9542	-2.09469	0.166903	8.25	-28.083	0							voice nova "bad" tok=e615886ee3dd7411 take=2 src=tts:gpt-audio-1.5 f0=136 onset=0.285 dur=0.420 vowel=0.305-0.535 level=0.050
350	proc	330	bod	train	shiftMags=0	943.658	1.5	1.5	1.5	30	16000	3	0@0.002	0.266	0.416-0.718	-216.673	1097.67	-161	485	943.183	1261.69	729.963	2361.49	979.645	1291.49	729.25	2366.23	140.559	148.022	89.5592	-8.98182	0.0631432	8.25	-28.1241	0							voice nova "bod" tok=ac3b06ad2fe22a43 take=0 src=tts:gpt-audio-1.5 f0=148 onset=0.329 dur=0.410 vowel=0.339-0.669 level=0.050
351	proc	331	bead	train	shiftMags=0	947.244	1.5	1.5	1.5	30	16000	3	0@0.002	0.342	0.336-0.678	236.719	660.602	232	193	357.121	2678.66	343.705	3271.71	357.121	2708.32	335.136	3299.06	149.991	155.021	57.0995	-12.6034	0.0788888	7.6875	-26.6428	0							voice nova "bead" tok=aea297645e58779f take=0 src=tts:gpt-audio-1.5 f0=146 onset=0.295 dur=0.420 vowel=0.325-0.635 level=0.050
352	proc	332	bod	train	shiftMags=0	949.713	1.5	1.5	1.5	30	16000	3	0@0.002	0.32	0.454-0.774	-209.944	1098.86	-157	480	965.911	1248.21	711.729	2350.12	959.526	1247.23	713.858	2350.15	140.382	141.522	14.0007	-9.11107	0.0969028	8.125	-27.2316	0							voice nova "bod" tok=44a267ea7020c4cc take=1 src=tts:gpt-audio-1.5 f0=139 onset=0.312 dur=0.510 vowel=0.332-0.732 level=0.050
353	proc	333	bad	train	shiftMags=0	952.319	1.5	1.5	1.5	30	16000	3	0@0.002	0.342	0.290-0.632	-264.649	981.691	-193	364	1027.19	1863.5	785.838	2842.25	1044.51	1819.74	785.838	2814.26	133.15	132.934	-2.81679	-2.1348	0.262172	8.25	-26.1379	0							voice nova "bad" tok=0a26d815e9caf630 take=0 src=tts:gpt-audio-1.5 f0=132 onset=0.303 dur=0.340 vowel=0.303-0.543 level=0.050
354	proc	334	bead	train	shiftMags=0	955.3	1.5	1.5	1.5	30	16000	3	0@0.002	0.278	0.374-0.652	219.927	671.883	213	198	321.54	3156.69	603.676	3399.54	321.54	3156.69	603.676	3399.54	160.261	171.094	113.231	-11.1244	0.0884198	7.6875	-26.6224	0							voice nova "bead" tok=9f4782cd239a6d7c take=1 src=tts:gpt-audio-1.5 f0=157 onset=0.333 dur=0.370 vowel=0.353-0.603 level=0.050
355	proc	335	booed	train	shiftMags=0	957.556	1.5	1.5	1.5	30	16000	3	0@0.002	0.36	0.466-0.826	229.584	1130.9	224	535	378.076	1222.84	602.232	2354.66	378.076	1222.84	602.232	2354.66	151.131	193.266	425.748	-14.4571	0.0716054	7.75	-27.1324	1	1.485+15.4ms						voice nova "booed" tok=218ae11466f90560 take=1 src=tts:gpt-audio-1.5 f0=154 onset=0.346 dur=0.550 vowel=0.456-0.786 level=0.050
356	proc	336	bead	train	shiftMags=0	959.979	1.5	1.5	1.5	30	16000	3	0@0.002	0.344	0.446-0.790	249.752	637.504	248	182	313.383	3262.86	522.47	3322.82	313.383	3262.86	522.47	3322.82	159.022	144.668	-163.776	-12.2811	0.0721146	7.6875	-26.9924	0							voice nova "bead" tok=21a7e5434e19f7df take=2 src=tts:gpt-audio-1.5 f0=148 onset=0.302 dur=0.540 vowel=0.442-0.732 level=0.050
357	proc	337	bod	train	shiftMags=0	962.866	1.5	1.5	1.5	30	16000	3	0@0.002	0.294	0.494-0.790	-182.194	1094.83	-138	474	967.583	1337.92	720.69	2435.72	988.435	1341.28	720.69	2435.72	150.37	142.89	-88.3402	-9.09347	0.0803599	8.0625	-27.2252	0							voice nova "bod" tok=7f827d8d8855a883 take=2 src=tts:gpt-audio-1.5 f0=148 onset=0.368 dur=0.440 vowel=0.478-0.708 level=0.050
358	proc	338	booed	train	shiftMags=0	965.49	1.5	1.5	1.5	30	16000	3	0@0.002	0.284	0.330-0.634	212.83	1069.64	205	447	364.542	1669.67	530.566	2672.87	362.321	1656.35	535.412	2663.62	153.102	162.233	100.293	-12.0094	0.0945107	7.625	-26.5216	0							voice nova "booed" tok=1264d4b18797fdfa take=2 src=tts:gpt-audio-1.5 f0=153 onset=0.286 dur=0.390 vowel=0.306-0.576 level=0.050
359	proc	339	bad	train	shiftMags=0	968.328	1.5	1.5	1.5	30	16000	3	0@0.002	0.29	0.406-0.696	-302.014	998.778	-216	380	1055.9	1804.55	739.958	2821.74	1057.47	1801.83	743.306	2822.17	174.759	176.493	17.0896	-4.24681	0.120458	8.25	-26.6789	0							voice nova "bad" tok=14f4da4622cf3505 take=1 src=tts:gpt-audio-1.5 f0=149 onset=0.370 dur=0.370 vowel=0.390-0.660 level=0.050
360	proc	340	bod	train	shiftMags=0	970.637	1.5	1.5	1.5	30	16000	3	0@0.002	0.286	0.392-0.678	-240.284	1117.89	-177	518	953.824	1216.13	724.534	2357.06	955.085	1216.81	722.018	2360.21	130.398	132.86	32.3736	-10.4191	0.094935	8.0625	-27.0447	0							voice nova "bod" tok=258bd75fe923bad2 take=3 src=tts:gpt-audio-1.5 f0=133 onset=0.352 dur=0.370 vowel=0.372-0.642 level=0.050
361	proc	341	bead	train	shiftMags=0	973.63	1.5	1.5	1.5	30	16000	3	0@0.002	0.276	0.458-0.738	253.156	661.291	252	193	319.839	2721.12	491.686	3443.65	319.839	2721.12	491.686	3443.65	140.676	144.676	48.5419	-10.4917	0.0647114	7.6875	-28.2354	0							voice nova "bead" tok=7fe897fdd57a9390 take=3 src=tts:gpt-audio-1.5 f0=140 onset=0.295 dur=0.510 vowel=0.315-0.685 level=0.050
362	proc	342	booed	train	shiftMags=0	975.882	1.5	1.5	1.5	30	16000	3	0@0.002	0.27	0.400-0.670	212.766	1075.52	205	447	410.203	1546.82	449.673	2609.49	409.978	1544.5	438.845	2603.03	195.859	204.826	77.5009	-14.3269	0.0702643	10.4375	-26.6324	1	0.985+15.4ms						voice nova "booed" tok=a950898a6b1aa9ec take=3 src=tts:gpt-audio-1.5 f0=195 onset=0.359 dur=0.350 vowel=0.379-0.629 level=0.050
363	proc	343	bad	train	shiftMags=0	978.721	1.5	1.5	1.5	30	16000	3	0@0.002	0.288	0.346-0.634	-321.589	999.369	-228	380	1079.87	1892.77	724.426	2835.01	1131.47	1824.44	727.643	2789.63	135.987	131.155	-62.6369	-2.19604	0.175566	8.25	-28.0827	0							voice nova "bad" tok=e615886ee3dd7411 take=2 src=tts:gpt-audio-1.5 f0=136 onset=0.303 dur=0.420 vowel=0.323-0.553 level=0.050
364	proc	344	booed	train	shiftMags=0	981.155	1.5	1.5	1.5	30	16000	3	0@0.002	0.318	0.348-0.672	213.305	1116.81	205	513	469.596	1329.33	500.321	2429.04	926.978	2050.45	510.542	3013.87	165.036	181.708	166.615	-11.2777	0.139684	8	-27.2313	0							voice nova "booed" tok=c1440cd10ca7d3df take=0 src=tts:gpt-audio-1.5 f0=160 onset=0.353 dur=0.390 vowel=0.353-0.593 level=0.050
365	proc	345	bod	train	shiftMags=0	983.939	1.5	1.5	1.5	30	16000	3	0@0.002	0.268	0.456-0.758	-216.073	1097.78	-161	485	940.359	1262.24	732.788	2358.78	978.455	1291.59	732.788	2367.17	139.736	154.62	175.226	-9.31717	0.0610383	8.1875	-28.1239	0							voice nova "bod" tok=ac3b06ad2fe22a43 take=0 src=tts:gpt-audio-1.5 f0=148 onset=0.370 dur=0.410 vowel=0.380-0.710 level=0.050
366	proc	346	bead	train	shiftMags=0	986.793	1.5	1.5	1.5	30	16000	3	0@0.002	0.342	0.368-0.710	236.613	661.873	232	193	362.335	2696.16	373.275	3286.94	358.546	2703.45	364.366	3299.67	147.91	164.564	184.719	-12.7583	0.0770772	7.625	-26.6427	0							voice nova "bead" tok=aea297645e58779f take=0 src=tts:gpt-audio-1.5 f0=146 onset=0.327 dur=0.420 vowel=0.357-0.667 level=0.050
367	proc	347	bad	train	shiftMags=0	989.594	1.5	1.5	1.5	30	16000	3	0@0.002	0.34	0.310-0.650	-265.055	980.429	-193	364	1018.03	1814.26	779.289	2829.69	1019.17	1808.42	779.289	2858.3	133.331	132.95	-4.95482	-2.56354	0.19358	8.25	-26.1378	0							voice nova "bad" tok=0a26d815e9caf630 take=0 src=tts:gpt-audio-1.5 f0=132 onset=0.322 dur=0.340 vowel=0.322-0.562 level=0.050
368	proc	348	bead	train	shiftMags=0	992.56	1.5	1.5	1.5	30	16000	3	0@0.002	0.278	0.346-0.624	217.175	665.749	209	193	321.401	3158.01	586.389	3443.37	316.057	3166.31	589.435	3404.55	160.866	191.898	305.373	-10.9755	0.0815057	7.6875	-26.6225	0							voice nova "bead" tok=9f4782cd239a6d7c take=1 src=tts:gpt-audio-1.5 f0=157 onset=0.305 dur=0.370 vowel=0.325-0.575 level=0.050
369	proc	349	bod	train	shiftMags=0	994.977	1.5	1.5	1.5	30	16000	3	0@0.002	0.32	0.480-0.800	-209.961	1098.61	-157	480	959.861	1246.02	706.177	2345.78	961.163	1251.22	713.055	2346.79	140.21	140.087	-1.5157	-9.11107	0.0915744	8.125	-27.232	0							voice nova "bod" tok=44a267ea7020c4cc take=1 src=tts:gpt-audio-1.5 f0=139 onset=0.338 dur=0.510 vowel=0.358-0.758 level=0.050
370	proc	350	booed	train	shiftMags=0	997.866	1.5	1.5	1.5	30	16000	3	0@0.002	0.36	0.464-0.824	229.878	1131.64	224	535	379.526	1226.29	589.186	2363.09	379.526	1226.29	589.186	2363.09	149.51	168.758	209.663	-14.3445	0.0692286	7.6875	-27.1316	0							voice nova "booed" tok=218ae11466f90560 take=1 src=tts:gpt-audio-1.5 f0=154 onset=0.343 dur=0.550 vowel=0.453-0.783 level=0.050
371	proc	351	bad	train	shiftMags=0	1000.58	1.5	1.5	1.5	30	16000	3	0@0.002	0.29	0.380-0.670	-307.646	988.741	-220	369	1052.88	1810.52	742.586	2821.95	1056.59	1805.44	744.312	2821.95	173.531	177.463	38.7898	-4.40608	0.121747	8.25	-26.6798	0							voice nova "bad" tok=14f4da4622cf3505 take=1 src=tts:gpt-audio-1.5 f0=149 onset=0.345 dur=0.370 vowel=0.365-0.635 level=0.050
372	proc	352	bod	train	shiftMags=0	1002.97	1.5	1.5	1.5	30	16000	3	0@0.002	0.29	0.470-0.766	-182.489	1092.24	-138	469	969.025	1335.34	722.422	2436.42	987.624	1348.54	722.422	2436.42	150.408	142.147	-97.7967	-8.31068	0.121913	8.0625	-27.2256	0							voice nova "bod" tok=7f827d8d8855a883 take=2 src=tts:gpt-audio-1.5 f0=148 onset=0.343 dur=0.440 vowel=0.453-0.683 level=0.050
373	proc	353	bead	train	shiftMags=0	1005.38	1.5	1.5	1.5	30	16000	3	0@0.002	0.344	0.428-0.772	249.788	637.168	248	182	310.883	3221.37	490.207	3327.55	310.883	3221.37	490.207	3327.55	160.072	162.446	25.4831	-11.885	0.0718581	7.6875	-26.9875	0							voice nova "bead" tok=21a7e5434e19f7df take=2 src=tts:gpt-audio-1.5 f0=148 onset=0.284 dur=0.540 vowel=0.424-0.714 level=0.050
374	proc	354	bad	train	shiftMags=0	1007.7	1.5	1.5	1.5	30	16000	3	0@0.002	0.286	0.330-0.616	-327.488	997.581	-232	380	1088.95	1945.99	726.114	2775.49	1136.2	1877.37	726.114	2775.49	135.788	131.151	-60.1545	-2.161	0.164725	8.25	-28.0828	0							voice nova "bad" tok=e615886ee3dd7411 take=2 src=tts:gpt-audio-1.5 f0=136 onset=0.286 dur=0.420 vowel=0.306-0.536 level=0.050
375	proc	355	booed	train	shiftMags=0	1010.62	1.5	1.5	1.5	30	16000	3	0@0.002	0.284	0.334-0.638	211.22	1068.97	203	447	363.506	1667.01	534.566	2675.15	363.506	1667.01	534.566	2675.15	154.207	175.031	219.289	-12.0214	0.0975006	7.625	-26.5216	1	1.485+15.4ms						voice nova "booed" tok=1264d4b18797fdfa take=2 src=tts:gpt-audio-1.5 f0=153 onset=0.290 dur=0.390 vowel=0.310-0.580 level=0.050
376	proc	356	booed	train	shiftMags=0	1013.12	1.5	1.5	1.5	30	16000	3	0@0.002	0.268	0.370-0.638	212.989	1075.64	205	449.5	408.472	1547.53	417.893	2603.28	407.185	1540.12	426.867	2593.41	195.335	201.745	55.9003	-12.8197	0.0906715	10.5	-26.6303	0							voice nova "booed" tok=a950898a6b1aa9ec take=3 src=tts:gpt-audio-1.5 f0=195 onset=0.327 dur=0.350 vowel=0.347-0.597 level=0.050
377	proc	357	bod	train	shiftMags=0	1015.63	1.5	1.5	1.5	30	16000	3	0@0.002	0.286	0.332-0.618	-240.119	1118.07	-177	518	945.383	1216.81	722.525	2335.89	956.541	1218.99	722.525	2358.22	130.574	132.624	26.9689	-10.7855	0.0909476	8.0625	-27.0453	0							voice nova "bod" tok=258bd75fe923bad2 take=3 src=tts:gpt-audio-1.5 f0=133 onset=0.293 dur=0.370 vowel=0.313-0.583 level=0.050
378	proc	358	bead	train	shiftMags=0	1017.97	1.5	1.5	1.5	30	16000	3	0@0.002	0.278	0.448-0.728	253.34	650.444	252	187	320.284	2722.15	505.111	3446.16	320.284	2722.15	505.111	3446.16	140.666	147.798	85.6221	-10.5462	0.0572111	7.6875	-28.2352	0							voice nova "bead" tok=7fe897fdd57a9390 take=3 src=tts:gpt-audio-1.5 f0=140 onset=0.286 dur=0.510 vowel=0.306-0.676 level=0.050
379	proc	359	bad	train	shiftMags=0	1020.83	1.5	1.5	1.5	30	16000	3	0@0.002	0.34	0.336-0.678	-265.165	980.813	-193	364	1016.97	1865.39	783.487	2878.17	1031.44	1809.16	783.853	2880.07	133.005	133.085	1.04389	-1.93098	0.279913	8.25	-26.138	0							voice nova "bad" tok=0a26d815e9caf630 take=0 src=tts:gpt-audio-1.5 f0=132 onset=0.350 dur=0.340 vowel=0.350-0.590 level=0.050
380	proc	360	bead	train	shiftMags=0	1023.49	1.5	1.5	1.5	30	16000	3	0@0.002	0.342	0.380-0.722	236.577	660.961	232	193	356.431	2693.73	364.072	3278.12	360.614	2697.72	369.275	3291.19	149.517	176.613	288.337	-12.7726	0.0755423	7.6875	-26.6425	0							voice nova "bead" tok=aea297645e58779f take=0 src=tts:gpt-audio-1.5 f0=146 onset=0.339 dur=0.420 vowel=0.369-0.679 level=0.050
381	proc	361	bod	train	shiftMags=0	1026.9	1.5	1.5	1.5	30	16000	3	0@0.002	0.268	0.460-0.762	-216.016	1097.71	-161	485	974.585	1290.61	733.204	2353.95	974.585	1290.61	733.204	2363.48	140.435	150.625	121.266	-9.52656	0.0567719	8.1875	-28.1239	0							voice nova "bod" tok=ac3b06ad2fe22a43 take=0 src=tts:gpt-audio-1.5 f0=148 onset=0.374 dur=0.410 vowel=0.384-0.714 level=0.050
382	proc	362	bad	train	shiftMags=0	1029.74	1.5	1.5	1.5	30	16000	3	0@0.002	0.29	0.380-0.670	-302.184	1000.43	-216	380	1052.96	1810.84	743.209	2822.35	1056.84	1805.54	745.755	2833	173.546	162.011	-119.071	-4.31422	0.118689	8.25	-26.6799	1	0.985+15.4ms						voice nova "bad" tok=14f4da4622cf3505 take=1 src=tts:gpt-audio-1.5 f0=149 onset=0.345 dur=0.370 vowel=0.365-0.635 level=0.050
383	proc	363	booed	train	shiftMags=0	1032.4	1.5	1.5	1.5	30	16000	3	0@0.002	0.318	0.290-0.616	212.981	1115.63	205	513	696.984	1687.46	610.308	2728.08	964.681	2036.25	638.68	3029.51	167.302	189.571	216.337	-11.4413	0.136576	8	-27.232	0							voice nova "booed" tok=c1440cd10ca7d3df take=0 src=tts:gpt-audio-1.5 f0=160 onset=0.296 dur=0.390 vowel=0.296-0.536 level=0.050
384	proc	364	bead	train	shiftMags=0	1035.24	1.5	1.5	1.5	30	16000	3	0@0.002	0.278	0.412-0.690	217.155	663.805	209	193	321.72	3171	593.502	3425.98	321.72	3171	593.502	3425.98	158.867	182.335	238.527	-10.8795	0.0869556	7.75	-26.622	0							voice nova "bead" tok=9f4782cd239a6d7c take=1 src=tts:gpt-audio-1.5 f0=157 onset=0.371 dur=0.370 vowel=0.391-0.641 level=0.050
385	proc	365	bod	train	shiftMags=0	1038.02	1.5	1.5	1.5	30	16000	3	0@0.002	0.322	0.440-0.762	-209.909	1099.45	-157	480	962.121	1247.88	722.431	2364.59	962.193	1251.46	716.992	2354.97	139.972	140.045	0.907908	-9.2202	0.0850831	8.125	-27.2323	0							voice nova "bod" tok=44a267ea7020c4cc take=1 src=tts:gpt-audio-1.5 f0=139 onset=0.299 dur=0.510 vowel=0.319-0.719 level=0.050
386	proc	366	bad	train	shiftMags=0	1040.59	1.5	1.5	1.5	30	16000	3	0@0.002	0.288	0.406-0.694	-301.729	999.129	-216	380	1104.73	1958.77	727.018	2770.74	1141.82	1837.74	730.042	2770.74	135.014	134.422	-7.60907	-2.18434	0.167389	8.25	-28.0833	0							voice nova "bad" tok=e615886ee3dd7411 take=2 src=tts:gpt-audio-1.5 f0=136 onset=0.363 dur=0.420 vowel=0.383-0.613 level=0.050
387	proc	367	booed	train	shiftMags=0	1043.11	1.5	1.5	1.5	30	16000	3	0@0.002	0.36	0.482-0.842	229.17	1131.67	224	535	377.222	1227.02	614.075	2371.98	377.222	1227.02	614.075	2371.98	151.319	193.638	426.926	-14.3712	0.0702388	7.6875	-27.1325	0							voice nova "booed" tok=218ae11466f90560 take=1 src=tts:gpt-audio-1.5 f0=154 onset=0.361 dur=0.550 vowel=0.471-0.801 level=0.050
388	proc	368	booed	train	shiftMags=0	1046.03	1.5	1.5	1.5	30	16000	3	0@0.002	0.284	0.380-0.686	212.725	1069.2	205	447	364.832	1660.52	532.048	2671.2	364.832	1660.52	532.048	2671.2	154.483	163.196	94.9815	-13.6626	0.0813669	7.625	-26.5221	0							voice nova "booed" tok=1264d4b18797fdfa take=2 src=tts:gpt-audio-1.5 f0=153 onset=0.338 dur=0.390 vowel=0.358-0.628 level=0.050
389	proc	369	bod	train	shiftMags=0	1048.42	1.5	1.5	1.5	30	16000	3	0@0.002	0.29	0.410-0.706	-182.649	1094.96	-138	474	976.431	1339.31	705.376	2437.51	988.517	1357.51	711.346	2438.03	151.564	144.892	-77.9402	-9.24605	0.0734302	8.0625	-27.2253	0							voice nova "bod" tok=7f827d8d8855a883 take=2 src=tts:gpt-audio-1.5 f0=148 onset=0.284 dur=0.440 vowel=0.394-0.624 level=0.050
390	proc	370	bead	train	shiftMags=0	1050.74	1.5	1.5	1.5	30	16000	3	0@0.002	0.344	0.432-0.776	247.234	637.45	244	182	310.214	3210.01	492.082	3314.65	310.214	3210.01	492.082	3314.65	156.138	156.9	8.42692	-12.0196	0.0729341	7.6875	-26.9938	0							voice nova "bead" tok=21a7e5434e19f7df take=2 src=tts:gpt-audio-1.5 f0=148 onset=0.288 dur=0.540 vowel=0.428-0.718 level=0.050
391	proc	371	bad	train	shiftMags=0	1053.64	1.5	1.5	1.5	30	16000	3	0@0.002	0.336	0.284-0.626	-270.942	979.431	-197	364	1023.59	1852.62	782.272	2890.02	1024.98	1832.52	782.272	2890.02	132.741	133.075	4.34721	-2.08146	0.276056	8.25	-26.1379	0							voice nova "bad" tok=0a26d815e9caf630 take=0 src=tts:gpt-audio-1.5 f0=132 onset=0.297 dur=0.340 vowel=0.297-0.537 level=0.050
392	proc	372	bad	train	shiftMags=0	1056.4	1.5	1.5	1.5	30	16000	3	0@0.002	0.29	0.344-0.634	-313.869	985.168	-224	369	1053.4	1808.89	742.098	2812.82	1056.36	1803.43	750.606	2828.92	172.648	176.333	36.5684	-4.269	0.119877	8.25	-26.6791	0							voice nova "bad" tok=14f4da4622cf3505 take=1 src=tts:gpt-audio-1.5 f0=149 onset=0.308 dur=0.370 vowel=0.328-0.598 level=0.050
393	proc	373	bead	train	shiftMags=0	1059.35	1.5	1.5	1.5	30	16000	3	0@0.002	0.276	0.480-0.760	253.265	649.615	252	187	322.123	2724.45	480.365	3465.93	322.123	2724.45	480.365	3465.93	141.031	144.687	44.3066	-10.6179	0.0594205	7.625	-28.2351	0							voice nova "bead" tok=7fe897fdd57a9390 take=3 src=tts:gpt-audio-1.5 f0=140 onset=0.319 dur=0.510 vowel=0.339-0.709 level=0.050
394	proc	374	booed	train	shiftMags=0	1062.05	1.5	1.5	1.5	30	16000	3	0@0.002	0.27	0.362-0.632	213.466	1074.4	205	447	411.107	1547.19	416.495	2626.49	409.939	1552.43	426.66	2620	198.089	225.792	226.614	-14.1855	0.0758303	5.875	-26.6315	0							voice nova "booed" tok=a950898a6b1aa9ec take=3 src=tts:gpt-audio-1.5 f0=195 onset=0.321 dur=0.350 vowel=0.341-0.591 level=0.050
395	proc	375	bod	train	shiftMags=0	1065.05	1.5	1.5	1.5	30	16000	3	0@0.002	0.286	0.378-0.664	-240.254	1117.16	-177	518	950.327	1216.57	724.658	2356.25	969.48	1217.93	721.263	2361.4	130.77	133.771	39.2796	-10.546	0.0895211	8.0625	-27.0451	1	1.485+15.4ms						voice nova "bod" tok=258bd75fe923bad2 take=3 src=tts:gpt-audio-1.5 f0=133 onset=0.339 dur=0.370 vowel=0.359-0.629 level=0.050
396	proc	376	bad	train	shiftMags=0	1067.63	1.5	1.5	1.5	30	16000	3	0@0.002	0.288	0.334-0.622	-324.109	999.751	-230	380	1058.77	1858.03	708.124	2787.44	1086.34	1833.39	717.541	2798.51	135.52	133.784	-22.3273	-2.23253	0.164206	8.25	-28.0836	0							voice nova "bad" tok=e615886ee3dd7411 take=2 src=tts:gpt-audio-1.5 f0=136 onset=0.292 dur=0.420 vowel=0.312-0.542 level=0.050
397	proc	377	booed	train	shiftMags=0	1069.92	1.5	1.5	1.5	30	16000	3	0@0.002	0.318	0.286-0.612	212.913	1115.35	205	513	463.256	1330.01	515.385	2427.95	1027.86	2052.6	549.418	3026.29	167.605	188.358	202.088	-11.534	0.137588	8	-27.2311	0							voice nova "booed" tok=c1440cd10ca7d3df take=0 src=tts:gpt-audio-1.5 f0=160 onset=0.292 dur=0.390 vowel=0.292-0.532 level=0.050
398	proc	378	bead	train	shiftMags=0	1072.67	1.5	1.5	1.5	30	16000	3	0@0.002	0.342	0.352-0.694	236.598	661.429	232	193	357.546	2688.4	383.67	3269.75	362.026	2692.24	364.139	3286.84	150.027	172.744	244.101	-12.7734	0.0720483	7.625	-26.6426	0							voice nova "bead" tok=aea297645e58779f take=0 src=tts:gpt-audio-1.5 f0=146 onset=0.310 dur=0.420 vowel=0.340-0.650 level=0.050
399	proc	379	bod	train	shiftMags=0	1075.11	1.5	1.5	1.5	30	16000	3	0@0.002	0.268	0.418-0.720	-216.043	1097.54	-161	485	941.348	1263.51	735.495	2358.48	977.225	1287.27	735.495	2364.96	140.008	160.14	232.594	-9.18501	0.0628641	8.1875	-28.1248	0							voice nova "bod" tok=ac3b06ad2fe22a43 take=0 src=tts:gpt-audio-1.5 f0=148 onset=0.332 dur=0.410 vowel=0.342-0.672 level=0.050
400	proc	380	bead	train	shiftMags=0	1077.66	1.5	1.5	1.5	30	16000	3	0@0.002	0.28	0.340-0.620	220.002	668.476	213	195.5	320.322	3161.56	581.566	3414.29	320.322	3161.56	581.566	3414.29	157.586	177.283	203.895	-11.7165	0.0785971	7.75	-26.6223	0							voice nova "bead" tok=9f4782cd239a6d7c take=1 src=tts:gpt-audio-1.5 f0=157 onset=0.300 dur=0.370 vowel=0.320-0.570 level=0.050
401	proc	381	bad	train	shiftMags=0	1080.18	1.5	1.5	1.5	30	16000	3	0@0.002	0.332	0.338-0.678	-271.223	977.59	-197	364	1016.05	1837.77	785.611	2829.78	1019.74	1806.43	783.392	2844.07	133.243	133.081	-2.11072	-2.5526	0.22994	8.25	-26.1378	0							voice nova "bad" tok=0a26d815e9caf630 take=0 src=tts:gpt-audio-1.5 f0=132 onset=0.351 dur=0.340 vowel=0.351-0.591 level=0.050
402	proc	382	booed	train	shiftMags=0	1082.68	1.5	1.5	1.5	30	16000	3	0@0.002	0.36	0.462-0.822	229.456	1131.67	224	535	376.973	1226.99	606.02	2358.61	376.973	1226.99	606.02	2358.61	151.152	159.266	90.5255	-14.4407	0.0626732	7.6875	-27.1328	1	0.985+15.4ms						voice nova "booed" tok=218ae11466f90560 take=1 src=tts:gpt-audio-1.5 f0=154 onset=0.341 dur=0.550 vowel=0.451-0.781 level=0.050
403	proc	383	bod	train	shiftMags=0	1085.32	1.5	1.5	1.5	30	16000	3	0@0.002	0.322	0.454-0.776	-209.933	1099.61	-157	480	965.425	1252.31	719.395	2363.74	965.2	1247.68	717.339	2361.9	139.532	140.461	11.4917	-9.67692	0.0551415	8.125	-27.2324	0							voice nova "bod" tok=44a267ea7020c4cc take=1 src=tts:gpt-audio-1.5 f0=139 onset=0.314 dur=0.510 vowel=0.334-0.734 level=0.050
404	proc	384	bad	train	shiftMags=0	1088.01	1.5	1.5	1.5	30	16000	3	0@0.002	0.29	0.390-0.680	-302.154	999.913	-216	380	1053.03	1811.12	743.801	2833.98	1056.42	1806.11	746.627	2833.98	173.546	175.457	18.9587	-4.28313	0.118427	8.25	-26.6796	0							voice nova "bad" tok=14f4da4622cf3505 take=1 src=tts:gpt-audio-1.5 f0=149 onset=0.355 dur=0.370 vowel=0.375-0.645 level=0.050
405	proc	385	booed	train	shiftMags=0	1090.32	1.5	1.5	1.5	30	16000	3	0@0.002	0.282	0.366-0.670	212.764	1069.6	205	447	364.895	1673.78	521.143	2684.48	364.052	1659.31	527.864	2686.33	154.595	161.662	77.3894	-13.6007	0.0732439	7.625	-26.5212	0							voice nova "booed" tok=1264d4b18797fdfa take=2 src=tts:gpt-audio-1.5 f0=153 onset=0.323 dur=0.390 vowel=0.343-0.613 level=0.050
406	proc	386	bod	train	shiftMags=0	1093.24	1.5	1.5	1.5	30	16000	3	0@0.002	0.29	0.490-0.786	-182.544	1093.53	-138	474	968.978	1335.83	710.397	2427.98	987.829	1349.87	715.266	2434.04	151.452	143.235	-96.5734	-8.57684	0.091406	8.0625	-27.2244	0							voice nova "bod" tok=7f827d8d8855a883 take=2 src=tts:gpt-audio-1.5 f0=148 onset=0.364 dur=0.440 vowel=0.474-0.704 level=0.050
407	proc	387	bead	train	shiftMags=0	1095.75	1.5	1.5	1.5	30	16000	3	0@0.002	0.344	0.432-0.776	247.115	636.207	244	182	311.017	3213.03	494.635	3319.41	311.017	3213.03	494.635	3319.41	155.865	156.925	11.732	-11.9887	0.0789561	7.6875	-26.9937	0							voice nova "bead" tok=21a7e5434e19f7df take=2 src=tts:gpt-audio-1.5 f0=148 onset=0.288 dur=0.540 vowel=0.428-0.718 level=0.050
408	proc	388	bead	train	shiftMags=0	1098.55	1.5	1.5	1.5	30	16000	3	0@0.002	0.278	0.490-0.770	253.518	649.254	252	187	322.257	2716.86	482.35	3454.85	322.257	2716.86	482.35	3454.85	140.633	144.03	41.3115	-10.7553	0.0619495	7.6875	-28.2357	0							voice nova "bead" tok=7fe897fdd57a9390 take=3 src=tts:gpt-audio-1.5 f0=140 onset=0.329 dur=0.510 vowel=0.349-0.719 level=0.050
409	proc	389	booed	train	shiftMags=0	1101.06	1.5	1.5	1.5	30	16000	3	0@0.002	0.27	0.330-0.600	212.966	1075.7	205	447	409.874	1547.39	432.442	2610.33	408.915	1543.92	434.018	2607.58	195.863	213.532	149.533	-14.592	0.0728686	10.4375	-26.6312	0							voice nova "booed" tok=a950898a6b1aa9ec take=3 src=tts:gpt-audio-1.5 f0=195 onset=0.288 dur=0.350 vowel=0.308-0.558 level=0.050
410	proc	390	bod	train	shiftMags=0	1103.4	1.5	1.5	1.5	30	16000	3	0@0.002	0.286	0.346-0.632	-240.129	1117.7	-177	518	947.404	1221.01	723.174	2341.05	965.196	1221.13	723.517	2348.02	131	132.866	24.4867	-10.31	0.0912248	8.0625	-27.0454	0							voice nova "bod" tok=258bd75fe923bad2 take=3 src=tts:gpt-audio-1.5 f0=133 onset=0.307 dur=0.370 vowel=0.327-0.597 level=0.050
411	proc	391	bad	train	shiftMags=0	1106.9	1.5	1.5	1.5	30	16000	3	0@0.002	0.288	0.396-0.684	-323.913	997.556	-230	380	1104.53	1957.09	729.676	2785.46	1143.31	1841.25	739.082	2785.46	133.475	133.873	5.14948	-2.04296	0.177241	8.25	-28.084	0							voice nova "bad" tok=e615886ee3dd7411 take=2 src=tts:gpt-audio-1.5 f0=136 onset=0.354 dur=0.420 vowel=0.374-0.604 level=0.050
412	proc	392	bad	train	shiftMags=0	1109.32	1.5	1.5	1.5	30	16000	3	0@0.002	0.34	0.346-0.688	-267.817	981.299	-195	364	1018.39	1866.09	784.989	2876.9	1031.8	1811.24	785.668	2847.74	133.003	133.061	0.750676	-2.05914	0.262782	8.25	-26.138	0							voice nova "bad" tok=0a26d815e9caf630 take=0 src=tts:gpt-audio-1.5 f0=132 onset=0.359 dur=0.340 vowel=0.359-0.599 level=0.050
413	proc	393	bod	train	shiftMags=0	1111.79	1.5	1.5	1.5	30	16000	3	0@0.002	0.268	0.412-0.714	-215.963	1097.85	-161	485	954.033	1269.65	734.854	2356.99	978.954	1275.6	734.481	2361.59	140.822	149.078	98.6241	-9.39789	0.0641918	8.25	-28.1235	0							voice nova "bod" tok=ac3b06ad2fe22a43 take=0 src=tts:gpt-audio-1.5 f0=148 onset=0.326 dur=0.410 vowel=0.336-0.666 level=0.050
414	proc	394	bead	train	shiftMags=0	1114.55	1.5	1.5	1.5	30	16000	3	0@0.002	0.344	0.396-0.740	236.703	646.296	232	187	361.774	2703.53	347.909	3249.86	358.531	2708.26	334.33	3267.39	147.695	173.33	277.084	-12.7153	0.0798419	7.6875	-26.6425	0							voice nova "bead" tok=aea297645e58779f take=0 src=tts:gpt-audio-1.5 f0=146 onset=0.356 dur=0.420 vowel=0.386-0.696 level=0.050
415	proc	395	booed	train	shiftMags=0	1117.3	1.5	1.5	1.5	30	16000	3	0@0.002	0.318	0.356-0.682	212.704	1115.47	205	513	463.243	1329.66	487.054	2440.79	1030.19	2052.93	544.243	3027.08	167.629	192.445	239.006	-11.3457	0.146857	8	-27.2316	1	1.485+15.4ms						voice nova "booed" tok=c1440cd10ca7d3df take=0 src=tts:gpt-audio-1.5 f0=160 onset=0.362 dur=0.390 vowel=0.362-0.602 level=0.050
416	proc	396	bed	generalization	shiftMags=0	1124.7	1.5	1.5	1.5	30	16000	4	0@0.002	0.242	0.310-0.558	-89.4407	881.582	-71	298	851.799	2234.27	417.202	1353.76	851.799	2234.27	417.202	1353.76	153.521	NaN	NaN	-4.52932	0.0824529	9.4375	-27.8441	0							voice nova "bed" tok=600742630d189d83 take=3 src=tts:gpt-audio-1.5 f0=150 onset=0.288 dur=0.350 vowel=0.298-0.518 level=0.050
417	proc	397	bid	generalization	shiftMags=0	1127.25	1.5	1.5	1.5	30	16000	4	0@0.002	0.254	0.438-0.692	93.6482	903.327	83	314	474.412	2317.4	548.351	1562.62	485.176	2381.78	548.351	2022.45	144.688	NaN	NaN	-6.90523	0.0816862	57.75	-28.3778	0							voice nova "bid" tok=3e54e63e297e7735 take=3 src=tts:gpt-audio-1.5 f0=138 onset=0.308 dur=0.420 vowel=0.428-0.618 level=0.050
418	proc	398	bayed	generalization	shiftMags=0	1129.85	1.5	1.5	1.5	30	16000	4	0@0.002	0.328	0.558-0.886	130.264	714.485	118	215	590.719	1538.05	360.339	1127.49	590.719	1538.05	360.339	1127.49	152.274	186.089	347.194	-4.88317	0.0813713	13.6875	-28.5106	0							voice nova "bayed" tok=3a0e026013b32be5 take=1 src=tts:gpt-audio-1.5 f0=152 onset=0.355 dur=0.650 vowel=0.545-0.825 level=0.050
419	proc	399	bode	generalization	shiftMags=0	1132.25	1.5	1.5	1.5	30	16000	4	0@0.002	0.41	0.376-0.806	130.202	1116.5	118	507	527.997	1204.2	458.687	1320.9	527.997	1204.2	458.687	1320.9	167.466	130.329	-434.053	-5.35287	0.1035	-52.375	-26.9196	0							voice nova "bode" tok=b171397a56109f7a take=3 src=tts:gpt-audio-1.5 f0=161 onset=0.336 dur=0.480 vowel=0.346-0.776 level=0.050
420	proc	400	bud	generalization	shiftMags=0	1134.72	1.5	1.5	1.5	30	16000	4	0@0.002	0.3	0.528-0.860	-106.926	981.32	-84	366.5	755.699	1536.99	395.717	2176.88	871.318	1552.63	395.717	3560.13	152.537	NaN	NaN	-5.28298	0.0770858	50.5625	-27.8433	0							voice nova "bud" tok=100e18a7e6306c98 take=3 src=tts:gpt-audio-1.5 f0=152 onset=0.368 dur=0.480 vowel=0.518-0.828 level=0.050
421	proc	401	bud	generalization	shiftMags=0	1137.14	1.5	1.5	1.5	30	16000	4	0@0.002	0.28	0.434-0.714	-120.27	1017.19	-94	397	933.987	1396.8	400.911	1084.83	933.987	1396.8	400.911	1084.83	160.257	146.094	-160.183	-4.3305	0.0818003	11.8125	-27.9812	0							voice nova "bud" tok=c3df365507de79b6 take=0 src=tts:gpt-audio-1.5 f0=158 onset=0.285 dur=0.440 vowel=0.315-0.645 level=0.050
422	proc	402	bid	generalization	shiftMags=0	1139.5	1.5	1.5	1.5	30	16000	4	0@0.002	0.332	0.396-0.730	126.265	876.606	114	295	519.977	2388.32	637.261	3415.63	519.977	2388.32	637.261	3415.63	156.942	233.461	687.543	-4.64498	0.0793961	-0.0625	-27.7636	0							voice nova "bid" tok=0c00a513cebb7049 take=0 src=tts:gpt-audio-1.5 f0=151 onset=0.304 dur=0.440 vowel=0.394-0.704 level=0.050
423	proc	403	bed	generalization	shiftMags=0	1142	1.5	1.5	1.5	30	16000	4	0@0.002	0.232	0.400-0.646	-97.4672	886.186	-77	298	840.641	2196.14	483.689	2461.97	840.641	2196.14	483.689	2461.97	147.159	NaN	NaN	-3.90149	0.11107	0.3125	-27.0505	0							voice nova "bed" tok=93d65aa8eca896f0 take=0 src=tts:gpt-audio-1.5 f0=143 onset=0.360 dur=0.330 vowel=0.390-0.590 level=0.050
424	proc	404	bayed	generalization	shiftMags=0	1144.91	1.5	1.5	1.5	30	16000	4	0@0.002	0.356	0.386-0.742	146.32	749.226	134	231	501.182	2525.33	458.925	3662.89	501.182	2525.33	458.925	3662.89	157.773	NaN	NaN	-5.48141	0.100884	-55.625	-27.8982	0							voice nova "bayed" tok=c5140cbb6e6806a4 take=2 src=tts:gpt-audio-1.5 f0=156 onset=0.284 dur=0.580 vowel=0.284-0.824 level=0.050
425	proc	405	bode	generalization	shiftMags=0	1147.81	1.5	1.5	1.5	30	16000	4	0@0.002	0.338	0.358-0.696	49.9326	1109.64	43	496	647.234	1278.32	411.199	1283.97	625.388	1091.93	396.693	1279.95	144.478	NaN	NaN	-4.97693	0.0890581	26.3125	-27.3961	0							voice nova "bode" tok=54a613ca9b77a6d8 take=0 src=tts:gpt-audio-1.5 f0=145 onset=0.314 dur=0.480 vowel=0.344-0.674 level=0.050
426	proc	406	bid	generalization	shiftMags=0	1150.47	1.5	1.5	1.5	30	16000	4	0@0.002	0.254	0.522-0.836	130.437	853.957	118	281	508.411	2478.54	432.399	1272.13	510.155	2488.35	400.029	1256.63	157.179	199.319	411.201	-4.88818	0.0738785	21.625	-28.688	0							voice nova "bid" tok=11dcda505463a098 take=1 src=tts:gpt-audio-1.5 f0=153 onset=0.370 dur=0.490 vowel=0.510-0.820 level=0.050
427	proc	407	bode	generalization	shiftMags=0	1153.23	1.5	1.5	1.5	30	16000	4	0@0.002	0.458	0.352-0.844	150.422	1144.64	138	562	408.895	1034.19	507.301	1465.74	401.547	1027.4	474.074	1424.14	147.462	175.731	303.632	-6.27918	0.0726229	33.3125	-26.5275	0							voice nova "bode" tok=33b78ff44ba709bf take=1 src=tts:gpt-audio-1.5 f0=147 onset=0.348 dur=0.530 vowel=0.348-0.818 level=0.050
428	proc	408	bud	generalization	shiftMags=0	1155.93	1.5	1.5	1.5	30	16000	4	0@0.002	0.216	0.326-0.542	-125.767	1005.07	-98	386	878.374	1591.59	1336.84	3499.21	878.374	1591.59	1336.84	3499.21	126.59	NaN	NaN	-4.94284	0.117877	0.875	-26.7636	0							voice nova "bud" tok=d4991a84ce53ec1b take=1 src=tts:gpt-audio-1.5 f0=126 onset=0.327 dur=0.320 vowel=0.327-0.487 level=0.050
429	proc	409	bayed	generalization	shiftMags=0	1158.62	1.5	1.5	1.5	30	16000	4	0@0.002	0.396	0.294-0.724	189.419	753.054	179	231	455.521	2600.49	472.995	1336.53	455.521	2600.49	472.995	1336.53	141.043	140.87	-2.11514	-5.29161	0.0824309	-42.3125	-27.1166	0							voice nova "bayed" tok=17829631a71d46f1 take=3 src=tts:gpt-audio-1.5 f0=142 onset=0.290 dur=0.480 vowel=0.290-0.700 level=0.050
430	proc	410	bed	generalization	shiftMags=0	1161.21	1.5	1.5	1.5	30	16000	4	0@0.002	0.254	0.428-0.682	-120.439	914.853	-94	320	907.174	2114.97	314.371	1342.15	907.174	2114.97	314.371	1342.15	139.359	NaN	NaN	-4.26176	0.0911973	5.0625	-27.095	0							voice nova "bed" tok=e267da24474bd4d7 take=1 src=tts:gpt-audio-1.5 f0=139 onset=0.363 dur=0.400 vowel=0.413-0.633 level=0.050
431	proc	411	bud	generalization	shiftMags=0	1163.96	1.5	1.5	1.5	30	16000	4	0@0.002	0.194	0.394-0.596	-109.416	1002.74	-86	380	915.673	1695.31	480.171	1220.08	915.673	1695.31	480.171	1220.08	160.852	NaN	NaN	-5.72185	0.0901386	54.125	-27.6758	0							voice nova "bud" tok=ef938da1630c1d0f take=2 src=tts:gpt-audio-1.5 f0=144 onset=0.327 dur=0.330 vowel=0.387-0.537 level=0.050
432	proc	412	bed	generalization	shiftMags=0	1166.49	1.5	1.5	1.5	30	16000	4	0@0.002	0.234	0.370-0.604	-164.776	906.065	-126	314	NaN	NaN	NaN	NaN					155.227	NaN	NaN	-3.38551	0.101743	47.6875	-26.7022	0							voice nova "bed" tok=3dc3c7d4b4236979 take=2 src=tts:gpt-audio-1.5 f0=154 onset=0.328 dur=0.310 vowel=0.358-0.558 level=0.050
433	proc	413	bid	generalization	shiftMags=0	1168.98	1.5	1.5	1.5	30	16000	4	0@0.002	0.238	0.490-0.728	142.406	847.18	130	281	476.25	2438.81	520.418	2528.06	476.25	2438.81	520.418	2528.06	153.783	NaN	NaN	-4.76233	0.0825649	-37.6875	-29.0182	0							voice nova "bid" tok=edca23925a902056 take=2 src=tts:gpt-audio-1.5 f0=151 onset=0.351 dur=0.480 vowel=0.371-0.771 level=0.050
434	proc	414	bayed	generalization	shiftMags=0	1171.4	1.5	1.5	1.5	30	16000	4	0@0.002	0.328	0.488-0.816	130.218	714.757	118	215	700.401	2358.74	477.99	1461.32	700.401	2358.74	477.99	1461.32	152.351	143.703	-101.174	-5.20144	0.0999716	-17.4375	-28.5114	0							voice nova "bayed" tok=3a0e026013b32be5 take=1 src=tts:gpt-audio-1.5 f0=152 onset=0.285 dur=0.650 vowel=0.475-0.755 level=0.050
435	proc	415	bode	generalization	shiftMags=0	1173.95	1.5	1.5	1.5	30	16000	4	0@0.002	0.316	0.410-0.726	78.795	1116.6	69	507	555.603	1289.35	518.479	1476.17	555.603	1289.35	518.479	1476.17	141.74	143.042	15.8386	-3.99209	0.109519	41.875	-26.899	0							voice nova "bode" tok=e403d6ba2bbcafc1 take=2 src=tts:gpt-audio-1.5 f0=139 onset=0.374 dur=0.370 vowel=0.404-0.664 level=0.050
436	proc	416	bode	generalization	shiftMags=0	1176.75	1.5	1.5	1.5	30	16000	4	0@0.002	0.414	0.396-0.826	130.313	1115.97	118	507	538.124	1217.22	433.63	1469.78	538.124	1217.22	433.63	1469.78	167.809	168.273	4.77567	-5.04262	0.0889291	-9.0625	-26.9199	0							voice nova "bode" tok=b171397a56109f7a take=3 src=tts:gpt-audio-1.5 f0=161 onset=0.356 dur=0.480 vowel=0.366-0.796 level=0.050
437	proc	417	bid	generalization	shiftMags=0	1179.03	1.5	1.5	1.5	30	16000	4	0@0.002	0.25	0.430-0.680	85.3947	902.742	75.0001	314	521.584	2335.28	545.948	1533.5	521.584	2335.28	545.948	1533.5	146.665	NaN	NaN	-6.95055	0.0720938	6	-28.379	0							voice nova "bid" tok=3e54e63e297e7735 take=3 src=tts:gpt-audio-1.5 f0=138 onset=0.299 dur=0.420 vowel=0.419-0.609 level=0.050
438	proc	418	bayed	generalization	shiftMags=0	1181.87	1.5	1.5	1.5	30	16000	4	0@0.002	0.356	0.468-0.824	146.018	748.709	134	231	505.465	2508.26	440.105	1210.41	505.465	2508.26	440.105	1210.41	157.844	191.529	334.873	-5.58689	0.0806311	-0.25	-27.8982	0							voice nova "bayed" tok=c5140cbb6e6806a4 take=2 src=tts:gpt-audio-1.5 f0=156 onset=0.366 dur=0.580 vowel=0.366-0.906 level=0.050
439	proc	419	bud	generalization	shiftMags=0	1184.72	1.5	1.5	1.5	30	16000	4	0@0.002	0.298	0.490-0.822	-109.654	980.179	-86	364	849.882	1550.11	408.787	1078.52	794.501	1540.12	365.168	1077.7	154.491	NaN	NaN	-4.76114	0.109227	30.25	-27.8438	0							voice nova "bud" tok=100e18a7e6306c98 take=3 src=tts:gpt-audio-1.5 f0=152 onset=0.330 dur=0.480 vowel=0.480-0.790 level=0.050
440	proc	420	bed	generalization	shiftMags=0	1187.48	1.5	1.5	1.5	30	16000	4	0@0.002	0.242	0.322-0.570	-89.4238	879.103	-71	298	864.074	2188.6	434.606	3453.26	864.074	2188.6	434.606	3453.26	154.448	NaN	NaN	-4.6145	0.0930037	-13.75	-27.845	0							voice nova "bed" tok=600742630d189d83 take=3 src=tts:gpt-audio-1.5 f0=150 onset=0.301 dur=0.350 vowel=0.311-0.531 level=0.050
441	proc	421	bud	generalization	shiftMags=0	1191.22	1.5	1.5	1.5	30	16000	4	0@0.002	0.28	0.500-0.780	-117.645	1008.81	-92	388.5	994.016	1550.69	619.012	1555.26	994.016	1550.69	619.012	1555.26	160.252	247.799	754.6	-4.2983	0.0957307	-26.375	-27.9814	0							voice nova "bud" tok=c3df365507de79b6 take=0 src=tts:gpt-audio-1.5 f0=158 onset=0.352 dur=0.440 vowel=0.382-0.712 level=0.050
442	proc	422	bode	generalization	shiftMags=0	1193.57	1.5	1.5	1.5	30	16000	4	0@0.002	0.346	0.392-0.748	54.3581	1109.84	47	496	628.958	1085.01	425.339	1351.7	630.311	902.81	454.823	1303.87	145.417	245.156	904.21	-5.09284	0.0787914	30.6875	-27.3962	0							voice nova "bode" tok=54a613ca9b77a6d8 take=0 src=tts:gpt-audio-1.5 f0=145 onset=0.350 dur=0.480 vowel=0.380-0.710 level=0.050
443	proc	423	bed	generalization	shiftMags=0	1196.09	1.5	1.5	1.5	30	16000	4	0@0.002	0.232	0.346-0.578	-97.3727	883.376	-77	298	NaN	NaN	NaN	NaN					144.784	NaN	NaN	-3.43079	0.102764	11.125	-27.0515	0							voice nova "bed" tok=93d65aa8eca896f0 take=0 src=tts:gpt-audio-1.5 f0=143 onset=0.307 dur=0.330 vowel=0.337-0.537 level=0.050
444	proc	424	bayed	generalization	shiftMags=0	1198.45	1.5	1.5	1.5	30	16000	4	0@0.002	0.396	0.344-0.774	187.402	753.596	177	231	498.75	2563.02	463.313	1367.74	498.75	2563.02	463.313	1367.74	141.258	NaN	NaN	-5.37583	0.0950622	19.75	-27.1171	0							voice nova "bayed" tok=17829631a71d46f1 take=3 src=tts:gpt-audio-1.5 f0=142 onset=0.342 dur=0.480 vowel=0.342-0.752 level=0.050
445	proc	425	bid	generalization	shiftMags=0	1201.07	1.5	1.5	1.5	30	16000	4	0@0.002	0.332	0.400-0.734	121.934	865.765	110	287	534.569	2391.11	393.942	1249.27	534.569	2391.11	393.942	1249.27	155.867	185.426	300.634	-4.95231	0.0853394	-4.9375	-27.7649	0							voice nova "bid" tok=0c00a513cebb7049 take=0 src=tts:gpt-audio-1.5 f0=151 onset=0.307 dur=0.440 vowel=0.397-0.707 level=0.050
446	proc	426	bed	generalization	shiftMags=0	1203.66	1.5	1.5	1.5	30	16000	4	0@0.002	0.254	0.380-0.634	-120.46	914.203	-94	320	903.865	2111.17	527.341	3593.23	903.865	2111.17	527.341	3593.23	138.767	NaN	NaN	-5.55076	0.0808675	-8.875	-27.0951	0							voice nova "bed" tok=e267da24474bd4d7 take=1 src=tts:gpt-audio-1.5 f0=139 onset=0.315 dur=0.400 vowel=0.365-0.585 level=0.050
447	proc	427	bud	generalization	shiftMags=0	1206.21	1.5	1.5	1.5	30	16000	4	0@0.002	0.218	0.286-0.504	-125.631	1003.39	-98	386	818.094	1504.55	365.429	1236.87	838.506	1536.43	361.37	1193.5	126.55	NaN	NaN	-5.82919	0.122782	49.1875	-26.7646	0							voice nova "bud" tok=d4991a84ce53ec1b take=1 src=tts:gpt-audio-1.5 f0=126 onset=0.288 dur=0.320 vowel=0.288-0.448 level=0.050
448	proc	428	bid	generalization	shiftMags=0	1209.19	1.5	1.5	1.5	30	16000	4	0@0.002	0.254	0.472-0.786	130.392	852.559	118	281	511.179	2454.38	437.967	1121.85	511.179	2454.38	437.967	1121.85	157.359	NaN	NaN	-4.51494	0.100184	2.1875	-28.6882	0							voice nova "bid" tok=11dcda505463a098 take=1 src=tts:gpt-audio-1.5 f0=153 onset=0.319 dur=0.490 vowel=0.459-0.769 level=0.050
449	proc	429	bayed	generalization	shiftMags=0	1211.76	1.5	1.5	1.5	30	16000	4	0@0.002	0.328	0.496-0.824	128.308	714.836	116	215	699.656	2330.28	437.793	3576.8	699.656	2330.28	437.793	3576.8	152.934	140.325	-148.966	-4.67361	0.0811279	-13.375	-28.5112	0							voice nova "bayed" tok=3a0e026013b32be5 take=1 src=tts:gpt-audio-1.5 f0=152 onset=0.294 dur=0.650 vowel=0.484-0.764 level=0.050
450	proc	430	bode	generalization	shiftMags=0	1214.65	1.5	1.5	1.5	30	16000	4	0@0.002	0.46	0.332-0.826	144.095	1143.75	132	562	400.92	1023.82	476.911	1643.29	400.92	1023.82	476.911	1643.29	147.206	179.577	344.115	-5.50141	0.0960469	-56	-26.5272	0							voice nova "bode" tok=33b78ff44ba709bf take=1 src=tts:gpt-audio-1.5 f0=147 onset=0.329 dur=0.530 vowel=0.329-0.799 level=0.050
451	proc	431	bayed	generalization	shiftMags=0	1217.14	1.5	1.5	1.5	30	16000	4	0@0.002	0.356	0.414-0.770	146.002	748.905	134	231	540.708	2437.42	472.686	1212.84	535.868	2490.23	475.695	1196.65	159.783	NaN	NaN	-5.14655	0.106967	47.8125	-27.8986	0							voice nova "bayed" tok=c5140cbb6e6806a4 take=2 src=tts:gpt-audio-1.5 f0=156 onset=0.312 dur=0.580 vowel=0.312-0.852 level=0.050
452	proc	432	bode	generalization	shiftMags=0	1219.55	1.5	1.5	1.5	30	16000	4	0@0.002	0.314	0.346-0.660	76.8043	1116.57	67	507	494.588	1199.66	388.968	1174.67	494.588	1199.66	388.968	1174.67	140.576	NaN	NaN	-3.78356	0.104884	14.75	-26.8991	0							voice nova "bode" tok=e403d6ba2bbcafc1 take=2 src=tts:gpt-audio-1.5 f0=139 onset=0.309 dur=0.370 vowel=0.339-0.599 level=0.050
453	proc	433	bed	generalization	shiftMags=0	1222.09	1.5	1.5	1.5	30	16000	4	0@0.002	0.234	0.354-0.588	-164.622	908.457	-126	314	927.721	2095.16	399.479	1302.82	937.155	2104.32	381.239	1220.25	156.117	NaN	NaN	-4.9308	0.0995636	39.375	-26.7025	0							voice nova "bed" tok=3dc3c7d4b4236979 take=2 src=tts:gpt-audio-1.5 f0=154 onset=0.312 dur=0.310 vowel=0.342-0.542 level=0.050
454	proc	434	bud	generalization	shiftMags=0	1224.64	1.5	1.5	1.5	30	16000	4	0@0.002	0.198	0.412-0.616	-104.358	996.321	-82	380	924.101	1712.23	509.45	1771.29	924.101	1712.23	509.45	1771.29	160.342	240.536	702.118	-5.28364	0.073256	19.625	-27.6757	0							voice nova "bud" tok=ef938da1630c1d0f take=2 src=tts:gpt-audio-1.5 f0=144 onset=0.345 dur=0.330 vowel=0.405-0.555 level=0.050
455	proc	435	bid	generalization	shiftMags=0	1227.27	1.5	1.5	1.5	30	16000	4	0@0.002	0.238	0.472-0.710	142.545	846.948	130	281	401.062	2475.73	481.96	3371.41	401.062	2475.73	481.96	3371.41	154.421	215.05	573.36	-3.8926	0.108014	-5.5	-29.0175	0							voice nova "bid" tok=edca23925a902056 take=2 src=tts:gpt-audio-1.5 f0=151 onset=0.334 dur=0.480 vowel=0.354-0.754 level=0.050
456	proc	436	bud	generalization	shiftMags=0	1229.59	1.5	1.5	1.5	30	16000	4	0@0.002	0.3	0.486-0.818	-115.068	986.971	-90	369	837.86	1544.53	508.643	1738.41	884.181	1550.5	416.408	2013.44	154.06	190.017	363.163	-5.5425	0.0916788	57.3125	-27.8429	0							voice nova "bud" tok=100e18a7e6306c98 take=3 src=tts:gpt-audio-1.5 f0=152 onset=0.327 dur=0.480 vowel=0.477-0.787 level=0.050
457	proc	437	bid	generalization	shiftMags=0	1232.32	1.5	1.5	1.5	30	16000	4	0@0.002	0.25	0.442-0.692	89.6006	901.682	79	309	477.587	2349.72	568.434	1870.05	487.547	2383.63	581.245	2161.23	147.311	NaN	NaN	-6.84752	0.0788521	55.25	-28.3791	0							voice nova "bid" tok=3e54e63e297e7735 take=3 src=tts:gpt-audio-1.5 f0=138 onset=0.311 dur=0.420 vowel=0.431-0.621 level=0.050
458	proc	438	bode	generalization	shiftMags=0	1235.29	1.5	1.5	1.5	30	16000	4	0@0.002	0.412	0.336-0.766	115.634	1115.97	104	507	579.139	1267.23	444.828	1412.36	584.664	1259.43	450.707	1402.3	167.538	192.444	239.947	-5.26117	0.0925627	27.9375	-26.9196	0							voice nova "bode" tok=b171397a56109f7a take=3 src=tts:gpt-audio-1.5 f0=161 onset=0.296 dur=0.480 vowel=0.306-0.736 level=0.050
459	proc	439	bed	generalization	shiftMags=0	1237.63	1.5	1.5	1.5	30	16000	4	0@0.002	0.238	0.338-0.586	-94.5146	883.349	-75	298	837.675	2254.47	455.159	2397.06	846.273	2225.29	455.159	2333.39	152.567	NaN	NaN	-5.35845	0.0781449	49.375	-27.844	0							voice nova "bed" tok=600742630d189d83 take=3 src=tts:gpt-audio-1.5 f0=150 onset=0.317 dur=0.350 vowel=0.327-0.547 level=0.050
460	proc	440	bayed	generalization	shiftMags=0	1240.49	1.5	1.5	1.5	30	16000	4	0@0.002	0.396	0.344-0.774	187.275	754.161	177	231	458.318	2600.18	455.413	3405.64	458.318	2600.18	455.413	3405.64	141.015	NaN	NaN	-5.18355	0.10324	-17	-27.1169	0							voice nova "bayed" tok=17829631a71d46f1 take=3 src=tts:gpt-audio-1.5 f0=142 onset=0.341 dur=0.480 vowel=0.341-0.751 level=0.050
461	proc	441	bud	generalization	shiftMags=0	1243.02	1.5	1.5	1.5	30	16000	4	0@0.002	0.28	0.432-0.712	-117.823	1012.82	-92	388.5	935.978	1401.32	466.247	2058.2	935.978	1401.32	466.247	2058.2	161.941	144.531	-196.91	-4.30574	0.0817709	13.625	-27.9813	0							voice nova "bud" tok=c3df365507de79b6 take=0 src=tts:gpt-audio-1.5 f0=158 onset=0.284 dur=0.440 vowel=0.314-0.644 level=0.050
462	proc	442	bayed	generalization	shiftMags=0	1245.35	1.5	1.5	1.5	30	16000	4	0@0.002	0.328	0.510-0.838	128.173	714.039	116	215	677.766	2305.51	360.52	1290.06	677.766	2305.51	360.52	1290.06	152.81	225.42	673.047	-4.53755	0.0827681	11.8125	-28.5103	0							voice nova "bayed" tok=3a0e026013b32be5 take=1 src=tts:gpt-audio-1.5 f0=152 onset=0.308 dur=0.650 vowel=0.498-0.778 level=0.050
463	proc	443	bid	generalization	shiftMags=0	1248.18	1.5	1.5	1.5	30	16000	4	0@0.002	0.332	0.436-0.770	113.833	860.024	102	287	526.247	2389.94	401.949	1375.29	526.247	2389.94	401.949	1375.29	156.758	175.701	197.494	-4.38061	0.0907933	-23.8125	-27.7625	0							voice nova "bid" tok=0c00a513cebb7049 take=0 src=tts:gpt-audio-1.5 f0=151 onset=0.343 dur=0.440 vowel=0.433-0.743 level=0.050
464	proc	444	bed	generalization	shiftMags=0	1251.16	1.5	1.5	1.5	30	16000	4	0@0.002	0.236	0.354-0.600	-94.6737	886.052	-75	298	708.584	2181.71	467.204	1240.28	736.545	2185.55	461.537	1247.9	143.643	NaN	NaN	-5.68156	0.0942453	55.4375	-27.0522	0							voice nova "bed" tok=93d65aa8eca896f0 take=0 src=tts:gpt-audio-1.5 f0=143 onset=0.314 dur=0.330 vowel=0.344-0.544 level=0.050
465	proc	445	bode	generalization	shiftMags=0	1253.95	1.5	1.5	1.5	30	16000	4	0@0.002	0.338	0.350-0.688	49.9534	1109.92	43	496	597.167	898.034	462.285	1275.89	597.167	890.021	406.896	1258.71	144.755	NaN	NaN	-5.04666	0.0947357	34.0625	-27.3947	0							voice nova "bode" tok=54a613ca9b77a6d8 take=0 src=tts:gpt-audio-1.5 f0=145 onset=0.307 dur=0.480 vowel=0.337-0.667 level=0.050
