k	mode	itrial	word	cond	shiftInfo	t0	dur	pumped_s	rec_s	rec_limit_s	sr	fb	ost	shift_s	shift_span	shift_F1_Hz	shift_F2_Hz	shift_F1_mel	shift_F2_mel	in_F1	in_F2	out_F1	out_F2	span_in_F1	span_in_F2	span_out_F1	span_out_F2	in_f0	out_f0	pitch_cents	gain_dB	heard_peak	lag_ms	in_rms_dB	noise_zero_runs	noise_zero_at	play_s	play_rms_dB	play_peak	read_s	lost_s	input
1	proc	1	bead	baselineTrain	shiftMags=0	6.003	1.5	1.5	1.5	30	16000	3	0@0.002 1@0.396 2@0.446 3@0.522 4@0.644	0		0	0	0	0	329.537	2717.75	311.9	2736.4					171.536	166.74	-49.1004	-1.97621	0.101345	8	-26.491	0							voice marin "bead" tok=a372117552211322 take=0 src=tts:gpt-audio-1.5 f0=172 onset=0.357 dur=0.470 vowel=0.367-0.707 level=0.050
2	proc	2	booed	baselineTrain	shiftMags=0	8.59016	1.5	1.5	1.5	30	16000	3	0@0.002 1@0.368 2@0.418 3@0.484 4@0.606	0		0	0	0	0	384.437	1432.79	384.614	1434.53					169.643	172.593	29.8537	-1.97362	0.104614	8	-26.684	0							voice marin "booed" tok=f1bf94a8123a2d06 take=0 src=tts:gpt-audio-1.5 f0=173 onset=0.332 dur=0.410 vowel=0.342-0.632 level=0.050
3	proc	3	bad	baselineTrain	shiftMags=0	11.0688	1.5	1.5	1.5	30	16000	3	0@0.002 1@0.338 2@0.388 3@0.496 4@0.666	0		0	0	0	0	1021.45	1698.36	1018.85	1698.52					164.567	170.145	57.7132	-1.94869	0.119413	8	-26.9727	0							voice marin "bad" tok=3d7f62aedfa1943a take=0 src=tts:gpt-audio-1.5 f0=166 onset=0.330 dur=0.450 vowel=0.330-0.630 level=0.050
4	proc	4	bod	baselineTrain	shiftMags=0	13.6183	1.5	1.5	1.5	30	16000	3	0@0.002 1@0.426 2@0.476 3@0.532 4@0.634	0		0	0	0	0	1034.66	1285.77	1035	1281.44					193.674	194.583	8.10596	-1.94805	0.143458	8	-27.6565	0							voice marin "bod" tok=dfb3db67879b568a take=0 src=tts:gpt-audio-1.5 f0=193 onset=0.318 dur=0.480 vowel=0.318-0.688 level=0.050
5	proc	5	booed	baselineTrain	shiftMags=0	16.4556	1.5	1.5	1.5	30	16000	3	0@0.002 1@0.372 2@0.422 3@0.544 4@0.670	0		0	0	0	0	419.536	1484.08	417.863	1489.31					180.956	184.484	33.4238	-1.86381	0.116016	8	-26.9876	0							voice marin "booed" tok=902be4d13b5aa8b5 take=1 src=tts:gpt-audio-1.5 f0=182 onset=0.328 dur=0.550 vowel=0.348-0.818 level=0.050
6	proc	6	bod	baselineTrain	shiftMags=0	19.2182	1.5	1.5	1.5	30	16000	3	0@0.002 1@0.334 2@0.384 3@0.476 4@0.642	0		0	0	0	0	979.502	1261.14	985.97	1251.67					175.176	175.776	5.91819	-2.02046	0.128683	8	-26.5624	0							voice marin "bod" tok=b9e4194af6f2b078 take=1 src=tts:gpt-audio-1.5 f0=175 onset=0.311 dur=0.480 vowel=0.311-0.741 level=0.050
7	proc	7	bead	baselineTrain	shiftMags=0	21.8374	1.5	1.5	1.5	30	16000	3	0@0.002 1@0.462 2@0.512 3@0.624 4@0.794	0		0	0	0	0	332.724	2964.5	317.292	3002.57					190.717	178.189	-117.63	-1.8998	0.0901601	8	-27.3969	1	0.992+8.6ms						voice marin "bead" tok=9e4287b5aa73f3b5 take=1 src=tts:gpt-audio-1.5 f0=188 onset=0.357 dur=0.580 vowel=0.447-0.877 level=0.050
8	proc	8	bad	baselineTrain	shiftMags=0	24.5732	1.5	1.5	1.5	30	16000	3	0@0.002 1@0.376 2@0.426 3@0.494 4@0.688	0		0	0	0	0	1100.56	1704.98	1100.82	1701.25					160.868	160.635	-2.50884	-1.9088	0.148129	8	-26.8344	0							voice marin "bad" tok=a37daa161b544c71 take=1 src=tts:gpt-audio-1.5 f0=160 onset=0.332 dur=0.560 vowel=0.352-0.782 level=0.050
9	proc	9	booed	baselineTrain	shiftMags=0	27.1063	1.5	1.5	1.5	30	16000	3	0@0.002 1@0.332 2@0.382 3@0.492 4@0.606	0		0	0	0	0	436.528	1411.88	433.201	1410.98					175.632	183.876	79.4089	-2.01458	0.11466	8	-27.5385	0							voice marin "booed" tok=14c84fb17354a4d5 take=2 src=tts:gpt-audio-1.5 f0=183 onset=0.296 dur=0.470 vowel=0.296-0.716 level=0.050
10	proc	10	bad	baselineTrain	shiftMags=0	29.5093	1.5	1.5	1.5	30	16000	3	0@0.002 1@0.442 2@0.492 3@0.566 4@0.668	0		0	0	0	0	1058.37	1780.13	1057.99	1776.08					180.432	182.729	21.9004	-1.95209	0.155693	8	-27.4122	0							voice marin "bad" tok=caf02ef7d1bd523b take=2 src=tts:gpt-audio-1.5 f0=177 onset=0.340 dur=0.480 vowel=0.430-0.770 level=0.050
11	proc	11	bod	baselineTrain	shiftMags=0	31.7622	1.5	1.5	1.5	30	16000	3	0@0.002 1@0.412 2@0.462 3@0.510 4@0.682	0		0	0	0	0	958.29	1282.3	956.188	1280.13					191.008	191.542	4.83654	-1.90815	0.140265	8	-27.5306	0							voice marin "bod" tok=023f452979d38028 take=2 src=tts:gpt-audio-1.5 f0=190 onset=0.318 dur=0.420 vowel=0.398-0.648 level=0.050
12	proc	12	bead	baselineTrain	shiftMags=0	34.2204	1.5	1.5	1.5	30	16000	3	0@0.002 1@0.354 2@0.404 3@0.500 4@0.672	0		0	0	0	0	305.166	2945.92	285.369	2957.88					181.952	182.197	2.33699	-1.95188	0.0848761	8	-26.7543	0							voice marin "bead" tok=3f9e29f56a432304 take=2 src=tts:gpt-audio-1.5 f0=180 onset=0.315 dur=0.490 vowel=0.335-0.765 level=0.050
13	proc	13	booed	baselineTrain	shiftMags=0	36.919	1.5	1.5	1.5	30	16000	3	0@0.002 1@0.476 2@0.526 3@0.584 4@0.752	0		0	0	0	0	434.267	1253.17	436.277	1252					183.071	181.792	-12.1383	-1.93473	0.128688	8	-27.5472	0							voice marin "booed" tok=0d71012df416cd6a take=3 src=tts:gpt-audio-1.5 f0=180 onset=0.361 dur=0.570 vowel=0.361-0.881 level=0.050
14	proc	14	bod	baselineTrain	shiftMags=0	39.8303	1.5	1.5	1.5	30	16000	3	0@0.002 1@0.464 2@0.514 3@0.584 4@0.682	0		0	0	0	0	994.162	1241.41	993.348	1239.56					168.875	167.888	-10.141	-1.87986	0.132051	8	-28.5191	0							voice marin "bod" tok=73625630c45e2449 take=3 src=tts:gpt-audio-1.5 f0=170 onset=0.326 dur=0.610 vowel=0.446-0.766 level=0.050
15	proc	15	bad	baselineTrain	shiftMags=0	42.7023	1.5	1.5	1.5	30	16000	3	0@0.002 1@0.312 2@0.362 3@0.368 2@0.374 3@0.502 4@0.600	0		0	0	0	0	1113.04	1781.5	1112.8	1780.88					188.374	188.084	-2.66719	-1.93704	0.163552	8	-27.6621	0							voice marin "bad" tok=c93ede36cd960b12 take=3 src=tts:gpt-audio-1.5 f0=184 onset=0.289 dur=0.480 vowel=0.289-0.579 level=0.050
16	proc	16	bead	baselineTrain	shiftMags=0	45.3355	1.5	1.5	1.5	30	16000	3	0@0.002 1@0.318 2@0.368 3@0.416 4@0.542	0		0	0	0	0	358.436	2801.78	351.321	2947.52					162.684	169.073	66.684	-1.97862	0.125188	8	-27.3961	0							voice marin "bead" tok=73ee56b912b6f51d take=3 src=tts:gpt-audio-1.5 f0=162 onset=0.313 dur=0.440 vowel=0.313-0.543 level=0.050
17	proc	17	booed	baselineTrain	shiftMags=0	48.3258	1.5	1.5	1.5	30	16000	3	0@0.002 1@0.364 2@0.414 3@0.478 4@0.600	0		0	0	0	0	382.698	1430.44	380.282	1433.16					171.059	174.154	31.0452	-1.76386	0.105543	8	-26.6837	0							voice marin "booed" tok=f1bf94a8123a2d06 take=0 src=tts:gpt-audio-1.5 f0=173 onset=0.328 dur=0.410 vowel=0.338-0.628 level=0.050
18	proc	18	bead	baselineTrain	shiftMags=0	50.922	1.5	1.5	1.5	30	16000	3	0@0.002 1@0.358 2@0.408 3@0.486 4@0.608	0		0	0	0	0	329.614	2717.34	307.16	2735.74					171.299	177.071	57.3714	-1.96806	0.108565	8	-26.4898	0							voice marin "bead" tok=a372117552211322 take=0 src=tts:gpt-audio-1.5 f0=172 onset=0.320 dur=0.470 vowel=0.330-0.670 level=0.050
19	proc	19	bod	baselineTrain	shiftMags=0	53.7979	1.5	1.5	1.5	30	16000	3	0@0.002 1@0.390 2@0.440 3@0.498 4@0.600	0		0	0	0	0	1037.59	1289.61	1039.11	1292.58					194.399	193.296	-9.85465	-1.96978	0.140415	8	-27.6564	0							voice marin "bod" tok=dfb3db67879b568a take=0 src=tts:gpt-audio-1.5 f0=193 onset=0.283 dur=0.480 vowel=0.283-0.653 level=0.050
20	proc	20	bad	baselineTrain	shiftMags=0	56.3547	1.5	1.5	1.5	30	16000	3	0@0.002 1@0.302 2@0.352 3@0.462 4@0.632	0		0	0	0	0	1032.04	1635.4	1029.29	1643.1					165.978	170.183	43.3071	-2.02309	0.116001	8	-26.9724	1	1.485+15.4ms						voice marin "bad" tok=3d7f62aedfa1943a take=0 src=tts:gpt-audio-1.5 f0=166 onset=0.295 dur=0.450 vowel=0.295-0.595 level=0.050
21	proc	1	bid	baselineGeneralize	shiftMags=0	66.1661	1.5	1.5	1.5	30	16000	4	0@0.002	0.308	0.378-0.702	105.878	865.935	93	293	613.132	2226.95	450.992	1369.63	614.169	2234.08	510.724	1448.37	184.396	NaN	NaN	-4.80589	0.0810492	29.9375	-27.6901	0							voice marin "bid" tok=df048e0fb13b976c take=0 src=tts:gpt-audio-1.5 f0=183 onset=0.333 dur=0.370 vowel=0.363-0.673 level=0.050
22	proc	2	bud	baselineGeneralize	shiftMags=0	68.4554	1.5	1.5	1.5	30	16000	4	0@0.002	0.368	0.428-0.796	-20.9132	967.188	-17	359	882.688	1628.72	520.539	1534.22	906.619	1695.61	499.706	1814.85	176.608	NaN	NaN	-6.04723	0.0975474	46.25	-27.7656	0							voice marin "bud" tok=38e9ea46b07d3ae1 take=0 src=tts:gpt-audio-1.5 f0=176 onset=0.297 dur=0.510 vowel=0.307-0.767 level=0.050
23	proc	3	bayed	baselineGeneralize	shiftMags=0	70.9805	1.5	1.5	1.5	30	16000	4	0@0.002	0.328	0.444-0.772	193.696	739.59	181	229	558.471	2329.29	443.828	1208.84	558.471	2329.29	443.828	1208.84	189.207	193.325	37.2718	-5.8601	0.0761574	8.8125	-27.3124	0							voice marin "bayed" tok=af224f0b9d7c4a1f take=0 src=tts:gpt-audio-1.5 f0=187 onset=0.329 dur=0.540 vowel=0.339-0.719 level=0.050
24	proc	4	bode	baselineGeneralize	shiftMags=0	73.6499	1.5	1.5	1.5	30	16000	4	0@0.002	0.348	0.470-0.842	122.898	1089.19	109	480	607.742	1390.46	407.632	1180.52	607.742	1390.46	407.632	1180.52	168.017	NaN	NaN	-4.99018	0.106243	40.375	-27.2764	0							voice marin "bode" tok=70b250dfe6b199f1 take=0 src=tts:gpt-audio-1.5 f0=169 onset=0.357 dur=0.550 vowel=0.407-0.787 level=0.050
25	proc	5	bed	baselineGeneralize	shiftMags=0	76.0015	1.5	1.5	1.5	30	16000	4	0@0.002	0.278	0.348-0.634	-100.371	892.212	-78	309	863.995	2021.9	433.741	3427.72	863.995	2021.9	433.741	3427.72	183.19	NaN	NaN	-4.20668	0.103021	34.3125	-28.3697	0							voice marin "bed" tok=aa3e377b8fca74da take=0 src=tts:gpt-audio-1.5 f0=183 onset=0.304 dur=0.420 vowel=0.304-0.684 level=0.050
26	proc	6	bed	baselineGeneralize	shiftMags=0	78.3027	1.5	1.5	1.5	30	16000	4	0@0.002	0.276	0.422-0.790	-82.6024	880.75	-65	304	796.238	2147.16	395.413	1074.07	796.238	2147.16	395.413	1074.07	172.968	NaN	NaN	-4.98602	0.0777183	29.3125	-28.6292	0							voice marin "bed" tok=601eaa61296af10e take=1 src=tts:gpt-audio-1.5 f0=171 onset=0.282 dur=0.540 vowel=0.292-0.772 level=0.050
27	proc	7	bode	baselineGeneralize	shiftMags=0	80.7919	1.5	1.5	1.5	30	16000	4	0@0.002	0.406	0.420-0.844	136.346	1097.33	122	497	590.383	1231.43	391.505	1276.23	590.383	1231.43	391.505	1276.23	187.423	233.821	382.922	-5.51818	0.0805404	-35.3125	-27.3419	0							voice marin "bode" tok=bd3b300bc4b544d5 take=1 src=tts:gpt-audio-1.5 f0=183 onset=0.287 dur=0.590 vowel=0.327-0.757 level=0.050
28	proc	8	bud	baselineGeneralize	shiftMags=0	83.598	1.5	1.5	1.5	30	16000	4	0@0.002	0.31	0.468-0.778	-111.264	1009.2	-86	397	940.842	1461	405.913	1303.93	956.001	1470.99	416.879	1375.48	178.792	170.704	-80.1409	-5.31259	0.0936986	41.5625	-27.2942	0							voice marin "bud" tok=5daef2b9a6335c8a take=1 src=tts:gpt-audio-1.5 f0=179 onset=0.322 dur=0.550 vowel=0.452-0.722 level=0.050
29	proc	9	bayed	baselineGeneralize	shiftMags=0	86.2734	1.5	1.5	1.5	30	16000	4	0@0.002	0.468	0.476-0.978	194.143	748.44	181	232	530.419	2449.77	411.776	1268.29	530.419	2449.77	411.776	1268.29	167.222	NaN	NaN	-5.19216	0.0872823	11	-27.9002	0							voice marin "bayed" tok=34cb31f96c3da7a7 take=1 src=tts:gpt-audio-1.5 f0=163 onset=0.339 dur=0.660 vowel=0.359-0.939 level=0.050
30	proc	10	bid	baselineGeneralize	shiftMags=0	89.271	1.5	1.5	1.5	30	16000	4	0@0.002	0.364	0.380-0.744	99.6465	853.374	87	287	531.806	2371.52	391.472	1194.87	531.806	2371.52	391.472	1194.87	177.051	NaN	NaN	-5.32125	0.0871501	-38.3125	-26.8583	0							voice marin "bid" tok=4b48453737c03753 take=1 src=tts:gpt-audio-1.5 f0=175 onset=0.366 dur=0.420 vowel=0.366-0.706 level=0.050
31	proc	11	bud	baselineGeneralize	shiftMags=0	91.9748	1.5	1.5	1.5	30	16000	4	0@0.002	0.364	0.376-0.782	-66.7288	954.719	-53	350.5	877.366	1401.23	475.396	2118.72	877.366	1401.23	475.396	2118.72	171.617	196.043	230.369	-5.75758	0.0694218	56.5625	-27.5069	0							voice marin "bud" tok=1a0e0a6bae68725a take=2 src=tts:gpt-audio-1.5 f0=172 onset=0.343 dur=0.440 vowel=0.343-0.743 level=0.050
32	proc	12	bed	baselineGeneralize	shiftMags=0	94.8926	1.5	1.5	1.5	30	16000	4	0@0.002	0.234	0.356-0.590	-100.39	890.821	-78	309	883.498	2095.72	497.349	1253.06	890.181	2101.48	460.88	1213.35	164.429	NaN	NaN	-6.34918	0.0735154	29.8125	-26.7441	0							voice marin "bed" tok=32b135a5a5675445 take=2 src=tts:gpt-audio-1.5 f0=164 onset=0.320 dur=0.340 vowel=0.340-0.540 level=0.050
33	proc	13	bid	baselineGeneralize	shiftMags=0	97.5723	1.5	1.5	1.5	30	16000	4	0@0.002	0.272	0.466-0.738	101.568	873.033	89	298	548.976	2269.56	436.163	1124.54	551.291	2281.62	412.075	1095.63	181.56	179.79	-16.9641	-4.84612	0.115263	32.75	-27.9012	0							voice marin "bid" tok=2af150fcadbd8a70 take=2 src=tts:gpt-audio-1.5 f0=179 onset=0.366 dur=0.370 vowel=0.446-0.706 level=0.050
34	proc	14	bode	baselineGeneralize	shiftMags=0	100.183	1.5	1.5	1.5	30	16000	4	0@0.002	0.302	0.424-0.726	120.618	1092.78	107	486	554.154	1257.67	390.197	1201.14	554.154	1191.8	390.197	1148.52	175.33	140.482	-383.63	-5.41801	0.0770643	44.125	-26.6108	0							voice marin "bode" tok=f3b76a02339233a6 take=2 src=tts:gpt-audio-1.5 f0=178 onset=0.354 dur=0.420 vowel=0.404-0.654 level=0.050
35	proc	15	bayed	baselineGeneralize	shiftMags=0	102.745	1.5	1.5	1.5	30	16000	4	0@0.002	0.388	0.480-0.868	144.206	756.317	130	237	533.38	2529.01	465.612	2687.1	533.38	2529.01	465.612	2687.1	191.624	NaN	NaN	-4.42271	0.114108	-12	-26.6663	0							voice marin "bayed" tok=73813111c16ff0c8 take=2 src=tts:gpt-audio-1.5 f0=187 onset=0.353 dur=0.530 vowel=0.473-0.803 level=0.050
36	proc	16	bode	baselineGeneralize	shiftMags=0	105.048	1.5	1.5	1.5	30	16000	4	0@0.002	0.396	0.324-0.720	129.921	1070.78	116	458	486.781	1155.31	517.269	1710.04	486.781	1155.31	517.269	1710.04	186.597	NaN	NaN	-5.73419	0.0980561	-33.8125	-26.9338	0							voice marin "bode" tok=3bb48809135b2202 take=3 src=tts:gpt-audio-1.5 f0=175 onset=0.322 dur=0.410 vowel=0.322-0.682 level=0.050
37	proc	17	bayed	baselineGeneralize	shiftMags=0	107.345	1.5	1.5	1.5	30	16000	4	0@0.002	0.434	0.410-0.854	107.91	766.168	95	243	563.81	2483.52	406.087	1298.64	566.601	2527.41	401.613	1288.47	181.268	188.37	66.5333	-4.2549	0.113488	43.25	-26.7648	0							voice marin "bayed" tok=d03acd9848c61d30 take=3 src=tts:gpt-audio-1.5 f0=178 onset=0.288 dur=0.590 vowel=0.388-0.818 level=0.050
38	proc	18	bud	baselineGeneralize	shiftMags=0	110.089	1.5	1.5	1.5	30	16000	4	0@0.002	0.266	0.334-0.600	0	1012.18	0	403	741.359	1435.05	599.196	2883.51	741.359	1435.05	599.196	2883.51	172.96	NaN	NaN	-4.57664	0.0923989	-10.6875	-27.8876	0							voice marin "bud" tok=9d53f8ab41e3e31a take=3 src=tts:gpt-audio-1.5 f0=175 onset=0.295 dur=0.400 vowel=0.315-0.655 level=0.050
39	proc	19	bed	baselineGeneralize	shiftMags=0	112.984	1.5	1.5	1.5	30	16000	4	0@0.002	0.278	0.390-0.676	-100.368	892.523	-78	309	715.612	1502.3	586.93	2469.17	715.612	1502.3	586.93	2469.17	182.565	NaN	NaN	-4.968	0.0900913	26.5625	-28.3695	0							voice marin "bed" tok=aa3e377b8fca74da take=0 src=tts:gpt-audio-1.5 f0=183 onset=0.346 dur=0.420 vowel=0.346-0.726 level=0.050
40	proc	20	bid	baselineGeneralize	shiftMags=0	115.248	1.5	1.5	1.5	30	16000	4	0@0.002	0.338	0.350-0.750	64.2832	870.286	55	298	589.997	2233.51	450.88	3535.78	589.997	2233.51	450.88	3535.78	173.153	220.512	418.567	-4.15221	0.103203	25.5625	-27.4456	0							voice marin "bid" tok=4b5fd2637a8fa55c take=3 src=tts:gpt-audio-1.5 f0=170 onset=0.312 dur=0.500 vowel=0.342-0.722 level=0.050
41	proc	21	bid	baselineGeneralize	shiftMags=0	117.633	1.5	1.5	1.5	30	16000	4	0@0.002	0.306	0.370-0.694	108.019	865.83	95	293	614.72	2211.46	471.326	1733.09	617.317	2238.62	536.313	2021.24	184.902	NaN	NaN	-4.90657	0.0810112	37.875	-27.6907	0							voice marin "bid" tok=df048e0fb13b976c take=0 src=tts:gpt-audio-1.5 f0=183 onset=0.325 dur=0.370 vowel=0.355-0.665 level=0.050
42	proc	22	bode	baselineGeneralize	shiftMags=0	120.129	1.5	1.5	1.5	30	16000	4	0@0.002	0.344	0.422-0.792	129.751	1088.66	116	480	560.908	1402.98	528.102	1529.31	560.908	1402.98	528.102	1529.31	168.212	232.346	559.2	-6.31473	0.102179	32.8125	-27.2769	0							voice marin "bode" tok=70b250dfe6b199f1 take=0 src=tts:gpt-audio-1.5 f0=169 onset=0.307 dur=0.550 vowel=0.357-0.737 level=0.050
43	proc	23	bud	baselineGeneralize	shiftMags=0	122.613	1.5	1.5	1.5	30	16000	4	0@0.002	0.368	0.502-0.870	-18.4542	966.595	-15	359	937.228	1688.06	429.149	1190.83	937.228	1688.06	429.149	1190.83	177.14	185.817	82.7853	-5.75291	0.0876835	-58.5625	-27.7649	0							voice marin "bud" tok=38e9ea46b07d3ae1 take=0 src=tts:gpt-audio-1.5 f0=176 onset=0.371 dur=0.510 vowel=0.381-0.841 level=0.050
44	proc	24	bayed	baselineGeneralize	shiftMags=0	125.489	1.5	1.5	1.5	30	16000	4	0@0.002	0.328	0.472-0.800	195.657	735.67	183	226	552.515	2350.69	369.271	1135.54	552.515	2350.69	369.271	1135.54	190.46	189.936	-4.76841	-5.32239	0.10559	52	-27.3123	0							voice marin "bayed" tok=af224f0b9d7c4a1f take=0 src=tts:gpt-audio-1.5 f0=187 onset=0.357 dur=0.540 vowel=0.367-0.747 level=0.050
45	proc	25	bed	baselineGeneralize	shiftMags=0	127.928	1.5	1.5	1.5	30	16000	4	0@0.002	0.27	0.504-0.868	-85.2341	879.838	-67	304	857.126	2152.18	420.993	1312.23	861.631	2160.2	435.567	1282.98	172.677	NaN	NaN	-5.28285	0.102553	38.1875	-28.629	0							voice marin "bed" tok=601eaa61296af10e take=1 src=tts:gpt-audio-1.5 f0=171 onset=0.363 dur=0.540 vowel=0.373-0.853 level=0.050
46	proc	26	bed	baselineGeneralize	shiftMags=0	130.408	1.5	1.5	1.5	30	16000	4	0@0.002	0.232	0.364-0.596	-105.619	891.709	-82	309	866.401	2067.9	427.391	1985.15	891.12	2119.81	453.616	1985.15	164.981	NaN	NaN	-6.1093	0.0809915	57.1875	-26.7439	0							voice marin "bed" tok=32b135a5a5675445 take=2 src=tts:gpt-audio-1.5 f0=164 onset=0.327 dur=0.340 vowel=0.347-0.547 level=0.050
47	proc	27	bayed	baselineGeneralize	shiftMags=0	133.024	1.5	1.5	1.5	30	16000	4	0@0.002	0.472	0.428-0.932	190.238	747.743	177	232	525.941	2513.86	381.749	1291.58	525.941	2513.86	381.749	1291.58	167.754	232.109	562.143	-5.21671	0.0818567	57.0625	-27.8997	0							voice marin "bayed" tok=34cb31f96c3da7a7 take=1 src=tts:gpt-audio-1.5 f0=163 onset=0.292 dur=0.660 vowel=0.312-0.892 level=0.050
48	proc	28	bid	baselineGeneralize	shiftMags=0	135.987	1.5	1.5	1.5	30	16000	4	0@0.002	0.362	0.318-0.680	99.6266	853.615	87	287	549.273	2357.05	2104.62	3521.24	549.273	2357.05	2104.62	3521.24	177.268	NaN	NaN	-3.83528	0.119649	-51.5625	-26.8592	0							voice marin "bid" tok=4b48453737c03753 take=1 src=tts:gpt-audio-1.5 f0=175 onset=0.304 dur=0.420 vowel=0.304-0.644 level=0.050
49	proc	29	bode	baselineGeneralize	shiftMags=0	138.458	1.5	1.5	1.5	30	16000	4	0@0.002	0.406	0.508-0.932	136.328	1097.36	122	497	621.203	1341.04	410.561	1263.78	621.203	1341.04	410.561	1263.78	187.399	155.885	-318.76	-5.78732	0.085532	19.3125	-27.3399	0							voice marin "bode" tok=bd3b300bc4b544d5 take=1 src=tts:gpt-audio-1.5 f0=183 onset=0.375 dur=0.590 vowel=0.415-0.845 level=0.050
50	proc	30	bud	baselineGeneralize	shiftMags=0	141.183	1.5	1.5	1.5	30	16000	4	0@0.002	0.312	0.454-0.766	-113.658	1010.66	-88	397	954.273	1506.6	373.679	1704.95	954.273	1506.6	373.679	1704.95	178.568	195.015	152.538	-5.14021	0.0917249	-19.875	-27.2941	0							voice marin "bud" tok=5daef2b9a6335c8a take=1 src=tts:gpt-audio-1.5 f0=179 onset=0.309 dur=0.550 vowel=0.439-0.709 level=0.050
51	proc	31	bayed	baselineGeneralize	shiftMags=0	144.47	1.5	1.5	1.5	30	16000	4	0@0.002	0.388	0.416-0.804	142.094	754.63	128	237	547.316	2463.27	482.903	2117.94	554.817	2494.6	476.791	2117.94	191.251	195.942	41.9501	-5.38253	0.0756225	36.3125	-26.6655	0							voice marin "bayed" tok=73813111c16ff0c8 take=2 src=tts:gpt-audio-1.5 f0=187 onset=0.289 dur=0.530 vowel=0.409-0.739 level=0.050
52	proc	32	bid	baselineGeneralize	shiftMags=0	147.043	1.5	1.5	1.5	30	16000	4	0@0.002	0.272	0.464-0.736	103.526	874.593	91	298	613.799	2239.97	817.778	1663.11	613.799	2239.97	817.778	1663.11	182.035	174.228	-75.8914	-6.26633	0.0785338	-11.5	-27.9005	0							voice marin "bid" tok=2af150fcadbd8a70 take=2 src=tts:gpt-audio-1.5 f0=179 onset=0.364 dur=0.370 vowel=0.444-0.704 level=0.050
53	proc	33	bed	baselineGeneralize	shiftMags=0	149.988	1.5	1.5	1.5	30	16000	4	0@0.002	0.284	0.394-0.684	-100.034	893.906	-78	309	852.597	2123.43	446.13	1110.7	852.597	2123.43	446.13	1110.7	184.175	NaN	NaN	-5.21715	0.0971476	-29.8125	-28.3699	0							voice marin "bed" tok=aa3e377b8fca74da take=0 src=tts:gpt-audio-1.5 f0=183 onset=0.353 dur=0.420 vowel=0.353-0.733 level=0.050
54	proc	34	bode	baselineGeneralize	shiftMags=0	152.402	1.5	1.5	1.5	30	16000	4	0@0.002	0.3	0.362-0.662	116.467	1093.05	103	486	617.151	1317.26	481.562	2978.73	617.151	1317.26	481.562	2978.73	174.338	140.471	-373.936	-5.45968	0.0834306	15.4375	-26.6117	0							voice marin "bode" tok=f3b76a02339233a6 take=2 src=tts:gpt-audio-1.5 f0=178 onset=0.291 dur=0.420 vowel=0.341-0.591 level=0.050
55	proc	35	bud	baselineGeneralize	shiftMags=0	154.919	1.5	1.5	1.5	30	16000	4	0@0.002	0.368	0.320-0.726	-64.1534	951.762	-51	350.5	881.218	1435.12	328.418	1176.1	881.218	1435.12	328.418	1176.1	172.456	NaN	NaN	-5.21436	0.0843087	36	-27.5069	0							voice marin "bud" tok=1a0e0a6bae68725a take=2 src=tts:gpt-audio-1.5 f0=172 onset=0.288 dur=0.440 vowel=0.288-0.688 level=0.050
56	proc	36	bid	baselineGeneralize	shiftMags=0	157.659	1.5	1.5	1.5	30	16000	4	0@0.002	0.336	0.332-0.732	62.5949	868.873	53.5	298	597.353	2245.45	497.942	1823.92	603.421	2245.29	496.307	1896.17	172.954	NaN	NaN	-5.59923	0.0930628	56.25	-27.4448	0							voice marin "bid" tok=4b5fd2637a8fa55c take=3 src=tts:gpt-audio-1.5 f0=170 onset=0.295 dur=0.500 vowel=0.325-0.705 level=0.050
57	proc	37	bud	baselineGeneralize	shiftMags=0	160.334	1.5	1.5	1.5	30	16000	4	0@0.002	0.266	0.398-0.664	0	1018.19	0	403	NaN	NaN	NaN	NaN					172.717	NaN	NaN	-3.02449	0.10657	25.4375	-27.8957	0							voice marin "bud" tok=9d53f8ab41e3e31a take=3 src=tts:gpt-audio-1.5 f0=175 onset=0.360 dur=0.400 vowel=0.380-0.720 level=0.050
58	proc	38	bode	baselineGeneralize	shiftMags=0	163.016	1.5	1.5	1.5	30	16000	4	0@0.002	0.396	0.314-0.710	128.008	1069.77	114	458	491.436	1179.08	394.141	1404.47	491.436	1179.08	394.141	1404.47	186.633	NaN	NaN	-5.00211	0.100947	1.125	-26.9348	0							voice marin "bode" tok=3bb48809135b2202 take=3 src=tts:gpt-audio-1.5 f0=175 onset=0.312 dur=0.410 vowel=0.312-0.672 level=0.050
59	proc	39	bayed	baselineGeneralize	shiftMags=0	165.722	1.5	1.5	1.5	30	16000	4	0@0.002	0.432	0.406-0.852	103.684	759.97	91	237	569.376	2476.27	486.118	1471.33	566.702	2564.74	492.16	1477.9	180.146	146.085	-362.83	-5.77759	0.104315	52.25	-26.7637	0							voice marin "bayed" tok=d03acd9848c61d30 take=3 src=tts:gpt-audio-1.5 f0=178 onset=0.284 dur=0.590 vowel=0.384-0.814 level=0.050
60	proc	40	bed	baselineGeneralize	shiftMags=0	168.479	1.5	1.5	1.5	30	16000	4	0@0.002	0.278	0.442-0.810	-80.0735	880.943	-63	304	695.185	2085.22	441.386	1436.52	754.146	2112.74	363.274	1385.1	172.813	213.579	366.67	-4.73347	0.101546	41.75	-28.6288	0							voice marin "bed" tok=601eaa61296af10e take=1 src=tts:gpt-audio-1.5 f0=171 onset=0.302 dur=0.540 vowel=0.312-0.792 level=0.050
61	proc	41	bud	baselineGeneralize	shiftMags=0	170.971	1.5	1.5	1.5	30	16000	4	0@0.002	0.368	0.464-0.832	-18.461	966.204	-15	359	951.99	1650.34	449.383	1303.06	951.99	1650.34	449.383	1303.06	176.623	NaN	NaN	-4.5316	0.0943365	-27.625	-27.7656	0							voice marin "bud" tok=38e9ea46b07d3ae1 take=0 src=tts:gpt-audio-1.5 f0=176 onset=0.333 dur=0.510 vowel=0.343-0.803 level=0.050
62	proc	42	bid	baselineGeneralize	shiftMags=0	173.484	1.5	1.5	1.5	30	16000	4	0@0.002	0.304	0.340-0.664	105.824	867.025	93	293	618.789	2231.31	525.764	2108.63	618.789	2231.31	525.764	2108.63	185.17	232.731	395.783	-7.701	0.0760547	-36.0625	-27.69	0							voice marin "bid" tok=df048e0fb13b976c take=0 src=tts:gpt-audio-1.5 f0=183 onset=0.295 dur=0.370 vowel=0.325-0.635 level=0.050
63	proc	43	bed	baselineGeneralize	shiftMags=0	176.032	1.5	1.5	1.5	30	16000	4	0@0.002	0.232	0.340-0.572	-105.619	891.64	-82	309	908.185	2134.03	443.167	2823.26	908.185	2134.03	443.167	2823.26	165.409	NaN	NaN	-5.99844	0.0870544	-50.1875	-26.7419	0							voice marin "bed" tok=32b135a5a5675445 take=2 src=tts:gpt-audio-1.5 f0=164 onset=0.303 dur=0.340 vowel=0.323-0.523 level=0.050
64	proc	44	bode	baselineGeneralize	shiftMags=0	178.674	1.5	1.5	1.5	30	16000	4	0@0.002	0.344	0.422-0.792	128.326	1089.03	114.5	480	521.445	1366.17	403.679	1157.88	521.445	1366.17	403.679	1157.88	168.172	NaN	NaN	-5.18078	0.10508	28.25	-27.276	0							voice marin "bode" tok=70b250dfe6b199f1 take=0 src=tts:gpt-audio-1.5 f0=169 onset=0.307 dur=0.550 vowel=0.357-0.737 level=0.050
65	proc	45	bayed	baselineGeneralize	shiftMags=0	181.349	1.5	1.5	1.5	30	16000	4	0@0.002	0.328	0.480-0.808	195.73	733.96	183	226	540.684	2225.13	426.262	1358.46	540.684	2465.27	386.266	1358.46	189.56	NaN	NaN	-5.31804	0.117229	47.125	-27.3126	0							voice marin "bayed" tok=af224f0b9d7c4a1f take=0 src=tts:gpt-audio-1.5 f0=187 onset=0.365 dur=0.540 vowel=0.375-0.755 level=0.050
66	proc	46	bode	baselineGeneralize	shiftMags=0	184.255	1.5	1.5	1.5	30	16000	4	0@0.002	0.406	0.498-0.922	136.329	1097.78	122	497	668.388	1339.81	498.452	1301.12	741.376	1347.12	398.499	1493.08	186.927	NaN	NaN	-5.03985	0.0898011	50.125	-27.3398	0							voice marin "bode" tok=bd3b300bc4b544d5 take=1 src=tts:gpt-audio-1.5 f0=183 onset=0.365 dur=0.590 vowel=0.405-0.835 level=0.050
67	proc	47	bud	baselineGeneralize	shiftMags=0	186.802	1.5	1.5	1.5	30	16000	4	0@0.002	0.312	0.426-0.738	-113.733	1009.43	-88	397	938.675	1669.99	420.513	1320.53	938.675	1669.99	420.513	1320.53	178.68	229.758	435.284	-5.19457	0.0786987	-16.375	-27.2942	0							voice marin "bud" tok=5daef2b9a6335c8a take=1 src=tts:gpt-audio-1.5 f0=179 onset=0.281 dur=0.550 vowel=0.411-0.681 level=0.050
68	proc	48	bid	baselineGeneralize	shiftMags=0	189.388	1.5	1.5	1.5	30	16000	4	0@0.002	0.362	0.332-0.694	99.6063	851.59	87	287	NaN	NaN	NaN	NaN					177.276	NaN	NaN	-3.61576	0.118525	27	-26.8592	0							voice marin "bid" tok=4b48453737c03753 take=1 src=tts:gpt-audio-1.5 f0=175 onset=0.318 dur=0.420 vowel=0.318-0.658 level=0.050
69	proc	49	bayed	baselineGeneralize	shiftMags=0	192.263	1.5	1.5	1.5	30	16000	4	0@0.002	0.478	0.422-1.010	197.042	747.426	185	232	530.755	2441.57	387.951	1457.82	530.755	2441.57	387.951	1457.82	166.996	190.319	226.335	-5.17118	0.100373	-20.1875	-27.901	0							voice marin "bayed" tok=34cb31f96c3da7a7 take=1 src=tts:gpt-audio-1.5 f0=163 onset=0.371 dur=0.660 vowel=0.391-0.971 level=0.050
70	proc	50	bed	baselineGeneralize	shiftMags=0	195.241	1.5	1.5	1.5	30	16000	4	0@0.002	0.278	0.360-0.646	-100.362	893.981	-78	309	NaN	NaN	NaN	NaN					182.293	189.046	62.9751	-4.60401	0.0814166	51.25	-28.3693	0							voice marin "bed" tok=aa3e377b8fca74da take=0 src=tts:gpt-audio-1.5 f0=183 onset=0.316 dur=0.420 vowel=0.316-0.696 level=0.050
71	proc	51	bayed	baselineGeneralize	shiftMags=0	197.673	1.5	1.5	1.5	30	16000	4	0@0.002	0.388	0.422-0.810	142.422	756.394	128	237	535.748	2496.46	457.426	2673.49	548.229	2508.24	457.426	2673.49	191.674	197.262	49.7527	-5.32014	0.0756776	30.5	-26.6651	0							voice marin "bayed" tok=73813111c16ff0c8 take=2 src=tts:gpt-audio-1.5 f0=187 onset=0.295 dur=0.530 vowel=0.415-0.745 level=0.050
72	proc	52	bode	baselineGeneralize	shiftMags=0	200.471	1.5	1.5	1.5	30	16000	4	0@0.002	0.3	0.424-0.724	120.749	1093.18	107	486	558.304	1202.72	499.169	1295.38	558.304	1202.72	499.169	1295.38	175.384	233.698	496.952	-6.49894	0.0706518	15.0625	-26.6111	0							voice marin "bode" tok=f3b76a02339233a6 take=2 src=tts:gpt-audio-1.5 f0=178 onset=0.353 dur=0.420 vowel=0.403-0.653 level=0.050
73	proc	53	bud	baselineGeneralize	shiftMags=0	202.907	1.5	1.5	1.5	30	16000	4	0@0.002	0.35	0.380-0.748	-69.3541	956.742	-55	353	854.229	1723.65	445.019	1466.87	854.229	1723.65	445.019	1466.87	172.153	NaN	NaN	-6.16286	0.0935068	-28.5	-27.506	0							voice marin "bud" tok=1a0e0a6bae68725a take=2 src=tts:gpt-audio-1.5 f0=172 onset=0.309 dur=0.440 vowel=0.309-0.709 level=0.050
74	proc	54	bed	baselineGeneralize	shiftMags=0	205.713	1.5	1.5	1.5	30	16000	4	0@0.002	0.286	0.494-0.858	-74.7778	880.828	-59	304	855.474	2182.06	391.064	2824.51	855.474	2182.06	391.064	2824.51	172.676	138.187	-385.736	-4.82421	0.0782833	1.5	-28.6292	0							voice marin "bed" tok=601eaa61296af10e take=1 src=tts:gpt-audio-1.5 f0=171 onset=0.353 dur=0.540 vowel=0.363-0.843 level=0.050
75	proc	55	bid	baselineGeneralize	shiftMags=0	207.992	1.5	1.5	1.5	30	16000	4	0@0.002	0.274	0.418-0.692	99.5856	874.493	87	298	NaN	NaN	NaN	NaN					182.074	NaN	NaN	-4.98243	0.0815394	58.1875	-27.8999	0							voice marin "bid" tok=2af150fcadbd8a70 take=2 src=tts:gpt-audio-1.5 f0=179 onset=0.319 dur=0.370 vowel=0.399-0.659 level=0.050
76	proc	56	bed	baselineGeneralize	shiftMags=0	210.622	1.5	1.5	1.5	30	16000	4	0@0.002	0.232	0.354-0.586	-105.634	891.196	-82	309	893.098	2121.49	639.147	1969.22	893.098	2121.49	639.147	1969.22	165.239	NaN	NaN	-6.65101	0.0868904	-43.3125	-26.7437	0							voice marin "bed" tok=32b135a5a5675445 take=2 src=tts:gpt-audio-1.5 f0=164 onset=0.317 dur=0.340 vowel=0.337-0.537 level=0.050
77	proc	57	bayed	baselineGeneralize	shiftMags=0	213.3	1.5	1.5	1.5	30	16000	4	0@0.002	0.434	0.462-0.908	107.929	766.829	95	243	552.745	2564.21	421.554	1284.45	552.745	2564.21	421.554	1284.45	180.167	NaN	NaN	-4.20606	0.115195	-9.6875	-26.7648	0							voice marin "bayed" tok=d03acd9848c61d30 take=3 src=tts:gpt-audio-1.5 f0=178 onset=0.341 dur=0.590 vowel=0.441-0.871 level=0.050
78	proc	58	bid	baselineGeneralize	shiftMags=0	216.074	1.5	1.5	1.5	30	16000	4	0@0.002	0.338	0.332-0.732	64.1446	873.619	55	298	595.535	2303.71	569.052	2876.93	595.535	2303.71	569.052	2876.93	174.048	NaN	NaN	-4.85879	0.096649	-3.625	-27.446	0							voice marin "bid" tok=4b5fd2637a8fa55c take=3 src=tts:gpt-audio-1.5 f0=170 onset=0.294 dur=0.500 vowel=0.324-0.704 level=0.050
79	proc	59	bud	baselineGeneralize	shiftMags=0	219.012	1.5	1.5	1.5	30	16000	4	0@0.002	0.266	0.372-0.638	0	1017.43	0	403	688.9	1377.27	454.37	3479.86	718.593	1381.83	431.196	3524.54	172.584	NaN	NaN	-5.2595	0.0790609	34.25	-27.8948	0							voice marin "bud" tok=9d53f8ab41e3e31a take=3 src=tts:gpt-audio-1.5 f0=175 onset=0.333 dur=0.400 vowel=0.353-0.693 level=0.050
80	proc	60	bode	baselineGeneralize	shiftMags=0	221.858	1.5	1.5	1.5	30	16000	4	0@0.002	0.398	0.358-0.756	128.134	1069.16	114	458	487.502	1155.66	488.017	3477.36	487.502	1155.66	488.017	3477.36	187.862	217.013	249.735	-4.47821	0.105325	4.625	-26.9341	0							voice marin "bode" tok=3bb48809135b2202 take=3 src=tts:gpt-audio-1.5 f0=175 onset=0.357 dur=0.410 vowel=0.357-0.717 level=0.050
81	proc	61	bid	baselineGeneralize	shiftMags=0	225.531	1.5	1.5	1.5	30	16000	4	0@0.002	0.316	0.372-0.696	93.1243	862.665	81	293	601.353	2229.8	411.41	1285.04	601.431	2235.7	432.651	1370.26	184.752	282.925	737.796	-4.8491	0.0810617	35	-27.6904	0							voice marin "bid" tok=df048e0fb13b976c take=0 src=tts:gpt-audio-1.5 f0=183 onset=0.328 dur=0.370 vowel=0.358-0.668 level=0.050
82	proc	62	bode	baselineGeneralize	shiftMags=0	228.154	1.5	1.5	1.5	30	16000	4	0@0.002	0.344	0.416-0.786	120.674	1089.66	107	480	552.589	1385.76	523.75	1497.68	552.589	1385.76	523.75	1497.68	168.187	NaN	NaN	-6.29546	0.101801	38.1875	-27.277	0							voice marin "bode" tok=70b250dfe6b199f1 take=0 src=tts:gpt-audio-1.5 f0=169 onset=0.302 dur=0.550 vowel=0.352-0.732 level=0.050
83	proc	63	bud	baselineGeneralize	shiftMags=0	230.413	1.5	1.5	1.5	30	16000	4	0@0.002	0.37	0.414-0.802	-13.4692	967.293	-11	359	956.093	1586.26	484.109	1348.05	956.093	1586.26	484.109	1348.05	177.17	185.918	83.4325	-5.56832	0.0827743	-6.4375	-27.7656	0							voice marin "bud" tok=38e9ea46b07d3ae1 take=0 src=tts:gpt-audio-1.5 f0=176 onset=0.304 dur=0.510 vowel=0.314-0.774 level=0.050
84	proc	64	bed	baselineGeneralize	shiftMags=0	233.078	1.5	1.5	1.5	30	16000	4	0@0.002	0.282	0.384-0.674	-100.085	894.478	-78	309	926.481	2078.28	463.609	1116.88	926.481	2078.28	463.609	1116.88	183.524	153.601	-308.136	-4.28559	0.0963167	45.125	-28.3701	0							voice marin "bed" tok=aa3e377b8fca74da take=0 src=tts:gpt-audio-1.5 f0=183 onset=0.343 dur=0.420 vowel=0.343-0.723 level=0.050
85	proc	65	bayed	baselineGeneralize	shiftMags=0	235.75	1.5	1.5	1.5	30	16000	4	0@0.002	0.328	0.458-0.786	195.774	752.351	183	237	560.514	2239.94	420.314	1328.06	560.514	2276.27	416.082	1328.06	190.751	NaN	NaN	-5.37243	0.104136	51.3125	-27.3126	0							voice marin "bayed" tok=af224f0b9d7c4a1f take=0 src=tts:gpt-audio-1.5 f0=187 onset=0.343 dur=0.540 vowel=0.353-0.733 level=0.050
86	proc	66	bed	baselineGeneralize	shiftMags=0	238.556	1.5	1.5	1.5	30	16000	4	0@0.002	0.282	0.502-0.870	-79.9112	880.915	-63	304	861.377	2143.18	658.29	3518.97	861.377	2143.18	658.29	3518.97	172.659	NaN	NaN	-4.74349	0.0823524	-1.875	-28.6294	0							voice marin "bed" tok=601eaa61296af10e take=1 src=tts:gpt-audio-1.5 f0=171 onset=0.362 dur=0.540 vowel=0.372-0.852 level=0.050
87	proc	67	bode	baselineGeneralize	shiftMags=0	240.93	1.5	1.5	1.5	30	16000	4	0@0.002	0.406	0.436-0.860	132.101	1098.83	118	497	629.537	1349.7	434.632	1295.71	629.537	1349.7	434.632	1295.71	186.794	228.971	352.461	-5.23511	0.0825773	4.1875	-27.3423	0							voice marin "bode" tok=bd3b300bc4b544d5 take=1 src=tts:gpt-audio-1.5 f0=183 onset=0.303 dur=0.590 vowel=0.343-0.773 level=0.050
88	proc	68	bud	baselineGeneralize	shiftMags=0	243.622	1.5	1.5	1.5	30	16000	4	0@0.002	0.312	0.474-0.786	-111.157	1009.81	-86	397	921.77	1426.32	382.874	1952.81	922.738	1476.75	382.874	1594.26	177.716	164.538	-133.387	-5.26139	0.0939603	35.1875	-27.2941	0							voice marin "bud" tok=5daef2b9a6335c8a take=1 src=tts:gpt-audio-1.5 f0=179 onset=0.328 dur=0.550 vowel=0.458-0.728 level=0.050
89	proc	69	bid	baselineGeneralize	shiftMags=0	245.91	1.5	1.5	1.5	30	16000	4	0@0.002	0.362	0.322-0.684	99.6241	849.93	87	287	491.856	2436.61	470.284	1269.32	491.856	2436.61	470.284	1269.32	177.021	NaN	NaN	-5.49092	0.0947068	24.1875	-26.859	0							voice marin "bid" tok=4b48453737c03753 take=1 src=tts:gpt-audio-1.5 f0=175 onset=0.308 dur=0.420 vowel=0.308-0.648 level=0.050
90	proc	70	bayed	baselineGeneralize	shiftMags=0	248.705	1.5	1.5	1.5	30	16000	4	0@0.002	0.47	0.462-0.966	189.957	745.821	177	232	549.95	2367.96	367.139	2140.82	549.95	2367.96	367.139	2140.82	166.326	245.411	673.42	-4.51004	0.10936	14.8125	-27.9011	0							voice marin "bayed" tok=34cb31f96c3da7a7 take=1 src=tts:gpt-audio-1.5 f0=163 onset=0.326 dur=0.660 vowel=0.346-0.926 level=0.050
91	proc	71	bed	baselineGeneralize	shiftMags=0	251.571	1.5	1.5	1.5	30	16000	4	0@0.002	0.234	0.354-0.588	-105.61	892.486	-82	309	888.426	2115	627.58	3522.69	890.235	2118.72	591.219	3552.15	165.258	NaN	NaN	-6.27037	0.0731574	36.5	-26.742	0							voice marin "bed" tok=32b135a5a5675445 take=2 src=tts:gpt-audio-1.5 f0=164 onset=0.317 dur=0.340 vowel=0.337-0.537 level=0.050
92	proc	72	bayed	baselineGeneralize	shiftMags=0	254.149	1.5	1.5	1.5	30	16000	4	0@0.002	0.388	0.466-0.854	142.113	753.933	128	237	530.044	2556.42	465.532	1737.31	530.044	2556.42	465.532	1737.31	191.267	233.809	347.689	-5.92698	0.0810991	-25.5	-26.6662	0							voice marin "bayed" tok=73813111c16ff0c8 take=2 src=tts:gpt-audio-1.5 f0=187 onset=0.339 dur=0.530 vowel=0.459-0.789 level=0.050
93	proc	73	bid	baselineGeneralize	shiftMags=0	256.915	1.5	1.5	1.5	30	16000	4	0@0.002	0.272	0.410-0.682	101.562	874.595	89	298	NaN	NaN	NaN	NaN					182.322	NaN	NaN	-5.25009	0.0847263	11.5	-27.8979	0							voice marin "bid" tok=2af150fcadbd8a70 take=2 src=tts:gpt-audio-1.5 f0=179 onset=0.311 dur=0.370 vowel=0.391-0.651 level=0.050
94	proc	74	bud	baselineGeneralize	shiftMags=0	259.662	1.5	1.5	1.5	30	16000	4	0@0.002	0.366	0.362-0.768	-43.6674	950.691	-35	348	897.315	1616.99	420.151	2292.39	897.315	1616.99	420.151	2292.39	172.154	141.107	-344.295	-5.89031	0.0763719	-2.4375	-27.5065	0							voice marin "bud" tok=1a0e0a6bae68725a take=2 src=tts:gpt-audio-1.5 f0=172 onset=0.329 dur=0.440 vowel=0.329-0.729 level=0.050
95	proc	75	bode	baselineGeneralize	shiftMags=0	262.14	1.5	1.5	1.5	30	16000	4	0@0.002	0.3	0.370-0.670	120.729	1093.21	107	486	548.179	1181.77	509.642	1347.09	548.179	1181.77	509.642	1347.09	175.984	166.277	-98.2272	-5.3543	0.0846248	-27.0625	-26.6118	0							voice marin "bode" tok=f3b76a02339233a6 take=2 src=tts:gpt-audio-1.5 f0=178 onset=0.299 dur=0.420 vowel=0.349-0.599 level=0.050
96	proc	76	booed	baselineTrain	shiftMags=0	269.459	1.5	1.5	1.5	30	16000	3	0@0.002	0.448	0.386-0.862	240.944	1079.52	233	469	423.885	1490.89	484.583	2541.29	423.885	1440.68	484.583	2556.1	180.749	265.687	666.889	-13.8127	0.0910193	7.6875	-26.9879	0							voice marin "booed" tok=902be4d13b5aa8b5 take=1 src=tts:gpt-audio-1.5 f0=182 onset=0.342 dur=0.550 vowel=0.362-0.832 level=0.050
97	proc	77	bead	baselineTrain	shiftMags=0	271.969	1.5	1.5	1.5	30	16000	3	0@0.002	0.352	0.432-0.810	230.161	656.875	221	193	331.618	2964.35	469.52	3224.26	330.836	2979.13	471.461	3222.29	191.386	193.316	17.3746	-11.3406	0.0667949	7.6875	-27.3968	0							voice marin "bead" tok=9e4287b5aa73f3b5 take=1 src=tts:gpt-audio-1.5 f0=188 onset=0.327 dur=0.580 vowel=0.417-0.847 level=0.050
98	proc	78	bad	baselineTrain	shiftMags=0	274.598	1.5	1.5	1.5	30	16000	3	0@0.002	0.412	0.344-0.772	-311.665	989.756	-220	381	1100.46	1703.91	775.687	2602.8	1105.07	1693.02	776.657	2602.8	160.527	162.741	23.7083	-5.00774	0.120015	8.25	-26.834	0							voice marin "bad" tok=a37daa161b544c71 take=1 src=tts:gpt-audio-1.5 f0=160 onset=0.301 dur=0.560 vowel=0.321-0.751 level=0.050
99	proc	79	bod	baselineTrain	shiftMags=0	277.456	1.5	1.5	1.5	30	16000	3	0@0.002	0.422	0.338-0.774	-213.129	1099.58	-157	497	975.398	1259.29	718.553	2283.25	976.763	1263.97	714.291	2288.88	176.368	175.6	-7.55731	-8.93481	0.127545	8.0625	-26.5629	0							voice marin "bod" tok=b9e4194af6f2b078 take=1 src=tts:gpt-audio-1.5 f0=175 onset=0.316 dur=0.480 vowel=0.316-0.746 level=0.050
100	proc	80	bod	baselineTrain	shiftMags=0	280.355	1.5	1.5	1.5	30	16000	3	0@0.002	0.324	0.466-0.790	-166.619	1057.66	-125.5	444.5	957.851	1293.79	751.552	2341.3	962.948	1310.97	753.922	2362.9	191.13	190.262	-7.87351	-8.72477	0.114687	8.125	-27.5293	0							voice marin "bod" tok=023f452979d38028 take=2 src=tts:gpt-audio-1.5 f0=190 onset=0.373 dur=0.420 vowel=0.453-0.703 level=0.050
101	proc	81	bead	baselineTrain	shiftMags=0	282.889	1.5	1.5	1.5	30	16000	3	0@0.002	0.43	0.354-0.804	234.494	710.955	225	215	303.356	2935.67	502.786	3265.81	302.738	3063.68	516.45	3268.17	182.336	185.648	31.1684	-11.6323	0.0759054	7.6875	-26.7539	0							voice marin "bead" tok=3f9e29f56a432304 take=2 src=tts:gpt-audio-1.5 f0=180 onset=0.317 dur=0.490 vowel=0.337-0.767 level=0.050
102	proc	82	bad	baselineTrain	shiftMags=0	285.846	1.5	1.5	1.5	30	16000	3	0@0.002	0.342	0.446-0.804	-262.602	966.482	-189	359	1073.07	1781.1	785.681	2814.27	1075.86	1759.34	796.472	2816.27	180.744	176.663	-39.5365	-5.16642	0.0919232	8.25	-27.4124	1	0.985+15.4ms						voice marin "bad" tok=caf02ef7d1bd523b take=2 src=tts:gpt-audio-1.5 f0=177 onset=0.346 dur=0.480 vowel=0.436-0.776 level=0.050
103	proc	83	booed	baselineTrain	shiftMags=0	288.519	1.5	1.5	1.5	30	16000	3	0@0.002	0.412	0.356-0.768	199.382	1077.09	187	464	436.56	1411.52	581	2502.34	436.56	1411.52	581	2502.34	175.632	193.33	166.215	-13.6644	0.0593216	7.6875	-27.5377	0							voice marin "booed" tok=14c84fb17354a4d5 take=2 src=tts:gpt-audio-1.5 f0=183 onset=0.316 dur=0.470 vowel=0.316-0.736 level=0.050
104	proc	84	bead	baselineTrain	shiftMags=0	290.907	1.5	1.5	1.5	30	16000	3	0@0.002	0.318	0.306-0.624	253.74	601.728	248	171	358.802	2802.85	510.717	3343.26	330.041	2948.61	528.045	3408.24	162.695	163.669	10.3296	-11.1778	0.0932238	7.5625	-27.3963	0							voice marin "bead" tok=73ee56b912b6f51d take=3 src=tts:gpt-audio-1.5 f0=162 onset=0.303 dur=0.440 vowel=0.303-0.533 level=0.050
105	proc	85	booed	baselineTrain	shiftMags=0	293.534	1.5	1.5	1.5	30	16000	3	0@0.002	0.416	0.462-0.902	204.736	1104.13	193	508	436.146	1253.41	520.478	2420.42	431.023	1255.85	520.82	2419.44	183.389	183.732	3.23953	-14.0784	0.0577747	7.6875	-27.5478	0							voice marin "booed" tok=0d71012df416cd6a take=3 src=tts:gpt-audio-1.5 f0=180 onset=0.349 dur=0.570 vowel=0.349-0.869 level=0.050
106	proc	86	bod	baselineTrain	shiftMags=0	296.294	1.5	1.5	1.5	30	16000	3	0@0.002	0.342	0.458-0.800	-237.067	1098.58	-173	502	992.229	1237.28	690.957	2353.21	1002.98	1257.35	692.948	2353.36	169.691	171.611	19.4811	-10.4359	0.107806	8	-28.5193	0							voice marin "bod" tok=73625630c45e2449 take=3 src=tts:gpt-audio-1.5 f0=170 onset=0.321 dur=0.610 vowel=0.441-0.761 level=0.050
107	proc	87	bad	baselineTrain	shiftMags=0	299.117	1.5	1.5	1.5	30	16000	3	0@0.002	0.368	0.366-0.748	-289.432	974.837	-206	370	1113.39	1783.13	767.694	2663.58	1113.39	1783.13	767.694	2663.58	188.108	191.67	32.4782	-4.38358	0.119167	8.25	-27.662	0							voice marin "bad" tok=c93ede36cd960b12 take=3 src=tts:gpt-audio-1.5 f0=184 onset=0.340 dur=0.480 vowel=0.340-0.630 level=0.050
108	proc	88	bad	baselineTrain	shiftMags=0	301.456	1.5	1.5	1.5	30	16000	3	0@0.002	0.38	0.314-0.694	-234.486	1011.93	-171	397	1028.63	1604.72	771.162	2650.98	1042.31	1581.91	773.103	2650.98	164.256	169.979	59.2932	-4.95641	0.0923878	8.1875	-26.9728	0							voice marin "bad" tok=3d7f62aedfa1943a take=0 src=tts:gpt-audio-1.5 f0=166 onset=0.307 dur=0.450 vowel=0.307-0.607 level=0.050
109	proc	89	bead	baselineTrain	shiftMags=0	304.436	1.5	1.5	1.5	30	16000	3	0@0.002	0.354	0.356-0.710	240.471	670.713	233	199	330.864	2717.02	537.043	3346.97	329.978	2725.59	534.77	3355.09	171.162	167.418	-38.2981	-10.5936	0.081976	7.5625	-26.4907	0							voice marin "bead" tok=a372117552211322 take=0 src=tts:gpt-audio-1.5 f0=172 onset=0.320 dur=0.470 vowel=0.330-0.670 level=0.050
110	proc	90	bod	baselineTrain	shiftMags=0	307.103	1.5	1.5	1.5	30	16000	3	0@0.002	0.29	0.426-0.716	-250.08	1094.91	-181	497	1037.45	1290.57	755.103	2335.99	1041.5	1290.57	755.18	2339.35	194.371	191.336	-27.2446	-9.61476	0.0575828	8.125	-27.6572	0							voice marin "bod" tok=dfb3db67879b568a take=0 src=tts:gpt-audio-1.5 f0=193 onset=0.323 dur=0.480 vowel=0.323-0.693 level=0.050
111	proc	91	booed	baselineTrain	shiftMags=0	310.357	1.5	1.5	1.5	30	16000	3	0@0.002	0.31	0.340-0.656	230.234	1072.33	221	464	380.445	1438.53	596.073	2480.65	380.313	1439.59	597.586	2475.38	172.254	189.278	163.158	-13.3794	0.0739446	7.6875	-26.6854	0							voice marin "booed" tok=f1bf94a8123a2d06 take=0 src=tts:gpt-audio-1.5 f0=173 onset=0.305 dur=0.410 vowel=0.315-0.605 level=0.050
112	proc	92	bead	baselineTrain	shiftMags=0	312.821	1.5	1.5	1.5	30	16000	3	0@0.002	0.352	0.410-0.788	230.165	658.352	221	193	329.889	2955.83	476.121	3196.01	328.864	2974.32	479.736	3199.62	189.978	195.469	49.3247	-11.1897	0.0602931	7.625	-27.3969	0							voice marin "bead" tok=9e4287b5aa73f3b5 take=1 src=tts:gpt-audio-1.5 f0=188 onset=0.305 dur=0.580 vowel=0.395-0.825 level=0.050
113	proc	93	bod	baselineTrain	shiftMags=0	315.695	1.5	1.5	1.5	30	16000	3	0@0.002	0.422	0.304-0.740	-213.143	1099.48	-157	497	980.003	1263	714.197	2303.8	981.944	1274.47	714.145	2306.01	174.582	174.056	-5.22875	-9.12576	0.129023	8.0625	-26.5646	0							voice marin "bod" tok=b9e4194af6f2b078 take=1 src=tts:gpt-audio-1.5 f0=175 onset=0.283 dur=0.480 vowel=0.283-0.713 level=0.050
114	proc	94	bad	baselineTrain	shiftMags=0	317.986	1.5	1.5	1.5	30	16000	3	0@0.002	0.412	0.376-0.804	-311.626	991.213	-220	381	1100.87	1706.39	775.77	2599.95	1104.25	1690.82	776.652	2603.94	161.041	160.956	-0.910879	-5.13318	0.119808	8.25	-26.8343	0							voice marin "bad" tok=a37daa161b544c71 take=1 src=tts:gpt-audio-1.5 f0=160 onset=0.333 dur=0.560 vowel=0.353-0.783 level=0.050
115	proc	95	booed	baselineTrain	shiftMags=0	320.47	1.5	1.5	1.5	30	16000	3	0@0.002	0.446	0.352-0.828	240.961	1078.47	233	469	420.034	1487.29	449.629	2507.86	420.034	1459.86	451.562	2509.66	181.468	257.699	607.167	-14.0168	0.0738141	7.6875	-26.9884	1	1.485+15.4ms						voice marin "booed" tok=902be4d13b5aa8b5 take=1 src=tts:gpt-audio-1.5 f0=182 onset=0.309 dur=0.550 vowel=0.329-0.799 level=0.050
116	proc	96	booed	baselineTrain	shiftMags=0	323.229	1.5	1.5	1.5	30	16000	3	0@0.002	0.414	0.392-0.806	197.689	1072.33	185	464	432.342	1412.96	591.97	2551.94	432.342	1412.96	591.97	2551.94	179.814	193.711	128.881	-13.9585	0.0532006	7.625	-27.539	0							voice marin "booed" tok=14c84fb17354a4d5 take=2 src=tts:gpt-audio-1.5 f0=183 onset=0.352 dur=0.470 vowel=0.352-0.772 level=0.050
117	proc	97	bod	baselineTrain	shiftMags=0	325.574	1.5	1.5	1.5	30	16000	3	0@0.002	0.326	0.418-0.744	-167.279	1060.61	-126	447	957.78	1283.28	754.019	2348.16	964.272	1301.62	752.345	2370.39	191.076	188.115	-27.0384	-9.07139	0.0758801	8.1875	-27.5292	0							voice marin "bod" tok=023f452979d38028 take=2 src=tts:gpt-audio-1.5 f0=190 onset=0.326 dur=0.420 vowel=0.406-0.656 level=0.050
118	proc	98	bad	baselineTrain	shiftMags=0	328.363	1.5	1.5	1.5	30	16000	3	0@0.002	0.336	0.402-0.758	-265.095	966.82	-190.5	359	1057.76	1782	790.397	2818.51	1072.66	1763.57	792.135	2818.51	181.505	183.578	19.6586	-4.99317	0.0941604	8.25	-27.4125	0							voice marin "bad" tok=caf02ef7d1bd523b take=2 src=tts:gpt-audio-1.5 f0=177 onset=0.301 dur=0.480 vowel=0.391-0.731 level=0.050
119	proc	99	bead	baselineTrain	shiftMags=0	331.055	1.5	1.5	1.5	30	16000	3	0@0.002	0.428	0.328-0.778	233.483	709.144	225	215	298.58	2920.85	469.439	3271.36	298.58	2991.87	489.117	3287.29	181.554	194.644	120.522	-11.6363	0.0786614	7.6875	-26.7535	0							voice marin "bead" tok=3f9e29f56a432304 take=2 src=tts:gpt-audio-1.5 f0=180 onset=0.290 dur=0.490 vowel=0.310-0.740 level=0.050
120	proc	100	bad	baselineTrain	shiftMags=0	333.506	1.5	1.5	1.5	30	16000	3	0@0.002	0.368	0.360-0.742	-289.414	978.136	-206	370	1111.41	1775.23	765.22	2683.98	1111.41	1775.23	765.22	2683.98	187.463	193.995	59.2939	-4.45416	0.119266	8.25	-27.6626	0							voice marin "bad" tok=c93ede36cd960b12 take=3 src=tts:gpt-audio-1.5 f0=184 onset=0.334 dur=0.480 vowel=0.334-0.624 level=0.050
121	proc	101	bead	baselineTrain	shiftMags=0	336.364	1.5	1.5	1.5	30	16000	3	0@0.002	0.316	0.340-0.656	253.726	601.586	248	171	357.374	2814.65	524.992	3322.77	330.864	2857.55	524.992	3393.38	164.827	167.014	22.821	-10.572	0.0955516	7.625	-27.3957	0							voice marin "bead" tok=73ee56b912b6f51d take=3 src=tts:gpt-audio-1.5 f0=162 onset=0.335 dur=0.440 vowel=0.335-0.565 level=0.050
122	proc	102	bod	baselineTrain	shiftMags=0	338.669	1.5	1.5	1.5	30	16000	3	0@0.002	0.34	0.460-0.800	-237.237	1097.6	-173	502	984.724	1235.9	696.643	2349.13	1004.13	1240.1	699.375	2350.37	169.796	168.055	-17.8443	-10.0284	0.113416	8	-28.5189	1	0.985+15.4ms						voice marin "bod" tok=73625630c45e2449 take=3 src=tts:gpt-audio-1.5 f0=170 onset=0.322 dur=0.610 vowel=0.442-0.762 level=0.050
123	proc	103	booed	baselineTrain	shiftMags=0	341.064	1.5	1.5	1.5	30	16000	3	0@0.002	0.416	0.418-0.858	204.854	1104.71	193	508	434.41	1253.41	508.743	2424.68	427.136	1258.76	525.959	2424.68	182.809	184.009	11.3323	-13.8374	0.067811	7.5625	-27.5475	0							voice marin "booed" tok=0d71012df416cd6a take=3 src=tts:gpt-audio-1.5 f0=180 onset=0.305 dur=0.570 vowel=0.305-0.825 level=0.050
124	proc	104	bead	baselineTrain	shiftMags=0	343.887	1.5	1.5	1.5	30	16000	3	0@0.002	0.352	0.404-0.756	237.773	670.263	229	199	328.01	2720.63	535.125	3337.62	328.006	2726.94	537.155	3338.55	171.444	182.224	105.573	-10.5683	0.0841568	7.5625	-26.4907	0							voice marin "bead" tok=a372117552211322 take=0 src=tts:gpt-audio-1.5 f0=172 onset=0.367 dur=0.470 vowel=0.377-0.717 level=0.050
125	proc	105	booed	baselineTrain	shiftMags=0	346.589	1.5	1.5	1.5	30	16000	3	0@0.002	0.31	0.334-0.650	230.271	1072.39	221	464	380.952	1433.96	592.846	2465.05	380.952	1433.96	592.846	2465.05	171.388	189.691	175.665	-13.5181	0.0684785	7.6875	-26.6839	0							voice marin "booed" tok=f1bf94a8123a2d06 take=0 src=tts:gpt-audio-1.5 f0=173 onset=0.299 dur=0.410 vowel=0.309-0.599 level=0.050
126	proc	106	bad	baselineTrain	shiftMags=0	349.001	1.5	1.5	1.5	30	16000	3	0@0.002	0.38	0.316-0.696	-243.85	1006.9	-177	394.5	1020.59	1702.96	763.879	2634.97	1039.1	1575.88	768.27	2616.38	165.911	171.125	53.5719	-5.0914	0.0907833	8.1875	-26.9734	0							voice marin "bad" tok=3d7f62aedfa1943a take=0 src=tts:gpt-audio-1.5 f0=166 onset=0.309 dur=0.450 vowel=0.309-0.609 level=0.050
127	proc	107	bod	baselineTrain	shiftMags=0	351.545	1.5	1.5	1.5	30	16000	3	0@0.002	0.29	0.428-0.718	-250.06	1094.14	-181	491	1038.92	1288.06	753.06	2341.52	1043.17	1289.41	754.302	2343.2	193.179	191.888	-11.6033	-9.72616	0.0508512	8.1875	-27.6575	0							voice marin "bod" tok=dfb3db67879b568a take=0 src=tts:gpt-audio-1.5 f0=193 onset=0.325 dur=0.480 vowel=0.325-0.695 level=0.050
128	proc	108	bad	baselineTrain	shiftMags=0	354.432	1.5	1.5	1.5	30	16000	3	0@0.002	0.412	0.334-0.764	-305.479	992.866	-216	381	1100.39	1706.27	776.49	2633.5	1104.48	1692.75	776.928	2633.5	160.94	160.618	-3.4643	-5.071	0.107104	8.25	-26.8335	0							voice marin "bad" tok=a37daa161b544c71 take=1 src=tts:gpt-audio-1.5 f0=160 onset=0.292 dur=0.560 vowel=0.312-0.742 level=0.050
129	proc	109	booed	baselineTrain	shiftMags=0	356.811	1.5	1.5	1.5	30	16000	3	0@0.002	0.446	0.408-0.884	241.178	1079.24	233	469	424.276	1499.34	467.797	2513.23	424.276	1450.31	482.38	2540.18	181.531	260.561	625.69	-13.2339	0.0933174	7.6875	-26.9879	0							voice marin "booed" tok=902be4d13b5aa8b5 take=1 src=tts:gpt-audio-1.5 f0=182 onset=0.365 dur=0.550 vowel=0.385-0.855 level=0.050
130	proc	110	bod	baselineTrain	shiftMags=0	359.11	1.5	1.5	1.5	30	16000	3	0@0.002	0.422	0.350-0.786	-213.237	1100.04	-157	502	978.1	1249.83	713.298	2286.99	978.704	1260.65	712.034	2290.2	175.072	174.114	-9.49451	-9.00636	0.130247	8.0625	-26.5647	0							voice marin "bod" tok=b9e4194af6f2b078 take=1 src=tts:gpt-audio-1.5 f0=175 onset=0.329 dur=0.480 vowel=0.329-0.759 level=0.050
131	proc	111	bead	baselineTrain	shiftMags=0	361.734	1.5	1.5	1.5	30	16000	3	0@0.002	0.352	0.470-0.846	230.278	656.377	221	193	329.131	2953.2	475.976	3213.79	328.525	2972.46	478.714	3228.1	190.107	193.588	31.4124	-11.0307	0.0711561	7.6875	-27.3966	0							voice marin "bead" tok=9e4287b5aa73f3b5 take=1 src=tts:gpt-audio-1.5 f0=188 onset=0.365 dur=0.580 vowel=0.455-0.885 level=0.050
132	proc	112	bad	baselineTrain	shiftMags=0	364.137	1.5	1.5	1.5	30	16000	3	0@0.002	0.336	0.430-0.786	-267.022	966.499	-192	359	1068.76	1780.51	793.075	2820.61	1075.18	1758.76	796.693	2820.61	180.552	183.131	24.5519	-4.97169	0.0915387	8.25	-27.4151	0							voice marin "bad" tok=caf02ef7d1bd523b take=2 src=tts:gpt-audio-1.5 f0=177 onset=0.329 dur=0.480 vowel=0.419-0.759 level=0.050
133	proc	113	bead	baselineTrain	shiftMags=0	366.899	1.5	1.5	1.5	30	16000	3	0@0.002	0.43	0.358-0.808	230.925	711.365	221	215	303.897	2914.83	512.141	3274.53	303.897	2956.38	514.416	3274.53	181.964	194.542	115.714	-11.7649	0.077322	7.6875	-26.7536	0							voice marin "bead" tok=3f9e29f56a432304 take=2 src=tts:gpt-audio-1.5 f0=180 onset=0.322 dur=0.490 vowel=0.342-0.772 level=0.050
134	proc	114	booed	baselineTrain	shiftMags=0	369.332	1.5	1.5	1.5	30	16000	3	0@0.002	0.414	0.408-0.822	200.919	1076.95	189	464	437.891	1411.71	571.602	2504.89	437.891	1411.71	571.602	2504.89	177.188	194.995	165.782	-14.1215	0.051121	7.5625	-27.5384	0							voice marin "booed" tok=14c84fb17354a4d5 take=2 src=tts:gpt-audio-1.5 f0=183 onset=0.370 dur=0.470 vowel=0.370-0.790 level=0.050
135	proc	115	bod	baselineTrain	shiftMags=0	371.724	1.5	1.5	1.5	30	16000	3	0@0.002	0.326	0.426-0.752	-167.432	1052.49	-126	442	957.643	1290.5	754.246	2339.68	963.858	1308.14	755.321	2369.18	190.363	188.311	-18.7659	-8.86997	0.0824999	8.1875	-27.5284	1	1.485+15.4ms						voice marin "bod" tok=023f452979d38028 take=2 src=tts:gpt-audio-1.5 f0=190 onset=0.334 dur=0.420 vowel=0.414-0.664 level=0.050
136	proc	116	booed	train	shiftMags=0	374.434	1.5	1.5	1.5	30	16000	3	0@0.002	0.414	0.396-0.836	204.971	1103.88	193	508	435.813	1254.33	527.202	2411.29	424.902	1261.69	528.43	2411.29	182.99	173.557	-91.6251	-14.0591	0.0520923	7.6875	-27.5479	0							voice marin "booed" tok=0d71012df416cd6a take=3 src=tts:gpt-audio-1.5 f0=180 onset=0.283 dur=0.570 vowel=0.283-0.803 level=0.050
137	proc	117	bod	train	shiftMags=0	377.404	1.5	1.5	1.5	30	16000	3	0@0.002	0.34	0.454-0.794	-237.117	1096.79	-173	502	986.241	1234.26	687.348	2349.97	1001.1	1246.62	687.846	2350.12	169.25	170.799	15.7732	-10.0715	0.108503	8	-28.519	0							voice marin "bod" tok=73625630c45e2449 take=3 src=tts:gpt-audio-1.5 f0=170 onset=0.316 dur=0.610 vowel=0.436-0.756 level=0.050
138	proc	118	bad	train	shiftMags=0	380.065	1.5	1.5	1.5	30	16000	3	0@0.002	0.368	0.332-0.714	-289.289	978.468	-206	370	1110.42	1767.05	761.957	2640.64	1110.42	1767.05	761.957	2640.64	188.513	193.668	46.7127	-4.4046	0.120005	8.25	-27.6622	0							voice marin "bad" tok=c93ede36cd960b12 take=3 src=tts:gpt-audio-1.5 f0=184 onset=0.306 dur=0.480 vowel=0.306-0.596 level=0.050
139	proc	119	bead	train	shiftMags=0	383.04	1.5	1.5	1.5	30	16000	3	0@0.002	0.318	0.364-0.682	253.844	601.624	248	171	352.609	2816.21	497.285	3330.21	329.073	2987.29	512.836	3386.58	164.081	163.691	-4.11534	-10.7757	0.105852	7.625	-27.3964	0							voice marin "bead" tok=73ee56b912b6f51d take=3 src=tts:gpt-audio-1.5 f0=162 onset=0.361 dur=0.440 vowel=0.361-0.591 level=0.050
140	proc	120	bod	train	shiftMags=0	386.034	1.5	1.5	1.5	30	16000	3	0@0.002	0.29	0.468-0.758	-250.005	1094.13	-181	491	1034.38	1288.78	754.137	2335.83	1042.53	1288.96	754.735	2336.38	193.487	193.173	-2.81077	-9.85141	0.0516574	8.125	-27.6574	0							voice marin "bod" tok=dfb3db67879b568a take=0 src=tts:gpt-audio-1.5 f0=193 onset=0.365 dur=0.480 vowel=0.365-0.735 level=0.050
141	proc	121	bad	train	shiftMags=0	389.847	1.5	1.5	1.5	30	16000	3	0@0.002	0.38	0.328-0.708	-243.851	1007.82	-177	397	1030.95	1678.35	771.071	2602.01	1037.72	1565.7	772.962	2600.55	165.213	170.008	49.5349	-5.17201	0.0941883	8.1875	-26.9728	0							voice marin "bad" tok=3d7f62aedfa1943a take=0 src=tts:gpt-audio-1.5 f0=166 onset=0.321 dur=0.450 vowel=0.321-0.621 level=0.050
142	proc	122	bead	train	shiftMags=0	392.528	1.5	1.5	1.5	30	16000	3	0@0.002	0.352	0.328-0.680	240.41	670.283	233	199	329.479	2717.79	543.17	3348.34	328.298	2723.5	546.729	3357.19	171.785	190	174.473	-10.6124	0.0857835	7.5625	-26.4907	1	0.985+15.4ms						voice marin "bead" tok=a372117552211322 take=0 src=tts:gpt-audio-1.5 f0=172 onset=0.291 dur=0.470 vowel=0.301-0.641 level=0.050
143	proc	123	booed	train	shiftMags=0	395.057	1.5	1.5	1.5	30	16000	3	0@0.002	0.312	0.380-0.696	230.294	1072.06	221	464	380.708	1439.26	599.843	2475.7	380.198	1439.31	600.803	2476.81	172.409	185.22	124.082	-13.7754	0.0635582	7.625	-26.6855	0							voice marin "booed" tok=f1bf94a8123a2d06 take=0 src=tts:gpt-audio-1.5 f0=173 onset=0.345 dur=0.410 vowel=0.355-0.645 level=0.050
144	proc	124	bead	train	shiftMags=0	397.366	1.5	1.5	1.5	30	16000	3	0@0.002	0.35	0.432-0.808	230.409	658.771	221	193	331.3	2907.73	471.052	3244.17	329.709	2933.42	471.246	3248.56	190.426	194.031	32.4696	-11.2853	0.0693678	7.625	-27.3974	0							voice marin "bead" tok=9e4287b5aa73f3b5 take=1 src=tts:gpt-audio-1.5 f0=188 onset=0.326 dur=0.580 vowel=0.416-0.846 level=0.050
145	proc	125	bad	train	shiftMags=0	400.012	1.5	1.5	1.5	30	16000	3	0@0.002	0.412	0.346-0.774	-311.951	990.051	-220	381	1100.74	1705.82	774.624	2579.56	1104.75	1690.71	777.919	2579.85	161.049	162.801	18.7274	-5.05193	0.119552	8.25	-26.834	0							voice marin "bad" tok=a37daa161b544c71 take=1 src=tts:gpt-audio-1.5 f0=160 onset=0.303 dur=0.560 vowel=0.323-0.753 level=0.050
146	proc	126	booed	train	shiftMags=0	402.397	1.5	1.5	1.5	30	16000	3	0@0.002	0.446	0.392-0.868	241.054	1078.35	233	469	421.755	1489.24	488.024	2513.96	421.755	1460.03	496.762	2531	181.356	266.375	665.565	-14.2752	0.0736295	7.6875	-26.9877	0							voice marin "booed" tok=902be4d13b5aa8b5 take=1 src=tts:gpt-audio-1.5 f0=182 onset=0.349 dur=0.550 vowel=0.369-0.839 level=0.050
147	proc	127	bod	train	shiftMags=0	405.072	1.5	1.5	1.5	30	16000	3	0@0.002	0.426	0.380-0.816	-213.522	1097.63	-157	497	979.513	1261.92	710.104	2301.47	981.164	1268.94	707.484	2298.54	175.155	174.04	-11.0599	-9.5037	0.0873431	8.0625	-26.5627	0							voice marin "bod" tok=b9e4194af6f2b078 take=1 src=tts:gpt-audio-1.5 f0=175 onset=0.360 dur=0.480 vowel=0.360-0.790 level=0.050
148	proc	128	bead	train	shiftMags=0	407.647	1.5	1.5	1.5	30	16000	3	0@0.002	0.432	0.362-0.812	230.81	708.572	221	215	303.368	2946.75	515.96	3261.5	303.368	2954.26	525.866	3270.49	182.218	193.072	100.168	-11.5564	0.0908266	7.6875	-26.7541	0							voice marin "bead" tok=3f9e29f56a432304 take=2 src=tts:gpt-audio-1.5 f0=180 onset=0.324 dur=0.490 vowel=0.344-0.774 level=0.050
149	proc	129	bad	train	shiftMags=0	410.315	1.5	1.5	1.5	30	16000	3	0@0.002	0.34	0.432-0.788	-264.885	964.174	-190.5	359	1056.73	1782.06	786.862	2817.93	1071.98	1759.12	788.545	2817.93	180.285	182.123	17.562	-5.06892	0.0945318	8.25	-27.4125	0							voice marin "bad" tok=caf02ef7d1bd523b take=2 src=tts:gpt-audio-1.5 f0=177 onset=0.331 dur=0.480 vowel=0.421-0.761 level=0.050
150	proc	130	bod	train	shiftMags=0	412.996	1.5	1.5	1.5	30	16000	3	0@0.002	0.326	0.390-0.716	-171.751	1055.15	-129	442	956.892	1282.53	754.01	2322.7	963.767	1299.84	754.975	2332.68	191.089	187.584	-32.0492	-8.61274	0.114846	8.1875	-27.5295	0							voice marin "bod" tok=023f452979d38028 take=2 src=tts:gpt-audio-1.5 f0=190 onset=0.297 dur=0.420 vowel=0.377-0.627 level=0.050
151	proc	131	booed	train	shiftMags=0	415.667	1.5	1.5	1.5	30	16000	3	0@0.002	0.414	0.332-0.746	197.762	1073.29	185	464	432.315	1413.21	582.663	2533.17	432.315	1413.21	582.663	2533.17	179.838	192.756	120.089	-13.9361	0.0542528	7.6875	-27.5381	0							voice marin "booed" tok=14c84fb17354a4d5 take=2 src=tts:gpt-audio-1.5 f0=183 onset=0.293 dur=0.470 vowel=0.293-0.713 level=0.050
152	proc	132	bead	train	shiftMags=0	418.612	1.5	1.5	1.5	30	16000	3	0@0.002	0.318	0.334-0.652	253.719	601.885	248	171	352.481	2818.87	508.99	3344.36	329.127	2986.7	515.98	3387.21	163.931	169.094	53.685	-10.9214	0.0875636	7.5625	-27.396	0							voice marin "bead" tok=73ee56b912b6f51d take=3 src=tts:gpt-audio-1.5 f0=162 onset=0.331 dur=0.440 vowel=0.331-0.561 level=0.050
153	proc	133	bad	train	shiftMags=0	421.278	1.5	1.5	1.5	30	16000	3	0@0.002	0.366	0.312-0.694	-292.408	977.999	-208	370	1111.2	1765.88	763.074	2659.21	1111.2	1765.88	763.074	2659.21	188.642	193.612	45.0264	-4.4109	0.118187	8.25	-27.6623	0							voice marin "bad" tok=c93ede36cd960b12 take=3 src=tts:gpt-audio-1.5 f0=184 onset=0.286 dur=0.480 vowel=0.286-0.576 level=0.050
154	proc	134	bod	train	shiftMags=0	423.616	1.5	1.5	1.5	30	16000	3	0@0.002	0.34	0.506-0.846	-237.133	1098.44	-173	502	991.198	1235.77	690.845	2354.03	1003.03	1255.04	696.838	2354.51	168.854	172.571	37.6933	-9.83596	0.113912	8	-28.5188	0							voice marin "bod" tok=73625630c45e2449 take=3 src=tts:gpt-audio-1.5 f0=170 onset=0.367 dur=0.610 vowel=0.487-0.807 level=0.050
155	proc	135	booed	train	shiftMags=0	426.529	1.5	1.5	1.5	30	16000	3	0@0.002	0.414	0.410-0.850	204.974	1103.89	193	508	434.676	1253.66	517.896	2423	428.798	1254.13	518.72	2420.5	182.56	182.427	-1.26274	-14.3149	0.0535255	10.25	-27.5476	1	1.485+15.4ms						voice marin "booed" tok=0d71012df416cd6a take=3 src=tts:gpt-audio-1.5 f0=180 onset=0.297 dur=0.570 vowel=0.297-0.817 level=0.050
156	proc	136	bad	train	shiftMags=0	429.335	1.5	1.5	1.5	30	16000	3	0@0.002	0.38	0.346-0.726	-237.086	1005.43	-173	397	1021.16	1698.83	766.293	2621.4	1039.48	1566.42	768.363	2608.65	164.558	166.43	19.5828	-5.0252	0.0877023	8.1875	-26.9736	0							voice marin "bad" tok=3d7f62aedfa1943a take=0 src=tts:gpt-audio-1.5 f0=166 onset=0.340 dur=0.450 vowel=0.340-0.640 level=0.050
157	proc	137	bod	train	shiftMags=0	431.861	1.5	1.5	1.5	30	16000	3	0@0.002	0.288	0.436-0.724	-250.08	1094.53	-181	494	1039.51	1291.81	753.151	2340.83	1040.64	1294.73	753.718	2344.66	194.43	190.712	-33.4296	-9.34535	0.0915399	8.125	-27.6564	0							voice marin "bod" tok=dfb3db67879b568a take=0 src=tts:gpt-audio-1.5 f0=193 onset=0.332 dur=0.480 vowel=0.332-0.702 level=0.050
158	proc	138	booed	train	shiftMags=0	434.444	1.5	1.5	1.5	30	16000	3	0@0.002	0.31	0.390-0.704	230.522	1072.62	221	464	382.413	1435.82	582.609	2476.23	380.909	1438.62	588.495	2473.84	170.413	193.934	223.839	-12.9078	0.0726547	7.6875	-26.6856	0							voice marin "booed" tok=f1bf94a8123a2d06 take=0 src=tts:gpt-audio-1.5 f0=173 onset=0.353 dur=0.410 vowel=0.363-0.653 level=0.050
159	proc	139	bead	train	shiftMags=0	437.116	1.5	1.5	1.5	30	16000	3	0@0.002	0.354	0.338-0.692	240.856	670.241	233	199	328.758	2718.13	532.922	3350.88	327.511	2723.29	539.061	3357.2	171.453	184.595	127.86	-10.6336	0.0859997	7.5625	-26.4899	0							voice marin "bead" tok=a372117552211322 take=0 src=tts:gpt-audio-1.5 f0=172 onset=0.302 dur=0.470 vowel=0.312-0.652 level=0.050
160	proc	140	bad	train	shiftMags=0	439.659	1.5	1.5	1.5	30	16000	3	0@0.002	0.41	0.368-0.796	-312.024	991.135	-220	381	1098.82	1710.45	775.572	2655.62	1103.27	1696.91	776.227	2655.62	160.802	159.724	-11.6431	-4.98377	0.115381	8.25	-26.8337	0							voice marin "bad" tok=a37daa161b544c71 take=1 src=tts:gpt-audio-1.5 f0=160 onset=0.325 dur=0.560 vowel=0.345-0.775 level=0.050
161	proc	141	bead	train	shiftMags=0	442.412	1.5	1.5	1.5	30	16000	3	0@0.002	0.354	0.472-0.850	230.317	658.414	221	193	333.711	2961.72	484.135	3198.78	330.468	2979.55	488.234	3197.66	190.933	194.211	29.4683	-11.2399	0.0587237	7.625	-27.3973	0							voice marin "bead" tok=9e4287b5aa73f3b5 take=1 src=tts:gpt-audio-1.5 f0=188 onset=0.367 dur=0.580 vowel=0.457-0.887 level=0.050
162	proc	142	booed	train	shiftMags=0	445.41	1.5	1.5	1.5	30	16000	3	0@0.002	0.446	0.370-0.846	240.814	1078.51	233	469	419.543	1480.76	500.295	2533.53	419.543	1454.8	503.648	2556.6	180.699	257.175	610.996	-14.2644	0.0796333	7.6875	-26.9884	1	0.985+15.4ms						voice marin "booed" tok=902be4d13b5aa8b5 take=1 src=tts:gpt-audio-1.5 f0=182 onset=0.328 dur=0.550 vowel=0.348-0.818 level=0.050
163	proc	143	bod	train	shiftMags=0	447.699	1.5	1.5	1.5	30	16000	3	0@0.002	0.428	0.306-0.744	-213.504	1097.35	-157	497	976.425	1259.19	717.492	2287.07	977.099	1268.4	712.792	2289.13	176.921	174.417	-24.6807	-9.45263	0.0835532	8.0625	-26.564	0							voice marin "bod" tok=b9e4194af6f2b078 take=1 src=tts:gpt-audio-1.5 f0=175 onset=0.286 dur=0.480 vowel=0.286-0.716 level=0.050
164	proc	144	bead	train	shiftMags=0	450.638	1.5	1.5	1.5	30	16000	3	0@0.002	0.43	0.338-0.786	230.874	708.008	221	215	298.567	2997.74	441.953	3254.82	298.567	3187.11	446.188	3267.59	181.479	194.565	120.548	-11.5073	0.0825864	7.6875	-26.7537	0							voice marin "bead" tok=3f9e29f56a432304 take=2 src=tts:gpt-audio-1.5 f0=180 onset=0.300 dur=0.490 vowel=0.320-0.750 level=0.050
165	proc	145	bad	train	shiftMags=0	453.63	1.5	1.5	1.5	30	16000	3	0@0.002	0.34	0.454-0.810	-264.873	964.555	-190.5	359	1067.96	1786.46	777.904	2825.2	1073.41	1768.33	788.413	2828.16	179.83	180.803	9.34022	-5.08856	0.0954872	8.25	-27.4119	0							voice marin "bad" tok=caf02ef7d1bd523b take=2 src=tts:gpt-audio-1.5 f0=177 onset=0.354 dur=0.480 vowel=0.444-0.784 level=0.050
166	proc	146	bod	train	shiftMags=0	456.527	1.5	1.5	1.5	30	16000	3	0@0.002	0.326	0.436-0.762	-177.248	1052.99	-133	442	954.687	1289.75	751.067	2338.07	964.609	1307.95	752.558	2350.72	190.497	190.136	-3.27927	-9.00526	0.0722481	8.1875	-27.5295	0							voice marin "bod" tok=023f452979d38028 take=2 src=tts:gpt-audio-1.5 f0=190 onset=0.344 dur=0.420 vowel=0.424-0.674 level=0.050
167	proc	147	booed	train	shiftMags=0	459.125	1.5	1.5	1.5	30	16000	3	0@0.002	0.414	0.392-0.806	197.132	1074.64	185	464	432.915	1412.6	573.573	2524.79	432.915	1412.6	573.573	2524.79	177.873	192.121	133.393	-13.6659	0.0521997	7.625	-27.5388	0							voice marin "booed" tok=14c84fb17354a4d5 take=2 src=tts:gpt-audio-1.5 f0=183 onset=0.353 dur=0.470 vowel=0.353-0.773 level=0.050
168	proc	148	bead	train	shiftMags=0	461.872	1.5	1.5	1.5	30	16000	3	0@0.002	0.318	0.338-0.656	253.546	601.454	248	171	357.229	2817.03	495.242	3318.66	329.052	2858.33	495.242	3384.7	164.346	172.475	83.5863	-10.7425	0.0929438	7.5625	-27.3969	0							voice marin "bead" tok=73ee56b912b6f51d take=3 src=tts:gpt-audio-1.5 f0=162 onset=0.335 dur=0.440 vowel=0.335-0.565 level=0.050
169	proc	149	booed	train	shiftMags=0	464.472	1.5	1.5	1.5	30	16000	3	0@0.002	0.416	0.470-0.910	205.243	1104.7	193	508	434.235	1255.85	529.43	2410.97	427.727	1256.23	532.287	2415.56	183.128	175.844	-70.2686	-13.5387	0.0762887	10.3125	-27.5479	0							voice marin "booed" tok=0d71012df416cd6a take=3 src=tts:gpt-audio-1.5 f0=180 onset=0.356 dur=0.570 vowel=0.356-0.876 level=0.050
170	proc	150	bod	train	shiftMags=0	467.002	1.5	1.5	1.5	30	16000	3	0@0.002	0.34	0.422-0.762	-237.125	1097.56	-173	502	980.344	1231.6	690.376	2343.99	1008	1240.34	694.447	2348.8	170.1	171.378	12.9613	-10.2409	0.106379	8	-28.5193	0							voice marin "bod" tok=73625630c45e2449 take=3 src=tts:gpt-audio-1.5 f0=170 onset=0.284 dur=0.610 vowel=0.404-0.724 level=0.050
171	proc	151	bad	train	shiftMags=0	470.369	1.5	1.5	1.5	30	16000	3	0@0.002	0.37	0.372-0.752	-286.684	974.501	-204	370	1112.16	1762.48	771.135	2658.1	1112.16	1762.48	771.135	2658.1	188.882	192.315	31.1841	-4.30177	0.116516	8.25	-27.6626	0							voice marin "bad" tok=c93ede36cd960b12 take=3 src=tts:gpt-audio-1.5 f0=184 onset=0.345 dur=0.480 vowel=0.345-0.635 level=0.050
172	proc	152	bead	train	shiftMags=0	472.77	1.5	1.5	1.5	30	16000	3	0@0.002	0.352	0.372-0.724	240.751	670.53	233	199	329.276	2717.45	505.093	3341.37	328.7	2717.7	515.972	3342.93	170.531	186.31	153.209	-10.3751	0.0725713	7.5625	-26.49	0							voice marin "bead" tok=a372117552211322 take=0 src=tts:gpt-audio-1.5 f0=172 onset=0.334 dur=0.470 vowel=0.344-0.684 level=0.050
173	proc	153	bad	train	shiftMags=0	475.378	1.5	1.5	1.5	30	16000	3	0@0.002	0.382	0.328-0.710	-231.543	1008.33	-169	397	1033.97	1667.49	770.834	2665.56	1036.98	1577	770.923	2660.93	165.534	170.089	46.9953	-5.15355	0.0859569	8.1875	-26.9736	0							voice marin "bad" tok=3d7f62aedfa1943a take=0 src=tts:gpt-audio-1.5 f0=166 onset=0.323 dur=0.450 vowel=0.323-0.623 level=0.050
174	proc	154	bod	train	shiftMags=0	477.84	1.5	1.5	1.5	30	16000	3	0@0.002	0.294	0.404-0.706	-249.922	1094.13	-181	491	1038.48	1290.2	753.648	2336.32	1039.89	1295.17	753.518	2334.11	193.615	192.319	-11.6263	-9.64046	0.0641829	8.125	-27.6569	0							voice marin "bod" tok=dfb3db67879b568a take=0 src=tts:gpt-audio-1.5 f0=193 onset=0.300 dur=0.480 vowel=0.300-0.670 level=0.050
175	proc	155	booed	train	shiftMags=0	480.246	1.5	1.5	1.5	30	16000	3	0@0.002	0.304	0.360-0.676	230.736	1072.47	221	464	380.395	1437.87	597.361	2472.92	380.008	1439.38	599.223	2472.03	170.88	190.803	190.919	-13.4145	0.0687507	7.625	-26.6837	1	1.485+15.4ms						voice marin "booed" tok=f1bf94a8123a2d06 take=0 src=tts:gpt-audio-1.5 f0=173 onset=0.324 dur=0.410 vowel=0.334-0.624 level=0.050
176	proc	156	booed	train	shiftMags=0	482.952	1.5	1.5	1.5	30	16000	3	0@0.002	0.446	0.398-0.874	240.481	1078.27	233	469	422.351	1499.27	453.936	2512.62	422.351	1455.46	474.485	2520.36	180.816	250.361	563.383	-14.0289	0.0670514	7.6875	-26.9873	0							voice marin "booed" tok=902be4d13b5aa8b5 take=1 src=tts:gpt-audio-1.5 f0=182 onset=0.355 dur=0.550 vowel=0.375-0.845 level=0.050
177	proc	157	bod	train	shiftMags=0	485.414	1.5	1.5	1.5	30	16000	3	0@0.002	0.43	0.336-0.772	-213.29	1098.19	-157	497	975.215	1264.57	714.589	2296.58	977.816	1269.87	711.376	2298.52	175.94	174.583	-13.4035	-9.5097	0.0826582	8.0625	-26.563	0							voice marin "bod" tok=b9e4194af6f2b078 take=1 src=tts:gpt-audio-1.5 f0=175 onset=0.315 dur=0.480 vowel=0.315-0.745 level=0.050
178	proc	158	bad	train	shiftMags=0	488.289	1.5	1.5	1.5	30	16000	3	0@0.002	0.41	0.380-0.810	-312.87	989.789	-220	381	1103.06	1702.28	772.854	2588.9	1108.76	1692.56	773.666	2588.9	160.809	160.578	-2.48727	-5.15091	0.111268	8.25	-26.8331	0							voice marin "bad" tok=a37daa161b544c71 take=1 src=tts:gpt-audio-1.5 f0=160 onset=0.338 dur=0.560 vowel=0.358-0.788 level=0.050
179	proc	159	bead	train	shiftMags=0	490.605	1.5	1.5	1.5	30	16000	3	0@0.002	0.354	0.436-0.814	230.298	656.625	221	193	325.146	2940.52	476.572	3214.08	322.924	2978.72	476.794	3214.08	191.294	194.892	32.2581	-11.2108	0.0686184	7.6875	-27.3967	0							voice marin "bead" tok=9e4287b5aa73f3b5 take=1 src=tts:gpt-audio-1.5 f0=188 onset=0.331 dur=0.580 vowel=0.421-0.851 level=0.050
180	proc	160	bod	train	shiftMags=0	493.025	1.5	1.5	1.5	30	16000	3	0@0.002	0.326	0.412-0.738	-172.125	1054.01	-129	442	958.172	1282.74	752.065	2337.18	961.114	1297.02	753.341	2355.68	190.528	188.611	-17.508	-8.77665	0.0938995	8.1875	-27.5299	0							voice marin "bod" tok=023f452979d38028 take=2 src=tts:gpt-audio-1.5 f0=190 onset=0.320 dur=0.420 vowel=0.400-0.650 level=0.050
181	proc	161	bead	train	shiftMags=0	495.593	1.5	1.5	1.5	30	16000	3	0@0.002	0.432	0.354-0.804	233.779	718.936	225	221	304.588	2933.42	480.656	3272.97	302.317	2962.94	489.152	3275.05	182.523	193.361	99.8596	-11.7773	0.0698226	7.6875	-26.7538	0							voice marin "bead" tok=3f9e29f56a432304 take=2 src=tts:gpt-audio-1.5 f0=180 onset=0.318 dur=0.490 vowel=0.338-0.768 level=0.050
182	proc	162	bad	train	shiftMags=0	498.004	1.5	1.5	1.5	30	16000	3	0@0.002	0.336	0.442-0.798	-267.016	966.451	-192	359	1056.47	1781.1	771.27	2819.78	1073.72	1763.74	784.689	2819.78	181.507	177.887	-34.87	-5.10938	0.0930569	8.25	-27.4117	1	0.985+15.4ms						voice marin "bad" tok=caf02ef7d1bd523b take=2 src=tts:gpt-audio-1.5 f0=177 onset=0.341 dur=0.480 vowel=0.431-0.771 level=0.050
183	proc	163	booed	train	shiftMags=0	500.882	1.5	1.5	1.5	30	16000	3	0@0.002	0.414	0.352-0.766	201.41	1073.01	189	464	433.228	1408.73	559.953	2514.16	433.228	1408.73	559.953	2514.16	178.746	196.544	164.328	-13.7633	0.0533405	7.6875	-27.5384	0							voice marin "booed" tok=14c84fb17354a4d5 take=2 src=tts:gpt-audio-1.5 f0=183 onset=0.314 dur=0.470 vowel=0.314-0.734 level=0.050
184	proc	164	booed	train	shiftMags=0	503.501	1.5	1.5	1.5	30	16000	3	0@0.002	0.416	0.438-0.878	204.691	1104.65	193	508	434.312	1256.65	507.297	2408.86	427.941	1257.2	507.089	2407.75	183.003	186.576	33.48	-14.4412	0.0544466	10.3125	-27.5471	0							voice marin "booed" tok=0d71012df416cd6a take=3 src=tts:gpt-audio-1.5 f0=180 onset=0.326 dur=0.570 vowel=0.326-0.846 level=0.050
185	proc	165	bead	train	shiftMags=0	505.797	1.5	1.5	1.5	30	16000	3	0@0.002	0.316	0.308-0.624	253.557	601.695	248	171	358.467	2801.45	496.298	3332.56	330.637	2958.11	496.298	3412.2	162.836	163.587	7.95773	-10.2965	0.100724	7.625	-27.397	0							voice marin "bead" tok=73ee56b912b6f51d take=3 src=tts:gpt-audio-1.5 f0=162 onset=0.303 dur=0.440 vowel=0.303-0.533 level=0.050
186	proc	166	bod	train	shiftMags=0	508.2	1.5	1.5	1.5	30	16000	3	0@0.002	0.34	0.442-0.782	-237.201	1097.64	-173	502	993.484	1235.73	699.408	2349.22	1008.24	1250.12	715.039	2350.99	169.963	174.136	41.9911	-10.319	0.108345	8	-28.5178	0							voice marin "bod" tok=73625630c45e2449 take=3 src=tts:gpt-audio-1.5 f0=170 onset=0.304 dur=0.610 vowel=0.424-0.744 level=0.050
187	proc	167	bad	train	shiftMags=0	510.974	1.5	1.5	1.5	30	16000	3	0@0.002	0.368	0.372-0.752	-289.464	975.957	-206	370	1111.7	1763.31	766.966	2667.45	1111.7	1763.31	766.966	2667.45	188.854	193.571	42.7126	-4.33994	0.116647	8.25	-27.6621	0							voice marin "bad" tok=c93ede36cd960b12 take=3 src=tts:gpt-audio-1.5 f0=184 onset=0.345 dur=0.480 vowel=0.345-0.635 level=0.050
188	proc	168	booed	train	shiftMags=0	513.456	1.5	1.5	1.5	30	16000	3	0@0.002	0.304	0.374-0.688	230.719	1072.34	221	464	380.631	1432.98	594.959	2484.28	380.631	1432.98	594.959	2484.28	168.749	200.088	294.906	-13.1652	0.0817011	7.75	-26.6839	0							voice marin "booed" tok=f1bf94a8123a2d06 take=0 src=tts:gpt-audio-1.5 f0=173 onset=0.337 dur=0.410 vowel=0.347-0.637 level=0.050
189	proc	169	bad	train	shiftMags=0	515.93	1.5	1.5	1.5	30	16000	3	0@0.002	0.382	0.342-0.724	-249.716	1006.51	-181	392	1030.5	1622.24	767.711	2646.87	1042.38	1585.54	769.881	2646.87	164.985	167.847	29.774	-5.02568	0.0913763	8.1875	-26.9733	0							voice marin "bad" tok=3d7f62aedfa1943a take=0 src=tts:gpt-audio-1.5 f0=166 onset=0.336 dur=0.450 vowel=0.336-0.636 level=0.050
190	proc	170	bead	train	shiftMags=0	518.338	1.5	1.5	1.5	30	16000	3	0@0.002	0.354	0.362-0.716	240.495	670.761	233	199	330.13	2718.66	535.85	3339.31	330.067	2721.87	537.573	3340.68	171.2	181.356	99.7729	-10.9068	0.077774	7.5625	-26.49	0							voice marin "bead" tok=a372117552211322 take=0 src=tts:gpt-audio-1.5 f0=172 onset=0.326 dur=0.470 vowel=0.336-0.676 level=0.050
191	proc	171	bod	train	shiftMags=0	520.598	1.5	1.5	1.5	30	16000	3	0@0.002	0.29	0.420-0.710	-250.06	1094.56	-181	497	1032.31	1284.4	752.986	2343.07	1040.07	1286.88	752.986	2343.07	193.733	192.659	-9.63065	-10.0089	0.0515081	8.125	-27.6575	0							voice marin "bod" tok=dfb3db67879b568a take=0 src=tts:gpt-audio-1.5 f0=193 onset=0.317 dur=0.480 vowel=0.317-0.687 level=0.050
192	proc	172	bod	train	shiftMags=0	523.417	1.5	1.5	1.5	30	16000	3	0@0.002	0.426	0.368-0.804	-213.399	1098.84	-157	497	972.526	1250.95	716.227	2284.55	977.704	1259.1	712.257	2288.54	175.792	173.51	-22.6215	-9.11599	0.111202	8.0625	-26.5647	0							voice marin "bod" tok=b9e4194af6f2b078 take=1 src=tts:gpt-audio-1.5 f0=175 onset=0.347 dur=0.480 vowel=0.347-0.777 level=0.050
193	proc	173	bad	train	shiftMags=0	525.911	1.5	1.5	1.5	30	16000	3	0@0.002	0.412	0.356-0.784	-311.644	990.018	-220	381	1100.42	1706.71	776.232	2640.96	1104.24	1689.48	776.963	2673.35	161.046	164.037	31.8622	-5.02026	0.115103	8.25	-26.8331	0							voice marin "bad" tok=a37daa161b544c71 take=1 src=tts:gpt-audio-1.5 f0=160 onset=0.313 dur=0.560 vowel=0.333-0.763 level=0.050
194	proc	174	bead	train	shiftMags=0	528.344	1.5	1.5	1.5	30	16000	3	0@0.002	0.354	0.442-0.820	230.237	656.925	221	193	332.363	2961.23	472.287	3200.49	329.832	2979.42	474.528	3199.32	191.089	197.115	53.7543	-11.4475	0.0680455	7.625	-27.3965	0							voice marin "bead" tok=9e4287b5aa73f3b5 take=1 src=tts:gpt-audio-1.5 f0=188 onset=0.336 dur=0.580 vowel=0.426-0.856 level=0.050
195	proc	175	booed	train	shiftMags=0	530.673	1.5	1.5	1.5	30	16000	3	0@0.002	0.444	0.356-0.832	242.011	1079.6	234.5	469	423.337	1493.66	457.923	2527.49	423.337	1442.38	457.923	2529.4	182.062	265.783	654.986	-13.2221	0.0897609	7.6875	-26.9877	1	1.485+15.4ms						voice marin "booed" tok=902be4d13b5aa8b5 take=1 src=tts:gpt-audio-1.5 f0=182 onset=0.312 dur=0.550 vowel=0.332-0.802 level=0.050
196	proc	176	bod	train	shiftMags=0	533.302	1.5	1.5	1.5	30	16000	3	0@0.002	0.326	0.392-0.718	-167.399	1052.36	-126	442	959.284	1281.94	754.633	2352.91	961.606	1295.87	754.633	2360.97	190.508	186.903	-33.0734	-8.86585	0.0807214	8.1875	-27.5286	0							voice marin "bod" tok=023f452979d38028 take=2 src=tts:gpt-audio-1.5 f0=190 onset=0.300 dur=0.420 vowel=0.380-0.630 level=0.050
197	proc	177	bead	train	shiftMags=0	536.106	1.5	1.5	1.5	30	16000	3	0@0.002	0.43	0.406-0.854	230.657	709.612	221	215	305.329	2935.47	490.759	3276.87	296.676	2991.86	528.724	3280.87	182.494	197.438	136.264	-11.3223	0.0840207	7.6875	-26.7535	0							voice marin "bead" tok=3f9e29f56a432304 take=2 src=tts:gpt-audio-1.5 f0=180 onset=0.368 dur=0.490 vowel=0.388-0.818 level=0.050
198	proc	178	booed	train	shiftMags=0	539.066	1.5	1.5	1.5	30	16000	3	0@0.002	0.414	0.348-0.762	197.576	1073.66	185	464	439.098	1412.42	556.613	2510.89	439.098	1412.42	556.613	2510.89	172.466	193.392	198.261	-13.9043	0.0538134	7.6875	-27.5388	0							voice marin "booed" tok=14c84fb17354a4d5 take=2 src=tts:gpt-audio-1.5 f0=183 onset=0.308 dur=0.470 vowel=0.308-0.728 level=0.050
199	proc	179	bad	train	shiftMags=0	542.016	1.5	1.5	1.5	30	16000	3	0@0.002	0.34	0.464-0.820	-264.875	964.734	-190.5	359	1065.18	1787.12	779.004	2821.27	1074.95	1766.52	780.316	2825.05	179.837	184.861	47.7011	-5.20289	0.0996126	8.25	-27.4139	0							voice marin "bad" tok=caf02ef7d1bd523b take=2 src=tts:gpt-audio-1.5 f0=177 onset=0.363 dur=0.480 vowel=0.453-0.793 level=0.050
200	proc	180	bead	train	shiftMags=0	544.278	1.5	1.5	1.5	30	16000	3	0@0.002	0.318	0.370-0.688	253.89	601.269	248	171	358.074	2809.46	495.933	3316.36	331.564	2865.01	495.933	3393.77	165.752	166.859	11.5243	-10.7102	0.103368	7.625	-27.3974	0							voice marin "bead" tok=73ee56b912b6f51d take=3 src=tts:gpt-audio-1.5 f0=162 onset=0.366 dur=0.440 vowel=0.366-0.596 level=0.050
201	proc	181	bod	train	shiftMags=0	547.9	1.5	1.5	1.5	30	16000	3	0@0.002	0.34	0.436-0.776	-237.209	1098.51	-173	502	993.974	1244.01	687.199	2355.74	1009.61	1258.11	689.775	2358	168.845	167.404	-14.8345	-10.2147	0.111829	8	-28.5186	0							voice marin "bod" tok=73625630c45e2449 take=3 src=tts:gpt-audio-1.5 f0=170 onset=0.297 dur=0.610 vowel=0.417-0.737 level=0.050
202	proc	182	booed	train	shiftMags=0	550.514	1.5	1.5	1.5	30	16000	3	0@0.002	0.416	0.420-0.860	204.929	1104.59	193	508	434.875	1252.67	535.454	2426.15	429.403	1254.68	538.033	2424.01	183.413	176.611	-65.4211	-14.2952	0.0558631	7.5625	-27.5478	1	0.985+15.4ms						voice marin "booed" tok=0d71012df416cd6a take=3 src=tts:gpt-audio-1.5 f0=180 onset=0.308 dur=0.570 vowel=0.308-0.828 level=0.050
203	proc	183	bad	train	shiftMags=0	553.176	1.5	1.5	1.5	30	16000	3	0@0.002	0.38	0.380-0.760	-280.297	979.135	-200	370	1112.03	1774.01	771.04	2701.06	1112.03	1774.01	771.04	2701.06	185.776	192.92	65.3336	-4.36868	0.119568	8.25	-27.6622	0							voice marin "bad" tok=c93ede36cd960b12 take=3 src=tts:gpt-audio-1.5 f0=184 onset=0.353 dur=0.480 vowel=0.353-0.643 level=0.050
204	proc	184	bod	train	shiftMags=0	555.746	1.5	1.5	1.5	30	16000	3	0@0.002	0.302	0.418-0.724	-249.822	1093.68	-181	491	1037.53	1288.58	750.242	2341.82	1044.4	1288.67	754.92	2341.82	193.94	192.29	-14.7927	-9.94205	0.061583	8.125	-27.6576	0							voice marin "bod" tok=dfb3db67879b568a take=0 src=tts:gpt-audio-1.5 f0=193 onset=0.314 dur=0.480 vowel=0.314-0.684 level=0.050
205	proc	185	booed	train	shiftMags=0	558.692	1.5	1.5	1.5	30	16000	3	0@0.002	0.302	0.380-0.682	230.57	1072.49	221	464	380.759	1437.17	593.439	2477.72	380.056	1439.25	595.025	2477.36	170.429	178.802	83.0309	-14.0858	0.0671566	7.6875	-26.6839	0							voice marin "booed" tok=f1bf94a8123a2d06 take=0 src=tts:gpt-audio-1.5 f0=173 onset=0.344 dur=0.410 vowel=0.354-0.644 level=0.050
206	proc	186	bad	train	shiftMags=0	561.387	1.5	1.5	1.5	30	16000	3	0@0.002	0.38	0.322-0.702	-243.894	1009.68	-177	397	1032.88	1636.92	769.854	2653.23	1039.74	1587.56	769.989	2653.23	165.98	170.717	48.7228	-5.09667	0.0912267	8.1875	-26.9728	0							voice marin "bad" tok=3d7f62aedfa1943a take=0 src=tts:gpt-audio-1.5 f0=166 onset=0.315 dur=0.450 vowel=0.315-0.615 level=0.050
207	proc	187	bead	train	shiftMags=0	563.964	1.5	1.5	1.5	30	16000	3	0@0.002	0.354	0.386-0.740	240.419	670.94	233	199	329.487	2716.18	530.011	3345.15	329.321	2724.73	529.201	3353.56	170.736	197.035	248.025	-10.9043	0.0711233	7.5625	-26.4899	0							voice marin "bead" tok=a372117552211322 take=0 src=tts:gpt-audio-1.5 f0=172 onset=0.349 dur=0.470 vowel=0.359-0.699 level=0.050
208	proc	188	bod	train	shiftMags=0	566.936	1.5	1.5	1.5	30	16000	3	0@0.002	0.422	0.304-0.740	-213.258	1099.43	-157	497	979.612	1262.55	719.008	2293.88	981.797	1274.83	717.954	2296.62	174.583	174.644	0.601794	-9.14021	0.127053	8.0625	-26.5628	0							voice marin "bod" tok=b9e4194af6f2b078 take=1 src=tts:gpt-audio-1.5 f0=175 onset=0.283 dur=0.480 vowel=0.283-0.713 level=0.050
209	proc	189	bead	train	shiftMags=0	569.575	1.5	1.5	1.5	30	16000	3	0@0.002	0.354	0.460-0.838	230.306	657.811	221	193	328.551	2955.02	489.255	3204.7	327.923	2972.84	489.608	3203.03	190.265	190.094	-1.55221	-11.469	0.0664419	7.625	-27.3966	0							voice marin "bead" tok=9e4287b5aa73f3b5 take=1 src=tts:gpt-audio-1.5 f0=188 onset=0.355 dur=0.580 vowel=0.445-0.875 level=0.050
210	proc	190	bad	train	shiftMags=0	571.831	1.5	1.5	1.5	30	16000	3	0@0.002	0.412	0.334-0.764	-311.981	991.795	-220	381	1100.28	1704.4	775.474	2638.84	1104.23	1692.58	776.528	2638.84	160.948	160.02	-10.0079	-5.09724	0.0974825	8.25	-26.8344	0							voice marin "bad" tok=a37daa161b544c71 take=1 src=tts:gpt-audio-1.5 f0=160 onset=0.292 dur=0.560 vowel=0.312-0.742 level=0.050
211	proc	191	booed	train	shiftMags=0	574.551	1.5	1.5	1.5	30	16000	3	0@0.002	0.446	0.354-0.830	240.757	1078.94	233	469	423.105	1487.93	484.706	2540.98	423.058	1463.77	486.877	2545.25	180.646	266.958	676.132	-14.4077	0.0736295	7.6875	-26.9877	0							voice marin "booed" tok=902be4d13b5aa8b5 take=1 src=tts:gpt-audio-1.5 f0=182 onset=0.311 dur=0.550 vowel=0.331-0.801 level=0.050
212	proc	192	bad	train	shiftMags=0	577.525	1.5	1.5	1.5	30	16000	3	0@0.002	0.34	0.452-0.808	-264.811	964.563	-190.5	359	1055.24	1781.79	784.385	2810.83	1071.51	1760.94	795.457	2811.34	180.285	184.66	41.5088	-5.06374	0.0983717	8.25	-27.4115	0							voice marin "bad" tok=caf02ef7d1bd523b take=2 src=tts:gpt-audio-1.5 f0=177 onset=0.351 dur=0.480 vowel=0.441-0.781 level=0.050
213	proc	193	bead	train	shiftMags=0	580.265	1.5	1.5	1.5	30	16000	3	0@0.002	0.428	0.368-0.818	233.555	708.41	225	215	300.409	2900.08	519.926	3276.88	300.409	2924.62	519.926	3290.59	181.859	185.187	31.3964	-11.5326	0.0846288	7.625	-26.7536	0							voice marin "bead" tok=3f9e29f56a432304 take=2 src=tts:gpt-audio-1.5 f0=180 onset=0.331 dur=0.490 vowel=0.351-0.781 level=0.050
214	proc	194	bod	train	shiftMags=0	582.665	1.5	1.5	1.5	30	16000	3	0@0.002	0.326	0.466-0.792	-167.286	1061.22	-126	447	956.076	1289.3	756.706	2359.94	964.459	1307.28	754.349	2360.9	190.16	187.802	-21.6084	-8.84998	0.0821194	8.1875	-27.5285	0							voice marin "bod" tok=023f452979d38028 take=2 src=tts:gpt-audio-1.5 f0=190 onset=0.374 dur=0.420 vowel=0.454-0.704 level=0.050
215	proc	195	booed	train	shiftMags=0	585.543	1.5	1.5	1.5	30	16000	3	0@0.002	0.414	0.358-0.772	200.78	1075.04	189	464	437.976	1411.16	548.961	2501.79	437.976	1411.16	548.961	2501.79	178.299	197.748	179.232	-13.6978	0.054089	7.5625	-27.5382	1	1.485+15.4ms						voice marin "booed" tok=14c84fb17354a4d5 take=2 src=tts:gpt-audio-1.5 f0=183 onset=0.320 dur=0.470 vowel=0.320-0.740 level=0.050
216	proc	196	bead	train	shiftMags=0	587.82	1.5	1.5	1.5	30	16000	3	0@0.002	0.316	0.332-0.648	253.672	601.526	248	171	358.093	2808.08	497.394	3326.26	330.975	3131.93	511.152	3399.28	163.036	156.821	-67.2844	-10.2994	0.103421	7.625	-27.3969	0							voice marin "bead" tok=73ee56b912b6f51d take=3 src=tts:gpt-audio-1.5 f0=162 onset=0.328 dur=0.440 vowel=0.328-0.558 level=0.050
217	proc	197	bad	train	shiftMags=0	590.705	1.5	1.5	1.5	30	16000	3	0@0.002	0.37	0.392-0.774	-286.215	979.784	-204	370	1110.28	1769.79	770.7	2639.46	1110.28	1769.79	770.7	2639.46	188.689	194.348	51.1612	-4.36194	0.120943	8.25	-27.6629	0							voice marin "bad" tok=c93ede36cd960b12 take=3 src=tts:gpt-audio-1.5 f0=184 onset=0.366 dur=0.480 vowel=0.366-0.656 level=0.050
218	proc	198	bod	train	shiftMags=0	593.057	1.5	1.5	1.5	30	16000	3	0@0.002	0.342	0.466-0.808	-237.083	1097.02	-173	502	995.854	1251.72	695.668	2353.95	1010.04	1256.83	704.709	2353.97	169.312	172.421	31.4966	-10.1583	0.10988	8	-28.5188	0							voice marin "bod" tok=73625630c45e2449 take=3 src=tts:gpt-audio-1.5 f0=170 onset=0.329 dur=0.610 vowel=0.449-0.769 level=0.050
219	proc	199	booed	train	shiftMags=0	595.938	1.5	1.5	1.5	30	16000	3	0@0.002	0.414	0.470-0.910	205.034	1104.53	193	508	434.842	1253.93	489.913	2419.14	429.081	1254.19	494.414	2418.18	182.886	207.985	222.64	-14.0774	0.0555792	7.5625	-27.5472	0							voice marin "booed" tok=0d71012df416cd6a take=3 src=tts:gpt-audio-1.5 f0=180 onset=0.357 dur=0.570 vowel=0.357-0.877 level=0.050
220	proc	200	bad	train	shiftMags=0	598.321	1.5	1.5	1.5	30	16000	3	0@0.002	0.38	0.316-0.696	-234.479	1010.53	-171	397	1020.92	1701.82	768.6	2658.04	1039.14	1573.3	768.797	2657.69	165.936	169.707	38.9086	-4.91352	0.0920031	8.1875	-26.9736	0							voice marin "bad" tok=3d7f62aedfa1943a take=0 src=tts:gpt-audio-1.5 f0=166 onset=0.309 dur=0.450 vowel=0.309-0.609 level=0.050
221	proc	201	bead	train	shiftMags=0	600.681	1.5	1.5	1.5	30	16000	3	0@0.002	0.352	0.328-0.680	239.109	670.002	231	199	331.025	2716.83	529.081	3346.02	329.772	2723.44	531.82	3352.83	171.07	184.897	134.565	-10.4281	0.0800245	7.6875	-26.4899	0							voice marin "bead" tok=a372117552211322 take=0 src=tts:gpt-audio-1.5 f0=172 onset=0.290 dur=0.470 vowel=0.300-0.640 level=0.050
222	proc	202	bod	train	shiftMags=0	603.12	1.5	1.5	1.5	30	16000	3	0@0.002	0.29	0.434-0.724	-250.097	1094.61	-181	497	1039.27	1290	754.268	2333.76	1040.79	1292.98	754.871	2334.71	194.661	191.038	-32.522	-9.91398	0.0526641	8.125	-27.6564	1	0.985+15.4ms						voice marin "bod" tok=dfb3db67879b568a take=0 src=tts:gpt-audio-1.5 f0=193 onset=0.331 dur=0.480 vowel=0.331-0.701 level=0.050
223	proc	203	booed	train	shiftMags=0	605.748	1.5	1.5	1.5	30	16000	3	0@0.002	0.31	0.406-0.722	230.687	1072.4	221	464	386.008	1429.84	593.881	2489.46	385.668	1429.49	599.716	2485.52	171.05	189.008	172.841	-13.2813	0.0682782	7.6875	-26.6842	0							voice marin "booed" tok=f1bf94a8123a2d06 take=0 src=tts:gpt-audio-1.5 f0=173 onset=0.370 dur=0.410 vowel=0.380-0.670 level=0.050
224	proc	204	bead	train	shiftMags=0	608.517	1.5	1.5	1.5	30	16000	3	0@0.002	0.354	0.394-0.772	230.216	656.637	221	193	329.179	2979.95	478.764	3216.84	327.381	2986.54	479.877	3205.59	191.431	195.085	32.7328	-11.4432	0.060925	7.6875	-27.3972	0							voice marin "bead" tok=9e4287b5aa73f3b5 take=1 src=tts:gpt-audio-1.5 f0=188 onset=0.289 dur=0.580 vowel=0.379-0.809 level=0.050
225	proc	205	bad	train	shiftMags=0	611.151	1.5	1.5	1.5	30	16000	3	0@0.002	0.412	0.362-0.790	-315.41	991.407	-222	381	1098.82	1705.28	773.033	2620.04	1105.74	1696.97	774.015	2620.04	160.815	159.728	-11.7454	-5.01628	0.118637	8.25	-26.8341	0							voice marin "bad" tok=a37daa161b544c71 take=1 src=tts:gpt-audio-1.5 f0=160 onset=0.319 dur=0.560 vowel=0.339-0.769 level=0.050
226	proc	206	booed	train	shiftMags=0	613.455	1.5	1.5	1.5	30	16000	3	0@0.002	0.448	0.370-0.846	243.394	1079.71	236	469	422.096	1477.86	489.219	2512.91	422.096	1450.77	494.74	2520.91	180.883	260.849	633.792	-13.9177	0.0917896	7.6875	-26.9874	0							voice marin "booed" tok=902be4d13b5aa8b5 take=1 src=tts:gpt-audio-1.5 f0=182 onset=0.326 dur=0.550 vowel=0.346-0.816 level=0.050
227	proc	207	bod	train	shiftMags=0	616.415	1.5	1.5	1.5	30	16000	3	0@0.002	0.43	0.356-0.792	-213.328	1097.93	-157	497	976.799	1262.4	714.138	2304.21	978.303	1268.26	712.642	2304.21	175.935	174.11	-18.0543	-9.48486	0.0838357	8.0625	-26.5639	0							voice marin "bod" tok=b9e4194af6f2b078 take=1 src=tts:gpt-audio-1.5 f0=175 onset=0.335 dur=0.480 vowel=0.335-0.765 level=0.050
228	proc	208	bod	train	shiftMags=0	619.294	1.5	1.5	1.5	30	16000	3	0@0.002	0.326	0.388-0.714	-167.404	1052.69	-126	442	959.146	1283.54	758.684	2329.92	964.045	1302.13	758.684	2350.42	191.072	189.292	-16.2022	-9.04907	0.0845731	8.1875	-27.5298	0							voice marin "bod" tok=023f452979d38028 take=2 src=tts:gpt-audio-1.5 f0=190 onset=0.296 dur=0.420 vowel=0.376-0.626 level=0.050
229	proc	209	booed	train	shiftMags=0	621.819	1.5	1.5	1.5	30	16000	3	0@0.002	0.414	0.330-0.744	201.321	1077.37	189	464	432.237	1412.12	538.493	2518.66	432.237	1412.12	538.493	2518.66	179.771	193.657	128.805	-13.8935	0.0539045	7.6875	-27.5381	0							voice marin "booed" tok=14c84fb17354a4d5 take=2 src=tts:gpt-audio-1.5 f0=183 onset=0.291 dur=0.470 vowel=0.291-0.711 level=0.050
230	proc	210	bad	train	shiftMags=0	624.097	1.5	1.5	1.5	30	16000	3	0@0.002	0.342	0.430-0.788	-262.59	964.533	-189	359	1060.55	1781.89	786.487	2823.43	1072.36	1771.6	792.528	2823.43	180.203	184.036	36.4349	-5.07488	0.0938489	8.25	-27.4125	0							voice marin "bad" tok=caf02ef7d1bd523b take=2 src=tts:gpt-audio-1.5 f0=177 onset=0.330 dur=0.480 vowel=0.420-0.760 level=0.050
231	proc	211	bead	train	shiftMags=0	627.654	1.5	1.5	1.5	30	16000	3	0@0.002	0.428	0.356-0.806	234.189	708.792	225	215	305.646	2926.14	507.759	3277.01	298.346	2993.8	530.282	3277.11	182.535	186.126	33.7292	-11.2213	0.0826742	7.625	-26.7542	0							voice marin "bead" tok=3f9e29f56a432304 take=2 src=tts:gpt-audio-1.5 f0=180 onset=0.319 dur=0.490 vowel=0.339-0.769 level=0.050
232	proc	212	bod	train	shiftMags=0	630.626	1.5	1.5	1.5	30	16000	3	0@0.002	0.34	0.470-0.810	-237.124	1097.47	-173	502	994.501	1234.68	705.548	2352.85	1007.47	1249.24	712.601	2356.37	169.82	174.427	46.3359	-10.1033	0.109321	8	-28.519	0							voice marin "bod" tok=73625630c45e2449 take=3 src=tts:gpt-audio-1.5 f0=170 onset=0.332 dur=0.610 vowel=0.452-0.772 level=0.050
233	proc	213	bead	train	shiftMags=0	633.592	1.5	1.5	1.5	30	16000	3	0@0.002	0.318	0.312-0.630	253.817	601.928	248	171	348.437	2811.44	498.564	3363.87	333.661	3132.62	525.475	3397.68	161.517	163.152	17.4356	-10.7446	0.097652	7.625	-27.3962	0							voice marin "bead" tok=73ee56b912b6f51d take=3 src=tts:gpt-audio-1.5 f0=162 onset=0.308 dur=0.440 vowel=0.308-0.538 level=0.050
234	proc	214	booed	train	shiftMags=0	635.968	1.5	1.5	1.5	30	16000	3	0@0.002	0.414	0.480-0.920	205.288	1104.2	193	508	435.1	1254.62	519.798	2425.46	428.95	1254.62	521.317	2424.88	182.559	193.019	96.454	-14.099	0.0603108	7.5625	-27.5478	0							voice marin "booed" tok=0d71012df416cd6a take=3 src=tts:gpt-audio-1.5 f0=180 onset=0.367 dur=0.570 vowel=0.367-0.887 level=0.050
235	proc	215	bad	train	shiftMags=0	638.366	1.5	1.5	1.5	30	16000	3	0@0.002	0.368	0.388-0.770	-289.363	975.145	-206	370	1115.62	1790.22	763.556	2694.73	1115.62	1790.22	763.556	2694.73	187.417	195.061	69.2118	-4.28622	0.113381	8.25	-27.6619	1	1.485+15.4ms						voice marin "bad" tok=c93ede36cd960b12 take=3 src=tts:gpt-audio-1.5 f0=184 onset=0.362 dur=0.480 vowel=0.362-0.652 level=0.050
236	proc	216	booed	train	shiftMags=0	641.349	1.5	1.5	1.5	30	16000	3	0@0.002	0.31	0.368-0.684	230.429	1072.36	221	464	382.211	1435.81	595.873	2478.47	380.677	1438.54	598.409	2476.6	170.54	183.28	124.728	-14.2996	0.0622433	7.6875	-26.6843	0							voice marin "booed" tok=f1bf94a8123a2d06 take=0 src=tts:gpt-audio-1.5 f0=173 onset=0.333 dur=0.410 vowel=0.343-0.633 level=0.050
237	proc	217	bead	train	shiftMags=0	643.853	1.5	1.5	1.5	30	16000	3	0@0.002	0.352	0.336-0.688	239.152	670.255	231	199	330.863	2719.77	533.049	3338.01	329.507	2726.93	533.395	3341.74	171.85	185.916	136.204	-10.4076	0.0765183	7.5625	-26.4905	0							voice marin "bead" tok=a372117552211322 take=0 src=tts:gpt-audio-1.5 f0=172 onset=0.298 dur=0.470 vowel=0.308-0.648 level=0.050
238	proc	218	bod	train	shiftMags=0	646.625	1.5	1.5	1.5	30	16000	3	0@0.002	0.288	0.386-0.674	-249.983	1095.2	-181	497	1039.27	1291.79	755.92	2326.57	1040.82	1291.79	757.251	2340.43	194.412	192.357	-18.3931	-9.68715	0.0571974	8.1875	-27.6581	0							voice marin "bod" tok=dfb3db67879b568a take=0 src=tts:gpt-audio-1.5 f0=193 onset=0.282 dur=0.480 vowel=0.282-0.652 level=0.050
239	proc	219	bad	train	shiftMags=0	649.572	1.5	1.5	1.5	30	16000	3	0@0.002	0.38	0.298-0.678	-243.839	999.532	-177	386	1031.47	1675.29	767.987	2663.85	1037.62	1570.23	769.787	2647.58	166.383	171.856	56.0285	-5.14736	0.0923495	8.1875	-26.9735	0							voice marin "bad" tok=3d7f62aedfa1943a take=0 src=tts:gpt-audio-1.5 f0=166 onset=0.292 dur=0.450 vowel=0.292-0.592 level=0.050
240	proc	220	booed	train	shiftMags=0	652.441	1.5	1.5	1.5	30	16000	3	0@0.002	0.446	0.386-0.862	241.166	1078.67	233	469	423.456	1496.16	464.839	2512.49	423.456	1445.3	464.839	2517.21	181.895	255.807	590.347	-14.1631	0.0705633	7.6875	-26.9879	0							voice marin "booed" tok=902be4d13b5aa8b5 take=1 src=tts:gpt-audio-1.5 f0=182 onset=0.343 dur=0.550 vowel=0.363-0.833 level=0.050
241	proc	221	bad	train	shiftMags=0	655.294	1.5	1.5	1.5	30	16000	3	0@0.002	0.41	0.382-0.810	-311.815	989.202	-220	381	1098.96	1705.05	775.085	2584.11	1105.69	1696.2	776.395	2584.11	161.006	161.21	2.18991	-5.00311	0.102824	8.25	-26.8341	0							voice marin "bad" tok=a37daa161b544c71 take=1 src=tts:gpt-audio-1.5 f0=160 onset=0.339 dur=0.560 vowel=0.359-0.789 level=0.050
242	proc	222	bead	train	shiftMags=0	658.004	1.5	1.5	1.5	30	16000	3	0@0.002	0.35	0.392-0.768	230.323	656.578	221	193	333.288	2964.07	474.924	3211.27	331.222	2979.71	476.883	3209.07	190.651	195.39	42.508	-11.312	0.0621309	7.6875	-27.3966	1	0.985+15.4ms						voice marin "bead" tok=9e4287b5aa73f3b5 take=1 src=tts:gpt-audio-1.5 f0=188 onset=0.287 dur=0.580 vowel=0.377-0.807 level=0.050
243	proc	223	bod	train	shiftMags=0	660.859	1.5	1.5	1.5	30	16000	3	0@0.002	0.434	0.366-0.804	-213.472	1096.75	-157	497	976.466	1262.12	711.831	2286.66	978.702	1270.34	710.441	2283.28	176.145	174.398	-17.2587	-9.70617	0.0850893	8.0625	-26.5647	0							voice marin "bod" tok=b9e4194af6f2b078 take=1 src=tts:gpt-audio-1.5 f0=175 onset=0.346 dur=0.480 vowel=0.346-0.776 level=0.050
244	proc	224	bead	train	shiftMags=0	663.286	1.5	1.5	1.5	30	16000	3	0@0.002	0.428	0.346-0.796	234.057	719.354	225	221	304.449	2959.25	471.411	3273.43	298.392	3184.62	474.64	3282.95	181.425	187.739	59.2233	-11.9274	0.0734383	7.625	-26.7535	0							voice marin "bead" tok=3f9e29f56a432304 take=2 src=tts:gpt-audio-1.5 f0=180 onset=0.310 dur=0.490 vowel=0.330-0.760 level=0.050
245	proc	225	bod	train	shiftMags=0	666.214	1.5	1.5	1.5	30	16000	3	0@0.002	0.326	0.426-0.752	-171.826	1054.9	-129	442	955.777	1291.64	752.642	2340.26	963.623	1309.21	757.324	2368.45	191.226	191.835	5.50867	-8.34416	0.115911	8.1875	-27.5303	0							voice marin "bod" tok=023f452979d38028 take=2 src=tts:gpt-audio-1.5 f0=190 onset=0.333 dur=0.420 vowel=0.413-0.663 level=0.050
246	proc	226	bad	train	shiftMags=0	668.624	1.5	1.5	1.5	30	16000	3	0@0.002	0.34	0.396-0.752	-262.897	965.725	-189	359	1073.55	1782.2	784.12	2823.56	1075.31	1758.1	790.286	2829.65	180.538	185.296	45.0332	-5.05888	0.0931761	8.25	-27.4125	0							voice marin "bad" tok=caf02ef7d1bd523b take=2 src=tts:gpt-audio-1.5 f0=177 onset=0.295 dur=0.480 vowel=0.385-0.725 level=0.050
247	proc	227	booed	train	shiftMags=0	670.966	1.5	1.5	1.5	30	16000	3	0@0.002	0.414	0.388-0.802	201.017	1076.96	189	464	437.994	1411.34	613.717	2529.56	437.994	1411.34	613.717	2529.56	179.025	201.255	202.629	-14.317	0.0556125	7.625	-27.5382	0							voice marin "booed" tok=14c84fb17354a4d5 take=2 src=tts:gpt-audio-1.5 f0=183 onset=0.350 dur=0.470 vowel=0.350-0.770 level=0.050
248	proc	228	bad	train	shiftMags=0	673.793	1.5	1.5	1.5	30	16000	3	0@0.002	0.366	0.358-0.738	-286.933	977.262	-204	370	1114.75	1788.87	765.817	2670.86	1114.75	1788.87	765.817	2670.86	187.21	193.289	55.3154	-4.31066	0.122324	8.25	-27.6623	0							voice marin "bad" tok=c93ede36cd960b12 take=3 src=tts:gpt-audio-1.5 f0=184 onset=0.331 dur=0.480 vowel=0.331-0.621 level=0.050
249	proc	229	booed	train	shiftMags=0	676.787	1.5	1.5	1.5	30	16000	3	0@0.002	0.416	0.438-0.878	205.234	1103.99	193	508	434.882	1253.54	525.605	2421.89	426.634	1258.73	525.605	2429.26	182.813	174.922	-76.3862	-14.5727	0.057717	10.25	-27.5473	0							voice marin "booed" tok=0d71012df416cd6a take=3 src=tts:gpt-audio-1.5 f0=180 onset=0.325 dur=0.570 vowel=0.325-0.845 level=0.050
250	proc	230	bead	train	shiftMags=0	679.606	1.5	1.5	1.5	30	16000	3	0@0.002	0.316	0.298-0.614	253.608	601.933	248	171	359.065	2802.84	515.153	3319.2	330.24	2956.24	517.672	3519.35	162.848	163.522	7.15847	-10.6788	0.0958177	7.625	-27.3957	0							voice marin "bead" tok=73ee56b912b6f51d take=3 src=tts:gpt-audio-1.5 f0=162 onset=0.293 dur=0.440 vowel=0.293-0.523 level=0.050
251	proc	231	bod	train	shiftMags=0	682.324	1.5	1.5	1.5	30	16000	3	0@0.002	0.342	0.480-0.822	-237.003	1097.8	-173	502	992.187	1235.69	692.609	2352.75	1008.18	1248.31	694.727	2354.19	169.837	168.427	-14.4338	-10.5461	0.106282	8	-28.5195	0							voice marin "bod" tok=73625630c45e2449 take=3 src=tts:gpt-audio-1.5 f0=170 onset=0.343 dur=0.610 vowel=0.463-0.783 level=0.050
252	proc	232	booed	train	shiftMags=0	684.64	1.5	1.5	1.5	30	16000	3	0@0.002	0.304	0.392-0.708	230.277	1072.27	221	464	381.691	1438.92	592.423	2481.27	379.954	1440.14	594.317	2484.46	172.232	193.88	204.977	-13.3553	0.0732489	7.6875	-26.6836	0							voice marin "booed" tok=f1bf94a8123a2d06 take=0 src=tts:gpt-audio-1.5 f0=173 onset=0.356 dur=0.410 vowel=0.366-0.656 level=0.050
253	proc	233	bod	train	shiftMags=0	687.287	1.5	1.5	1.5	30	16000	3	0@0.002	0.288	0.450-0.738	-249.922	1094.35	-181	497	1039.48	1286.34	754.773	2339.94	1041.25	1289.05	757.557	2341.21	194.077	193.919	-1.40504	-9.79732	0.060982	8.125	-27.6573	0							voice marin "bod" tok=dfb3db67879b568a take=0 src=tts:gpt-audio-1.5 f0=193 onset=0.346 dur=0.480 vowel=0.346-0.716 level=0.050
254	proc	234	bad	train	shiftMags=0	689.67	1.5	1.5	1.5	30	16000	3	0@0.002	0.382	0.330-0.712	-236.965	1009.73	-173	397	1034.66	1650.94	770.701	2634.14	1038.21	1585.65	772.694	2634.14	164.6	168.749	43.0887	-5.07867	0.0912888	8.1875	-26.9725	0							voice marin "bad" tok=3d7f62aedfa1943a take=0 src=tts:gpt-audio-1.5 f0=166 onset=0.324 dur=0.450 vowel=0.324-0.624 level=0.050
255	proc	235	bead	train	shiftMags=0	692.326	1.5	1.5	1.5	30	16000	3	0@0.002	0.354	0.356-0.710	240.396	670.703	233	199	329.746	2718.19	536.842	3347.16	329.347	2727.95	536.154	3355.58	171.157	190.028	181.064	-10.6994	0.0802506	7.5625	-26.4901	1	1.485+15.4ms						voice marin "bead" tok=a372117552211322 take=0 src=tts:gpt-audio-1.5 f0=172 onset=0.320 dur=0.470 vowel=0.330-0.670 level=0.050
256	proc	236	booed	train	shiftMags=0	694.883	1.5	1.5	1.5	30	16000	3	0@0.002	0.448	0.378-0.854	240.93	1079.64	233	469	422.287	1498.36	479.322	2514.32	422.287	1446.59	490.713	2537.95	182.513	265.938	651.708	-13.6603	0.0934812	7.6875	-26.9874	0							voice marin "booed" tok=902be4d13b5aa8b5 take=1 src=tts:gpt-audio-1.5 f0=182 onset=0.334 dur=0.550 vowel=0.354-0.824 level=0.050
257	proc	237	bad	train	shiftMags=0	697.239	1.5	1.5	1.5	30	16000	3	0@0.002	0.41	0.374-0.802	-312.424	986.271	-220	375	1099.79	1703.14	774.948	2628.39	1104.76	1692.03	775.394	2628.39	160.529	160.064	-5.02736	-5.05371	0.114167	8.25	-26.834	0							voice marin "bad" tok=a37daa161b544c71 take=1 src=tts:gpt-audio-1.5 f0=160 onset=0.331 dur=0.560 vowel=0.351-0.781 level=0.050
258	proc	238	bead	train	shiftMags=0	699.897	1.5	1.5	1.5	30	16000	3	0@0.002	0.352	0.398-0.776	230.279	656.452	221	193	321.119	2942.46	468.44	3238.23	321.119	2983.91	472.609	3238.23	191.52	191.671	1.36273	-11.4643	0.0623418	7.625	-27.3969	0							voice marin "bead" tok=9e4287b5aa73f3b5 take=1 src=tts:gpt-audio-1.5 f0=188 onset=0.292 dur=0.580 vowel=0.382-0.812 level=0.050
259	proc	239	bod	train	shiftMags=0	702.74	1.5	1.5	1.5	30	16000	3	0@0.002	0.422	0.336-0.772	-213.277	1099.13	-157	497	976.411	1266.28	722.758	2301.38	980.976	1269.49	721.192	2303.45	175.875	175.775	-0.983784	-9.28629	0.132354	8.0625	-26.5633	0							voice marin "bod" tok=b9e4194af6f2b078 take=1 src=tts:gpt-audio-1.5 f0=175 onset=0.315 dur=0.480 vowel=0.315-0.745 level=0.050
260	proc	240	bod	train	shiftMags=0	705.526	1.5	1.5	1.5	30	16000	3	0@0.002	0.326	0.386-0.712	-161.831	1056.91	-122	442	956.679	1292.7	747.601	2342.4	963.542	1310.14	749.355	2368.44	191.187	190.261	-8.40728	-8.75669	0.11901	8.125	-27.5299	0							voice marin "bod" tok=023f452979d38028 take=2 src=tts:gpt-audio-1.5 f0=190 onset=0.293 dur=0.420 vowel=0.373-0.623 level=0.050
261	proc	241	bead	train	shiftMags=0	708.881	1.5	1.5	1.5	30	16000	3	0@0.002	0.428	0.330-0.778	230.642	710.271	221	215	303.865	2917.11	489.891	3271.96	303.865	2957.2	497.919	3279.09	182.328	194.256	109.711	-11.42	0.0882367	7.6875	-26.7538	0							voice marin "bead" tok=3f9e29f56a432304 take=2 src=tts:gpt-audio-1.5 f0=180 onset=0.292 dur=0.490 vowel=0.312-0.742 level=0.050
262	proc	242	bad	train	shiftMags=0	711.834	1.5	1.5	1.5	30	16000	3	0@0.002	0.34	0.398-0.754	-264.84	964.077	-190.5	359	1071.05	1781.26	787.422	2818.09	1075.48	1759.51	789.586	2818.09	179.954	181.25	12.4247	-5.11617	0.0931399	8.25	-27.4124	1	0.985+15.4ms						voice marin "bad" tok=caf02ef7d1bd523b take=2 src=tts:gpt-audio-1.5 f0=177 onset=0.297 dur=0.480 vowel=0.387-0.727 level=0.050
263	proc	243	booed	train	shiftMags=0	714.783	1.5	1.5	1.5	30	16000	3	0@0.002	0.414	0.406-0.820	197.691	1077.45	185	464	431.265	1402.69	556.867	2502.1	431.265	1402.69	556.867	2502.1	176.591	195.632	177.274	-13.7929	0.0561753	7.6875	-27.539	0							voice marin "booed" tok=14c84fb17354a4d5 take=2 src=tts:gpt-audio-1.5 f0=183 onset=0.367 dur=0.470 vowel=0.367-0.787 level=0.050
264	proc	244	booed	train	shiftMags=0	717.302	1.5	1.5	1.5	30	16000	3	0@0.002	0.414	0.404-0.844	205.183	1104.29	193	508	438.879	1257.28	541.954	2429.14	434.06	1259.47	547.25	2422.05	182.967	179.479	-33.3152	-14.9388	0.0513504	10.25	-27.5471	0							voice marin "booed" tok=0d71012df416cd6a take=3 src=tts:gpt-audio-1.5 f0=180 onset=0.291 dur=0.570 vowel=0.291-0.811 level=0.050
265	proc	245	bod	train	shiftMags=0	720.285	1.5	1.5	1.5	30	16000	3	0@0.002	0.342	0.418-0.760	-237.077	1096.9	-173	502	998.181	1241.2	685.534	2352.23	1000.8	1262.2	687.731	2352.92	169.602	172.796	32.2912	-9.90218	0.108898	8	-28.5181	0							voice marin "bod" tok=73625630c45e2449 take=3 src=tts:gpt-audio-1.5 f0=170 onset=0.281 dur=0.610 vowel=0.401-0.721 level=0.050
266	proc	246	bead	train	shiftMags=0	722.678	1.5	1.5	1.5	30	16000	3	0@0.002	0.316	0.372-0.688	253.663	601.206	248	171	356.954	2805.43	519.055	3356.96	330.711	3132.32	519.055	3385.08	164.5	172.497	82.1835	-10.7288	0.0999168	7.625	-27.397	0							voice marin "bead" tok=73ee56b912b6f51d take=3 src=tts:gpt-audio-1.5 f0=162 onset=0.367 dur=0.440 vowel=0.367-0.597 level=0.050
267	proc	247	bad	train	shiftMags=0	725.228	1.5	1.5	1.5	30	16000	3	0@0.002	0.376	0.312-0.694	-283.205	976.519	-202	370	1110.8	1767.01	762.967	2647.89	1110.8	1767.01	762.967	2647.89	188.576	194.315	51.8974	-4.45551	0.119601	8.25	-27.6623	0							voice marin "bad" tok=c93ede36cd960b12 take=3 src=tts:gpt-audio-1.5 f0=184 onset=0.286 dur=0.480 vowel=0.286-0.576 level=0.050
268	proc	248	bead	train	shiftMags=0	728.109	1.5	1.5	1.5	30	16000	3	0@0.002	0.352	0.330-0.682	240.718	670.515	233	199	330.192	2717.64	533.021	3341.1	328.319	2719.06	536.483	3344.82	171.276	185.342	136.639	-10.2144	0.0822539	7.5625	-26.49	0							voice marin "bead" tok=a372117552211322 take=0 src=tts:gpt-audio-1.5 f0=172 onset=0.293 dur=0.470 vowel=0.303-0.643 level=0.050
269	proc	249	bad	train	shiftMags=0	730.423	1.5	1.5	1.5	30	16000	3	0@0.002	0.38	0.358-0.738	-234.485	1006.19	-171	397	1030.94	1676.62	769.874	2637.48	1037.53	1567.61	771.674	2601.25	166.385	169.997	37.1767	-5.15366	0.089975	8.1875	-26.9734	0							voice marin "bad" tok=3d7f62aedfa1943a take=0 src=tts:gpt-audio-1.5 f0=166 onset=0.351 dur=0.450 vowel=0.351-0.651 level=0.050
270	proc	250	booed	train	shiftMags=0	732.969	1.5	1.5	1.5	30	16000	3	0@0.002	0.31	0.372-0.688	230.745	1072.05	221	464	381.962	1437.94	587.049	2475.24	379.989	1438.7	590.471	2476.51	171.842	194.335	212.953	-12.9612	0.0746735	7.625	-26.6852	0							voice marin "booed" tok=f1bf94a8123a2d06 take=0 src=tts:gpt-audio-1.5 f0=173 onset=0.336 dur=0.410 vowel=0.346-0.636 level=0.050
271	proc	251	bod	train	shiftMags=0	735.226	1.5	1.5	1.5	30	16000	3	0@0.002	0.29	0.414-0.704	-250.076	1094.69	-181	497	1039.64	1289.88	749.323	2346.52	1040.34	1292.46	749.638	2351.61	194.631	192.504	-19.0283	-10.0239	0.0507274	8.125	-27.6573	0							voice marin "bod" tok=dfb3db67879b568a take=0 src=tts:gpt-audio-1.5 f0=193 onset=0.311 dur=0.480 vowel=0.311-0.681 level=0.050
272	proc	252	booed	train	shiftMags=0	737.635	1.5	1.5	1.5	30	16000	3	0@0.002	0.446	0.348-0.824	241.045	1078.14	233	469	422.431	1498.49	454.79	2513.05	422.431	1454.26	464.275	2538.3	180.821	262.742	646.903	-14.1153	0.0773535	7.6875	-26.9876	0							voice marin "booed" tok=902be4d13b5aa8b5 take=1 src=tts:gpt-audio-1.5 f0=182 onset=0.305 dur=0.550 vowel=0.325-0.795 level=0.050
273	proc	253	bod	train	shiftMags=0	740.152	1.5	1.5	1.5	30	16000	3	0@0.002	0.424	0.380-0.816	-213.179	1098.65	-157	497	976.991	1242.97	709.296	2290.85	978.069	1258.83	707.668	2291.6	175.823	175.17	-6.4458	-9.03797	0.130161	8.0625	-26.5655	0							voice marin "bod" tok=b9e4194af6f2b078 take=1 src=tts:gpt-audio-1.5 f0=175 onset=0.358 dur=0.480 vowel=0.358-0.788 level=0.050
274	proc	254	bead	train	shiftMags=0	743.028	1.5	1.5	1.5	30	16000	3	0@0.002	0.352	0.396-0.774	230.217	657.622	221	193	325.683	2981.37	471.594	3219.34	324.196	2998.65	479.319	3219.34	190.315	194.957	41.7225	-11.2752	0.0694516	7.625	-27.3972	0							voice marin "bead" tok=9e4287b5aa73f3b5 take=1 src=tts:gpt-audio-1.5 f0=188 onset=0.291 dur=0.580 vowel=0.381-0.811 level=0.050
275	proc	255	bad	train	shiftMags=0	745.747	1.5	1.5	1.5	30	16000	3	0@0.002	0.414	0.386-0.816	-305.055	992.263	-216	381	1100.75	1699.99	775.474	2607.63	1104.93	1689.91	776.182	2696.28	160.883	159.677	-13.021	-5.16738	0.0975251	8.25	-26.8343	1	1.485+15.4ms						voice marin "bad" tok=a37daa161b544c71 take=1 src=tts:gpt-audio-1.5 f0=160 onset=0.344 dur=0.560 vowel=0.364-0.794 level=0.050
276	proc	256	bod	train	shiftMags=0	748.068	1.5	1.5	1.5	30	16000	3	0@0.002	0.326	0.400-0.726	-171.924	1054.79	-129	442	957.02	1282.02	752.857	2331.47	963.746	1299.6	753.372	2345.86	191.049	185.995	-46.4119	-8.46861	0.121256	8.125	-27.5297	0							voice marin "bod" tok=023f452979d38028 take=2 src=tts:gpt-audio-1.5 f0=190 onset=0.307 dur=0.420 vowel=0.387-0.637 level=0.050
277	proc	257	bead	train	shiftMags=0	750.915	1.5	1.5	1.5	30	16000	3	0@0.002	0.43	0.342-0.792	233.849	708.946	225	215	302.428	2952.65	473.687	3258.7	302.428	3082.73	485.198	3264.88	182.203	189.838	71.0632	-11.6978	0.0809845	7.6875	-26.7541	0							voice marin "bead" tok=3f9e29f56a432304 take=2 src=tts:gpt-audio-1.5 f0=180 onset=0.305 dur=0.490 vowel=0.325-0.755 level=0.050
278	proc	258	booed	train	shiftMags=0	753.734	1.5	1.5	1.5	30	16000	3	0@0.002	0.414	0.324-0.738	200.885	1077.58	189	464	429.382	1399.04	567.673	2507.17	429.382	1399.04	567.673	2507.17	175.473	199.114	218.814	-14.2349	0.0537113	7.625	-27.5385	0							voice marin "booed" tok=14c84fb17354a4d5 take=2 src=tts:gpt-audio-1.5 f0=183 onset=0.285 dur=0.470 vowel=0.285-0.705 level=0.050
279	proc	259	bad	train	shiftMags=0	756.214	1.5	1.5	1.5	30	16000	3	0@0.002	0.336	0.446-0.804	-267.11	967.331	-192	359	1074.26	1780.89	789.62	2821.46	1075.52	1758.78	792.621	2823.4	180.772	185.893	48.3624	-5.20767	0.097113	8.25	-27.4128	0							voice marin "bad" tok=caf02ef7d1bd523b take=2 src=tts:gpt-audio-1.5 f0=177 onset=0.346 dur=0.480 vowel=0.436-0.776 level=0.050
280	proc	260	bead	train	shiftMags=0	758.594	1.5	1.5	1.5	30	16000	3	0@0.002	0.318	0.364-0.682	253.698	602.091	248	171	352.053	2818.27	509.356	3335.84	333.089	3131.36	532.924	3363.57	162.082	160.503	-16.952	-10.5586	0.114846	7.625	-27.3958	0							voice marin "bead" tok=73ee56b912b6f51d take=3 src=tts:gpt-audio-1.5 f0=162 onset=0.360 dur=0.440 vowel=0.360-0.590 level=0.050
281	proc	261	bad	train	shiftMags=0	761.396	1.5	1.5	1.5	30	16000	3	0@0.002	0.368	0.326-0.708	-289.38	978.255	-206	370	1112.19	1783.63	768.02	2674.84	1112.19	1783.63	768.02	2674.84	188.126	193.24	46.433	-4.3486	0.131413	8.25	-27.6626	0							voice marin "bad" tok=c93ede36cd960b12 take=3 src=tts:gpt-audio-1.5 f0=184 onset=0.300 dur=0.480 vowel=0.300-0.590 level=0.050
282	proc	262	bod	train	shiftMags=0	764.349	1.5	1.5	1.5	30	16000	3	0@0.002	0.342	0.422-0.764	-237.002	1098.54	-173	502	994.16	1237.39	698.411	2354.82	1006.73	1252.92	703.09	2355.59	170.438	165.872	-47.0136	-10.3297	0.114714	8	-28.5191	1	0.985+15.4ms						voice marin "bod" tok=73625630c45e2449 take=3 src=tts:gpt-audio-1.5 f0=170 onset=0.285 dur=0.610 vowel=0.405-0.725 level=0.050
283	proc	263	booed	train	shiftMags=0	766.763	1.5	1.5	1.5	30	16000	3	0@0.002	0.414	0.422-0.862	205.038	1104.81	193	508	437.046	1254.46	506.864	2414.65	431.774	1257.05	519.884	2414.95	183.215	184.163	8.93476	-14.1442	0.0576521	7.5625	-27.5469	0							voice marin "booed" tok=0d71012df416cd6a take=3 src=tts:gpt-audio-1.5 f0=180 onset=0.309 dur=0.570 vowel=0.309-0.829 level=0.050
284	proc	264	bead	train	shiftMags=0	769.261	1.5	1.5	1.5	30	16000	3	0@0.002	0.354	0.366-0.720	240.74	670.646	233	199	328.98	2720.19	531.702	3343.16	328.717	2728.7	535.217	3349.8	171.425	185.902	140.357	-10.8961	0.0723612	7.5625	-26.4907	0							voice marin "bead" tok=a372117552211322 take=0 src=tts:gpt-audio-1.5 f0=172 onset=0.330 dur=0.470 vowel=0.340-0.680 level=0.050
285	proc	265	bod	train	shiftMags=0	771.76	1.5	1.5	1.5	30	16000	3	0@0.002	0.29	0.406-0.696	-250.075	1094.19	-181	491	1037.91	1291.69	753.987	2337.3	1040.72	1291.69	754.276	2344.93	194.354	192.536	-16.2686	-9.58211	0.0564673	8.1875	-27.6572	0							voice marin "bod" tok=dfb3db67879b568a take=0 src=tts:gpt-audio-1.5 f0=193 onset=0.303 dur=0.480 vowel=0.303-0.673 level=0.050
286	proc	266	booed	train	shiftMags=0	774.735	1.5	1.5	1.5	30	16000	3	0@0.002	0.31	0.350-0.666	230.571	1072.16	221	464	381.18	1439.14	594.946	2474.11	380.425	1439.33	596.365	2476.06	170.93	190.535	187.983	-14.5454	0.0638672	7.625	-26.6839	0							voice marin "booed" tok=f1bf94a8123a2d06 take=0 src=tts:gpt-audio-1.5 f0=173 onset=0.315 dur=0.410 vowel=0.325-0.615 level=0.050
287	proc	267	bad	train	shiftMags=0	777.023	1.5	1.5	1.5	30	16000	3	0@0.002	0.38	0.332-0.712	-243.805	1008.44	-177	397	1033.1	1637.51	766.916	2619.82	1041.29	1588.51	771.006	2619.82	165.98	166.206	2.3548	-4.97261	0.106331	8.1875	-26.9727	0							voice marin "bad" tok=3d7f62aedfa1943a take=0 src=tts:gpt-audio-1.5 f0=166 onset=0.325 dur=0.450 vowel=0.325-0.625 level=0.050
288	proc	268	bead	train	shiftMags=0	779.287	1.5	1.5	1.5	30	16000	3	0@0.002	0.352	0.462-0.840	230.204	657.461	221	193	333.287	2961.23	474.138	3210.6	330.68	2979.64	476.12	3207.23	191.097	191.329	2.09804	-11.2747	0.0614383	7.625	-27.3968	0							voice marin "bead" tok=9e4287b5aa73f3b5 take=1 src=tts:gpt-audio-1.5 f0=188 onset=0.356 dur=0.580 vowel=0.446-0.876 level=0.050
289	proc	269	bad	train	shiftMags=0	781.674	1.5	1.5	1.5	30	16000	3	0@0.002	0.412	0.380-0.808	-309.312	992.699	-218	381	1102.61	1705.48	773.715	2604.67	1108.95	1691.33	773.772	2604.67	160.878	161.587	7.61967	-4.99072	0.115484	8.25	-26.8346	0							voice marin "bad" tok=a37daa161b544c71 take=1 src=tts:gpt-audio-1.5 f0=160 onset=0.337 dur=0.560 vowel=0.357-0.787 level=0.050
290	proc	270	bod	train	shiftMags=0	784.271	1.5	1.5	1.5	30	16000	3	0@0.002	0.416	0.378-0.814	-213.367	1100.34	-157	502	976.269	1254.69	713.226	2303.06	977.773	1263.7	712.705	2303.06	176.482	173.961	-24.9073	-9.35877	0.13376	8.0625	-26.5627	0							voice marin "bod" tok=b9e4194af6f2b078 take=1 src=tts:gpt-audio-1.5 f0=175 onset=0.357 dur=0.480 vowel=0.357-0.787 level=0.050
291	proc	271	booed	train	shiftMags=0	788.245	1.5	1.5	1.5	30	16000	3	0@0.002	0.446	0.380-0.856	237.719	1079.19	229	469	420.447	1478.51	472.759	2507.12	420.447	1452.99	476.307	2519.15	179.412	247.578	557.529	-13.1719	0.0864871	7.6875	-26.9877	0							voice marin "booed" tok=902be4d13b5aa8b5 take=1 src=tts:gpt-audio-1.5 f0=182 onset=0.337 dur=0.550 vowel=0.357-0.827 level=0.050
292	proc	272	bod	train	shiftMags=0	790.523	1.5	1.5	1.5	30	16000	3	0@0.002	0.326	0.414-0.740	-167.385	1051.88	-126	442	959.772	1287.19	761.28	2389.76	960.437	1296.71	761.101	2389.76	190.949	187.671	-29.9754	-8.67001	0.0821209	8.1875	-27.5288	0							voice marin "bod" tok=023f452979d38028 take=2 src=tts:gpt-audio-1.5 f0=190 onset=0.322 dur=0.420 vowel=0.402-0.652 level=0.050
293	proc	273	booed	train	shiftMags=0	793.371	1.5	1.5	1.5	30	16000	3	0@0.002	0.412	0.346-0.760	200.896	1077.57	189	464	431.157	1402.81	556.488	2493.88	431.157	1402.81	556.488	2493.88	174.861	196.96	206.036	-13.7521	0.0524047	7.625	-27.5392	0							voice marin "booed" tok=14c84fb17354a4d5 take=2 src=tts:gpt-audio-1.5 f0=183 onset=0.307 dur=0.470 vowel=0.307-0.727 level=0.050
294	proc	274	bead	train	shiftMags=0	796.015	1.5	1.5	1.5	30	16000	3	0@0.002	0.428	0.402-0.852	233.82	708.273	225	215	304.736	2945.71	496.252	3248.58	304.736	3019.79	496.252	3254.23	181.954	185.227	30.8655	-11.457	0.0782183	7.6875	-26.7536	0							voice marin "bead" tok=3f9e29f56a432304 take=2 src=tts:gpt-audio-1.5 f0=180 onset=0.365 dur=0.490 vowel=0.385-0.815 level=0.050
295	proc	275	bad	train	shiftMags=0	798.932	1.5	1.5	1.5	30	16000	3	0@0.002	0.336	0.390-0.746	-267.018	966.09	-192	359	1068.45	1781.6	783.179	2818.09	1074.86	1759.72	793.015	2818.09	180.544	184.078	33.5564	-5.03624	0.0921014	8.25	-27.4119	1	1.485+15.4ms						voice marin "bad" tok=caf02ef7d1bd523b take=2 src=tts:gpt-audio-1.5 f0=177 onset=0.289 dur=0.480 vowel=0.379-0.719 level=0.050
296	proc	276	bad	train	shiftMags=0	801.905	1.5	1.5	1.5	30	16000	3	0@0.002	0.368	0.348-0.730	-286.7	974.5	-204	370	1109.68	1792.72	769.837	2686.44	1109.68	1792.72	769.837	2686.44	186.887	187.547	6.10149	-4.41629	0.12018	8.25	-27.6624	0							voice marin "bad" tok=c93ede36cd960b12 take=3 src=tts:gpt-audio-1.5 f0=184 onset=0.323 dur=0.480 vowel=0.323-0.613 level=0.050
297	proc	277	bead	train	shiftMags=0	804.694	1.5	1.5	1.5	30	16000	3	0@0.002	0.316	0.324-0.640	253.552	601.307	248	171	355.355	2811.08	518.232	3360.72	333.065	3131.1	515.879	3377.32	161.542	160.282	-13.5536	-10.748	0.095332	7.625	-27.3956	0							voice marin "bead" tok=73ee56b912b6f51d take=3 src=tts:gpt-audio-1.5 f0=162 onset=0.320 dur=0.440 vowel=0.320-0.550 level=0.050
298	proc	278	booed	train	shiftMags=0	807.131	1.5	1.5	1.5	30	16000	3	0@0.002	0.416	0.478-0.918	205.213	1104.68	193	508	433.616	1257.14	534.756	2423.74	427.166	1257.19	536.092	2422.32	182.93	190.512	70.3089	-14.5312	0.0572656	7.6875	-27.5475	0							voice marin "booed" tok=0d71012df416cd6a take=3 src=tts:gpt-audio-1.5 f0=180 onset=0.366 dur=0.570 vowel=0.366-0.886 level=0.050
299	proc	279	bod	train	shiftMags=0	810.064	1.5	1.5	1.5	30	16000	3	0@0.002	0.342	0.446-0.788	-237.057	1098.68	-173	502	996.854	1250.82	697.332	2346.76	1006.5	1257.37	703.854	2351.81	169.306	174.839	55.6744	-10.3437	0.106703	8	-28.519	0							voice marin "bod" tok=73625630c45e2449 take=3 src=tts:gpt-audio-1.5 f0=170 onset=0.309 dur=0.610 vowel=0.429-0.749 level=0.050
300	proc	280	booed	train	shiftMags=0	812.323	1.5	1.5	1.5	30	16000	3	0@0.002	0.304	0.354-0.668	230.367	1072.44	221	464	380.812	1433.13	594.428	2476.51	380.812	1433.13	594.428	2476.51	168.742	196.618	264.691	-13.3799	0.0648933	7.6875	-26.6855	0							voice marin "booed" tok=f1bf94a8123a2d06 take=0 src=tts:gpt-audio-1.5 f0=173 onset=0.317 dur=0.410 vowel=0.327-0.617 level=0.050
301	proc	281	bad	train	shiftMags=0	815.314	1.5	1.5	1.5	30	16000	3	0@0.002	0.382	0.366-0.748	-231.715	1010.64	-169	397	1021.72	1695.85	769.533	2665.67	1038.85	1560.05	771.172	2665.45	164.765	169.863	52.754	-5.23965	0.0926418	8.1875	-26.9729	0							voice marin "bad" tok=3d7f62aedfa1943a take=0 src=tts:gpt-audio-1.5 f0=166 onset=0.360 dur=0.450 vowel=0.360-0.660 level=0.050
302	proc	282	bead	train	shiftMags=0	817.874	1.5	1.5	1.5	30	16000	3	0@0.002	0.352	0.398-0.750	240.986	670.346	233	199	329.299	2718.23	516.609	3343.65	328.236	2724.87	519.047	3352.46	171.302	182.719	111.707	-10.3548	0.079759	7.5625	-26.4898	1	0.985+15.4ms						voice marin "bead" tok=a372117552211322 take=0 src=tts:gpt-audio-1.5 f0=172 onset=0.360 dur=0.470 vowel=0.370-0.710 level=0.050
303	proc	283	bod	train	shiftMags=0	820.326	1.5	1.5	1.5	30	16000	3	0@0.002	0.306	0.416-0.722	-249.869	1093.65	-181	491	1036.87	1291.62	753.76	2338.61	1040.27	1291.62	755.055	2338.85	194.376	192.493	-16.8506	-9.77823	0.0482916	8.1875	-27.6573	0							voice marin "bod" tok=dfb3db67879b568a take=0 src=tts:gpt-audio-1.5 f0=193 onset=0.313 dur=0.480 vowel=0.313-0.683 level=0.050
304	proc	284	bad	train	shiftMags=0	823.239	1.5	1.5	1.5	30	16000	3	0@0.002	0.412	0.364-0.792	-315.368	993.803	-222	381	1100.15	1705.78	777.814	2603.29	1104.91	1693.74	778.364	2603.29	160.535	159.996	-5.81664	-5.04591	0.112351	8.25	-26.8333	0							voice marin "bad" tok=a37daa161b544c71 take=1 src=tts:gpt-audio-1.5 f0=160 onset=0.321 dur=0.560 vowel=0.341-0.771 level=0.050
305	proc	285	booed	train	shiftMags=0	825.862	1.5	1.5	1.5	30	16000	3	0@0.002	0.444	0.344-0.820	241.298	1079.25	233	469	422.4	1483.88	458.793	2515.37	421.394	1462.49	464.286	2518.1	180.967	245.036	524.722	-13.1186	0.0943158	7.6875	-26.9883	0							voice marin "booed" tok=902be4d13b5aa8b5 take=1 src=tts:gpt-audio-1.5 f0=182 onset=0.300 dur=0.550 vowel=0.320-0.790 level=0.050
306	proc	286	bead	train	shiftMags=0	828.402	1.5	1.5	1.5	30	16000	3	0@0.002	0.354	0.456-0.834	230.539	656.108	221	193	325.804	2980.27	466.584	3223.95	324.578	2998.32	472.738	3223.95	190.497	193.202	24.4084	-11.1706	0.0685883	7.6875	-27.3967	0							voice marin "bead" tok=9e4287b5aa73f3b5 take=1 src=tts:gpt-audio-1.5 f0=188 onset=0.351 dur=0.580 vowel=0.441-0.871 level=0.050
307	proc	287	bod	train	shiftMags=0	830.881	1.5	1.5	1.5	30	16000	3	0@0.002	0.432	0.354-0.790	-213.177	1096.78	-157	497	980.474	1261.96	718.982	2283.57	982.365	1274.09	718.609	2287	174.595	174.01	-5.81038	-9.29307	0.133545	8.0625	-26.5652	0							voice marin "bod" tok=b9e4194af6f2b078 take=1 src=tts:gpt-audio-1.5 f0=175 onset=0.332 dur=0.480 vowel=0.332-0.762 level=0.050
308	proc	288	bead	train	shiftMags=0	833.445	1.5	1.5	1.5	30	16000	3	0@0.002	0.428	0.366-0.816	230.756	709.817	221	215	298.768	2996.9	505.356	3288.56	298.316	3182.89	511.908	3288.56	181.435	193.267	109.371	-11.5706	0.0769772	7.625	-26.7536	0							voice marin "bead" tok=3f9e29f56a432304 take=2 src=tts:gpt-audio-1.5 f0=180 onset=0.330 dur=0.490 vowel=0.350-0.780 level=0.050
309	proc	289	bod	train	shiftMags=0	835.881	1.5	1.5	1.5	30	16000	3	0@0.002	0.326	0.422-0.748	-167.341	1052.73	-126	442	958.784	1282.43	747.695	2341.86	961.497	1296.52	749.833	2355.48	190.502	187.666	-25.9605	-8.88588	0.0857953	8.1875	-27.5284	0							voice marin "bod" tok=023f452979d38028 take=2 src=tts:gpt-audio-1.5 f0=190 onset=0.330 dur=0.420 vowel=0.410-0.660 level=0.050
310	proc	290	bad	train	shiftMags=0	838.52	1.5	1.5	1.5	30	16000	3	0@0.002	0.34	0.464-0.820	-264.844	966.598	-190.5	359	1067.41	1785.29	778.175	2811.58	1074.68	1767.92	779.881	2819.82	179.853	183.833	37.8934	-5.14313	0.0988867	8.25	-27.4118	0							voice marin "bad" tok=caf02ef7d1bd523b take=2 src=tts:gpt-audio-1.5 f0=177 onset=0.364 dur=0.480 vowel=0.454-0.794 level=0.050
311	proc	291	booed	train	shiftMags=0	841.097	1.5	1.5	1.5	30	16000	3	0@0.002	0.414	0.332-0.746	200.928	1077.93	189	464	432.968	1412.61	579.02	2534.7	432.968	1412.61	579.02	2534.7	177.853	193.074	142.167	-13.7115	0.0548523	7.6875	-27.5379	0							voice marin "booed" tok=14c84fb17354a4d5 take=2 src=tts:gpt-audio-1.5 f0=183 onset=0.293 dur=0.470 vowel=0.293-0.713 level=0.050
312	proc	292	bead	train	shiftMags=0	843.545	1.5	1.5	1.5	30	16000	3	0@0.002	0.318	0.334-0.652	253.759	601.881	248	171	345.155	2816.97	502.459	3341.29	329.313	2991.26	502.459	3374.14	162.28	166.245	41.7932	-10.5855	0.106943	7.5625	-27.396	0							voice marin "bead" tok=73ee56b912b6f51d take=3 src=tts:gpt-audio-1.5 f0=162 onset=0.330 dur=0.440 vowel=0.330-0.560 level=0.050
313	proc	293	bad	train	shiftMags=0	845.799	1.5	1.5	1.5	30	16000	3	0@0.002	0.37	0.386-0.766	-286.762	974.192	-204	364	1111.95	1780.27	766.927	2650.67	1111.95	1780.27	766.927	2650.67	188.528	194.892	57.4791	-4.31835	0.121752	8.25	-27.6625	0							voice marin "bad" tok=c93ede36cd960b12 take=3 src=tts:gpt-audio-1.5 f0=184 onset=0.359 dur=0.480 vowel=0.359-0.649 level=0.050
314	proc	294	bod	train	shiftMags=0	848.163	1.5	1.5	1.5	30	16000	3	0@0.002	0.34	0.454-0.794	-237.229	1098.23	-173	502	984.389	1233.6	684.628	2353.57	1004.02	1244.71	695.068	2354.45	169.832	169.985	1.55833	-9.98634	0.108849	8	-28.5193	0							voice marin "bod" tok=73625630c45e2449 take=3 src=tts:gpt-audio-1.5 f0=170 onset=0.315 dur=0.610 vowel=0.435-0.755 level=0.050
315	proc	295	booed	train	shiftMags=0	850.999	1.5	1.5	1.5	30	16000	3	0@0.002	0.416	0.428-0.868	204.811	1103.92	193	508	433.994	1253.56	525.814	2424.25	426.526	1259.07	529.8	2424.25	182.793	175.029	-75.1431	-14.1423	0.0528717	7.5625	-27.5471	1	1.485+15.4ms						voice marin "booed" tok=0d71012df416cd6a take=3 src=tts:gpt-audio-1.5 f0=180 onset=0.315 dur=0.570 vowel=0.315-0.835 level=0.050
316	proc	296	booed	train	shiftMags=0	853.78	1.5	1.5	1.5	30	16000	3	0@0.002	0.302	0.340-0.642	230.533	1072.09	221	464	380.857	1437.53	592.003	2480.05	380.16	1439.34	595.816	2479.34	170.688	183.358	123.954	-13.8249	0.0672136	7.6875	-26.6844	0							voice marin "booed" tok=f1bf94a8123a2d06 take=0 src=tts:gpt-audio-1.5 f0=173 onset=0.304 dur=0.410 vowel=0.314-0.604 level=0.050
317	proc	297	bod	train	shiftMags=0	856.723	1.5	1.5	1.5	30	16000	3	0@0.002	0.288	0.440-0.728	-250.066	1094.64	-181	497	1039.25	1286.55	754.865	2338.37	1041.18	1287.2	754.865	2338.37	194.059	191.888	-19.4783	-9.60889	0.0887468	8.125	-27.6566	0							voice marin "bod" tok=dfb3db67879b568a take=0 src=tts:gpt-audio-1.5 f0=193 onset=0.336 dur=0.480 vowel=0.336-0.706 level=0.050
318	proc	298	bad	train	shiftMags=0	859.085	1.5	1.5	1.5	30	16000	3	0@0.002	0.382	0.368-0.750	-249.565	1004.9	-181	397	1032.97	1671.91	767.93	2650.61	1036.47	1571	770.402	2616.62	165.383	170.034	48.0109	-5.15831	0.0930439	8.1875	-26.9735	0							voice marin "bad" tok=3d7f62aedfa1943a take=0 src=tts:gpt-audio-1.5 f0=166 onset=0.362 dur=0.450 vowel=0.362-0.662 level=0.050
319	proc	299	bead	train	shiftMags=0	862.03	1.5	1.5	1.5	30	16000	3	0@0.002	0.354	0.358-0.712	240.468	670.707	233	199	328.559	2719.58	525.734	3353.64	327.948	2725.13	527.559	3359.82	171.657	197.968	246.88	-10.9341	0.0836284	7.5625	-26.4898	0							voice marin "bead" tok=a372117552211322 take=0 src=tts:gpt-audio-1.5 f0=172 onset=0.321 dur=0.470 vowel=0.331-0.671 level=0.050
320	proc	300	booed	train	shiftMags=0	864.945	1.5	1.5	1.5	30	16000	3	0@0.002	0.446	0.342-0.818	242.846	1078.85	236	469	419.33	1483.55	492.92	2492.03	419.33	1457.65	500.605	2505.08	180.77	265.184	663.406	-13.8393	0.0972372	7.6875	-26.988	0							voice marin "booed" tok=902be4d13b5aa8b5 take=1 src=tts:gpt-audio-1.5 f0=182 onset=0.298 dur=0.550 vowel=0.318-0.788 level=0.050
321	proc	301	bad	train	shiftMags=0	868.458	1.5	1.5	1.5	30	16000	3	0@0.002	0.412	0.376-0.804	-312.393	993.087	-220	381	1100.24	1706.35	772.718	2698.35	1104.44	1689.99	774.171	2696.94	160.965	162.079	11.9475	-4.90054	0.11543	8.25	-26.8349	0							voice marin "bad" tok=a37daa161b544c71 take=1 src=tts:gpt-audio-1.5 f0=160 onset=0.333 dur=0.560 vowel=0.353-0.783 level=0.050
322	proc	302	bead	train	shiftMags=0	871.423	1.5	1.5	1.5	30	16000	3	0@0.002	0.352	0.422-0.798	230.248	656.68	221	193	334.106	2964.15	478.547	3212.37	330.93	2979.89	479.633	3214.85	190.789	190.346	-4.02966	-11.1967	0.0594338	7.6875	-27.3968	1	0.985+15.4ms						voice marin "bead" tok=9e4287b5aa73f3b5 take=1 src=tts:gpt-audio-1.5 f0=188 onset=0.317 dur=0.580 vowel=0.407-0.837 level=0.050
323	proc	303	bod	train	shiftMags=0	874.411	1.5	1.5	1.5	30	16000	3	0@0.002	0.43	0.386-0.822	-213.336	1098.29	-157	497	977.142	1266.87	719.154	2306.66	977.562	1270.3	715.67	2329.02	175.938	174.516	-14.049	-9.50263	0.0870823	8.0625	-26.5636	0							voice marin "bod" tok=b9e4194af6f2b078 take=1 src=tts:gpt-audio-1.5 f0=175 onset=0.365 dur=0.480 vowel=0.365-0.795 level=0.050
324	proc	304	bad	train	shiftMags=0	877.296	1.5	1.5	1.5	30	16000	3	0@0.002	0.334	0.422-0.780	-267.295	966.341	-192	359	1060.7	1785.7	784.931	2819.71	1073.64	1759.51	789.26	2827.96	180.417	184.772	41.2908	-5.08495	0.095905	8.25	-27.4126	0							voice marin "bad" tok=caf02ef7d1bd523b take=2 src=tts:gpt-audio-1.5 f0=177 onset=0.322 dur=0.480 vowel=0.412-0.752 level=0.050
325	proc	305	bod	train	shiftMags=0	879.963	1.5	1.5	1.5	30	16000	3	0@0.002	0.326	0.462-0.788	-167.2	1056.41	-126	442	957.466	1281.47	749.777	2327.09	959.894	1297.07	750.383	2346.78	191.091	189.07	-18.4085	-8.87562	0.113446	8.125	-27.5291	0							voice marin "bod" tok=023f452979d38028 take=2 src=tts:gpt-audio-1.5 f0=190 onset=0.369 dur=0.420 vowel=0.449-0.699 level=0.050
326	proc	306	booed	train	shiftMags=0	882.867	1.5	1.5	1.5	30	16000	3	0@0.002	0.41	0.364-0.774	200.858	1075.22	189	464	434.213	1405.93	561.404	2515.08	434.213	1405.93	561.404	2515.08	178.801	196.185	160.625	-13.7478	0.0535045	7.5625	-27.539	0							voice marin "booed" tok=14c84fb17354a4d5 take=2 src=tts:gpt-audio-1.5 f0=183 onset=0.324 dur=0.470 vowel=0.324-0.744 level=0.050
327	proc	307	bead	train	shiftMags=0	885.232	1.5	1.5	1.5	30	16000	3	0@0.002	0.426	0.344-0.792	233.625	708.02	225	215	302.558	2944.58	467.394	3264.05	302.558	3022.26	481.613	3272.8	182.114	194.894	117.417	-11.2862	0.0901922	7.6875	-26.7543	0							voice marin "bead" tok=3f9e29f56a432304 take=2 src=tts:gpt-audio-1.5 f0=180 onset=0.306 dur=0.490 vowel=0.326-0.756 level=0.050
328	proc	308	booed	train	shiftMags=0	887.582	1.5	1.5	1.5	30	16000	3	0@0.002	0.416	0.406-0.846	204.688	1104.77	193	508	435.408	1253.98	526.701	2419.23	423.906	1260.89	526.701	2419.23	183.151	201.674	166.797	-14.0923	0.0526864	7.5625	-27.547	0							voice marin "booed" tok=0d71012df416cd6a take=3 src=tts:gpt-audio-1.5 f0=180 onset=0.293 dur=0.570 vowel=0.293-0.813 level=0.050
329	proc	309	bod	train	shiftMags=0	889.936	1.5	1.5	1.5	30	16000	3	0@0.002	0.34	0.454-0.794	-237.134	1097.87	-173	502	986.317	1234.41	680.636	2350.76	1002.19	1247.17	687.427	2351.18	168.935	165.995	-30.3963	-10.0589	0.110947	8	-28.5184	0							voice marin "bod" tok=73625630c45e2449 take=3 src=tts:gpt-audio-1.5 f0=170 onset=0.316 dur=0.610 vowel=0.436-0.756 level=0.050
330	proc	310	bead	train	shiftMags=0	892.707	1.5	1.5	1.5	30	16000	3	0@0.002	0.316	0.316-0.632	253.61	601.732	248	171	357.664	2805.81	520.079	3311.45	329.927	2966.83	512.985	3400	162.362	170.502	84.686	-10.7894	0.0938863	7.625	-27.3959	0							voice marin "bead" tok=73ee56b912b6f51d take=3 src=tts:gpt-audio-1.5 f0=162 onset=0.311 dur=0.440 vowel=0.311-0.541 level=0.050
331	proc	311	bad	train	shiftMags=0	895.677	1.5	1.5	1.5	30	16000	3	0@0.002	0.366	0.358-0.740	-292.314	977.373	-208	370	1116.28	1791.78	770.93	2684.86	1116.28	1791.78	770.93	2684.86	187.435	192.327	44.6024	-4.30389	0.117538	8.25	-27.6622	0							voice marin "bad" tok=c93ede36cd960b12 take=3 src=tts:gpt-audio-1.5 f0=184 onset=0.332 dur=0.480 vowel=0.332-0.622 level=0.050
332	proc	312	bad	train	shiftMags=0	898.073	1.5	1.5	1.5	30	16000	3	0@0.002	0.38	0.296-0.676	-243.872	1006.24	-177	394.5	1020.79	1701.49	766.694	2658.76	1038.94	1571.91	772.173	2657.07	165.94	169.659	38.3698	-5.03314	0.101377	8.1875	-26.9734	0							voice marin "bad" tok=3d7f62aedfa1943a take=0 src=tts:gpt-audio-1.5 f0=166 onset=0.289 dur=0.450 vowel=0.289-0.589 level=0.050
333	proc	313	bead	train	shiftMags=0	900.426	1.5	1.5	1.5	30	16000	3	0@0.002	0.352	0.366-0.718	238.005	670.51	229	199	330.64	2718.87	543.475	3342.01	330.146	2727.07	545.366	3349	169.726	197.746	264.538	-10.5494	0.0759352	7.5625	-26.49	0							voice marin "bead" tok=a372117552211322 take=0 src=tts:gpt-audio-1.5 f0=172 onset=0.329 dur=0.470 vowel=0.339-0.679 level=0.050
334	proc	314	bod	train	shiftMags=0	903.34	1.5	1.5	1.5	30	16000	3	0@0.002	0.288	0.444-0.732	-250.004	1094.76	-181	497	1037.87	1290.35	756.236	2339.76	1039.91	1295.27	754.935	2338.72	193.618	192.503	-10.0013	-9.70003	0.0596545	8.125	-27.6565	0							voice marin "bod" tok=dfb3db67879b568a take=0 src=tts:gpt-audio-1.5 f0=193 onset=0.340 dur=0.480 vowel=0.340-0.710 level=0.050
335	proc	315	booed	train	shiftMags=0	906.248	1.5	1.5	1.5	30	16000	3	0@0.002	0.31	0.388-0.702	230.676	1072.19	221	464	386.409	1430.23	596.589	2495.32	385.116	1431.2	596.778	2481.69	171.063	196.205	237.399	-12.6302	0.0818525	7.6875	-26.6844	1	1.485+15.4ms						voice marin "booed" tok=f1bf94a8123a2d06 take=0 src=tts:gpt-audio-1.5 f0=173 onset=0.351 dur=0.410 vowel=0.361-0.651 level=0.050
336	proc	316	bad	train	shiftMags=0	908.594	1.5	1.5	1.5	30	16000	3	0@0.002	0.412	0.374-0.802	-311.996	991.074	-220	381	1099.73	1703.96	772.748	2588.95	1104.83	1692.7	773.177	2588.95	160.532	158.191	-25.4345	-5.02853	0.107557	8.25	-26.834	0							voice marin "bad" tok=a37daa161b544c71 take=1 src=tts:gpt-audio-1.5 f0=160 onset=0.331 dur=0.560 vowel=0.351-0.781 level=0.050
337	proc	317	booed	train	shiftMags=0	910.869	1.5	1.5	1.5	30	16000	3	0@0.002	0.446	0.384-0.860	237.134	1078.95	229	469	422.36	1484.13	490.138	2518.51	422.145	1461.61	491.472	2529.25	180.955	258.676	618.621	-13.3247	0.0938083	7.6875	-26.9879	0							voice marin "booed" tok=902be4d13b5aa8b5 take=1 src=tts:gpt-audio-1.5 f0=182 onset=0.341 dur=0.550 vowel=0.361-0.831 level=0.050
338	proc	318	bod	train	shiftMags=0	913.327	1.5	1.5	1.5	30	16000	3	0@0.002	0.418	0.380-0.816	-213.246	1100.13	-157	502	977.37	1246.89	718.261	2289.58	978.764	1262.43	715.45	2291.68	175.824	174.214	-15.9281	-8.9999	0.13031	8.0625	-26.5628	0							voice marin "bod" tok=b9e4194af6f2b078 take=1 src=tts:gpt-audio-1.5 f0=175 onset=0.358 dur=0.480 vowel=0.358-0.788 level=0.050
339	proc	319	bead	train	shiftMags=0	915.782	1.5	1.5	1.5	30	16000	3	0@0.002	0.354	0.442-0.820	230.41	657.839	221	193	332.943	2962.85	475.31	3243.22	329.867	2980.16	475.362	3237.68	190.868	195.971	45.6712	-11.3026	0.0667946	7.6875	-27.3975	0							voice marin "bead" tok=9e4287b5aa73f3b5 take=1 src=tts:gpt-audio-1.5 f0=188 onset=0.336 dur=0.580 vowel=0.426-0.856 level=0.050
340	proc	320	booed	train	shiftMags=0	918.038	1.5	1.5	1.5	30	16000	3	0@0.002	0.414	0.350-0.764	197.608	1076.76	185	464	431.63	1411.88	596.81	2501.45	431.63	1411.88	596.81	2501.45	179.69	196.558	155.342	-13.5718	0.0618415	7.625	-27.5383	0							voice marin "booed" tok=14c84fb17354a4d5 take=2 src=tts:gpt-audio-1.5 f0=183 onset=0.312 dur=0.470 vowel=0.312-0.732 level=0.050
341	proc	321	bad	train	shiftMags=0	920.397	1.5	1.5	1.5	30	16000	3	0@0.002	0.34	0.422-0.778	-262.858	965.687	-189	359	1056.67	1781.82	775.927	2819.81	1073.06	1763.49	775.967	2819.81	181.514	182.768	11.9207	-5.14687	0.0944282	8.25	-27.413	0							voice marin "bad" tok=caf02ef7d1bd523b take=2 src=tts:gpt-audio-1.5 f0=177 onset=0.321 dur=0.480 vowel=0.411-0.751 level=0.050
342	proc	322	bead	train	shiftMags=0	923.273	1.5	1.5	1.5	30	16000	3	0@0.002	0.426	0.398-0.848	234.162	710.883	225	215	300.553	2925.93	491.185	3266.26	300.553	2991.42	493.768	3266.26	181.837	179.214	-25.159	-11.4081	0.0802723	7.625	-26.7542	1	0.985+15.4ms						voice marin "bead" tok=3f9e29f56a432304 take=2 src=tts:gpt-audio-1.5 f0=180 onset=0.361 dur=0.490 vowel=0.381-0.811 level=0.050
343	proc	323	bod	train	shiftMags=0	925.571	1.5	1.5	1.5	30	16000	3	0@0.002	0.324	0.408-0.732	-166.694	1057.49	-125.5	444.5	962.315	1285.46	749.702	2368.31	964.037	1304.82	749.913	2377.1	190.857	189.538	-12.0029	-8.80172	0.116748	8.125	-27.5297	0							voice marin "bod" tok=023f452979d38028 take=2 src=tts:gpt-audio-1.5 f0=190 onset=0.315 dur=0.420 vowel=0.395-0.645 level=0.050
344	proc	324	bead	train	shiftMags=0	928.163	1.5	1.5	1.5	30	16000	3	0@0.002	0.316	0.322-0.638	253.723	601.496	248	171	357.333	2805.2	510.296	3327.69	331.337	3131.92	510.296	3391.68	164.481	163.577	-9.53738	-10.5956	0.0998802	7.625	-27.3955	0							voice marin "bead" tok=73ee56b912b6f51d take=3 src=tts:gpt-audio-1.5 f0=162 onset=0.318 dur=0.440 vowel=0.318-0.548 level=0.050
345	proc	325	booed	train	shiftMags=0	930.95	1.5	1.5	1.5	30	16000	3	0@0.002	0.416	0.402-0.842	204.75	1103.98	193	508	436.8	1253.33	541.53	2427.18	431.297	1255.85	542.569	2425.6	183.421	216.44	286.572	-14.2821	0.0586336	7.5625	-27.5473	0							voice marin "booed" tok=0d71012df416cd6a take=3 src=tts:gpt-audio-1.5 f0=180 onset=0.289 dur=0.570 vowel=0.289-0.809 level=0.050
346	proc	326	bad	train	shiftMags=0	933.736	1.5	1.5	1.5	30	16000	3	0@0.002	0.366	0.334-0.714	-286.789	974.616	-204	370	1110.06	1772.26	760.478	2631.05	1110.06	1772.26	760.478	2631.05	188.925	194.408	49.5254	-4.38649	0.124541	8.25	-27.6625	0							voice marin "bad" tok=c93ede36cd960b12 take=3 src=tts:gpt-audio-1.5 f0=184 onset=0.307 dur=0.480 vowel=0.307-0.597 level=0.050
347	proc	327	bod	train	shiftMags=0	936.218	1.5	1.5	1.5	30	16000	3	0@0.002	0.34	0.506-0.846	-237.03	1097.95	-173	502	993.022	1244.49	690.605	2349.28	1009.05	1256.5	700.918	2354.01	168.995	171.971	30.2199	-10.412	0.111875	8	-28.5185	0							voice marin "bod" tok=73625630c45e2449 take=3 src=tts:gpt-audio-1.5 f0=170 onset=0.368 dur=0.610 vowel=0.488-0.808 level=0.050
348	proc	328	booed	train	shiftMags=0	938.568	1.5	1.5	1.5	30	16000	3	0@0.002	0.302	0.410-0.712	230.206	1072.55	221	464	381.726	1436.79	600.186	2475.92	380.834	1438.74	601.049	2474.06	170.43	189.231	181.162	-13.8595	0.0658038	7.6875	-26.6841	0							voice marin "booed" tok=f1bf94a8123a2d06 take=0 src=tts:gpt-audio-1.5 f0=173 onset=0.374 dur=0.410 vowel=0.384-0.674 level=0.050
349	proc	329	bad	train	shiftMags=0	941.138	1.5	1.5	1.5	30	16000	3	0@0.002	0.38	0.292-0.672	-246.76	1006.71	-179	397	1032.21	1630.9	767.384	2624.74	1040.84	1588.78	771.779	2624.74	164.84	167.782	30.6265	-4.97336	0.0951999	8.1875	-26.9734	0							voice marin "bad" tok=3d7f62aedfa1943a take=0 src=tts:gpt-audio-1.5 f0=166 onset=0.285 dur=0.450 vowel=0.285-0.585 level=0.050
350	proc	330	bod	train	shiftMags=0	943.658	1.5	1.5	1.5	30	16000	3	0@0.002	0.288	0.428-0.716	-249.971	1094.24	-181	494	1037.32	1288.7	754.811	2343.18	1043.53	1289.34	755.349	2343.18	193.94	191.905	-18.2588	-9.77991	0.0563121	8.125	-27.658	0							voice marin "bod" tok=dfb3db67879b568a take=0 src=tts:gpt-audio-1.5 f0=193 onset=0.324 dur=0.480 vowel=0.324-0.694 level=0.050
351	proc	331	bead	train	shiftMags=0	947.244	1.5	1.5	1.5	30	16000	3	0@0.002	0.354	0.336-0.690	240.918	670.536	233	199	330.155	2719.74	538.026	3346.26	330.089	2728.22	537.147	3354.04	172.685	193.575	197.694	-10.9164	0.0760133	7.5625	-26.4906	0							voice marin "bead" tok=a372117552211322 take=0 src=tts:gpt-audio-1.5 f0=172 onset=0.300 dur=0.470 vowel=0.310-0.650 level=0.050
352	proc	332	bod	train	shiftMags=0	949.713	1.5	1.5	1.5	30	16000	3	0@0.002	0.424	0.328-0.764	-213.281	1099.53	-157	499.5	972.766	1249.88	712.969	2295.19	977.136	1259.05	711.169	2299.43	176.542	174.177	-23.345	-8.93898	0.134584	8.0625	-26.5625	0							voice marin "bod" tok=b9e4194af6f2b078 take=1 src=tts:gpt-audio-1.5 f0=175 onset=0.307 dur=0.480 vowel=0.307-0.737 level=0.050
353	proc	333	bad	train	shiftMags=0	952.319	1.5	1.5	1.5	30	16000	3	0@0.002	0.412	0.346-0.776	-308.59	986.714	-218	375	1100.38	1706.39	771.759	2610.28	1104.99	1690.12	772.323	2607.68	160.814	163.006	23.4346	-5.07745	0.110056	8.25	-26.8338	0							voice marin "bad" tok=a37daa161b544c71 take=1 src=tts:gpt-audio-1.5 f0=160 onset=0.303 dur=0.560 vowel=0.323-0.753 level=0.050
354	proc	334	bead	train	shiftMags=0	955.3	1.5	1.5	1.5	30	16000	3	0@0.002	0.356	0.434-0.812	230.349	656.877	221	193	333.489	2969.34	482.781	3217.16	331.39	2979.27	483.899	3212	190.676	193.765	27.8231	-11.4986	0.0683132	7.6875	-27.3965	0							voice marin "bead" tok=9e4287b5aa73f3b5 take=1 src=tts:gpt-audio-1.5 f0=188 onset=0.328 dur=0.580 vowel=0.418-0.848 level=0.050
355	proc	335	booed	train	shiftMags=0	957.556	1.5	1.5	1.5	30	16000	3	0@0.002	0.446	0.390-0.864	242.991	1081.37	236	469	422.733	1497.5	458.717	2501.18	422.733	1455.87	462.693	2510.97	180.801	260.585	632.827	-13.5762	0.0888365	7.6875	-26.9885	1	1.485+15.4ms						voice marin "booed" tok=902be4d13b5aa8b5 take=1 src=tts:gpt-audio-1.5 f0=182 onset=0.346 dur=0.550 vowel=0.366-0.836 level=0.050
356	proc	336	bead	train	shiftMags=0	959.979	1.5	1.5	1.5	30	16000	3	0@0.002	0.43	0.344-0.794	233.975	711.052	225	215	304.027	2935.95	514.573	3266.34	303.092	3064.51	530.068	3272.13	182.452	178.133	-41.4712	-11.605	0.0721666	7.625	-26.754	0							voice marin "bead" tok=3f9e29f56a432304 take=2 src=tts:gpt-audio-1.5 f0=180 onset=0.307 dur=0.490 vowel=0.327-0.757 level=0.050
357	proc	337	bod	train	shiftMags=0	962.866	1.5	1.5	1.5	30	16000	3	0@0.002	0.326	0.466-0.792	-171.887	1055.07	-129	442	957.632	1292.75	751.85	2358.19	962.731	1309.8	754.442	2368.13	191.243	188.223	-27.5552	-8.34327	0.118059	8.125	-27.5297	0							voice marin "bod" tok=023f452979d38028 take=2 src=tts:gpt-audio-1.5 f0=190 onset=0.373 dur=0.420 vowel=0.453-0.703 level=0.050
358	proc	338	booed	train	shiftMags=0	965.49	1.5	1.5	1.5	30	16000	3	0@0.002	0.412	0.320-0.734	200.872	1076.93	189	464	432.976	1411.74	545.588	2507.02	432.976	1411.74	545.588	2507.02	179.74	192.831	121.715	-13.8401	0.0531167	7.625	-27.5386	0							voice marin "booed" tok=14c84fb17354a4d5 take=2 src=tts:gpt-audio-1.5 f0=183 onset=0.281 dur=0.470 vowel=0.281-0.701 level=0.050
359	proc	339	bad	train	shiftMags=0	968.328	1.5	1.5	1.5	30	16000	3	0@0.002	0.34	0.466-0.822	-264.841	964.423	-190.5	359	1074.77	1779.78	784.617	2822.44	1075.36	1758.58	787.316	2824.75	180.641	186.099	51.5352	-4.99792	0.0948161	8.25	-27.4124	0							voice marin "bad" tok=caf02ef7d1bd523b take=2 src=tts:gpt-audio-1.5 f0=177 onset=0.365 dur=0.480 vowel=0.455-0.795 level=0.050
360	proc	340	bod	train	shiftMags=0	970.637	1.5	1.5	1.5	30	16000	3	0@0.002	0.34	0.490-0.830	-237.076	1096.74	-173	502	981.959	1234.21	688.277	2347.83	1004.1	1235.78	688.63	2350.24	169.811	171.743	19.5831	-10.3251	0.109469	8	-28.5191	0							voice marin "bod" tok=73625630c45e2449 take=3 src=tts:gpt-audio-1.5 f0=170 onset=0.352 dur=0.610 vowel=0.472-0.792 level=0.050
361	proc	341	bead	train	shiftMags=0	973.63	1.5	1.5	1.5	30	16000	3	0@0.002	0.318	0.294-0.612	253.669	602.096	248	171	351.867	2819.95	492.412	3329.17	329.385	2987.9	496.937	3387.62	164.014	163.65	-3.84386	-10.5879	0.102887	7.625	-27.3962	0							voice marin "bead" tok=73ee56b912b6f51d take=3 src=tts:gpt-audio-1.5 f0=162 onset=0.290 dur=0.440 vowel=0.290-0.520 level=0.050
362	proc	342	booed	train	shiftMags=0	975.882	1.5	1.5	1.5	30	16000	3	0@0.002	0.416	0.466-0.906	204.764	1104.28	193	508	436.45	1254.21	494.831	2411.55	425.156	1261.8	494.831	2411.55	182.416	191.608	85.1052	-14.1917	0.0581501	7.625	-27.5472	1	0.985+15.4ms						voice marin "booed" tok=0d71012df416cd6a take=3 src=tts:gpt-audio-1.5 f0=180 onset=0.354 dur=0.570 vowel=0.354-0.874 level=0.050
363	proc	343	bad	train	shiftMags=0	978.721	1.5	1.5	1.5	30	16000	3	0@0.002	0.368	0.324-0.706	-289.423	976.824	-206	370	1110.03	1775.26	772.459	2633.86	1110.03	1775.26	772.459	2633.86	187.328	192.231	44.7308	-4.3165	0.131721	8.25	-27.662	0							voice marin "bad" tok=c93ede36cd960b12 take=3 src=tts:gpt-audio-1.5 f0=184 onset=0.298 dur=0.480 vowel=0.298-0.588 level=0.050
364	proc	344	booed	train	shiftMags=0	981.155	1.5	1.5	1.5	30	16000	3	0@0.002	0.31	0.388-0.704	230.538	1072.12	221	464	383.491	1434.05	591.085	2477.63	381.302	1438.46	594.967	2474.27	171.439	184.066	123.037	-13.4856	0.0683431	7.6875	-26.6839	0							voice marin "booed" tok=f1bf94a8123a2d06 take=0 src=tts:gpt-audio-1.5 f0=173 onset=0.353 dur=0.410 vowel=0.363-0.653 level=0.050
365	proc	345	bod	train	shiftMags=0	983.939	1.5	1.5	1.5	30	16000	3	0@0.002	0.29	0.468-0.758	-249.983	1094.75	-181	491	1038.28	1287.9	753.771	2337.08	1043.2	1288.64	754.94	2338.5	193.142	191.782	-12.2336	-9.73501	0.0491387	8.125	-27.6562	0							voice marin "bod" tok=dfb3db67879b568a take=0 src=tts:gpt-audio-1.5 f0=193 onset=0.365 dur=0.480 vowel=0.365-0.735 level=0.050
366	proc	346	bead	train	shiftMags=0	986.793	1.5	1.5	1.5	30	16000	3	0@0.002	0.354	0.368-0.722	240.691	670.206	233	199	329.514	2716.52	531.111	3350.99	327.42	2721.34	528.374	3362.95	171.524	185.178	132.606	-10.6403	0.0774873	7.5625	-26.49	0							voice marin "bead" tok=a372117552211322 take=0 src=tts:gpt-audio-1.5 f0=172 onset=0.332 dur=0.470 vowel=0.342-0.682 level=0.050
367	proc	347	bad	train	shiftMags=0	989.594	1.5	1.5	1.5	30	16000	3	0@0.002	0.382	0.328-0.710	-237.044	1005.39	-173	397	1033.04	1672.27	766.311	2600.61	1037.1	1571.7	767.813	2600.61	166.525	169.063	26.181	-5.17977	0.088963	8.1875	-26.9734	0							voice marin "bad" tok=3d7f62aedfa1943a take=0 src=tts:gpt-audio-1.5 f0=166 onset=0.322 dur=0.450 vowel=0.322-0.622 level=0.050
368	proc	348	bead	train	shiftMags=0	992.56	1.5	1.5	1.5	30	16000	3	0@0.002	0.352	0.404-0.782	230.345	656.41	221	193	327.751	2979.04	468.108	3220.26	325.743	2983.5	468.576	3214.72	191.202	195.063	34.6113	-11.284	0.0520396	7.625	-27.3967	0							voice marin "bead" tok=9e4287b5aa73f3b5 take=1 src=tts:gpt-audio-1.5 f0=188 onset=0.300 dur=0.580 vowel=0.390-0.820 level=0.050
369	proc	349	bod	train	shiftMags=0	994.977	1.5	1.5	1.5	30	16000	3	0@0.002	0.424	0.354-0.790	-213.305	1099.39	-157	499.5	979.273	1263.59	711.419	2287.4	980.553	1272.46	711.3	2298.97	175.204	173.697	-14.9567	-9.09456	0.12575	8.0625	-26.5637	0							voice marin "bod" tok=b9e4194af6f2b078 take=1 src=tts:gpt-audio-1.5 f0=175 onset=0.333 dur=0.480 vowel=0.333-0.763 level=0.050
370	proc	350	booed	train	shiftMags=0	997.866	1.5	1.5	1.5	30	16000	3	0@0.002	0.446	0.386-0.862	240.802	1078.59	233	469	423.738	1495.07	481.953	2512.41	423.738	1444.12	481.953	2512.82	181.921	265.594	655.091	-14.243	0.0714363	7.6875	-26.9878	0							voice marin "booed" tok=902be4d13b5aa8b5 take=1 src=tts:gpt-audio-1.5 f0=182 onset=0.343 dur=0.550 vowel=0.363-0.833 level=0.050
371	proc	351	bad	train	shiftMags=0	1000.58	1.5	1.5	1.5	30	16000	3	0@0.002	0.41	0.388-0.816	-311.662	987.923	-220	381	1098.63	1709.52	775.979	2601.61	1103.4	1696.4	776.784	2601.61	160.846	162.445	17.1245	-5.04241	0.102656	8.25	-26.8348	0							voice marin "bad" tok=a37daa161b544c71 take=1 src=tts:gpt-audio-1.5 f0=160 onset=0.345 dur=0.560 vowel=0.365-0.795 level=0.050
372	proc	352	bod	train	shiftMags=0	1002.97	1.5	1.5	1.5	30	16000	3	0@0.002	0.326	0.440-0.766	-167.171	1060.18	-126	447	957.339	1282.79	754.277	2329.3	962.175	1299.39	751.887	2350.81	191.026	190.309	-6.51322	-8.8605	0.0775567	8.1875	-27.5305	0							voice marin "bod" tok=023f452979d38028 take=2 src=tts:gpt-audio-1.5 f0=190 onset=0.348 dur=0.420 vowel=0.428-0.678 level=0.050
373	proc	353	bead	train	shiftMags=0	1005.38	1.5	1.5	1.5	30	16000	3	0@0.002	0.426	0.326-0.776	230.862	707.985	221	215	306.694	2934.82	495.18	3275.87	297.855	2995.24	512.705	3276.68	182.518	194.237	107.737	-11.7144	0.0873894	7.6875	-26.7537	0							voice marin "bead" tok=3f9e29f56a432304 take=2 src=tts:gpt-audio-1.5 f0=180 onset=0.289 dur=0.490 vowel=0.309-0.739 level=0.050
374	proc	354	bad	train	shiftMags=0	1007.7	1.5	1.5	1.5	30	16000	3	0@0.002	0.34	0.382-0.738	-264.789	964.678	-190.5	359	1055.71	1781.15	778.998	2818.69	1071.83	1761.51	780.626	2819.21	180.285	184.06	35.8807	-5.13395	0.0935496	8.25	-27.4125	0							voice marin "bad" tok=caf02ef7d1bd523b take=2 src=tts:gpt-audio-1.5 f0=177 onset=0.281 dur=0.480 vowel=0.371-0.711 level=0.050
375	proc	355	booed	train	shiftMags=0	1010.62	1.5	1.5	1.5	30	16000	3	0@0.002	0.414	0.324-0.738	201.18	1077.67	189	464	429.495	1398.15	531.233	2508.81	429.495	1398.15	531.233	2508.81	179.485	225.267	393.328	-13.8595	0.055545	7.5625	-27.5389	1	1.485+15.4ms						voice marin "booed" tok=14c84fb17354a4d5 take=2 src=tts:gpt-audio-1.5 f0=183 onset=0.285 dur=0.470 vowel=0.285-0.705 level=0.050
376	proc	356	booed	train	shiftMags=0	1013.12	1.5	1.5	1.5	30	16000	3	0@0.002	0.416	0.434-0.874	208.8	1104.17	197	508	435.117	1253.71	500.353	2399.86	430.628	1259.68	504.227	2400.39	182.871	182.843	-0.268898	-14.0929	0.0556256	7.5625	-27.5477	0							voice marin "booed" tok=0d71012df416cd6a take=3 src=tts:gpt-audio-1.5 f0=180 onset=0.322 dur=0.570 vowel=0.322-0.842 level=0.050
377	proc	357	bod	train	shiftMags=0	1015.63	1.5	1.5	1.5	30	16000	3	0@0.002	0.34	0.432-0.772	-237.242	1098.25	-173	502	978.676	1233.58	689.083	2348.92	1006.63	1237.52	692.153	2350.12	169.792	172.876	31.162	-10.0819	0.111578	8	-28.5186	0							voice marin "bod" tok=73625630c45e2449 take=3 src=tts:gpt-audio-1.5 f0=170 onset=0.293 dur=0.610 vowel=0.413-0.733 level=0.050
378	proc	358	bead	train	shiftMags=0	1017.97	1.5	1.5	1.5	30	16000	3	0@0.002	0.316	0.286-0.602	253.604	601.968	248	171	357.517	2818.52	523.832	3346.99	329.136	3116.39	518.937	3389.29	162.422	163.627	12.7987	-10.6896	0.098457	7.625	-27.3964	0							voice marin "bead" tok=73ee56b912b6f51d take=3 src=tts:gpt-audio-1.5 f0=162 onset=0.281 dur=0.440 vowel=0.281-0.511 level=0.050
379	proc	359	bad	train	shiftMags=0	1020.83	1.5	1.5	1.5	30	16000	3	0@0.002	0.37	0.370-0.752	-286.306	977.594	-204	370	1112.55	1759.77	767.152	2654.88	1112.55	1759.77	767.152	2654.88	188.749	194.196	49.2554	-4.32125	0.131175	8.25	-27.6624	0							voice marin "bad" tok=c93ede36cd960b12 take=3 src=tts:gpt-audio-1.5 f0=184 onset=0.345 dur=0.480 vowel=0.345-0.635 level=0.050
380	proc	360	bead	train	shiftMags=0	1023.49	1.5	1.5	1.5	30	16000	3	0@0.002	0.354	0.380-0.734	240.426	670.48	233	199	331.579	2717.27	527.993	3336.6	329.849	2718.84	530.199	3340	170.481	192.391	209.313	-10.7077	0.083941	7.5625	-26.4902	0							voice marin "bead" tok=a372117552211322 take=0 src=tts:gpt-audio-1.5 f0=172 onset=0.344 dur=0.470 vowel=0.354-0.694 level=0.050
381	proc	361	bod	train	shiftMags=0	1026.9	1.5	1.5	1.5	30	16000	3	0@0.002	0.304	0.472-0.780	-249.869	1093.46	-181	491	1037.31	1289.14	755.057	2342.63	1038.85	1293.41	754.976	2348.91	194.011	192.347	-14.9195	-9.67665	0.0517135	8.1875	-27.6572	0							voice marin "bod" tok=dfb3db67879b568a take=0 src=tts:gpt-audio-1.5 f0=193 onset=0.369 dur=0.480 vowel=0.369-0.739 level=0.050
382	proc	362	bad	train	shiftMags=0	1029.74	1.5	1.5	1.5	30	16000	3	0@0.002	0.38	0.352-0.732	-234.478	1008.09	-171	397	1032.21	1635.6	770.818	2650.98	1041.1	1586.56	771.965	2650.98	165.977	162.688	-34.6416	-5.1535	0.0947479	8.1875	-26.9728	1	0.985+15.4ms						voice marin "bad" tok=3d7f62aedfa1943a take=0 src=tts:gpt-audio-1.5 f0=166 onset=0.345 dur=0.450 vowel=0.345-0.645 level=0.050
383	proc	363	booed	train	shiftMags=0	1032.4	1.5	1.5	1.5	30	16000	3	0@0.002	0.304	0.332-0.646	230.648	1072.48	221	464	381.099	1438.85	593.706	2465.3	379.919	1439.76	595.64	2467.59	170.823	194.142	221.536	-13.2571	0.0675449	7.6875	-26.6846	0							voice marin "booed" tok=f1bf94a8123a2d06 take=0 src=tts:gpt-audio-1.5 f0=173 onset=0.296 dur=0.410 vowel=0.306-0.596 level=0.050
384	proc	364	bead	train	shiftMags=0	1035.24	1.5	1.5	1.5	30	16000	3	0@0.002	0.354	0.472-0.850	230.261	657.324	221	193	331.805	2960.55	473.509	3232.84	329.463	2978.18	476.933	3222.13	190.739	192.474	15.6813	-11.1181	0.0654699	7.625	-27.3969	0							voice marin "bead" tok=9e4287b5aa73f3b5 take=1 src=tts:gpt-audio-1.5 f0=188 onset=0.366 dur=0.580 vowel=0.456-0.886 level=0.050
385	proc	365	bod	train	shiftMags=0	1038.02	1.5	1.5	1.5	30	16000	3	0@0.002	0.432	0.316-0.752	-213.188	1096.6	-157	497	976.897	1268.31	715.983	2278	980.346	1269.23	711.967	2288.95	175.817	173.88	-19.1789	-9.17649	0.134595	8.0625	-26.563	0							voice marin "bod" tok=b9e4194af6f2b078 take=1 src=tts:gpt-audio-1.5 f0=175 onset=0.294 dur=0.480 vowel=0.294-0.724 level=0.050
386	proc	366	bad	train	shiftMags=0	1040.59	1.5	1.5	1.5	30	16000	3	0@0.002	0.412	0.406-0.836	-308.561	988.806	-218	381	1100.15	1706.86	770.317	2648.26	1104.5	1690.23	771.003	2598.38	160.78	162.085	13.996	-5.05227	0.114929	8.25	-26.8339	0							voice marin "bad" tok=a37daa161b544c71 take=1 src=tts:gpt-audio-1.5 f0=160 onset=0.363 dur=0.560 vowel=0.383-0.813 level=0.050
387	proc	367	booed	train	shiftMags=0	1043.11	1.5	1.5	1.5	30	16000	3	0@0.002	0.446	0.404-0.880	237.235	1078.76	229	469	423.481	1485.33	490.698	2511.55	422.498	1463.3	491.357	2514.56	180.826	255.151	596.098	-14.1031	0.074499	7.6875	-26.9879	0							voice marin "booed" tok=902be4d13b5aa8b5 take=1 src=tts:gpt-audio-1.5 f0=182 onset=0.361 dur=0.550 vowel=0.381-0.851 level=0.050
388	proc	368	booed	train	shiftMags=0	1046.03	1.5	1.5	1.5	30	16000	3	0@0.002	0.412	0.372-0.786	197.882	1072.89	185	464	432.772	1413.5	564.605	2519.15	432.772	1413.5	564.605	2519.15	177.751	188.855	104.912	-13.5803	0.0499372	7.5625	-27.5382	0							voice marin "booed" tok=14c84fb17354a4d5 take=2 src=tts:gpt-audio-1.5 f0=183 onset=0.333 dur=0.470 vowel=0.333-0.753 level=0.050
389	proc	369	bod	train	shiftMags=0	1048.42	1.5	1.5	1.5	30	16000	3	0@0.002	0.326	0.382-0.708	-171.874	1055.31	-129	442	958.254	1282.16	749.186	2324.31	960.889	1297.21	751.545	2340.82	191.116	187.977	-28.6669	-8.41567	0.111158	8.1875	-27.5286	0							voice marin "bod" tok=023f452979d38028 take=2 src=tts:gpt-audio-1.5 f0=190 onset=0.289 dur=0.420 vowel=0.369-0.619 level=0.050
390	proc	370	bead	train	shiftMags=0	1050.74	1.5	1.5	1.5	30	16000	3	0@0.002	0.43	0.330-0.780	233.649	711.72	225	215	305.351	2894.13	492.286	3269.48	305.351	2919.01	504.909	3277.38	182.026	190.232	76.3429	-11.7263	0.0875876	7.625	-26.7536	0							voice marin "bead" tok=3f9e29f56a432304 take=2 src=tts:gpt-audio-1.5 f0=180 onset=0.293 dur=0.490 vowel=0.313-0.743 level=0.050
391	proc	371	bad	train	shiftMags=0	1053.64	1.5	1.5	1.5	30	16000	3	0@0.002	0.338	0.392-0.750	-266.94	965.589	-192	359	1060.8	1784.03	767.415	2818.95	1072.52	1758.13	786.61	2819.58	180.42	185.034	43.7133	-5.07962	0.0921606	8.25	-27.4124	0							voice marin "bad" tok=caf02ef7d1bd523b take=2 src=tts:gpt-audio-1.5 f0=177 onset=0.292 dur=0.480 vowel=0.382-0.722 level=0.050
392	proc	372	bad	train	shiftMags=0	1056.4	1.5	1.5	1.5	30	16000	3	0@0.002	0.366	0.330-0.710	-292.371	974.461	-208	364	1111.75	1774.68	762.916	2666.78	1111.75	1774.68	762.916	2666.78	186.549	193.089	59.6539	-4.43023	0.114485	8.25	-27.662	0							voice marin "bad" tok=c93ede36cd960b12 take=3 src=tts:gpt-audio-1.5 f0=184 onset=0.303 dur=0.480 vowel=0.303-0.593 level=0.050
393	proc	373	bead	train	shiftMags=0	1059.35	1.5	1.5	1.5	30	16000	3	0@0.002	0.318	0.318-0.636	253.808	601.708	248	171	359.788	2798.44	510.832	3315.8	331.705	2947.02	530.709	3395.24	163.468	168.572	53.2268	-10.875	0.0923823	7.625	-27.3955	0							voice marin "bead" tok=73ee56b912b6f51d take=3 src=tts:gpt-audio-1.5 f0=162 onset=0.314 dur=0.440 vowel=0.314-0.544 level=0.050
394	proc	374	booed	train	shiftMags=0	1062.05	1.5	1.5	1.5	30	16000	3	0@0.002	0.416	0.428-0.868	203.104	1104.04	191	508	433.773	1257.38	524.63	2404.51	427.28	1257.68	520.229	2406.84	182.903	215.1	280.716	-14.3976	0.0542088	10.25	-27.5472	0							voice marin "booed" tok=0d71012df416cd6a take=3 src=tts:gpt-audio-1.5 f0=180 onset=0.316 dur=0.570 vowel=0.316-0.836 level=0.050
395	proc	375	bod	train	shiftMags=0	1065.05	1.5	1.5	1.5	30	16000	3	0@0.002	0.34	0.478-0.818	-237.286	1097.83	-173	502	998.612	1248.03	693.61	2351.39	1006.25	1259.21	694.638	2354.94	169.387	168.281	-11.3347	-9.89822	0.107533	8	-28.5193	1	1.485+15.4ms						voice marin "bod" tok=73625630c45e2449 take=3 src=tts:gpt-audio-1.5 f0=170 onset=0.339 dur=0.610 vowel=0.459-0.779 level=0.050
396	proc	376	bad	train	shiftMags=0	1067.63	1.5	1.5	1.5	30	16000	3	0@0.002	0.38	0.298-0.678	-244.06	1005.51	-177	394.5	1032.42	1676.88	775.452	2644.1	1038.13	1569.82	776.684	2644.1	166.388	163.39	-31.48	-5.13143	0.0883848	8.1875	-26.9728	0							voice marin "bad" tok=3d7f62aedfa1943a take=0 src=tts:gpt-audio-1.5 f0=166 onset=0.292 dur=0.450 vowel=0.292-0.592 level=0.050
397	proc	377	booed	train	shiftMags=0	1069.92	1.5	1.5	1.5	30	16000	3	0@0.002	0.304	0.328-0.642	230.368	1072.25	221	464	384.436	1432.03	594.193	2476.2	381.3	1437.51	596.008	2474.9	169.823	188.721	182.672	-13.4592	0.0726011	7.6875	-26.6837	0							voice marin "booed" tok=f1bf94a8123a2d06 take=0 src=tts:gpt-audio-1.5 f0=173 onset=0.292 dur=0.410 vowel=0.302-0.592 level=0.050
398	proc	378	bead	train	shiftMags=0	1072.67	1.5	1.5	1.5	30	16000	3	0@0.002	0.354	0.352-0.706	237.804	670.394	229	199	329.417	2721.26	534.448	3341.1	329.28	2723.35	534.752	3341.45	171.334	189.528	174.719	-10.8966	0.07547	7.5625	-26.4898	0							voice marin "bead" tok=a372117552211322 take=0 src=tts:gpt-audio-1.5 f0=172 onset=0.315 dur=0.470 vowel=0.325-0.665 level=0.050
399	proc	379	bod	train	shiftMags=0	1075.11	1.5	1.5	1.5	30	16000	3	0@0.002	0.304	0.430-0.736	-249.939	1093.59	-181	491	1033.84	1284.37	755.965	2341.5	1039.95	1286.19	755.965	2341.5	193.623	193.213	-3.66601	-9.78421	0.0474744	8.1875	-27.6574	0							voice marin "bod" tok=dfb3db67879b568a take=0 src=tts:gpt-audio-1.5 f0=193 onset=0.327 dur=0.480 vowel=0.327-0.697 level=0.050
400	proc	380	bead	train	shiftMags=0	1077.66	1.5	1.5	1.5	30	16000	3	0@0.002	0.352	0.400-0.776	230.325	657.269	221	193	328.69	2953.32	483.448	3213.14	328.632	2972.33	487.998	3222.78	190.188	190.415	2.06789	-11.4502	0.0673605	7.625	-27.3969	0							voice marin "bead" tok=9e4287b5aa73f3b5 take=1 src=tts:gpt-audio-1.5 f0=188 onset=0.295 dur=0.580 vowel=0.385-0.815 level=0.050
401	proc	381	bad	train	shiftMags=0	1080.18	1.5	1.5	1.5	30	16000	3	0@0.002	0.41	0.394-0.822	-311.576	992.052	-220	381	1099.89	1703.78	777.759	2586.24	1104.85	1692.74	778.273	2586.24	160.555	160.543	-0.132813	-5.11774	0.117709	8.25	-26.8342	0							voice marin "bad" tok=a37daa161b544c71 take=1 src=tts:gpt-audio-1.5 f0=160 onset=0.351 dur=0.560 vowel=0.371-0.801 level=0.050
402	proc	382	booed	train	shiftMags=0	1082.68	1.5	1.5	1.5	30	16000	3	0@0.002	0.444	0.384-0.860	237.651	1078.92	229	469	424.205	1484.91	463.645	2519.26	423.297	1461.88	470.756	2533.3	180.956	237.16	468.269	-13.3226	0.0881627	7.6875	-26.9875	1	0.985+15.4ms						voice marin "booed" tok=902be4d13b5aa8b5 take=1 src=tts:gpt-audio-1.5 f0=182 onset=0.341 dur=0.550 vowel=0.361-0.831 level=0.050
403	proc	383	bod	train	shiftMags=0	1085.32	1.5	1.5	1.5	30	16000	3	0@0.002	0.418	0.330-0.766	-213.377	1100.23	-157	502	978.155	1247.22	716.527	2296.14	980.267	1261.26	715.054	2298	175.067	174.279	-7.8091	-9.1477	0.130831	8.0625	-26.5636	0							voice marin "bod" tok=b9e4194af6f2b078 take=1 src=tts:gpt-audio-1.5 f0=175 onset=0.309 dur=0.480 vowel=0.309-0.739 level=0.050
404	proc	384	bad	train	shiftMags=0	1088.01	1.5	1.5	1.5	30	16000	3	0@0.002	0.336	0.450-0.808	-267.125	966.132	-192	359	1058.87	1780.66	780.851	2817.04	1072.06	1767.69	782.889	2817.04	180.357	182.852	23.7796	-5.18138	0.095201	8.25	-27.4126	0							voice marin "bad" tok=caf02ef7d1bd523b take=2 src=tts:gpt-audio-1.5 f0=177 onset=0.350 dur=0.480 vowel=0.440-0.780 level=0.050
405	proc	385	booed	train	shiftMags=0	1090.32	1.5	1.5	1.5	30	16000	3	0@0.002	0.41	0.358-0.768	201.085	1073.43	189	464	438.304	1413.62	543.918	2500.5	438.304	1413.62	543.918	2500.5	174.818	196.312	200.754	-13.5799	0.0504171	7.5625	-27.5382	0							voice marin "booed" tok=14c84fb17354a4d5 take=2 src=tts:gpt-audio-1.5 f0=183 onset=0.318 dur=0.470 vowel=0.318-0.738 level=0.050
406	proc	386	bod	train	shiftMags=0	1093.24	1.5	1.5	1.5	30	16000	3	0@0.002	0.326	0.460-0.786	-161.688	1058.52	-122	447	957.625	1282	755.41	2342.24	961.243	1298.04	755.41	2356.4	191.052	190.545	-4.597	-9.23364	0.0558022	8.1875	-27.53	0							voice marin "bod" tok=023f452979d38028 take=2 src=tts:gpt-audio-1.5 f0=190 onset=0.369 dur=0.420 vowel=0.449-0.699 level=0.050
407	proc	387	bead	train	shiftMags=0	1095.75	1.5	1.5	1.5	30	16000	3	0@0.002	0.428	0.330-0.780	233.731	709.795	225	215	305.319	2896.04	516.268	3278.8	305.319	2920.67	535.636	3284.02	182.042	184.836	26.3738	-11.3932	0.0839221	7.6875	-26.7535	0							voice marin "bead" tok=3f9e29f56a432304 take=2 src=tts:gpt-audio-1.5 f0=180 onset=0.293 dur=0.490 vowel=0.313-0.743 level=0.050
408	proc	388	bead	train	shiftMags=0	1098.55	1.5	1.5	1.5	30	16000	3	0@0.002	0.316	0.328-0.644	253.708	601.252	248	171	359.548	2799.11	509.589	3315.5	331.264	2955.14	509.589	3524.79	163.251	169.569	65.7429	-10.7544	0.0956989	7.625	-27.3963	0							voice marin "bead" tok=73ee56b912b6f51d take=3 src=tts:gpt-audio-1.5 f0=162 onset=0.324 dur=0.440 vowel=0.324-0.554 level=0.050
409	proc	389	booed	train	shiftMags=0	1101.06	1.5	1.5	1.5	30	16000	3	0@0.002	0.416	0.396-0.836	203.182	1103.97	191	508	435.696	1254.17	508.123	2407.57	424.398	1261.66	508.123	2407.57	182.829	205.638	203.537	-13.9301	0.0589189	7.6875	-27.5476	0							voice marin "booed" tok=0d71012df416cd6a take=3 src=tts:gpt-audio-1.5 f0=180 onset=0.283 dur=0.570 vowel=0.283-0.803 level=0.050
410	proc	390	bod	train	shiftMags=0	1103.4	1.5	1.5	1.5	30	16000	3	0@0.002	0.342	0.444-0.786	-237.045	1096.8	-173	502	988.052	1234.83	684.212	2353.32	1001.01	1248.87	688.713	2354.12	168.791	166.41	-24.5893	-9.60912	0.106737	8	-28.519	0							voice marin "bod" tok=73625630c45e2449 take=3 src=tts:gpt-audio-1.5 f0=170 onset=0.307 dur=0.610 vowel=0.427-0.747 level=0.050
411	proc	391	bad	train	shiftMags=0	1106.9	1.5	1.5	1.5	30	16000	3	0@0.002	0.366	0.376-0.756	-286.837	975.073	-204	370	1111.72	1779.93	765.18	2630.51	1111.72	1779.93	765.18	2630.51	188.033	192.235	38.2699	-4.35091	0.122256	8.25	-27.6622	0							voice marin "bad" tok=c93ede36cd960b12 take=3 src=tts:gpt-audio-1.5 f0=184 onset=0.349 dur=0.480 vowel=0.349-0.639 level=0.050
412	proc	392	bad	train	shiftMags=0	1109.32	1.5	1.5	1.5	30	16000	3	0@0.002	0.38	0.366-0.746	-243.878	1007.9	-177	397	1020.86	1701.86	768.888	2652.16	1038.93	1573.03	771.335	2650.15	165.94	169.594	37.7111	-5.05817	0.0933065	8.1875	-26.9731	0							voice marin "bad" tok=3d7f62aedfa1943a take=0 src=tts:gpt-audio-1.5 f0=166 onset=0.359 dur=0.450 vowel=0.359-0.659 level=0.050
413	proc	393	bod	train	shiftMags=0	1111.79	1.5	1.5	1.5	30	16000	3	0@0.002	0.292	0.424-0.716	-249.968	1094.61	-181	494	1040.12	1289.54	756.456	2349.76	1040.89	1292.3	755.13	2345.06	194.661	193.38	-11.4249	-9.81116	0.0492792	8.125	-27.6562	0							voice marin "bod" tok=dfb3db67879b568a take=0 src=tts:gpt-audio-1.5 f0=193 onset=0.321 dur=0.480 vowel=0.321-0.691 level=0.050
414	proc	394	bead	train	shiftMags=0	1114.55	1.5	1.5	1.5	30	16000	3	0@0.002	0.352	0.398-0.750	237.853	670.188	229	199	329.246	2717.73	539.698	3346.15	327.511	2724.81	547.854	3354.33	171.544	185.8	138.207	-10.5776	0.0794205	7.5625	-26.49	0							voice marin "bead" tok=a372117552211322 take=0 src=tts:gpt-audio-1.5 f0=172 onset=0.361 dur=0.470 vowel=0.371-0.711 level=0.050
415	proc	395	booed	train	shiftMags=0	1117.3	1.5	1.5	1.5	30	16000	3	0@0.002	0.304	0.398-0.712	233.557	1072.37	225	464	384.622	1432.46	594.315	2475.65	381.537	1437.64	594.92	2472.72	169.828	197.521	261.516	-13.3682	0.0745548	7.6875	-26.6845	1	1.485+15.4ms						voice marin "booed" tok=f1bf94a8123a2d06 take=0 src=tts:gpt-audio-1.5 f0=173 onset=0.362 dur=0.410 vowel=0.372-0.662 level=0.050
416	proc	396	bed	generalization	shiftMags=0	1124.7	1.5	1.5	1.5	30	16000	4	0@0.002	0.28	0.336-0.624	-100.242	892.287	-78	309	911.082	2082.57	466.85	1009.86	911.082	2082.57	466.85	1009.86	183.48	NaN	NaN	-4.50899	0.0813924	-6.875	-28.3701	0							voice marin "bed" tok=aa3e377b8fca74da take=0 src=tts:gpt-audio-1.5 f0=183 onset=0.293 dur=0.420 vowel=0.293-0.673 level=0.050
417	proc	397	bid	generalization	shiftMags=0	1127.25	1.5	1.5	1.5	30	16000	4	0@0.002	0.338	0.352-0.750	64.2533	873.829	55	298	613.827	2245.81	527.727	1525.28	625.902	2244.56	526.763	1508.78	174.018	NaN	NaN	-6.78849	0.0887875	35.0625	-27.4464	0							voice marin "bid" tok=4b5fd2637a8fa55c take=3 src=tts:gpt-audio-1.5 f0=170 onset=0.313 dur=0.500 vowel=0.343-0.723 level=0.050
418	proc	398	bayed	generalization	shiftMags=0	1129.85	1.5	1.5	1.5	30	16000	4	0@0.002	0.434	0.472-0.918	107.894	767.335	95	243	564.776	2499.58	444.559	1386.24	564.776	2536.19	437.382	1348.74	180.451	185.818	50.7398	-5.75426	0.0823992	51.5625	-26.7646	0							voice marin "bayed" tok=d03acd9848c61d30 take=3 src=tts:gpt-audio-1.5 f0=178 onset=0.350 dur=0.590 vowel=0.450-0.880 level=0.050
419	proc	399	bode	generalization	shiftMags=0	1132.25	1.5	1.5	1.5	30	16000	4	0@0.002	0.396	0.338-0.734	127.905	1070.61	114	458	502.989	1196.37	452.447	1470.61	502.989	1196.37	452.447	1470.61	187.925	130.375	-632.984	-5.47427	0.0986334	-32.375	-26.9344	0							voice marin "bode" tok=3bb48809135b2202 take=3 src=tts:gpt-audio-1.5 f0=175 onset=0.336 dur=0.410 vowel=0.336-0.696 level=0.050
420	proc	400	bud	generalization	shiftMags=0	1134.72	1.5	1.5	1.5	30	16000	4	0@0.002	0.266	0.406-0.672	0	1018.03	0	403	622.629	1378.11	430.187	1218.34	752.943	1484.78	417.113	1304.4	168.905	NaN	NaN	-4.77538	0.0970783	41.75	-27.9043	0							voice marin "bud" tok=9d53f8ab41e3e31a take=3 src=tts:gpt-audio-1.5 f0=175 onset=0.368 dur=0.400 vowel=0.388-0.728 level=0.050
421	proc	401	bud	generalization	shiftMags=0	1137.14	1.5	1.5	1.5	30	16000	4	0@0.002	0.37	0.400-0.788	-18.4443	966.575	-15	359	838.102	1456.98	405.523	1090.18	838.102	1456.98	405.523	1090.18	176.563	146.403	-324.284	-4.57137	0.0874322	31.4375	-27.7657	0							voice marin "bud" tok=38e9ea46b07d3ae1 take=0 src=tts:gpt-audio-1.5 f0=176 onset=0.290 dur=0.510 vowel=0.300-0.760 level=0.050
422	proc	402	bid	generalization	shiftMags=0	1139.5	1.5	1.5	1.5	30	16000	4	0@0.002	0.308	0.348-0.674	105.975	864.874	93	293	632.985	2258.38	454.089	3518.49	633.054	2258.71	609.265	3563.37	185.017	229.579	373.599	-4.83631	0.0785701	30.9375	-27.6915	0							voice marin "bid" tok=df048e0fb13b976c take=0 src=tts:gpt-audio-1.5 f0=183 onset=0.304 dur=0.370 vowel=0.334-0.644 level=0.050
423	proc	403	bed	generalization	shiftMags=0	1142	1.5	1.5	1.5	30	16000	4	0@0.002	0.27	0.496-0.860	-85.2427	879.881	-67	304	857.639	2154.36	408.074	1303.56	857.639	2154.36	408.074	1303.56	173.239	NaN	NaN	-5.37124	0.0893363	-7.875	-28.6292	0							voice marin "bed" tok=601eaa61296af10e take=1 src=tts:gpt-audio-1.5 f0=171 onset=0.355 dur=0.540 vowel=0.365-0.845 level=0.050
424	proc	404	bayed	generalization	shiftMags=0	1144.91	1.5	1.5	1.5	30	16000	4	0@0.002	0.328	0.404-0.732	193.969	745.792	181	232	540.374	2467.32	419.855	1192.94	540.374	2467.32	419.855	1192.94	189.945	241.906	418.633	-5.80927	0.0981172	-50.5625	-27.313	0							voice marin "bayed" tok=af224f0b9d7c4a1f take=0 src=tts:gpt-audio-1.5 f0=187 onset=0.289 dur=0.540 vowel=0.299-0.679 level=0.050
425	proc	405	bode	generalization	shiftMags=0	1147.81	1.5	1.5	1.5	30	16000	4	0@0.002	0.348	0.428-0.798	120.823	1088.14	107	480	638.876	1419.59	385.971	1222.62	638.876	1419.59	385.971	1222.62	169.662	193.323	226.022	-5.61603	0.0892996	-17.375	-27.2766	0							voice marin "bode" tok=70b250dfe6b199f1 take=0 src=tts:gpt-audio-1.5 f0=169 onset=0.314 dur=0.550 vowel=0.364-0.744 level=0.050
426	proc	406	bid	generalization	shiftMags=0	1150.47	1.5	1.5	1.5	30	16000	4	0@0.002	0.364	0.382-0.746	101.747	853.151	89	287	529.272	2341.2	499.402	2688.9	529.407	2374.83	472.01	2688.9	178.078	197.778	181.654	-5.71637	0.0861366	45.5625	-26.8581	0							voice marin "bid" tok=4b48453737c03753 take=1 src=tts:gpt-audio-1.5 f0=175 onset=0.370 dur=0.420 vowel=0.370-0.710 level=0.050
427	proc	407	bode	generalization	shiftMags=0	1153.23	1.5	1.5	1.5	30	16000	4	0@0.002	0.408	0.486-0.912	142.026	1097.89	128	497	629.251	1338.61	515.066	2055.69	667.587	1346.32	510.76	2055.69	186.961	174.429	-120.121	-5.82769	0.0841277	58.625	-27.3416	0							voice marin "bode" tok=bd3b300bc4b544d5 take=1 src=tts:gpt-audio-1.5 f0=183 onset=0.353 dur=0.590 vowel=0.393-0.823 level=0.050
428	proc	408	bud	generalization	shiftMags=0	1155.93	1.5	1.5	1.5	30	16000	4	0@0.002	0.312	0.472-0.784	-111.145	1010.38	-86	397	896.698	1422.29	440.333	1318.84	924.959	1424.16	446.702	1137.7	179.288	NaN	NaN	-4.9763	0.105814	26.375	-27.295	0							voice marin "bud" tok=5daef2b9a6335c8a take=1 src=tts:gpt-audio-1.5 f0=179 onset=0.327 dur=0.550 vowel=0.457-0.727 level=0.050
429	proc	409	bayed	generalization	shiftMags=0	1158.62	1.5	1.5	1.5	30	16000	4	0@0.002	0.47	0.430-0.934	189.944	747.755	177	232	519.069	2541.96	410.387	3661.96	519.069	2541.96	410.387	3661.96	166.857	137.864	-330.438	-4.60604	0.0892788	1.1875	-27.8998	0							voice marin "bayed" tok=34cb31f96c3da7a7 take=1 src=tts:gpt-audio-1.5 f0=163 onset=0.295 dur=0.660 vowel=0.315-0.895 level=0.050
430	proc	410	bed	generalization	shiftMags=0	1161.21	1.5	1.5	1.5	30	16000	4	0@0.002	0.232	0.400-0.632	-105.623	891.457	-82	309	NaN	NaN	NaN	NaN					165.41	NaN	NaN	-5.58071	0.0854396	56.4375	-26.7417	0							voice marin "bed" tok=32b135a5a5675445 take=2 src=tts:gpt-audio-1.5 f0=164 onset=0.363 dur=0.340 vowel=0.383-0.583 level=0.050
431	proc	411	bud	generalization	shiftMags=0	1163.96	1.5	1.5	1.5	30	16000	4	0@0.002	0.364	0.360-0.766	-72.0435	951.38	-57	348	884.234	1597.87	464.423	1197.97	884.234	1597.87	464.423	1197.97	172.395	NaN	NaN	-5.77681	0.0996673	28.9375	-27.5068	0							voice marin "bud" tok=1a0e0a6bae68725a take=2 src=tts:gpt-audio-1.5 f0=172 onset=0.327 dur=0.440 vowel=0.327-0.727 level=0.050
432	proc	412	bed	generalization	shiftMags=0	1166.49	1.5	1.5	1.5	30	16000	4	0@0.002	0.278	0.372-0.658	-100.37	894.681	-78	309	NaN	NaN	NaN	NaN					183.154	NaN	NaN	-3.0711	0.102818	55	-28.3702	0							voice marin "bed" tok=aa3e377b8fca74da take=0 src=tts:gpt-audio-1.5 f0=183 onset=0.328 dur=0.420 vowel=0.328-0.708 level=0.050
433	proc	413	bid	generalization	shiftMags=0	1168.98	1.5	1.5	1.5	30	16000	4	0@0.002	0.274	0.444-0.718	99.4308	873.283	87	298	554.211	2273.73	371.85	1306.16	554.211	2273.73	371.85	1306.16	182.076	NaN	NaN	-4.66322	0.099661	8.9375	-27.9019	0							voice marin "bid" tok=2af150fcadbd8a70 take=2 src=tts:gpt-audio-1.5 f0=179 onset=0.346 dur=0.370 vowel=0.426-0.686 level=0.050
434	proc	414	bayed	generalization	shiftMags=0	1171.4	1.5	1.5	1.5	30	16000	4	0@0.002	0.388	0.412-0.800	142.129	757.575	128	237	537.322	2500.8	492.75	1438.14	537.322	2500.8	492.75	1438.14	191.546	238.165	377.127	-5.49123	0.104697	18.3125	-26.6663	0							voice marin "bayed" tok=73813111c16ff0c8 take=2 src=tts:gpt-audio-1.5 f0=187 onset=0.285 dur=0.530 vowel=0.405-0.735 level=0.050
435	proc	415	bode	generalization	shiftMags=0	1173.95	1.5	1.5	1.5	30	16000	4	0@0.002	0.3	0.440-0.740	116.704	1093.01	103	486	579.384	1352.41	409.924	1691.59	595.058	1284.04	409.924	1287.87	175.54	NaN	NaN	-4.84478	0.101367	55.625	-26.6108	0							voice marin "bode" tok=f3b76a02339233a6 take=2 src=tts:gpt-audio-1.5 f0=178 onset=0.369 dur=0.420 vowel=0.419-0.669 level=0.050
436	proc	416	bode	generalization	shiftMags=0	1176.75	1.5	1.5	1.5	30	16000	4	0@0.002	0.396	0.358-0.754	128.065	1070.23	114	458	529.417	1242.51	541.055	1716.77	521.783	1230.14	498.171	1589.4	188.231	192.951	42.8723	-5.06249	0.088555	37.1875	-26.9344	0							voice marin "bode" tok=3bb48809135b2202 take=3 src=tts:gpt-audio-1.5 f0=175 onset=0.356 dur=0.410 vowel=0.356-0.716 level=0.050
437	proc	417	bid	generalization	shiftMags=0	1179.03	1.5	1.5	1.5	30	16000	4	0@0.002	0.338	0.342-0.742	64.1201	873.057	55	298	623.355	2244.15	529.101	1506.47	639.187	2237.69	525.174	1446.91	173.005	232.161	509.174	-6.90859	0.0874439	43.75	-27.4464	0							voice marin "bid" tok=4b5fd2637a8fa55c take=3 src=tts:gpt-audio-1.5 f0=170 onset=0.304 dur=0.500 vowel=0.334-0.714 level=0.050
438	proc	418	bayed	generalization	shiftMags=0	1181.87	1.5	1.5	1.5	30	16000	4	0@0.002	0.43	0.488-0.932	107.868	767.668	95	243	568.109	2461.18	436.545	1356.74	568.109	2486.29	422.79	1201.39	181.455	188.082	62.0969	-5.622	0.0814858	36.1875	-26.7638	0							voice marin "bayed" tok=d03acd9848c61d30 take=3 src=tts:gpt-audio-1.5 f0=178 onset=0.366 dur=0.590 vowel=0.466-0.896 level=0.050
439	proc	419	bud	generalization	shiftMags=0	1184.72	1.5	1.5	1.5	30	16000	4	0@0.002	0.266	0.368-0.634	0	1018.19	0	403	731.526	1456.18	414.623	2314.41	731.526	1456.18	414.623	2314.41	172.672	NaN	NaN	-5.14585	0.0877865	57.8125	-27.8974	0							voice marin "bud" tok=9d53f8ab41e3e31a take=3 src=tts:gpt-audio-1.5 f0=175 onset=0.330 dur=0.400 vowel=0.350-0.690 level=0.050
440	proc	420	bed	generalization	shiftMags=0	1187.48	1.5	1.5	1.5	30	16000	4	0@0.002	0.268	0.442-0.806	-85.3019	877.75	-67	301	837.433	2155.99	424.887	1789.83	852.366	2167.92	421.568	2167.03	172.528	NaN	NaN	-5.25659	0.0950893	39.3125	-28.629	0							voice marin "bed" tok=601eaa61296af10e take=1 src=tts:gpt-audio-1.5 f0=171 onset=0.301 dur=0.540 vowel=0.311-0.791 level=0.050
441	proc	421	bud	generalization	shiftMags=0	1191.22	1.5	1.5	1.5	30	16000	4	0@0.002	0.368	0.488-0.856	-18.4579	967.07	-15	359	929.634	1696.91	669.862	2905.2	929.634	1696.91	669.862	2905.2	176.595	221.528	392.45	-4.58927	0.097075	-35.1875	-27.7661	0							voice marin "bud" tok=38e9ea46b07d3ae1 take=0 src=tts:gpt-audio-1.5 f0=176 onset=0.357 dur=0.510 vowel=0.367-0.827 level=0.050
442	proc	422	bode	generalization	shiftMags=0	1193.57	1.5	1.5	1.5	30	16000	4	0@0.002	0.344	0.464-0.834	126.518	1089.97	112.5	480	585.128	1400.83	418.391	1714.56	585.128	1400.83	418.391	1714.56	168.975	NaN	NaN	-5.17536	0.0895576	39.25	-27.2762	0							voice marin "bode" tok=70b250dfe6b199f1 take=0 src=tts:gpt-audio-1.5 f0=169 onset=0.350 dur=0.550 vowel=0.400-0.780 level=0.050
443	proc	423	bed	generalization	shiftMags=0	1196.09	1.5	1.5	1.5	30	16000	4	0@0.002	0.232	0.344-0.576	-105.624	890.187	-82	309	NaN	NaN	NaN	NaN					166.752	171.483	48.4394	-4.03352	0.107789	-14.4375	-26.7418	0							voice marin "bed" tok=32b135a5a5675445 take=2 src=tts:gpt-audio-1.5 f0=164 onset=0.307 dur=0.340 vowel=0.327-0.527 level=0.050
444	proc	424	bayed	generalization	shiftMags=0	1198.45	1.5	1.5	1.5	30	16000	4	0@0.002	0.328	0.462-0.790	193.603	739.766	181	229	556.727	2407.45	506.373	1370.8	553.746	2459.76	502.474	1297.9	190.456	NaN	NaN	-5.72098	0.109917	27.6875	-27.3133	0							voice marin "bayed" tok=af224f0b9d7c4a1f take=0 src=tts:gpt-audio-1.5 f0=187 onset=0.347 dur=0.540 vowel=0.357-0.737 level=0.050
445	proc	425	bid	generalization	shiftMags=0	1201.07	1.5	1.5	1.5	30	16000	4	0@0.002	0.306	0.352-0.676	112.266	863.65	99	293	614.861	2232.93	502.109	1379.15	614.861	2232.93	502.109	1379.15	185.143	NaN	NaN	-5.53003	0.0839466	-57.75	-27.6917	0							voice marin "bid" tok=df048e0fb13b976c take=0 src=tts:gpt-audio-1.5 f0=183 onset=0.307 dur=0.370 vowel=0.337-0.647 level=0.050
446	proc	426	bed	generalization	shiftMags=0	1203.66	1.5	1.5	1.5	30	16000	4	0@0.002	0.278	0.360-0.646	-100.306	893.339	-78	309	909.091	2091.92	528.42	3014.91	909.091	2091.92	528.42	3014.91	182.692	194.321	106.83	-5.19637	0.081224	-13.75	-28.3701	0							voice marin "bed" tok=aa3e377b8fca74da take=0 src=tts:gpt-audio-1.5 f0=183 onset=0.315 dur=0.420 vowel=0.315-0.695 level=0.050
447	proc	427	bud	generalization	shiftMags=0	1206.21	1.5	1.5	1.5	30	16000	4	0@0.002	0.312	0.434-0.746	-111.147	1007.91	-86	397	930.171	1685.42	494.496	1511.37	930.171	1685.42	494.496	1511.37	178.074	231.714	455.842	-6.51045	0.0706951	-34.375	-27.2938	0							voice marin "bud" tok=5daef2b9a6335c8a take=1 src=tts:gpt-audio-1.5 f0=179 onset=0.288 dur=0.550 vowel=0.418-0.688 level=0.050
448	proc	428	bid	generalization	shiftMags=0	1209.19	1.5	1.5	1.5	30	16000	4	0@0.002	0.364	0.332-0.696	99.3776	851.484	87	287	555.283	2767.94	413.3	2385.95	555.283	2767.94	413.3	2385.95	177.571	NaN	NaN	-4.84912	0.116964	-32.625	-26.8587	0							voice marin "bid" tok=4b48453737c03753 take=1 src=tts:gpt-audio-1.5 f0=175 onset=0.319 dur=0.420 vowel=0.319-0.659 level=0.050
449	proc	429	bayed	generalization	shiftMags=0	1211.76	1.5	1.5	1.5	30	16000	4	0@0.002	0.474	0.350-0.934	190.08	746.436	177	232	504.351	2568.87	483.28	2399.96	504.351	2568.87	483.28	2399.96	167.004	138.443	-324.702	-4.66767	0.0881533	2.375	-27.9007	0							voice marin "bayed" tok=34cb31f96c3da7a7 take=1 src=tts:gpt-audio-1.5 f0=163 onset=0.294 dur=0.660 vowel=0.314-0.894 level=0.050
450	proc	430	bode	generalization	shiftMags=0	1214.65	1.5	1.5	1.5	30	16000	4	0@0.002	0.408	0.468-0.892	138.155	1096.95	124	497	653.303	1296.56	962.855	3227.61	653.303	1296.56	962.855	3227.61	187.377	NaN	NaN	-4.72336	0.106852	59.6875	-27.3423	0							voice marin "bode" tok=bd3b300bc4b544d5 take=1 src=tts:gpt-audio-1.5 f0=183 onset=0.334 dur=0.590 vowel=0.374-0.804 level=0.050
451	proc	431	bayed	generalization	shiftMags=0	1217.14	1.5	1.5	1.5	30	16000	4	0@0.002	0.388	0.444-0.832	140.16	754.881	126	237	524.533	2618.08	466.657	1213.3	524.533	2618.08	466.657	1213.3	191.307	NaN	NaN	-5.23034	0.11553	-51.375	-26.6659	0							voice marin "bayed" tok=73813111c16ff0c8 take=2 src=tts:gpt-audio-1.5 f0=187 onset=0.317 dur=0.530 vowel=0.437-0.767 level=0.050
452	proc	432	bode	generalization	shiftMags=0	1219.55	1.5	1.5	1.5	30	16000	4	0@0.002	0.302	0.374-0.676	116.601	1093.4	103	486	504.643	1130.37	402.381	1340.36	504.643	1130.37	402.381	1340.36	175.327	NaN	NaN	-4.00545	0.103217	18.875	-26.6118	0							voice marin "bode" tok=f3b76a02339233a6 take=2 src=tts:gpt-audio-1.5 f0=178 onset=0.304 dur=0.420 vowel=0.354-0.604 level=0.050
453	proc	433	bed	generalization	shiftMags=0	1222.09	1.5	1.5	1.5	30	16000	4	0@0.002	0.268	0.448-0.812	-85.3006	876.222	-67	298	865.212	2164.61	444.92	2917.09	865.212	2164.61	444.92	2917.09	171.57	NaN	NaN	-5.0642	0.0942175	-26.9375	-28.6292	0							voice marin "bed" tok=601eaa61296af10e take=1 src=tts:gpt-audio-1.5 f0=171 onset=0.307 dur=0.540 vowel=0.317-0.797 level=0.050
454	proc	434	bud	generalization	shiftMags=0	1224.64	1.5	1.5	1.5	30	16000	4	0@0.002	0.362	0.378-0.782	-43.6447	960.164	-35	353	880.946	1476.48	540.063	1881.01	880.946	1476.48	540.063	1881.01	172.14	208.19	329.189	-6.03164	0.0978155	43.875	-27.507	0							voice marin "bud" tok=1a0e0a6bae68725a take=2 src=tts:gpt-audio-1.5 f0=172 onset=0.345 dur=0.440 vowel=0.345-0.745 level=0.050
455	proc	435	bid	generalization	shiftMags=0	1227.27	1.5	1.5	1.5	30	16000	4	0@0.002	0.274	0.428-0.702	99.5645	875.083	87	298	NaN	NaN	NaN	NaN					181.896	215.221	291.248	-3.73835	0.106952	4.0625	-27.902	0							voice marin "bid" tok=2af150fcadbd8a70 take=2 src=tts:gpt-audio-1.5 f0=179 onset=0.329 dur=0.370 vowel=0.409-0.669 level=0.050
456	proc	436	bud	generalization	shiftMags=0	1229.59	1.5	1.5	1.5	30	16000	4	0@0.002	0.266	0.366-0.632	0	1013.46	0	403	635.318	1377.85	753.819	1335.45	635.318	1377.85	753.819	1335.45	171.492	NaN	NaN	-4.33098	0.0808555	8.125	-27.8926	0							voice marin "bud" tok=9d53f8ab41e3e31a take=3 src=tts:gpt-audio-1.5 f0=175 onset=0.327 dur=0.400 vowel=0.347-0.687 level=0.050
457	proc	437	bid	generalization	shiftMags=0	1232.32	1.5	1.5	1.5	30	16000	4	0@0.002	0.34	0.354-0.754	64.1711	869.828	55	298	642.211	2234.01	524.768	1489.48	642.598	2231.61	524.213	1440.33	172.423	232.251	515.68	-6.73336	0.0884336	32.5625	-27.4457	0							voice marin "bid" tok=4b5fd2637a8fa55c take=3 src=tts:gpt-audio-1.5 f0=170 onset=0.316 dur=0.500 vowel=0.346-0.726 level=0.050
458	proc	438	bode	generalization	shiftMags=0	1235.29	1.5	1.5	1.5	30	16000	4	0@0.002	0.396	0.298-0.694	127.935	1070.65	114	458	491.629	1174.3	421.275	3509.39	491.629	1174.3	421.275	3509.39	187.942	NaN	NaN	-5.28674	0.0922505	-39.8125	-26.9339	0							voice marin "bode" tok=3bb48809135b2202 take=3 src=tts:gpt-audio-1.5 f0=175 onset=0.296 dur=0.410 vowel=0.296-0.656 level=0.050
459	proc	439	bed	generalization	shiftMags=0	1237.63	1.5	1.5	1.5	30	16000	4	0@0.002	0.234	0.358-0.592	-100.376	891.203	-78	309	896.59	2124.59	452.226	3444.45	896.59	2124.59	452.226	3444.45	165.047	NaN	NaN	-5.78965	0.0839619	11.5	-26.7439	0							voice marin "bed" tok=32b135a5a5675445 take=2 src=tts:gpt-audio-1.5 f0=164 onset=0.322 dur=0.340 vowel=0.342-0.542 level=0.050
460	proc	440	bayed	generalization	shiftMags=0	1240.49	1.5	1.5	1.5	30	16000	4	0@0.002	0.432	0.462-0.908	107.853	769.494	95	243	569.188	2492.97	445.94	2077.67	569.188	2536.99	448.311	2077.67	180.252	NaN	NaN	-5.22593	0.108805	58.3125	-26.7639	0							voice marin "bayed" tok=d03acd9848c61d30 take=3 src=tts:gpt-audio-1.5 f0=178 onset=0.341 dur=0.590 vowel=0.441-0.871 level=0.050
461	proc	441	bud	generalization	shiftMags=0	1243.02	1.5	1.5	1.5	30	16000	4	0@0.002	0.37	0.398-0.786	-13.4651	967.757	-11	359	895.265	1524.56	518.11	1557.83	895.265	1524.56	518.11	1557.83	176.587	144.881	-342.614	-4.59949	0.0870204	33.25	-27.7645	0							voice marin "bud" tok=38e9ea46b07d3ae1 take=0 src=tts:gpt-audio-1.5 f0=176 onset=0.289 dur=0.510 vowel=0.299-0.759 level=0.050
462	proc	442	bayed	generalization	shiftMags=0	1245.35	1.5	1.5	1.5	30	16000	4	0@0.002	0.33	0.422-0.752	193.687	735.861	181	226	558.02	2372.22	712.444	3453.62	558.02	2372.22	712.444	3453.62	189.099	226.732	314.213	-5.15426	0.0851821	-1.5	-27.3132	0							voice marin "bayed" tok=af224f0b9d7c4a1f take=0 src=tts:gpt-audio-1.5 f0=187 onset=0.308 dur=0.540 vowel=0.318-0.698 level=0.050
463	proc	443	bid	generalization	shiftMags=0	1248.18	1.5	1.5	1.5	30	16000	4	0@0.002	0.304	0.388-0.712	105.897	866.382	93	293	613.239	2247.27	464.996	3376.33	613.239	2247.27	464.996	3376.33	184.618	NaN	NaN	-4.23803	0.105087	-2.625	-27.6901	0							voice marin "bid" tok=df048e0fb13b976c take=0 src=tts:gpt-audio-1.5 f0=183 onset=0.343 dur=0.370 vowel=0.373-0.683 level=0.050
464	proc	444	bed	generalization	shiftMags=0	1251.16	1.5	1.5	1.5	30	16000	4	0@0.002	0.278	0.358-0.644	-100.363	892.845	-78	309	918.211	2078.03	462.758	1277.46	918.211	2078.03	462.758	1277.46	183.623	249.924	533.693	-5.05893	0.0991308	-14.3125	-28.3694	0							voice marin "bed" tok=aa3e377b8fca74da take=0 src=tts:gpt-audio-1.5 f0=183 onset=0.314 dur=0.420 vowel=0.314-0.694 level=0.050
465	proc	445	bode	generalization	shiftMags=0	1253.95	1.5	1.5	1.5	30	16000	4	0@0.002	0.348	0.420-0.792	126.439	1089.07	112.5	480	597.693	1409.32	382.343	1267.77	597.693	1409.32	382.343	1267.77	168.011	194.89	256.923	-5.6014	0.0893677	-9.625	-27.276	0							voice marin "bode" tok=70b250dfe6b199f1 take=0 src=tts:gpt-audio-1.5 f0=169 onset=0.307 dur=0.550 vowel=0.357-0.737 level=0.050
