k	mode	itrial	word	cond	shiftInfo	t0	dur	pumped_s	rec_s	rec_limit_s	sr	fb	ost	shift_s	shift_span	shift_F1_Hz	shift_F2_Hz	shift_F1_mel	shift_F2_mel	in_F1	in_F2	out_F1	out_F2	span_in_F1	span_in_F2	span_out_F1	span_out_F2	in_f0	out_f0	pitch_cents	gain_dB	heard_peak	lag_ms	in_rms_dB	noise_zero_runs	noise_zero_at	play_s	play_rms_dB	play_peak	read_s	lost_s	input
1	proc	1	bead	baselineTrain	shiftMags=0	6.003	1.5	1.5	1.5	30	16000	3	0@0.002 1@0.422 2@0.472 3@0.484 2@0.504 3@0.614 4@0.680	0		0	0	0	0	282.773	2435.34	289.255	2442.61					124.578	132.682	109.1	-1.85648	0.135187	8	-28.2604	0							voice cedar "bead" tok=e9fdb8435ad8d4ea take=0 src=tts:gpt-audio-1.5 f0=125 onset=0.357 dur=0.510 vowel=0.387-0.717 level=0.050
2	proc	2	booed	baselineTrain	shiftMags=0	8.59016	1.5	1.5	1.5	30	16000	3	0@0.002 1@0.324 2@0.374 3@0.428 4@0.540	0		0	0	0	0	320.47	1108.13	316.705	1107.26					101.298	105.881	76.6017	-1.98279	0.110602	8	-27.2591	0							voice cedar "booed" tok=019cc450beff746a take=0 src=tts:gpt-audio-1.5 f0=100 onset=0.332 dur=0.460 vowel=0.332-0.702 level=0.050
3	proc	3	bad	baselineTrain	shiftMags=0	11.0688	1.5	1.5	1.5	30	16000	3	0@0.002 1@0.392 2@0.442 3@0.464 2@0.470 3@0.570 4@0.660	0		0	0	0	0	873.008	1704.58	878.642	1685.91					120.997	123.138	30.3551	-1.87982	0.244129	8	-28.3847	0							voice cedar "bad" tok=162f3c0caf0b73da take=0 src=tts:gpt-audio-1.5 f0=119 onset=0.330 dur=0.470 vowel=0.360-0.670 level=0.050
4	proc	4	bod	baselineTrain	shiftMags=0	13.6183	1.5	1.5	1.5	30	16000	3	0@0.002 1@0.396 0@0.444 1@0.488 2@0.538 3@0.594 4@0.678	0		0	0	0	0	714.711	1027.72	711.034	1025.92					106.522	126.92	303.324	-1.96049	0.175902	8	-28.1636	0							voice cedar "bod" tok=45bef704c9ad58bb take=0 src=tts:gpt-audio-1.5 f0=111 onset=0.323 dur=0.560 vowel=0.353-0.673 level=0.050
5	proc	5	booed	baselineTrain	shiftMags=0	16.4556	1.5	1.5	1.5	30	16000	3	0@0.002 1@0.372 2@0.422 3@0.426 2@0.478 3@0.614 4@0.748	0		0	0	0	0	323.66	1114.56	321.546	1113.96					117.019	122.422	78.1329	-1.89805	0.119717	8	-28.3159	0							voice cedar "booed" tok=724cb6107b920392 take=1 src=tts:gpt-audio-1.5 f0=116 onset=0.328 dur=0.710 vowel=0.328-0.798 level=0.050
6	proc	6	bod	baselineTrain	shiftMags=0	19.2182	1.5	1.5	1.5	30	16000	3	0@0.002 1@0.366 2@0.416 3@0.476 4@0.580	0		0	0	0	0	687.482	989.438	685.791	988.719					113.921	111.826	-32.1353	-1.88837	0.167665	8	-27.5314	0							voice cedar "bod" tok=e2f166b722c64fa1 take=1 src=tts:gpt-audio-1.5 f0=106 onset=0.316 dur=0.450 vowel=0.326-0.656 level=0.050
7	proc	7	bead	baselineTrain	shiftMags=0	21.8374	1.5	1.5	1.5	30	16000	3	0@0.002 1@0.358 2@0.408 3@0.522 4@0.634	0		0	0	0	0	292.122	2506.81	282.089	2524.12					103.991	113.321	148.739	-1.96133	0.120166	8	-26.5738	0							voice cedar "bead" tok=f6a1eafc6c486fdf take=1 src=tts:gpt-audio-1.5 f0=103 onset=0.362 dur=0.700 vowel=0.362-0.782 level=0.050
8	proc	8	bad	baselineTrain	shiftMags=0	24.5732	1.5	1.5	1.5	30	16000	3	0@0.002 1@0.322 2@0.372 3@0.414 4@0.508	0		0	0	0	0	766.239	1803.58	763.231	1807.41					97.4546	97.6208	2.94847	-1.95408	0.227348	8	-27.7082	0							voice cedar "bad" tok=83c0e4d0be3e2f68 take=1 src=tts:gpt-audio-1.5 f0=99 onset=0.332 dur=0.450 vowel=0.332-0.572 level=0.050
9	proc	9	booed	baselineTrain	shiftMags=0	27.1063	1.5	1.5	1.5	30	16000	3	0@0.002 1@0.368 2@0.418 3@0.474 4@0.554	0		0	0	0	0	350.357	1146.46	352.49	1147.09					118.507	120.284	25.7799	-2.03572	0.108622	8	-28.8177	0							voice cedar "booed" tok=281910169d7e6e0c take=2 src=tts:gpt-audio-1.5 f0=114 onset=0.301 dur=0.420 vowel=0.341-0.611 level=0.050
10	proc	10	bad	baselineTrain	shiftMags=0	29.5093	1.5	1.5	1.5	30	16000	3	0@0.002 1@0.458 2@0.508 3@0.578 4@0.662	0		0	0	0	0	887.523	1679.43	888.898	1678.65					112.396	112.745	5.36007	-1.94349	0.239335	8	-28.1637	0							voice cedar "bad" tok=4ada81a8356bc039 take=2 src=tts:gpt-audio-1.5 f0=112 onset=0.345 dur=0.450 vowel=0.375-0.695 level=0.050
11	proc	11	bod	baselineTrain	shiftMags=0	31.7622	1.5	1.5	1.5	30	16000	3	0@0.002 1@0.304 2@0.354 3@0.400 4@0.502	0		0	0	0	0	760.704	1060.54	762.032	1062.02					101.641	103.568	32.504	-1.92182	0.222304	8	-25.8751	0							voice cedar "bod" tok=04ed4b8e86c7a466 take=2 src=tts:gpt-audio-1.5 f0=103 onset=0.318 dur=0.470 vowel=0.318-0.528 level=0.050
12	proc	12	bead	baselineTrain	shiftMags=0	34.2204	1.5	1.5	1.5	30	16000	3	0@0.002 1@0.372 2@0.422 3@0.494 4@0.584	0		0	0	0	0	294.953	2320.83	295.936	2323.3					108.583	112.06	54.5711	-1.99471	0.134479	8	-26.854	0							voice cedar "bead" tok=bcede0d3415f6dfb take=2 src=tts:gpt-audio-1.5 f0=107 onset=0.315 dur=0.440 vowel=0.345-0.635 level=0.050
13	proc	13	booed	baselineTrain	shiftMags=0	36.919	1.5	1.5	1.5	30	16000	3	0@0.002 1@0.436 0@0.480 1@0.498 2@0.548 3@0.622 4@0.716	0		0	0	0	0	359.608	1340.27	362.392	1338.53					129.566	133.637	53.5664	-1.87935	0.126062	8	-27.7662	0							voice cedar "booed" tok=6ca782e347582de5 take=3 src=tts:gpt-audio-1.5 f0=128 onset=0.366 dur=0.470 vowel=0.396-0.736 level=0.050
14	proc	14	bod	baselineTrain	shiftMags=0	39.8303	1.5	1.5	1.5	30	16000	3	0@0.002 1@0.390 2@0.440 3@0.518 4@0.602	0		0	0	0	0	702.005	993.411	703.353	993.456					92.0178	120.008	459.781	-1.95485	0.169012	8	-27.4925	0							voice cedar "bod" tok=9ffdd48c9bdba1b0 take=3 src=tts:gpt-audio-1.5 f0=100 onset=0.331 dur=0.430 vowel=0.371-0.611 level=0.050
15	proc	15	bad	baselineTrain	shiftMags=0	42.7023	1.5	1.5	1.5	30	16000	3	0@0.002 1@0.286 2@0.336 3@0.432 4@0.540	0		0	0	0	0	873.724	1600.6	868.164	1597.39					102.234	107.261	83.0897	-1.93323	0.263781	8	-26.5659	0							voice cedar "bad" tok=1b973c205bdd408f take=3 src=tts:gpt-audio-1.5 f0=106 onset=0.294 dur=0.460 vowel=0.294-0.594 level=0.050
16	proc	16	bead	baselineTrain	shiftMags=0	45.3355	1.5	1.5	1.5	30	16000	3	0@0.002 1@0.354 2@0.404 3@0.422 2@0.484 3@0.592 4@0.724	0		0	0	0	0	288.477	2470.84	290.647	2481.74					131.603	135.118	45.6322	-1.92867	0.136617	8	-28.0288	0							voice cedar "bead" tok=d7244c8ec328c9b7 take=3 src=tts:gpt-audio-1.5 f0=128 onset=0.318 dur=0.550 vowel=0.338-0.828 level=0.050
17	proc	17	booed	baselineTrain	shiftMags=0	48.3258	1.5	1.5	1.5	30	16000	3	0@0.002 1@0.320 2@0.370 3@0.426 4@0.536	0		0	0	0	0	321.53	1107.23	320.368	1105.83					100.74	104.918	70.3558	-1.99858	0.114349	8	-27.261	0							voice cedar "booed" tok=019cc450beff746a take=0 src=tts:gpt-audio-1.5 f0=100 onset=0.328 dur=0.460 vowel=0.328-0.698 level=0.050
18	proc	18	bead	baselineTrain	shiftMags=0	50.922	1.5	1.5	1.5	30	16000	3	0@0.002 1@0.384 2@0.434 3@0.448 2@0.466 3@0.578 4@0.644	0		0	0	0	0	283.514	2437.7	286.016	2446.07					124.327	135.019	142.827	-1.84685	0.13272	8	-28.26	0							voice cedar "bead" tok=e9fdb8435ad8d4ea take=0 src=tts:gpt-audio-1.5 f0=125 onset=0.320 dur=0.510 vowel=0.350-0.680 level=0.050
19	proc	19	bod	baselineTrain	shiftMags=0	53.7979	1.5	1.5	1.5	30	16000	3	0@0.002 1@0.362 0@0.408 1@0.452 2@0.502 3@0.560 4@0.652	0		0	0	0	0	712.833	1033.02	708.603	1030.41					111.788	122.959	164.883	-1.91772	0.181429	8	-28.1654	0							voice cedar "bod" tok=45bef704c9ad58bb take=0 src=tts:gpt-audio-1.5 f0=111 onset=0.288 dur=0.560 vowel=0.318-0.638 level=0.050
20	proc	20	bad	baselineTrain	shiftMags=0	56.3547	1.5	1.5	1.5	30	16000	3	0@0.002 1@0.358 2@0.408 3@0.426 2@0.438 3@0.534 4@0.626	0		0	0	0	0	874.556	1690.88	869.267	1689.23					120.282	122.233	27.853	-1.8364	0.232951	8	-28.3842	1	1.485+15.4ms						voice cedar "bad" tok=162f3c0caf0b73da take=0 src=tts:gpt-audio-1.5 f0=119 onset=0.295 dur=0.470 vowel=0.325-0.635 level=0.050
21	proc	1	bid	baselineGeneralize	shiftMags=0	66.1661	1.5	1.5	1.5	30	16000	4	0@0.002	0.266	0.322-0.592	72.0062	622.797	70	242	442.287	1965.36	411.165	1344.17	442.287	1965.36	411.165	1344.17	106.122	NaN	NaN	-4.45753	0.0942093	-6	-26.9829	0							voice cedar "bid" tok=c83e2f1505931aff take=0 src=tts:gpt-audio-1.5 f0=106 onset=0.333 dur=0.500 vowel=0.333-0.563 level=0.050
22	proc	2	bud	baselineGeneralize	shiftMags=0	68.4554	1.5	1.5	1.5	30	16000	4	0@0.002	0.242	0.450-0.692	-143.84	768.393	-122	347	759.194	1313.81	523.441	1537.41	759.194	1313.81	523.441	1537.41	116.156	NaN	NaN	-6.69196	0.0837467	9.25	-28.5195	0							voice cedar "bud" tok=4e351ce71595af5c take=0 src=tts:gpt-audio-1.5 f0=115 onset=0.297 dur=0.500 vowel=0.347-0.647 level=0.050
23	proc	3	bayed	baselineGeneralize	shiftMags=0	70.9805	1.5	1.5	1.5	30	16000	4	0@0.002	0.314	0.380-0.694	79.7947	531.523	78	193	511.736	2036.4	446.839	4572.94	511.736	2036.4	446.839	4572.94	110.267	183.781	884.379	-5.37855	0.0943859	-25.8125	-27.9287	0							voice cedar "bayed" tok=8cad743a2ce8bcaa take=0 src=tts:gpt-audio-1.5 f0=112 onset=0.329 dur=0.450 vowel=0.359-0.659 level=0.050
24	proc	4	bode	baselineGeneralize	shiftMags=0	73.6499	1.5	1.5	1.5	30	16000	4	0@0.002	0.274	0.504-0.778	44.9563	865.647	43	452	493.568	1072.43	406.087	1196.58	493.568	1072.43	406.087	1196.58	119.163	NaN	NaN	-4.25482	0.108659	19.75	-28.2364	0							voice cedar "bode" tok=655d20eb58a80ac6 take=0 src=tts:gpt-audio-1.5 f0=117 onset=0.357 dur=0.510 vowel=0.387-0.727 level=0.050
25	proc	5	bed	baselineGeneralize	shiftMags=0	76.0015	1.5	1.5	1.5	30	16000	4	0@0.002	0.24	0.420-0.660	-64.0967	639.866	-57	253	646.69	1828.83	438.288	1372.32	646.69	1828.83	438.288	1372.32	119.661	NaN	NaN	-4.93057	0.0999315	8.8125	-27.5351	0							voice cedar "bed" tok=68bd3af298d67715 take=0 src=tts:gpt-audio-1.5 f0=117 onset=0.304 dur=0.430 vowel=0.334-0.614 level=0.050
26	proc	6	bed	baselineGeneralize	shiftMags=0	78.3027	1.5	1.5	1.5	30	16000	4	0@0.002	0.278	0.336-0.614	-57.0226	642.377	-51	253	617.672	1841.28	387.496	1283.24	617.672	1841.28	387.496	1283.24	107.448	NaN	NaN	-4.43066	0.0965385	-6.25	-27.4006	0							voice cedar "bed" tok=10e2b9015d990d23 take=1 src=tts:gpt-audio-1.5 f0=105 onset=0.287 dur=0.420 vowel=0.327-0.557 level=0.050
27	proc	7	bode	baselineGeneralize	shiftMags=0	80.7919	1.5	1.5	1.5	30	16000	4	0@0.002	0.34	0.438-0.778	79.8303	873.822	78	465.5	496.293	1007.31	476.054	1326.01	496.293	1007.31	476.054	1326.01	112.972	221.953	1169.15	-4.92163	0.0762406	-22.875	-27.6152	0							voice cedar "bode" tok=f62e9bba69f97a57 take=1 src=tts:gpt-audio-1.5 f0=113 onset=0.287 dur=0.610 vowel=0.417-0.747 level=0.050
28	proc	8	bud	baselineGeneralize	shiftMags=0	83.598	1.5	1.5	1.5	30	16000	4	0@0.002	0.272	0.446-0.718	-119.687	802.134	-103	377.5	682.827	1120.12	389.97	2210.71	709.476	1151.75	389.97	1181.6	105.224	NaN	NaN	-5.42053	0.0892639	48.6875	-28.4669	0							voice cedar "bud" tok=f4542d5a797641ab take=1 src=tts:gpt-audio-1.5 f0=105 onset=0.327 dur=0.500 vowel=0.327-0.667 level=0.050
29	proc	9	bayed	baselineGeneralize	shiftMags=0	86.2734	1.5	1.5	1.5	30	16000	4	0@0.002	0.432	0.336-0.784	93.068	535.373	92	193	453.075	2073.72	469.186	1726.83	453.075	2073.72	469.186	1726.83	110.144	NaN	NaN	-5.51726	0.095905	14.875	-26.9106	0							voice cedar "bayed" tok=ff519a42d3102d2c take=1 src=tts:gpt-audio-1.5 f0=107 onset=0.339 dur=0.460 vowel=0.339-0.749 level=0.050
30	proc	10	bid	baselineGeneralize	shiftMags=0	89.271	1.5	1.5	1.5	30	16000	4	0@0.002	0.304	0.470-0.778	51.1017	612.532	49	237	464.398	2015.61	413.004	1299.61	464.398	2015.61	413.004	1299.61	115.389	NaN	NaN	-4.64879	0.0943651	-21.5	-28.3313	0							voice cedar "bid" tok=3b3d066d60150795 take=1 src=tts:gpt-audio-1.5 f0=115 onset=0.371 dur=0.500 vowel=0.451-0.711 level=0.050
31	proc	11	bud	baselineGeneralize	shiftMags=0	91.9748	1.5	1.5	1.5	30	16000	4	0@0.002	0.348	0.420-0.768	-39.8525	730.571	-36	314	632.684	1138.23	1488.44	3639.67	632.684	1138.23	1488.44	3639.67	109.684	197.185	1015.43	-4.71879	0.0789327	20.625	-28.7199	0							voice cedar "bud" tok=24fc7bb8f23b4bf1 take=2 src=tts:gpt-audio-1.5 f0=109 onset=0.348 dur=0.430 vowel=0.398-0.738 level=0.050
32	proc	12	bed	baselineGeneralize	shiftMags=0	94.8926	1.5	1.5	1.5	30	16000	4	0@0.002	0.256	0.308-0.564	-66.5135	617.683	-59	237	593.614	1942.94	425.723	1273.08	604.086	1960.22	491.748	1393.21	102.143	NaN	NaN	-6.14217	0.11746	59.75	-27.0421	0							voice cedar "bed" tok=51d5ea374b35458c take=2 src=tts:gpt-audio-1.5 f0=107 onset=0.320 dur=0.560 vowel=0.320-0.490 level=0.050
33	proc	13	bid	baselineGeneralize	shiftMags=0	97.5723	1.5	1.5	1.5	30	16000	4	0@0.002	0.258	0.446-0.704	61.2097	595.865	59	226	388.296	2005.23	429.447	1131.56	391.984	2007.94	434.996	1126.02	107.948	NaN	NaN	-5.23077	0.0964836	45.3125	-27.7744	0							voice cedar "bid" tok=5b2116162996060f take=2 src=tts:gpt-audio-1.5 f0=106 onset=0.371 dur=0.410 vowel=0.421-0.651 level=0.050
34	proc	14	bode	baselineGeneralize	shiftMags=0	100.183	1.5	1.5	1.5	30	16000	4	0@0.002	0.312	0.400-0.728	36.85	860.032	35	446	509.834	1079.33	413.319	2402.87	512.532	1053.86	406.09	1153.64	114.841	138.966	330.111	-4.42483	0.0779006	41.8125	-28.4738	0							voice cedar "bode" tok=2d95abc0705da912 take=2 src=tts:gpt-audio-1.5 f0=106 onset=0.359 dur=0.450 vowel=0.359-0.689 level=0.050
35	proc	15	bayed	baselineGeneralize	shiftMags=0	102.745	1.5	1.5	1.5	30	16000	4	0@0.002	0.356	0.364-0.772	119.237	489.05	120	171	NaN	NaN	NaN	NaN					112.132	NaN	NaN	-4.8319	0.0958176	-22.375	-28.0815	0							voice cedar "bayed" tok=684082950bc33f2e take=2 src=tts:gpt-audio-1.5 f0=108 onset=0.353 dur=0.510 vowel=0.353-0.733 level=0.050
36	proc	16	bode	baselineGeneralize	shiftMags=0	105.048	1.5	1.5	1.5	30	16000	4	0@0.002	0.38	0.482-0.896	69.069	858.408	67	441	NaN	NaN	NaN	NaN					117.459	NaN	NaN	-8.03892	0.0779552	-27.25	-28.2287	0							voice cedar "bode" tok=b26c5f72b37ca7c4 take=3 src=tts:gpt-audio-1.5 f0=117 onset=0.322 dur=0.600 vowel=0.342-0.862 level=0.050
37	proc	17	bayed	baselineGeneralize	shiftMags=0	107.345	1.5	1.5	1.5	30	16000	4	0@0.002	0.35	0.388-0.738	102.526	487.482	102	171	432.165	2003.05	336.611	2589.9	432.73	2157.38	298.434	1301.64	124.309	NaN	NaN	-4.45826	0.105081	42.9375	-27.0807	0							voice cedar "bayed" tok=340fd427f18f84a1 take=3 src=tts:gpt-audio-1.5 f0=119 onset=0.293 dur=0.540 vowel=0.373-0.703 level=0.050
38	proc	18	bud	baselineGeneralize	shiftMags=0	110.089	1.5	1.5	1.5	30	16000	4	0@0.002	0.31	0.316-0.692	-57.0005	750.687	-51	331	NaN	NaN	NaN	NaN					114.63	200.103	964.518	-4.68466	0.0969696	18.375	-28.9762	0							voice cedar "bud" tok=991af12fe1c16f7c take=3 src=tts:gpt-audio-1.5 f0=111 onset=0.295 dur=0.430 vowel=0.295-0.675 level=0.050
39	proc	19	bed	baselineGeneralize	shiftMags=0	112.984	1.5	1.5	1.5	30	16000	4	0@0.002	0.364	0.394-0.768	-102.208	655.001	-89	264	666.714	1790.26	448.875	1476.94	666.714	1790.26	448.875	1476.94	116.874	143.018	349.49	-5.55829	0.0917575	13.5	-27.2552	0							voice cedar "bed" tok=11e1fb2b4df04aed take=3 src=tts:gpt-audio-1.5 f0=112 onset=0.346 dur=0.470 vowel=0.386-0.736 level=0.050
40	proc	20	bid	baselineGeneralize	shiftMags=0	115.248	1.5	1.5	1.5	30	16000	4	0@0.002	0.33	0.406-0.794	79.6702	586.11	78	220	437.17	2075.38	485.646	3593.12	437.17	2075.38	485.646	3593.12	116.881	183.017	776.332	-4.45896	0.0926587	-25.3125	-28.8599	0							voice cedar "bid" tok=377584bedc638be7 take=3 src=tts:gpt-audio-1.5 f0=114 onset=0.312 dur=0.520 vowel=0.312-0.782 level=0.050
41	proc	21	bid	baselineGeneralize	shiftMags=0	117.633	1.5	1.5	1.5	30	16000	4	0@0.002	0.266	0.314-0.584	79.6765	620.135	78	242	447.043	1977.91	431.751	3631.94	447.043	1977.91	431.751	3631.94	106.034	NaN	NaN	-4.42944	0.0930595	1.875	-26.9825	0							voice cedar "bid" tok=c83e2f1505931aff take=0 src=tts:gpt-audio-1.5 f0=106 onset=0.325 dur=0.500 vowel=0.325-0.555 level=0.050
42	proc	22	bode	baselineGeneralize	shiftMags=0	120.129	1.5	1.5	1.5	30	16000	4	0@0.002	0.274	0.454-0.728	45.1299	864.83	43	452	486.588	1047.4	570.053	1514.26	486.588	1047.4	570.053	1514.26	118.724	241.682	1230.6	-6.59643	0.0924978	-24.75	-28.2366	0							voice cedar "bode" tok=655d20eb58a80ac6 take=0 src=tts:gpt-audio-1.5 f0=117 onset=0.307 dur=0.510 vowel=0.337-0.677 level=0.050
43	proc	23	bud	baselineGeneralize	shiftMags=0	122.613	1.5	1.5	1.5	30	16000	4	0@0.002	0.242	0.524-0.766	-148.395	768.219	-126	347	771.026	1283.92	405.531	1276.16	771.026	1283.92	405.531	1276.16	116.568	NaN	NaN	-5.63452	0.0825212	27.1875	-28.519	0							voice cedar "bud" tok=4e351ce71595af5c take=0 src=tts:gpt-audio-1.5 f0=115 onset=0.371 dur=0.500 vowel=0.421-0.721 level=0.050
44	proc	24	bayed	baselineGeneralize	shiftMags=0	125.489	1.5	1.5	1.5	30	16000	4	0@0.002	0.314	0.408-0.722	79.7991	531.491	78	193	517.771	1932.77	444.135	3584.09	517.771	1932.77	444.135	3584.09	112.18	NaN	NaN	-4.59011	0.0900525	10.125	-27.9298	0							voice cedar "bayed" tok=8cad743a2ce8bcaa take=0 src=tts:gpt-audio-1.5 f0=112 onset=0.357 dur=0.450 vowel=0.387-0.687 level=0.050
45	proc	25	bed	baselineGeneralize	shiftMags=0	127.928	1.5	1.5	1.5	30	16000	4	0@0.002	0.24	0.484-0.724	-66.2945	638.874	-59	253	646.971	1852.53	430.65	1990.28	646.971	1852.53	430.65	1990.28	113.353	NaN	NaN	-4.95772	0.107496	-12.75	-27.5418	0							voice cedar "bed" tok=68bd3af298d67715 take=0 src=tts:gpt-audio-1.5 f0=117 onset=0.368 dur=0.430 vowel=0.398-0.678 level=0.050
46	proc	26	bed	baselineGeneralize	shiftMags=0	130.408	1.5	1.5	1.5	30	16000	4	0@0.002	0.276	0.376-0.652	-57.1061	641.996	-51	253	602.358	1823.17	366.029	1541.35	602.358	1823.17	366.029	1541.35	107.879	NaN	NaN	-4.51267	0.102432	0.375	-27.3996	0							voice cedar "bed" tok=10e2b9015d990d23 take=1 src=tts:gpt-audio-1.5 f0=105 onset=0.327 dur=0.420 vowel=0.367-0.597 level=0.050
47	proc	27	bayed	baselineGeneralize	shiftMags=0	133.024	1.5	1.5	1.5	30	16000	4	0@0.002	0.432	0.288-0.736	91.2363	535.279	90	193	464.483	2070.55	418.419	2494.04	464.483	2070.55	418.419	2494.04	110.974	217.651	1166.16	-4.70166	0.101742	5.3125	-26.9103	0							voice cedar "bayed" tok=ff519a42d3102d2c take=1 src=tts:gpt-audio-1.5 f0=107 onset=0.292 dur=0.460 vowel=0.292-0.702 level=0.050
48	proc	28	bid	baselineGeneralize	shiftMags=0	135.987	1.5	1.5	1.5	30	16000	4	0@0.002	0.306	0.408-0.716	53.0688	612.158	51	237	433.183	2066.76	509.518	1384.69	433.183	2066.76	509.518	1384.69	116.073	NaN	NaN	-3.89303	0.094961	8.1875	-28.3284	0							voice cedar "bid" tok=3b3d066d60150795 take=1 src=tts:gpt-audio-1.5 f0=115 onset=0.309 dur=0.500 vowel=0.389-0.649 level=0.050
49	proc	29	bode	baselineGeneralize	shiftMags=0	138.458	1.5	1.5	1.5	30	16000	4	0@0.002	0.34	0.526-0.866	77.8375	872.308	76	465.5	509.2	1085.07	407.655	1313.02	524.878	1062.06	451.761	1346.47	113.834	176.457	758.87	-5.20314	0.0824029	26.9375	-27.6146	0							voice cedar "bode" tok=f62e9bba69f97a57 take=1 src=tts:gpt-audio-1.5 f0=113 onset=0.375 dur=0.610 vowel=0.505-0.835 level=0.050
50	proc	30	bud	baselineGeneralize	shiftMags=0	141.183	1.5	1.5	1.5	30	16000	4	0@0.002	0.272	0.434-0.706	-119.701	797.026	-103	375	734.858	1207.63	380.257	1236.88	734.858	1207.63	380.257	1236.88	105.139	188.761	1013.11	-5.28026	0.0883045	-18.75	-28.4654	0							voice cedar "bud" tok=f4542d5a797641ab take=1 src=tts:gpt-audio-1.5 f0=105 onset=0.314 dur=0.500 vowel=0.314-0.654 level=0.050
51	proc	31	bayed	baselineGeneralize	shiftMags=0	144.47	1.5	1.5	1.5	30	16000	4	0@0.002	0.356	0.298-0.708	117.589	495.465	118	176	425.971	2228.16	515.291	3322.59	425.971	2228.16	515.291	3322.59	114.277	196.772	940.793	-6.03332	0.0818965	42.5625	-28.0839	0							voice cedar "bayed" tok=684082950bc33f2e take=2 src=tts:gpt-audio-1.5 f0=108 onset=0.289 dur=0.510 vowel=0.289-0.669 level=0.050
52	proc	32	bid	baselineGeneralize	shiftMags=0	147.043	1.5	1.5	1.5	30	16000	4	0@0.002	0.26	0.444-0.704	61.1377	594.53	59	226	445.387	2007.27	544.194	2312.71	445.387	2007.27	544.194	2312.71	109.159	235.75	1333	-6.22203	0.0675896	9.5	-27.7747	0							voice cedar "bid" tok=5b2116162996060f take=2 src=tts:gpt-audio-1.5 f0=106 onset=0.369 dur=0.410 vowel=0.419-0.649 level=0.050
53	proc	33	bed	baselineGeneralize	shiftMags=0	149.988	1.5	1.5	1.5	30	16000	4	0@0.002	0.256	0.342-0.598	-64.0473	616.905	-57	237	556.789	1933.85	3417.75	6371.4	556.789	1933.85	3417.75	6371.4	102.186	178.738	967.986	-4.77912	0.111539	6.25	-27.042	0							voice cedar "bed" tok=51d5ea374b35458c take=2 src=tts:gpt-audio-1.5 f0=107 onset=0.353 dur=0.560 vowel=0.353-0.523 level=0.050
54	proc	34	bode	baselineGeneralize	shiftMags=0	152.402	1.5	1.5	1.5	30	16000	4	0@0.002	0.314	0.338-0.664	36.8309	856.696	35	446	525.994	1079.9	467.265	1383.89	525.994	1079.9	467.265	1383.89	110.996	140.593	409.225	-4.58594	0.0863881	-4.25	-28.4728	0							voice cedar "bode" tok=2d95abc0705da912 take=2 src=tts:gpt-audio-1.5 f0=106 onset=0.296 dur=0.450 vowel=0.296-0.626 level=0.050
55	proc	35	bud	baselineGeneralize	shiftMags=0	154.919	1.5	1.5	1.5	30	16000	4	0@0.002	0.344	0.366-0.712	-42.1129	727.326	-38	314	NaN	NaN	NaN	NaN					110.17	NaN	NaN	-4.25257	0.0898725	-15.1875	-28.7194	0							voice cedar "bud" tok=24fc7bb8f23b4bf1 take=2 src=tts:gpt-audio-1.5 f0=109 onset=0.293 dur=0.430 vowel=0.343-0.683 level=0.050
56	proc	36	bid	baselineGeneralize	shiftMags=0	157.659	1.5	1.5	1.5	30	16000	4	0@0.002	0.326	0.390-0.774	79.6151	585.737	78	220	427.506	2057.13	493.72	1256.51	427.506	2057.13	493.72	1256.51	117.744	NaN	NaN	-5.17321	0.0934639	13.5625	-28.8541	0							voice cedar "bid" tok=377584bedc638be7 take=3 src=tts:gpt-audio-1.5 f0=114 onset=0.295 dur=0.520 vowel=0.295-0.765 level=0.050
57	proc	37	bud	baselineGeneralize	shiftMags=0	160.334	1.5	1.5	1.5	30	16000	4	0@0.002	0.308	0.382-0.758	-57.1966	755.774	-51	333.5	703.345	1185.2	351.463	1164.24	703.345	1185.2	351.463	1164.24	116.023	NaN	NaN	-3.79061	0.101058	-25.4375	-28.9769	0							voice cedar "bud" tok=991af12fe1c16f7c take=3 src=tts:gpt-audio-1.5 f0=111 onset=0.360 dur=0.430 vowel=0.360-0.740 level=0.050
58	proc	38	bode	baselineGeneralize	shiftMags=0	163.016	1.5	1.5	1.5	30	16000	4	0@0.002	0.38	0.472-0.886	70.605	858.397	68.5	441	484.559	1025.86	411.227	2473.91	484.559	1025.86	411.227	2473.91	117.608	NaN	NaN	-8.35071	0.0673186	20.1875	-28.2288	0							voice cedar "bode" tok=b26c5f72b37ca7c4 take=3 src=tts:gpt-audio-1.5 f0=117 onset=0.312 dur=0.600 vowel=0.332-0.852 level=0.050
59	proc	39	bayed	baselineGeneralize	shiftMags=0	165.722	1.5	1.5	1.5	30	16000	4	0@0.002	0.352	0.384-0.736	102.462	497.124	102	176	433.911	2025.76	429.472	1476.76	428.971	2107.1	411.987	1435.33	124.031	190.297	741.063	-5.98244	0.0936225	30.5	-27.0811	0							voice cedar "bayed" tok=340fd427f18f84a1 take=3 src=tts:gpt-audio-1.5 f0=119 onset=0.289 dur=0.540 vowel=0.369-0.699 level=0.050
60	proc	40	bed	baselineGeneralize	shiftMags=0	168.479	1.5	1.5	1.5	30	16000	4	0@0.002	0.356	0.356-0.728	-104.761	655.923	-91	264	621.806	1771.62	448.111	3539.45	632.442	1777.25	532.848	3605.44	117.345	143.907	353.26	-4.56628	0.0995766	24.4375	-27.2559	0							voice cedar "bed" tok=11e1fb2b4df04aed take=3 src=tts:gpt-audio-1.5 f0=112 onset=0.307 dur=0.470 vowel=0.347-0.697 level=0.050
61	proc	41	bud	baselineGeneralize	shiftMags=0	170.971	1.5	1.5	1.5	30	16000	4	0@0.002	0.242	0.486-0.728	-148.406	768.078	-126	347	762.892	1274.37	433.549	1454.29	762.892	1274.37	433.549	1454.29	116.251	NaN	NaN	-4.67324	0.0813535	21	-28.5189	0							voice cedar "bud" tok=4e351ce71595af5c take=0 src=tts:gpt-audio-1.5 f0=115 onset=0.333 dur=0.500 vowel=0.383-0.683 level=0.050
62	proc	42	bid	baselineGeneralize	shiftMags=0	173.484	1.5	1.5	1.5	30	16000	4	0@0.002	0.264	0.284-0.554	77.7547	622.978	76	242	451.719	2007.36	567.831	1833.66	447.069	1978.43	597.448	1831.65	106.112	NaN	NaN	-6.29583	0.0962726	30	-26.9838	0							voice cedar "bid" tok=c83e2f1505931aff take=0 src=tts:gpt-audio-1.5 f0=106 onset=0.295 dur=0.500 vowel=0.295-0.525 level=0.050
63	proc	43	bed	baselineGeneralize	shiftMags=0	176.032	1.5	1.5	1.5	30	16000	4	0@0.002	0.24	0.420-0.660	-64.093	639.534	-57	253	639.161	1826.7	456.147	1384.69	644.351	1828.47	471.634	1297.16	120.097	NaN	NaN	-5.93421	0.0775285	28.3125	-27.5432	0							voice cedar "bed" tok=68bd3af298d67715 take=0 src=tts:gpt-audio-1.5 f0=117 onset=0.303 dur=0.430 vowel=0.333-0.613 level=0.050
64	proc	44	bode	baselineGeneralize	shiftMags=0	178.674	1.5	1.5	1.5	30	16000	4	0@0.002	0.274	0.454-0.728	45.0815	865.513	43	452	490.47	1054.41	380.872	1125.57	490.47	1054.41	380.872	1125.57	118.684	154.78	459.712	-4.63419	0.107258	-13.5	-28.2361	0							voice cedar "bode" tok=655d20eb58a80ac6 take=0 src=tts:gpt-audio-1.5 f0=117 onset=0.307 dur=0.510 vowel=0.337-0.677 level=0.050
65	proc	45	bayed	baselineGeneralize	shiftMags=0	181.349	1.5	1.5	1.5	30	16000	4	0@0.002	0.314	0.416-0.730	79.5333	531.389	78	193	519.95	1940.44	454.992	1226.74	519.95	1940.44	454.992	1226.74	110.085	NaN	NaN	-4.77812	0.0921119	3.375	-27.9293	0							voice cedar "bayed" tok=8cad743a2ce8bcaa take=0 src=tts:gpt-audio-1.5 f0=112 onset=0.365 dur=0.450 vowel=0.395-0.695 level=0.050
66	proc	46	bode	baselineGeneralize	shiftMags=0	184.255	1.5	1.5	1.5	30	16000	4	0@0.002	0.34	0.516-0.856	79.7377	872.732	78	465.5	485.672	985.644	586.344	2915.93	485.672	985.644	586.344	2915.93	113.864	162.868	619.674	-4.34131	0.0969019	-42.6875	-27.6153	0							voice cedar "bode" tok=f62e9bba69f97a57 take=1 src=tts:gpt-audio-1.5 f0=113 onset=0.365 dur=0.610 vowel=0.495-0.825 level=0.050
67	proc	47	bud	baselineGeneralize	shiftMags=0	186.802	1.5	1.5	1.5	30	16000	4	0@0.002	0.272	0.406-0.678	-121.977	796.847	-105	375	650.255	1105.69	543.832	3495.33	660.797	1110.75	607.6	3412.57	105.247	222.727	1297.79	-5.70865	0.075299	59.8125	-28.4658	0							voice cedar "bud" tok=f4542d5a797641ab take=1 src=tts:gpt-audio-1.5 f0=105 onset=0.286 dur=0.500 vowel=0.286-0.626 level=0.050
68	proc	48	bid	baselineGeneralize	shiftMags=0	189.388	1.5	1.5	1.5	30	16000	4	0@0.002	0.304	0.422-0.728	53.1352	612.682	51	237	442.392	2013.03	399.009	2759.94	446.162	2024.4	395.016	2293.38	115.332	NaN	NaN	-4.67567	0.092442	49.5625	-28.3291	0							voice cedar "bid" tok=3b3d066d60150795 take=1 src=tts:gpt-audio-1.5 f0=115 onset=0.323 dur=0.500 vowel=0.403-0.663 level=0.050
69	proc	49	bayed	baselineGeneralize	shiftMags=0	192.263	1.5	1.5	1.5	30	16000	4	0@0.002	0.434	0.366-0.816	91.0888	533.312	90	193	459.983	2114.07	445.086	1240.52	459.983	2114.07	445.086	1240.52	110.427	NaN	NaN	-5.50272	0.10508	-16.5	-26.9098	0							voice cedar "bayed" tok=ff519a42d3102d2c take=1 src=tts:gpt-audio-1.5 f0=107 onset=0.371 dur=0.460 vowel=0.371-0.781 level=0.050
70	proc	50	bed	baselineGeneralize	shiftMags=0	195.241	1.5	1.5	1.5	30	16000	4	0@0.002	0.278	0.364-0.642	-57.0289	642.638	-51	253	628.774	1845.15	415.1	1161.42	628.774	1845.15	415.1	1161.42	107.909	NaN	NaN	-5.5335	0.0802437	56	-27.3997	0							voice cedar "bed" tok=10e2b9015d990d23 take=1 src=tts:gpt-audio-1.5 f0=105 onset=0.316 dur=0.420 vowel=0.356-0.586 level=0.050
71	proc	51	bayed	baselineGeneralize	shiftMags=0	197.673	1.5	1.5	1.5	30	16000	4	0@0.002	0.358	0.302-0.712	120.892	496.112	122	176	438.466	2138.21	492.008	2533.57	438.466	2138.21	492.008	2533.57	111.344	194.814	968.479	-5.86137	0.0828685	57.75	-28.0841	0							voice cedar "bayed" tok=684082950bc33f2e take=2 src=tts:gpt-audio-1.5 f0=108 onset=0.295 dur=0.510 vowel=0.295-0.675 level=0.050
72	proc	52	bode	baselineGeneralize	shiftMags=0	200.471	1.5	1.5	1.5	30	16000	4	0@0.002	0.316	0.400-0.726	38.8746	860.072	37	446	513.439	1053.95	493.706	1210.05	513.439	1053.95	493.706	1210.05	114.927	232.419	1219.21	-5.69244	0.0676399	-14.5625	-28.4731	0							voice cedar "bode" tok=2d95abc0705da912 take=2 src=tts:gpt-audio-1.5 f0=106 onset=0.358 dur=0.450 vowel=0.358-0.688 level=0.050
73	proc	53	bud	baselineGeneralize	shiftMags=0	202.907	1.5	1.5	1.5	30	16000	4	0@0.002	0.348	0.386-0.734	-46.7203	729.633	-42	314	676.469	1310.64	424.989	1116.91	676.469	1310.64	424.989	1116.91	109.47	211.34	1138.84	-4.99788	0.0920887	46.5625	-28.7201	0							voice cedar "bud" tok=24fc7bb8f23b4bf1 take=2 src=tts:gpt-audio-1.5 f0=109 onset=0.314 dur=0.430 vowel=0.364-0.704 level=0.050
74	proc	54	bed	baselineGeneralize	shiftMags=0	205.713	1.5	1.5	1.5	30	16000	4	0@0.002	0.258	0.346-0.604	-66.2905	617.353	-59	237	559.28	1933.12	475.011	1349.72	571.81	1934.96	464.273	1338.98	102.294	137.206	508.348	-5.47006	0.0844582	42.25	-27.0431	0							voice cedar "bed" tok=51d5ea374b35458c take=2 src=tts:gpt-audio-1.5 f0=107 onset=0.358 dur=0.560 vowel=0.358-0.528 level=0.050
75	proc	55	bid	baselineGeneralize	shiftMags=0	207.992	1.5	1.5	1.5	30	16000	4	0@0.002	0.258	0.398-0.656	61.2386	595.464	59	226	NaN	NaN	NaN	NaN					108.415	166.665	744.463	-4.22107	0.0936859	1.5	-27.773	0							voice cedar "bid" tok=5b2116162996060f take=2 src=tts:gpt-audio-1.5 f0=106 onset=0.324 dur=0.410 vowel=0.374-0.604 level=0.050
76	proc	56	bed	baselineGeneralize	shiftMags=0	210.622	1.5	1.5	1.5	30	16000	4	0@0.002	0.358	0.366-0.740	-100.062	655.851	-87	264	696.432	1818.64	499.112	1248.65	696.432	1818.64	499.112	1248.65	117.357	NaN	NaN	-5.9917	0.0926402	-40.8125	-27.2553	0							voice cedar "bed" tok=11e1fb2b4df04aed take=3 src=tts:gpt-audio-1.5 f0=112 onset=0.317 dur=0.470 vowel=0.357-0.707 level=0.050
77	proc	57	bayed	baselineGeneralize	shiftMags=0	213.3	1.5	1.5	1.5	30	16000	4	0@0.002	0.35	0.442-0.792	102.543	488.092	102	171	452.205	2080.9	352.548	1177.82	452.205	2080.9	352.548	1177.82	123.837	NaN	NaN	-4.21854	0.108236	21.375	-27.0805	0							voice cedar "bayed" tok=340fd427f18f84a1 take=3 src=tts:gpt-audio-1.5 f0=119 onset=0.346 dur=0.540 vowel=0.426-0.756 level=0.050
78	proc	58	bid	baselineGeneralize	shiftMags=0	216.074	1.5	1.5	1.5	30	16000	4	0@0.002	0.326	0.388-0.772	79.7887	585.886	78	220	394.786	2075.95	437.536	1736.74	420.327	2086.22	437.536	1736.74	118.503	194.278	855.84	-4.98112	0.0896989	54.75	-28.8537	0							voice cedar "bid" tok=377584bedc638be7 take=3 src=tts:gpt-audio-1.5 f0=114 onset=0.294 dur=0.520 vowel=0.294-0.764 level=0.050
79	proc	59	bud	baselineGeneralize	shiftMags=0	219.012	1.5	1.5	1.5	30	16000	4	0@0.002	0.31	0.354-0.726	-57.0076	750.558	-51	331	679.611	1136.62	682.85	2865.66	679.611	1136.62	682.85	2865.66	115.706	141.538	348.873	-5.48465	0.0882252	0	-28.9762	0							voice cedar "bud" tok=991af12fe1c16f7c take=3 src=tts:gpt-audio-1.5 f0=111 onset=0.333 dur=0.430 vowel=0.333-0.713 level=0.050
80	proc	60	bode	baselineGeneralize	shiftMags=0	221.858	1.5	1.5	1.5	30	16000	4	0@0.002	0.382	0.516-0.932	69.1614	857.746	67	441	NaN	NaN	NaN	NaN					117.315	184.982	788.398	-7.66296	0.0577971	19.875	-28.2288	0							voice cedar "bode" tok=b26c5f72b37ca7c4 take=3 src=tts:gpt-audio-1.5 f0=117 onset=0.357 dur=0.600 vowel=0.377-0.897 level=0.050
81	proc	61	bid	baselineGeneralize	shiftMags=0	225.531	1.5	1.5	1.5	30	16000	4	0@0.002	0.264	0.316-0.586	79.7564	623.008	78	242	444.929	1973.16	410.899	1345.54	444.929	1973.16	410.899	1345.54	105.484	NaN	NaN	-4.45626	0.0942775	-0.9375	-26.9829	0							voice cedar "bid" tok=c83e2f1505931aff take=0 src=tts:gpt-audio-1.5 f0=106 onset=0.328 dur=0.500 vowel=0.328-0.558 level=0.050
82	proc	62	bode	baselineGeneralize	shiftMags=0	228.154	1.5	1.5	1.5	30	16000	4	0@0.002	0.276	0.448-0.724	45.0654	866.047	43	452	483.12	1039.25	542.285	1846.19	483.12	1039.25	542.285	1846.19	120.139	241.614	1209.59	-6.56942	0.0910937	-19.4375	-28.2359	0							voice cedar "bode" tok=655d20eb58a80ac6 take=0 src=tts:gpt-audio-1.5 f0=117 onset=0.302 dur=0.510 vowel=0.332-0.672 level=0.050
83	proc	63	bud	baselineGeneralize	shiftMags=0	230.413	1.5	1.5	1.5	30	16000	4	0@0.002	0.242	0.456-0.698	-148.375	768.746	-126	347	770.156	1294.62	452.352	1329.18	770.156	1294.62	452.352	1329.18	115.802	NaN	NaN	-5.7669	0.0743837	19.625	-28.5196	0							voice cedar "bud" tok=4e351ce71595af5c take=0 src=tts:gpt-audio-1.5 f0=115 onset=0.304 dur=0.500 vowel=0.354-0.654 level=0.050
84	proc	64	bed	baselineGeneralize	shiftMags=0	233.078	1.5	1.5	1.5	30	16000	4	0@0.002	0.238	0.460-0.698	-66.4287	638.953	-59	253	609.117	1815.01	376.845	1150.23	632.347	1826.71	365.378	1157.57	120.091	173.501	636.974	-4.81459	0.105998	54.25	-27.5472	0							voice cedar "bed" tok=68bd3af298d67715 take=0 src=tts:gpt-audio-1.5 f0=117 onset=0.343 dur=0.430 vowel=0.373-0.653 level=0.050
85	proc	65	bayed	baselineGeneralize	shiftMags=0	235.75	1.5	1.5	1.5	30	16000	4	0@0.002	0.314	0.394-0.708	79.7922	531.693	78	193	510.467	1887.53	457.99	2358.85	516.902	1933.17	435.308	1263.38	110.101	NaN	NaN	-4.67344	0.0898122	25.8125	-27.9295	0							voice cedar "bayed" tok=8cad743a2ce8bcaa take=0 src=tts:gpt-audio-1.5 f0=112 onset=0.343 dur=0.450 vowel=0.373-0.673 level=0.050
86	proc	66	bed	baselineGeneralize	shiftMags=0	238.556	1.5	1.5	1.5	30	16000	4	0@0.002	0.278	0.416-0.694	-57.0684	642.429	-51	253	607.216	1830.98	374.694	1060.61	607.216	1830.98	374.694	1060.61	107.4	NaN	NaN	-4.50177	0.0915401	14.625	-27.3997	0							voice cedar "bed" tok=10e2b9015d990d23 take=1 src=tts:gpt-audio-1.5 f0=105 onset=0.367 dur=0.420 vowel=0.407-0.637 level=0.050
87	proc	67	bode	baselineGeneralize	shiftMags=0	240.93	1.5	1.5	1.5	30	16000	4	0@0.002	0.34	0.454-0.794	79.8274	873.335	78	465.5	474.209	961.945	480.552	1257	474.209	961.945	480.552	1257	113.149	228.476	1216.59	-5.03167	0.077852	-39	-27.6153	0							voice cedar "bode" tok=f62e9bba69f97a57 take=1 src=tts:gpt-audio-1.5 f0=113 onset=0.303 dur=0.610 vowel=0.433-0.763 level=0.050
88	proc	68	bud	baselineGeneralize	shiftMags=0	243.622	1.5	1.5	1.5	30	16000	4	0@0.002	0.27	0.452-0.722	-124.256	800.895	-107	380	705.177	1153.47	393.121	2472.72	733.272	1198.79	373.133	2508.99	104.171	170.263	850.578	-5.42659	0.0901458	42.3125	-28.4664	0							voice cedar "bud" tok=f4542d5a797641ab take=1 src=tts:gpt-audio-1.5 f0=105 onset=0.333 dur=0.500 vowel=0.333-0.673 level=0.050
89	proc	69	bid	baselineGeneralize	shiftMags=0	245.91	1.5	1.5	1.5	30	16000	4	0@0.002	0.304	0.412-0.720	51.1448	609.043	49	234	452.999	2022.67	508.985	3683.93	452.999	2022.67	508.985	3683.93	115.659	245.765	1304.88	-5.00598	0.102445	-3.8125	-28.326	0							voice cedar "bid" tok=3b3d066d60150795 take=1 src=tts:gpt-audio-1.5 f0=115 onset=0.313 dur=0.500 vowel=0.393-0.653 level=0.050
90	proc	70	bayed	baselineGeneralize	shiftMags=0	248.705	1.5	1.5	1.5	30	16000	4	0@0.002	0.432	0.322-0.770	91.3131	534.251	90	193	454.39	2081.56	398.237	1422.83	454.39	2081.56	398.237	1422.83	111.41	189.737	921.745	-4.57592	0.112368	2.875	-26.9097	0							voice cedar "bayed" tok=ff519a42d3102d2c take=1 src=tts:gpt-audio-1.5 f0=107 onset=0.326 dur=0.460 vowel=0.326-0.736 level=0.050
91	proc	71	bed	baselineGeneralize	shiftMags=0	251.571	1.5	1.5	1.5	30	16000	4	0@0.002	0.256	0.306-0.562	-66.3503	618.385	-59	239.5	634.869	1931.72	524.432	3356.76	634.869	1931.72	524.432	3356.76	101.622	NaN	NaN	-6.10021	0.0853996	5.1875	-27.0429	0							voice cedar "bed" tok=51d5ea374b35458c take=2 src=tts:gpt-audio-1.5 f0=107 onset=0.317 dur=0.560 vowel=0.317-0.487 level=0.050
92	proc	72	bayed	baselineGeneralize	shiftMags=0	254.149	1.5	1.5	1.5	30	16000	4	0@0.002	0.35	0.348-0.758	117.468	495.21	118	176	407.013	2267.47	521.91	2064.74	407.013	2267.47	521.91	2064.74	114.284	231.665	1223.3	-6.52111	0.0670451	28.5	-28.0825	0							voice cedar "bayed" tok=684082950bc33f2e take=2 src=tts:gpt-audio-1.5 f0=108 onset=0.339 dur=0.510 vowel=0.339-0.719 level=0.050
93	proc	73	bid	baselineGeneralize	shiftMags=0	256.915	1.5	1.5	1.5	30	16000	4	0@0.002	0.26	0.390-0.650	61.1541	595.562	59	226	387.235	2009.47	541.756	7438.65	387.235	2009.47	541.756	7438.65	107.782	NaN	NaN	-5.31585	0.0884603	4.25	-27.7746	0							voice cedar "bid" tok=5b2116162996060f take=2 src=tts:gpt-audio-1.5 f0=106 onset=0.316 dur=0.410 vowel=0.366-0.596 level=0.050
94	proc	74	bud	baselineGeneralize	shiftMags=0	259.662	1.5	1.5	1.5	30	16000	4	0@0.002	0.348	0.406-0.754	-37.5576	731.583	-34	314	570.349	1071.81	386.319	3010.2	582.876	1079.19	382.814	3734.31	109.469	138.811	411.117	-4.76426	0.0775318	48.3125	-28.72	0							voice cedar "bud" tok=24fc7bb8f23b4bf1 take=2 src=tts:gpt-audio-1.5 f0=109 onset=0.334 dur=0.430 vowel=0.384-0.724 level=0.050
95	proc	75	bode	baselineGeneralize	shiftMags=0	262.14	1.5	1.5	1.5	30	16000	4	0@0.002	0.31	0.346-0.672	36.8774	860.04	35	446	576.665	1136.29	919.568	3604.36	576.665	1136.29	919.568	3604.36	110.436	166.47	710.458	-4.02588	0.0876951	51.9375	-28.4739	0							voice cedar "bode" tok=2d95abc0705da912 take=2 src=tts:gpt-audio-1.5 f0=106 onset=0.304 dur=0.450 vowel=0.304-0.634 level=0.050
96	proc	76	booed	baselineTrain	shiftMags=0	269.459	1.5	1.5	1.5	30	16000	3	0@0.002	0.378	0.488-0.868	169.228	859.17	177	446	321.33	1116.11	418.136	2039.91	321.33	1116.11	418.136	2039.91	117.012	133.522	228.504	-12.1785	0.0438762	7.375	-28.3159	0							voice cedar "booed" tok=724cb6107b920392 take=1 src=tts:gpt-audio-1.5 f0=116 onset=0.342 dur=0.710 vowel=0.342-0.812 level=0.050
97	proc	77	bead	baselineTrain	shiftMags=0	271.969	1.5	1.5	1.5	30	16000	3	0@0.002	0.458	0.326-0.792	181.197	424.771	192	143	292.681	2507.19	423.027	2896.92	289.948	2507.24	423.566	2902.8	103.917	171.784	870.2	-9.00262	0.131784	7.6875	-26.5738	0							voice cedar "bead" tok=f6a1eafc6c486fdf take=1 src=tts:gpt-audio-1.5 f0=103 onset=0.332 dur=0.700 vowel=0.332-0.752 level=0.050
98	proc	78	bad	baselineTrain	shiftMags=0	274.598	1.5	1.5	1.5	30	16000	3	0@0.002	0.294	0.288-0.592	-261.705	688.343	-209	286	778.281	1806.91	586.905	2454.66	897.858	1795.24	597.834	2454.66	97.3914	98.7048	23.19	-0.20734	0.241777	8.3125	-27.7105	0							voice cedar "bad" tok=83c0e4d0be3e2f68 take=1 src=tts:gpt-audio-1.5 f0=99 onset=0.301 dur=0.450 vowel=0.301-0.541 level=0.050
99	proc	79	bod	baselineTrain	shiftMags=0	277.456	1.5	1.5	1.5	30	16000	3	0@0.002	0.336	0.370-0.724	-129.456	865.316	-111	457	674.755	984.208	565.313	1821.76	679.263	978.994	570.712	1821.76	113.021	115.017	30.2954	-10.592	0.0640346	8.0625	-27.5314	0							voice cedar "bod" tok=e2f166b722c64fa1 take=1 src=tts:gpt-audio-1.5 f0=106 onset=0.321 dur=0.450 vowel=0.331-0.661 level=0.050
100	proc	80	bod	baselineTrain	shiftMags=0	280.355	1.5	1.5	1.5	30	16000	3	0@0.002	0.278	0.358-0.636	-180.009	851.691	-150	435	763.65	1061.46	620.017	1900.02	768.966	1046.38	609.637	1902.28	102.123	106.091	65.9916	-8.72374	0.177781	8	-25.8748	0							voice cedar "bod" tok=04ed4b8e86c7a466 take=2 src=tts:gpt-audio-1.5 f0=103 onset=0.373 dur=0.470 vowel=0.373-0.583 level=0.050
101	proc	81	bead	baselineTrain	shiftMags=0	282.889	1.5	1.5	1.5	30	16000	3	0@0.002	0.306	0.372-0.686	162.261	464.603	169	160	294.603	2320.4	466.338	2763.29	293.289	2326.35	468.348	2775.08	106.183	117.183	170.643	-7.46902	0.112531	7.6875	-26.8558	0							voice cedar "bead" tok=bcede0d3415f6dfb take=2 src=tts:gpt-audio-1.5 f0=107 onset=0.317 dur=0.440 vowel=0.347-0.637 level=0.050
102	proc	82	bad	baselineTrain	shiftMags=0	285.846	1.5	1.5	1.5	30	16000	3	0@0.002	0.276	0.462-0.738	-275.92	698.529	-219	292	885.321	1686.69	600.897	2351.58	903.259	1687.72	600.955	2351.58	110.735	112.662	29.8727	-2.28183	0.189302	8.3125	-28.1645	1	0.985+15.4ms						voice cedar "bad" tok=4ada81a8356bc039 take=2 src=tts:gpt-audio-1.5 f0=112 onset=0.351 dur=0.450 vowel=0.381-0.701 level=0.050
103	proc	83	booed	baselineTrain	shiftMags=0	288.519	1.5	1.5	1.5	30	16000	3	0@0.002	0.244	0.390-0.672	132.531	851.636	135	435	350.225	1146.67	487.704	2203.75	350.225	1146.67	487.704	2203.75	118.475	130.67	169.612	-10.9051	0.0560004	7.6875	-28.8188	0							voice cedar "booed" tok=281910169d7e6e0c take=2 src=tts:gpt-audio-1.5 f0=114 onset=0.321 dur=0.420 vowel=0.361-0.631 level=0.050
104	proc	84	bead	baselineTrain	shiftMags=0	290.907	1.5	1.5	1.5	30	16000	3	0@0.002	0.416	0.344-0.842	175.59	462.314	185	160	288.724	2470.77	460.286	2888.2	288.724	2470.77	460.286	2888.2	131.606	178.108	523.826	-5.88116	0.132254	7.6875	-28.0297	0							voice cedar "bead" tok=d7244c8ec328c9b7 take=3 src=tts:gpt-audio-1.5 f0=128 onset=0.308 dur=0.550 vowel=0.328-0.818 level=0.050
105	proc	85	booed	baselineTrain	shiftMags=0	293.534	1.5	1.5	1.5	30	16000	3	0@0.002	0.292	0.478-0.780	144.94	812.724	149	391	358.949	1338.3	443.177	2114.16	358.949	1338.3	443.177	2114.16	129.133	144.855	198.906	-11.3344	0.059499	7.5	-27.7656	0							voice cedar "booed" tok=6ca782e347582de5 take=3 src=tts:gpt-audio-1.5 f0=128 onset=0.354 dur=0.470 vowel=0.384-0.724 level=0.050
106	proc	86	bod	baselineTrain	shiftMags=0	296.294	1.5	1.5	1.5	30	16000	3	0@0.002	0.28	0.384-0.664	-153.813	865.087	-130	457	696.546	996.026	557.406	1828.79	717.058	996.026	561.552	1831.84	93.4028	118.922	418.17	-9.9806	0.115179	8.0625	-27.4927	0							voice cedar "bod" tok=9ffdd48c9bdba1b0 take=3 src=tts:gpt-audio-1.5 f0=100 onset=0.326 dur=0.430 vowel=0.366-0.606 level=0.050
107	proc	87	bad	baselineTrain	shiftMags=0	299.117	1.5	1.5	1.5	30	16000	3	0@0.002	0.352	0.334-0.700	-233.158	710.604	-189	300	874.269	1601.33	611.413	2313.8	876.842	1591.22	612.912	2322.28	102.333	103.629	21.7807	-1.16418	0.22696	8.3125	-26.5629	0							voice cedar "bad" tok=1b973c205bdd408f take=3 src=tts:gpt-audio-1.5 f0=106 onset=0.345 dur=0.460 vowel=0.345-0.645 level=0.050
108	proc	88	bad	baselineTrain	shiftMags=0	301.456	1.5	1.5	1.5	30	16000	3	0@0.002	0.334	0.372-0.722	-216.578	722.794	-177	308	874.878	1709.18	576.874	2362.04	874.878	1709.18	576.874	2362.04	120.621	114.26	-93.7956	-2.62752	0.169879	8.3125	-28.385	0							voice cedar "bad" tok=162f3c0caf0b73da take=0 src=tts:gpt-audio-1.5 f0=119 onset=0.307 dur=0.470 vowel=0.337-0.647 level=0.050
109	proc	89	bead	baselineTrain	shiftMags=0	304.436	1.5	1.5	1.5	30	16000	3	0@0.002	0.294	0.386-0.720	172.439	437.912	181	149	283.636	2437.89	455.097	2850.98	283.636	2437.89	455.097	2850.98	124.862	141.353	214.755	-5.3044	0.119865	7.9375	-28.2599	0							voice cedar "bead" tok=e9fdb8435ad8d4ea take=0 src=tts:gpt-audio-1.5 f0=125 onset=0.320 dur=0.510 vowel=0.350-0.680 level=0.050
110	proc	90	bod	baselineTrain	shiftMags=0	307.103	1.5	1.5	1.5	30	16000	3	0@0.002	0.24	0.490-0.730	-164.309	855.962	-138	446	712.845	1032.1	561.683	1867.43	724.918	1047.33	558.376	1867.43	111.822	125.057	193.651	-10.0867	0.0667096	8.25	-28.1666	0							voice cedar "bod" tok=45bef704c9ad58bb take=0 src=tts:gpt-audio-1.5 f0=111 onset=0.328 dur=0.560 vowel=0.358-0.678 level=0.050
111	proc	91	booed	baselineTrain	shiftMags=0	310.357	1.5	1.5	1.5	30	16000	3	0@0.002	0.342	0.294-0.704	169.275	848.718	177	435	319.015	1112	459.649	1968.57	319.015	1112	459.649	1968.57	100.243	131.352	467.932	-12.4296	0.0740928	7.5625	-27.2609	0							voice cedar "booed" tok=019cc450beff746a take=0 src=tts:gpt-audio-1.5 f0=100 onset=0.305 dur=0.460 vowel=0.305-0.675 level=0.050
112	proc	92	bead	baselineTrain	shiftMags=0	312.821	1.5	1.5	1.5	30	16000	3	0@0.002	0.446	0.304-0.770	172.264	424.411	181	143	291.038	2506	423.409	2891.17	290.787	2506	428.86	2895.55	102.884	171.759	887.239	-8.82675	0.127334	7.6875	-26.5734	0							voice cedar "bead" tok=f6a1eafc6c486fdf take=1 src=tts:gpt-audio-1.5 f0=103 onset=0.310 dur=0.700 vowel=0.310-0.730 level=0.050
113	proc	93	bod	baselineTrain	shiftMags=0	315.695	1.5	1.5	1.5	30	16000	3	0@0.002	0.336	0.336-0.690	-129.7	864.997	-111	457	687.372	990.053	551.593	1830.4	689.214	980.674	551.593	1815.93	111.981	108.71	-51.3108	-10.6396	0.0670653	8.25	-27.5313	0							voice cedar "bod" tok=e2f166b722c64fa1 take=1 src=tts:gpt-audio-1.5 f0=106 onset=0.288 dur=0.450 vowel=0.298-0.628 level=0.050
114	proc	94	bad	baselineTrain	shiftMags=0	317.986	1.5	1.5	1.5	30	16000	3	0@0.002	0.288	0.320-0.626	-269.73	688.296	-215	286	765.348	1805.91	588.285	2454.79	885.704	1803.25	590.6	2454.79	97.4231	97.9271	8.93261	-0.200737	0.267136	8.3125	-27.7074	0							voice cedar "bad" tok=83c0e4d0be3e2f68 take=1 src=tts:gpt-audio-1.5 f0=99 onset=0.333 dur=0.450 vowel=0.333-0.573 level=0.050
115	proc	95	booed	baselineTrain	shiftMags=0	320.47	1.5	1.5	1.5	30	16000	3	0@0.002	0.372	0.456-0.828	169.185	858.563	177	446	324.221	1117.77	415.023	1947.32	324.221	1117.77	415.023	1947.32	117.121	130.761	190.713	-12.6757	0.0432535	7.375	-28.3164	1	1.485+15.4ms						voice cedar "booed" tok=724cb6107b920392 take=1 src=tts:gpt-audio-1.5 f0=116 onset=0.309 dur=0.710 vowel=0.309-0.779 level=0.050
116	proc	96	booed	baselineTrain	shiftMags=0	323.229	1.5	1.5	1.5	30	16000	3	0@0.002	0.248	0.426-0.710	131.027	851.314	133	435	350.182	1135.36	488.456	2044.72	349.391	1143.79	488.386	2049.07	118.359	140.115	292.133	-11.1265	0.0518971	7.6875	-28.8175	0							voice cedar "booed" tok=281910169d7e6e0c take=2 src=tts:gpt-audio-1.5 f0=114 onset=0.357 dur=0.420 vowel=0.397-0.667 level=0.050
117	proc	97	bod	baselineTrain	shiftMags=0	325.574	1.5	1.5	1.5	30	16000	3	0@0.002	0.276	0.312-0.588	-179.753	851.604	-150	438	761.09	1060.87	631.273	1897.4	768.771	1053.76	623.336	1898.94	101.737	105.867	68.885	-8.64556	0.18127	8	-25.8742	0							voice cedar "bod" tok=04ed4b8e86c7a466 take=2 src=tts:gpt-audio-1.5 f0=103 onset=0.326 dur=0.470 vowel=0.326-0.536 level=0.050
118	proc	98	bad	baselineTrain	shiftMags=0	328.363	1.5	1.5	1.5	30	16000	3	0@0.002	0.274	0.418-0.692	-278.244	698.846	-221	292	887.275	1679.37	601.986	2343.76	902.455	1685.7	605.105	2347.01	112.381	113.845	22.4029	-2.2946	0.190451	8.3125	-28.1646	0							voice cedar "bad" tok=4ada81a8356bc039 take=2 src=tts:gpt-audio-1.5 f0=112 onset=0.306 dur=0.450 vowel=0.336-0.656 level=0.050
119	proc	99	bead	baselineTrain	shiftMags=0	331.055	1.5	1.5	1.5	30	16000	3	0@0.002	0.308	0.344-0.660	162.232	464.438	169	160	295.368	2313.76	465.679	2757.28	293.667	2318.37	470.137	2773.06	107.972	121.523	204.682	-7.50041	0.114653	7.6875	-26.8552	0							voice cedar "bead" tok=bcede0d3415f6dfb take=2 src=tts:gpt-audio-1.5 f0=107 onset=0.290 dur=0.440 vowel=0.320-0.610 level=0.050
120	proc	100	bad	baselineTrain	shiftMags=0	333.506	1.5	1.5	1.5	30	16000	3	0@0.002	0.352	0.328-0.694	-233.185	710.469	-189	300	867.566	1598.93	605.813	2319.12	876.923	1593.94	608.239	2319.12	101.992	107.796	95.8188	-1.11652	0.220529	8.3125	-26.5646	0							voice cedar "bad" tok=1b973c205bdd408f take=3 src=tts:gpt-audio-1.5 f0=106 onset=0.339 dur=0.460 vowel=0.339-0.639 level=0.050
121	proc	101	bead	baselineTrain	shiftMags=0	336.364	1.5	1.5	1.5	30	16000	3	0@0.002	0.412	0.378-0.876	172.366	468.559	181	162.5	288.877	2471.03	457.021	2888.99	288.877	2471.03	457.021	2888.99	131.444	153.132	264.39	-5.66015	0.133998	7.6875	-28.0289	0							voice cedar "bead" tok=d7244c8ec328c9b7 take=3 src=tts:gpt-audio-1.5 f0=128 onset=0.340 dur=0.550 vowel=0.360-0.850 level=0.050
122	proc	102	bod	baselineTrain	shiftMags=0	338.669	1.5	1.5	1.5	30	16000	3	0@0.002	0.28	0.384-0.664	-153.849	863.519	-130	457	696.033	995.034	562.813	1833.65	713.952	995.034	562.813	1833.65	92.2382	117.793	423.376	-11.0775	0.0840317	8.0625	-27.4924	1	0.985+15.4ms						voice cedar "bod" tok=9ffdd48c9bdba1b0 take=3 src=tts:gpt-audio-1.5 f0=100 onset=0.327 dur=0.430 vowel=0.367-0.607 level=0.050
123	proc	103	booed	baselineTrain	shiftMags=0	341.064	1.5	1.5	1.5	30	16000	3	0@0.002	0.292	0.434-0.738	148.344	812.395	153	391	360.306	1342.14	442.455	2114.58	360.306	1342.14	442.455	2114.58	129.178	142.941	175.262	-10.8876	0.0574855	7.5	-27.7657	0							voice cedar "booed" tok=6ca782e347582de5 take=3 src=tts:gpt-audio-1.5 f0=128 onset=0.310 dur=0.470 vowel=0.340-0.680 level=0.050
124	proc	104	bead	baselineTrain	shiftMags=0	343.887	1.5	1.5	1.5	30	16000	3	0@0.002	0.294	0.434-0.766	172.565	437.211	181	149	282.797	2435.63	454.189	2855.99	282.797	2435.63	454.189	2855.99	124.787	138.709	183.1	-5.29814	0.118946	7.9375	-28.2608	0							voice cedar "bead" tok=e9fdb8435ad8d4ea take=0 src=tts:gpt-audio-1.5 f0=125 onset=0.367 dur=0.510 vowel=0.397-0.727 level=0.050
125	proc	105	booed	baselineTrain	shiftMags=0	346.589	1.5	1.5	1.5	30	16000	3	0@0.002	0.34	0.290-0.698	168.898	850.491	177	435	322.057	1107.55	445.334	1999.7	320.208	1100.85	447.897	1963.51	100.623	99.4677	-19.9929	-12.0335	0.0856329	7.625	-27.2613	0							voice cedar "booed" tok=019cc450beff746a take=0 src=tts:gpt-audio-1.5 f0=100 onset=0.299 dur=0.460 vowel=0.299-0.669 level=0.050
126	proc	106	bad	baselineTrain	shiftMags=0	349.001	1.5	1.5	1.5	30	16000	3	0@0.002	0.336	0.376-0.724	-211.655	721.759	-173	308	874.069	1707.7	579.366	2343.73	874.069	1707.7	579.366	2343.73	121.329	127.552	86.5952	-2.63105	0.165888	8.3125	-28.3844	0							voice cedar "bad" tok=162f3c0caf0b73da take=0 src=tts:gpt-audio-1.5 f0=119 onset=0.309 dur=0.470 vowel=0.339-0.649 level=0.050
127	proc	107	bod	baselineTrain	shiftMags=0	351.545	1.5	1.5	1.5	30	16000	3	0@0.002	0.236	0.492-0.728	-164.372	856.18	-138	446	709.128	1028.59	567.305	1868.51	722.603	1044.75	565.428	1868.51	107.275	125.495	271.578	-10.012	0.064915	8.25	-28.1649	0							voice cedar "bod" tok=45bef704c9ad58bb take=0 src=tts:gpt-audio-1.5 f0=111 onset=0.330 dur=0.560 vowel=0.360-0.680 level=0.050
128	proc	108	bad	baselineTrain	shiftMags=0	354.432	1.5	1.5	1.5	30	16000	3	0@0.002	0.296	0.280-0.584	-261.162	688.334	-209	286	769.766	1806.36	591.824	2455.08	890.032	1803.92	591.985	2455.08	97.4301	98.3057	15.4894	-0.348467	0.229341	8.3125	-27.7092	0							voice cedar "bad" tok=83c0e4d0be3e2f68 take=1 src=tts:gpt-audio-1.5 f0=99 onset=0.292 dur=0.450 vowel=0.292-0.532 level=0.050
129	proc	109	booed	baselineTrain	shiftMags=0	356.811	1.5	1.5	1.5	30	16000	3	0@0.002	0.374	0.510-0.884	169.275	858.335	177	446	320.409	1118.24	417.715	1954.85	320.409	1118.24	417.715	1954.85	117.702	133.219	214.392	-12.6301	0.0373731	7.1875	-28.3158	0							voice cedar "booed" tok=724cb6107b920392 take=1 src=tts:gpt-audio-1.5 f0=116 onset=0.365 dur=0.710 vowel=0.365-0.835 level=0.050
130	proc	110	bod	baselineTrain	shiftMags=0	359.11	1.5	1.5	1.5	30	16000	3	0@0.002	0.336	0.382-0.736	-129.508	865.33	-111	457	682.362	986.512	554.346	1819.41	684.719	986.439	556.975	1818.06	113.934	109.007	-76.5324	-10.7194	0.065099	8.25	-27.5312	0							voice cedar "bod" tok=e2f166b722c64fa1 take=1 src=tts:gpt-audio-1.5 f0=106 onset=0.334 dur=0.450 vowel=0.344-0.674 level=0.050
131	proc	111	bead	baselineTrain	shiftMags=0	361.734	1.5	1.5	1.5	30	16000	3	0@0.002	0.456	0.364-0.828	175.837	424.793	185	143	291.421	2507.45	417.164	2889.82	291.187	2507.45	419.983	2894.1	102.87	172.322	893.134	-9.04338	0.127395	7.6875	-26.5739	0							voice cedar "bead" tok=f6a1eafc6c486fdf take=1 src=tts:gpt-audio-1.5 f0=103 onset=0.370 dur=0.700 vowel=0.370-0.790 level=0.050
132	proc	112	bad	baselineTrain	shiftMags=0	364.137	1.5	1.5	1.5	30	16000	3	0@0.002	0.274	0.446-0.720	-278.279	698.61	-221	292	889.546	1683.33	599.943	2345.42	906.105	1687.89	601.812	2348.23	112.434	113.785	20.6743	-2.19214	0.186719	8.3125	-28.1635	0							voice cedar "bad" tok=4ada81a8356bc039 take=2 src=tts:gpt-audio-1.5 f0=112 onset=0.334 dur=0.450 vowel=0.364-0.684 level=0.050
133	proc	113	bead	baselineTrain	shiftMags=0	366.899	1.5	1.5	1.5	30	16000	3	0@0.002	0.304	0.376-0.690	162.207	464.348	169	160	295.538	2318.03	461.364	2768.62	293.825	2325.19	462.382	2775.12	106.807	115.008	128.077	-7.25371	0.118626	7.6875	-26.8554	0							voice cedar "bead" tok=bcede0d3415f6dfb take=2 src=tts:gpt-audio-1.5 f0=107 onset=0.322 dur=0.440 vowel=0.352-0.642 level=0.050
134	proc	114	booed	baselineTrain	shiftMags=0	369.332	1.5	1.5	1.5	30	16000	3	0@0.002	0.246	0.444-0.726	134.244	851.344	137	435	351.361	1133.87	491.535	1943.45	351.361	1133.87	491.535	1943.45	118.205	135.782	239.989	-11.0007	0.0505131	7.6875	-28.8185	0							voice cedar "booed" tok=281910169d7e6e0c take=2 src=tts:gpt-audio-1.5 f0=114 onset=0.375 dur=0.420 vowel=0.415-0.685 level=0.050
135	proc	115	bod	baselineTrain	shiftMags=0	371.724	1.5	1.5	1.5	30	16000	3	0@0.002	0.276	0.320-0.596	-179.864	851.983	-150	438	758.555	1059.39	629.458	1899.35	775.018	1045.11	621.218	1899.83	101.801	106.311	75.0605	-8.70328	0.179597	8	-25.8742	1	1.485+15.4ms						voice cedar "bod" tok=04ed4b8e86c7a466 take=2 src=tts:gpt-audio-1.5 f0=103 onset=0.334 dur=0.470 vowel=0.334-0.544 level=0.050
136	proc	116	booed	train	shiftMags=0	374.434	1.5	1.5	1.5	30	16000	3	0@0.002	0.294	0.412-0.716	148.265	812.531	153	386	360.686	1340.47	441.567	2119.59	360.686	1340.47	441.567	2119.59	130.076	143.494	169.969	-10.7832	0.0559405	7.5	-27.7671	0							voice cedar "booed" tok=6ca782e347582de5 take=3 src=tts:gpt-audio-1.5 f0=128 onset=0.288 dur=0.470 vowel=0.318-0.658 level=0.050
137	proc	117	bod	train	shiftMags=0	377.404	1.5	1.5	1.5	30	16000	3	0@0.002	0.28	0.378-0.658	-153.709	866.234	-130	457	705.635	992.876	581.849	1830.51	724.502	1004.45	581.849	1830.51	92.1859	107.91	272.655	-11.2743	0.0794499	8.0625	-27.4925	0							voice cedar "bod" tok=9ffdd48c9bdba1b0 take=3 src=tts:gpt-audio-1.5 f0=100 onset=0.321 dur=0.430 vowel=0.361-0.601 level=0.050
138	proc	118	bad	train	shiftMags=0	380.065	1.5	1.5	1.5	30	16000	3	0@0.002	0.356	0.300-0.666	-230.598	712.346	-187	303	870.65	1600.17	605.577	2322.17	878.577	1599.84	608.898	2322.17	102.991	103.635	10.7809	-1.08054	0.219811	8.3125	-26.5643	0							voice cedar "bad" tok=1b973c205bdd408f take=3 src=tts:gpt-audio-1.5 f0=106 onset=0.311 dur=0.460 vowel=0.311-0.611 level=0.050
139	proc	119	bead	train	shiftMags=0	383.04	1.5	1.5	1.5	30	16000	3	0@0.002	0.406	0.404-0.900	172.47	462.387	181	160	289.664	2476.79	458.356	2883.23	289.664	2476.79	458.356	2883.23	135.015	177.9	477.533	-5.74648	0.142933	7.6875	-28.0294	0							voice cedar "bead" tok=d7244c8ec328c9b7 take=3 src=tts:gpt-audio-1.5 f0=128 onset=0.366 dur=0.550 vowel=0.386-0.876 level=0.050
140	proc	120	bod	train	shiftMags=0	386.034	1.5	1.5	1.5	30	16000	3	0@0.002	0.238	0.530-0.768	-164.021	856.117	-138	446	710.367	1029.7	569.862	1870.33	723.5	1044.65	567.764	1870.33	107.278	127.49	298.843	-10.115	0.0611741	8.25	-28.1653	0							voice cedar "bod" tok=45bef704c9ad58bb take=0 src=tts:gpt-audio-1.5 f0=111 onset=0.370 dur=0.560 vowel=0.400-0.720 level=0.050
141	proc	121	bad	train	shiftMags=0	389.847	1.5	1.5	1.5	30	16000	3	0@0.002	0.338	0.386-0.736	-210.755	722.828	-173	308	874.235	1695.61	577.321	2372.67	874.235	1695.61	577.321	2372.67	120.821	128.045	100.543	-2.55725	0.171422	8.3125	-28.3841	0							voice cedar "bad" tok=162f3c0caf0b73da take=0 src=tts:gpt-audio-1.5 f0=119 onset=0.321 dur=0.470 vowel=0.351-0.661 level=0.050
142	proc	122	bead	train	shiftMags=0	392.528	1.5	1.5	1.5	30	16000	3	0@0.002	0.29	0.358-0.688	172.495	437.747	181	149	283.626	2437.54	452.129	2850.01	283.626	2437.54	452.129	2850.01	124.866	138.752	182.553	-5.21903	0.123584	11.25	-28.2606	1	0.985+15.4ms						voice cedar "bead" tok=e9fdb8435ad8d4ea take=0 src=tts:gpt-audio-1.5 f0=125 onset=0.291 dur=0.510 vowel=0.321-0.651 level=0.050
143	proc	123	booed	train	shiftMags=0	395.057	1.5	1.5	1.5	30	16000	3	0@0.002	0.342	0.336-0.744	168.893	848.816	177	435	319.36	1111.71	438.788	2057.02	317.894	1103.63	445.942	2011.37	100.339	110.103	160.767	-11.6827	0.0918674	7.625	-27.2603	0							voice cedar "booed" tok=019cc450beff746a take=0 src=tts:gpt-audio-1.5 f0=100 onset=0.345 dur=0.460 vowel=0.345-0.715 level=0.050
144	proc	124	bead	train	shiftMags=0	397.366	1.5	1.5	1.5	30	16000	3	0@0.002	0.452	0.326-0.792	177.177	424.69	187	143	290.943	2506.66	420.745	2886.39	290.831	2506.69	421.586	2900.31	103.073	160.878	770.759	-8.87052	0.124718	7.6875	-26.5738	0							voice cedar "bead" tok=f6a1eafc6c486fdf take=1 src=tts:gpt-audio-1.5 f0=103 onset=0.331 dur=0.700 vowel=0.331-0.751 level=0.050
145	proc	125	bad	train	shiftMags=0	400.012	1.5	1.5	1.5	30	16000	3	0@0.002	0.278	0.290-0.568	-273.14	687.919	-217	286	765.035	1805.29	580.702	2454.18	884.932	1804.59	591.363	2454.18	97.4389	99.1102	29.4423	-0.203925	0.248661	8.3125	-27.7106	0							voice cedar "bad" tok=83c0e4d0be3e2f68 take=1 src=tts:gpt-audio-1.5 f0=99 onset=0.303 dur=0.450 vowel=0.303-0.543 level=0.050
146	proc	126	booed	train	shiftMags=0	402.397	1.5	1.5	1.5	30	16000	3	0@0.002	0.37	0.498-0.868	169.068	858.665	177	446	323.841	1118.26	421.487	1921.01	323.841	1118.26	421.487	1921.01	117.163	131.425	198.876	-12.6483	0.0437614	7.25	-28.3158	0							voice cedar "booed" tok=724cb6107b920392 take=1 src=tts:gpt-audio-1.5 f0=116 onset=0.349 dur=0.710 vowel=0.349-0.819 level=0.050
147	proc	127	bod	train	shiftMags=0	405.072	1.5	1.5	1.5	30	16000	3	0@0.002	0.332	0.414-0.746	-129.724	865.81	-111	457	683.432	986.367	564.275	1823.33	684.601	985.134	564.828	1821.14	114.007	110.652	-51.7051	-10.6948	0.0617995	8.25	-27.5312	0							voice cedar "bod" tok=e2f166b722c64fa1 take=1 src=tts:gpt-audio-1.5 f0=106 onset=0.365 dur=0.450 vowel=0.375-0.705 level=0.050
148	proc	128	bead	train	shiftMags=0	407.647	1.5	1.5	1.5	30	16000	3	0@0.002	0.306	0.380-0.694	162.244	464.571	169	160	295.666	2320.8	466.427	2760.68	295.443	2321.6	470.539	2774.84	108.255	113.001	74.2779	-7.28312	0.119549	7.6875	-26.8542	0							voice cedar "bead" tok=bcede0d3415f6dfb take=2 src=tts:gpt-audio-1.5 f0=107 onset=0.324 dur=0.440 vowel=0.354-0.644 level=0.050
149	proc	129	bad	train	shiftMags=0	410.315	1.5	1.5	1.5	30	16000	3	0@0.002	0.276	0.448-0.724	-275.941	698.318	-219	292	893.324	1675.8	609.246	2343.03	909.457	1679.7	613.357	2343.03	112.253	112.584	5.08788	-2.24974	0.190439	8.3125	-28.1643	0							voice cedar "bad" tok=4ada81a8356bc039 take=2 src=tts:gpt-audio-1.5 f0=112 onset=0.336 dur=0.450 vowel=0.366-0.686 level=0.050
150	proc	130	bod	train	shiftMags=0	412.996	1.5	1.5	1.5	30	16000	3	0@0.002	0.278	0.282-0.560	-174.787	852.577	-146	441	761.999	1060.75	626.438	1899.13	769.161	1054.54	610.703	1899.13	101.821	104.948	52.3612	-8.92751	0.1768	8	-25.874	0							voice cedar "bod" tok=04ed4b8e86c7a466 take=2 src=tts:gpt-audio-1.5 f0=103 onset=0.297 dur=0.470 vowel=0.297-0.507 level=0.050
151	proc	131	booed	train	shiftMags=0	415.667	1.5	1.5	1.5	30	16000	3	0@0.002	0.248	0.366-0.650	131.012	850.937	133	435	350.229	1135.61	496.071	1960.89	349.851	1143.89	496.045	1950.6	118.368	149.28	401.686	-11.3433	0.0482449	7.6875	-28.8181	0							voice cedar "booed" tok=281910169d7e6e0c take=2 src=tts:gpt-audio-1.5 f0=114 onset=0.298 dur=0.420 vowel=0.338-0.608 level=0.050
152	proc	132	bead	train	shiftMags=0	418.612	1.5	1.5	1.5	30	16000	3	0@0.002	0.416	0.372-0.870	173.953	472.042	183	165	289.523	2477.36	459.87	2883.76	289.523	2477.36	459.87	2883.76	134.994	153.404	221.331	-5.64032	0.132118	7.4375	-28.0294	0							voice cedar "bead" tok=d7244c8ec328c9b7 take=3 src=tts:gpt-audio-1.5 f0=128 onset=0.336 dur=0.550 vowel=0.356-0.846 level=0.050
153	proc	133	bad	train	shiftMags=0	421.278	1.5	1.5	1.5	30	16000	3	0@0.002	0.354	0.280-0.646	-232.954	709.495	-189	297	869.744	1602.94	599.818	2323.15	877.388	1601.05	604.978	2323.15	102.992	103.407	6.95478	-1.08876	0.221597	8.3125	-26.5647	0							voice cedar "bad" tok=1b973c205bdd408f take=3 src=tts:gpt-audio-1.5 f0=106 onset=0.291 dur=0.460 vowel=0.291-0.591 level=0.050
154	proc	134	bod	train	shiftMags=0	423.616	1.5	1.5	1.5	30	16000	3	0@0.002	0.278	0.430-0.708	-158.954	866.273	-134	457	700.991	993.287	559.17	1835.62	717.628	1000.1	561.593	1835.62	92.1341	118.504	435.756	-10.245	0.103717	8.0625	-27.4923	0							voice cedar "bod" tok=9ffdd48c9bdba1b0 take=3 src=tts:gpt-audio-1.5 f0=100 onset=0.372 dur=0.430 vowel=0.412-0.652 level=0.050
155	proc	135	booed	train	shiftMags=0	426.529	1.5	1.5	1.5	30	16000	3	0@0.002	0.294	0.426-0.730	148.207	811.133	153	386	359.304	1337.94	440.014	2126.26	359.304	1337.94	440.014	2126.26	127.599	144.068	210.171	-10.7966	0.053629	7.5625	-27.7665	1	1.485+15.4ms						voice cedar "booed" tok=6ca782e347582de5 take=3 src=tts:gpt-audio-1.5 f0=128 onset=0.302 dur=0.470 vowel=0.332-0.672 level=0.050
156	proc	136	bad	train	shiftMags=0	429.335	1.5	1.5	1.5	30	16000	3	0@0.002	0.328	0.406-0.754	-219.452	725.84	-179	314	872.669	1704.4	579.16	2343.35	872.669	1704.4	579.16	2343.35	121.009	127.646	92.4466	-2.49571	0.173708	8.3125	-28.3848	0							voice cedar "bad" tok=162f3c0caf0b73da take=0 src=tts:gpt-audio-1.5 f0=119 onset=0.340 dur=0.470 vowel=0.370-0.680 level=0.050
157	proc	137	bod	train	shiftMags=0	431.861	1.5	1.5	1.5	30	16000	3	0@0.002	0.24	0.498-0.738	-163.97	856.152	-138	446	715.492	1034.48	568.857	1866.4	725.06	1048.34	566.423	1866.4	106.791	126.879	298.392	-10.3275	0.0644948	8.0625	-28.1642	0							voice cedar "bod" tok=45bef704c9ad58bb take=0 src=tts:gpt-audio-1.5 f0=111 onset=0.337 dur=0.560 vowel=0.367-0.687 level=0.050
158	proc	138	booed	train	shiftMags=0	434.444	1.5	1.5	1.5	30	16000	3	0@0.002	0.334	0.344-0.712	168.876	850.332	177	435	318.751	1109.45	452.453	1988	318.751	1109.45	452.453	1988	100.444	149.794	691.916	-11.8473	0.0947102	7.625	-27.2608	0							voice cedar "booed" tok=019cc450beff746a take=0 src=tts:gpt-audio-1.5 f0=100 onset=0.353 dur=0.460 vowel=0.353-0.723 level=0.050
159	proc	139	bead	train	shiftMags=0	437.116	1.5	1.5	1.5	30	16000	3	0@0.002	0.296	0.368-0.702	172.396	437.906	181	149	283.011	2437.94	444.485	2845.77	283.011	2437.94	444.485	2845.77	124.512	161.566	451.005	-5.13429	0.131222	4.9375	-28.2606	0							voice cedar "bead" tok=e9fdb8435ad8d4ea take=0 src=tts:gpt-audio-1.5 f0=125 onset=0.302 dur=0.510 vowel=0.332-0.662 level=0.050
160	proc	140	bad	train	shiftMags=0	439.659	1.5	1.5	1.5	30	16000	3	0@0.002	0.296	0.314-0.618	-258.936	687.819	-207	286	760.081	1810.86	589.11	2419.45	858.296	1810.86	589.71	2434.31	97.4517	98.4477	17.6056	-0.323281	0.23333	8.3125	-27.7077	0							voice cedar "bad" tok=83c0e4d0be3e2f68 take=1 src=tts:gpt-audio-1.5 f0=99 onset=0.325 dur=0.450 vowel=0.325-0.565 level=0.050
161	proc	141	bead	train	shiftMags=0	442.412	1.5	1.5	1.5	30	16000	3	0@0.002	0.45	0.366-0.830	178.761	424.502	189	143	292.065	2506.01	436.661	2891.91	290.292	2506.62	439.466	2901.74	103.73	172.805	883.569	-8.95812	0.128851	7.6875	-26.5736	0							voice cedar "bead" tok=f6a1eafc6c486fdf take=1 src=tts:gpt-audio-1.5 f0=103 onset=0.372 dur=0.700 vowel=0.372-0.792 level=0.050
162	proc	142	booed	train	shiftMags=0	445.41	1.5	1.5	1.5	30	16000	3	0@0.002	0.37	0.476-0.846	169.108	859.291	177	446	320.852	1116.5	415.316	2097.17	320.852	1116.5	415.316	2097.17	117.477	130.989	188.484	-12.7751	0.0485879	7.25	-28.3164	0							voice cedar "booed" tok=724cb6107b920392 take=1 src=tts:gpt-audio-1.5 f0=116 onset=0.328 dur=0.710 vowel=0.328-0.798 level=0.050
163	proc	143	bod	train	shiftMags=0	447.699	1.5	1.5	1.5	30	16000	3	0@0.002	0.332	0.340-0.672	-129.44	865.745	-111	457	676.15	982.931	561.87	1815.63	677.834	975.331	563.507	1815.63	111.576	111.66	1.31336	-10.4892	0.0675839	8.0625	-27.5317	0							voice cedar "bod" tok=e2f166b722c64fa1 take=1 src=tts:gpt-audio-1.5 f0=106 onset=0.291 dur=0.450 vowel=0.301-0.631 level=0.050
164	proc	144	bead	train	shiftMags=0	450.638	1.5	1.5	1.5	30	16000	3	0@0.002	0.31	0.354-0.670	162.187	464.653	169	160	295.084	2313.06	468.045	2757.81	293.62	2318.15	470.036	2773.78	107.97	110.461	39.4869	-7.52222	0.122267	7.6875	-26.8544	0							voice cedar "bead" tok=bcede0d3415f6dfb take=2 src=tts:gpt-audio-1.5 f0=107 onset=0.300 dur=0.440 vowel=0.330-0.620 level=0.050
165	proc	145	bad	train	shiftMags=0	453.63	1.5	1.5	1.5	30	16000	3	0@0.002	0.276	0.470-0.746	-275.957	697.267	-219	292	884.743	1677	609.233	2339.58	897.061	1681.02	614.081	2339.58	110.635	114.148	54.1158	-2.24896	0.194503	8.3125	-28.1643	0							voice cedar "bad" tok=4ada81a8356bc039 take=2 src=tts:gpt-audio-1.5 f0=112 onset=0.359 dur=0.450 vowel=0.389-0.709 level=0.050
166	proc	146	bod	train	shiftMags=0	456.527	1.5	1.5	1.5	30	16000	3	0@0.002	0.278	0.328-0.606	-179.809	852.673	-150	441	760.302	1060.18	629.091	1898.59	776.509	1048.2	619.742	1898.97	101.831	105.306	58.0997	-9.14872	0.178508	8	-25.874	0							voice cedar "bod" tok=04ed4b8e86c7a466 take=2 src=tts:gpt-audio-1.5 f0=103 onset=0.344 dur=0.470 vowel=0.344-0.554 level=0.050
167	proc	147	booed	train	shiftMags=0	459.125	1.5	1.5	1.5	30	16000	3	0@0.002	0.246	0.426-0.710	130.99	853.898	133	435	350.561	1137.54	492.239	1915.14	349.201	1144.53	494.483	1959.08	118.213	153.654	453.954	-11.4687	0.0463246	7.6875	-28.8184	0							voice cedar "booed" tok=281910169d7e6e0c take=2 src=tts:gpt-audio-1.5 f0=114 onset=0.358 dur=0.420 vowel=0.398-0.668 level=0.050
168	proc	148	bead	train	shiftMags=0	461.872	1.5	1.5	1.5	30	16000	3	0@0.002	0.412	0.376-0.874	172.467	467.411	181	162.5	288.91	2472.12	462.196	2888.83	288.91	2472.12	462.196	2888.83	132.871	178.245	508.61	-5.76364	0.135198	7.6875	-28.0297	0							voice cedar "bead" tok=d7244c8ec328c9b7 take=3 src=tts:gpt-audio-1.5 f0=128 onset=0.340 dur=0.550 vowel=0.360-0.850 level=0.050
169	proc	149	booed	train	shiftMags=0	464.472	1.5	1.5	1.5	30	16000	3	0@0.002	0.292	0.486-0.788	146.742	812.144	151	391	359.303	1336.76	447.96	2112.65	359.303	1336.76	447.96	2112.65	127.213	142.117	191.801	-11.1623	0.0549586	7.5	-27.7675	0							voice cedar "booed" tok=6ca782e347582de5 take=3 src=tts:gpt-audio-1.5 f0=128 onset=0.361 dur=0.470 vowel=0.391-0.731 level=0.050
170	proc	150	bod	train	shiftMags=0	467.002	1.5	1.5	1.5	30	16000	3	0@0.002	0.28	0.346-0.626	-153.785	862.284	-130	457	694.355	998.416	568.394	1830.97	728.748	1006.58	567.858	1831.67	92.1151	117.669	423.867	-11.0217	0.0798103	8.0625	-27.4924	0							voice cedar "bod" tok=9ffdd48c9bdba1b0 take=3 src=tts:gpt-audio-1.5 f0=100 onset=0.289 dur=0.430 vowel=0.329-0.569 level=0.050
171	proc	151	bad	train	shiftMags=0	470.369	1.5	1.5	1.5	30	16000	3	0@0.002	0.354	0.340-0.706	-233.686	707.759	-189	297	868.875	1605.73	610.221	2321.17	877.217	1602.14	611.55	2321.17	102.962	112.167	148.245	-1.09407	0.215668	8.3125	-26.5654	0							voice cedar "bad" tok=1b973c205bdd408f take=3 src=tts:gpt-audio-1.5 f0=106 onset=0.350 dur=0.460 vowel=0.350-0.650 level=0.050
172	proc	152	bead	train	shiftMags=0	472.77	1.5	1.5	1.5	30	16000	3	0@0.002	0.296	0.400-0.734	172.434	426.039	181	143	283.066	2437.45	454.633	2849.58	283.066	2437.45	454.633	2849.58	125.291	155.258	371.273	-5.13992	0.131302	11.25	-28.2602	0							voice cedar "bead" tok=e9fdb8435ad8d4ea take=0 src=tts:gpt-audio-1.5 f0=125 onset=0.334 dur=0.510 vowel=0.364-0.694 level=0.050
173	proc	153	bad	train	shiftMags=0	475.378	1.5	1.5	1.5	30	16000	3	0@0.002	0.326	0.390-0.736	-222.015	726.244	-181	314	872.519	1694.95	580.531	2371.1	872.519	1694.95	580.531	2371.1	119.878	128.1	114.842	-2.57928	0.175222	8.3125	-28.3849	0							voice cedar "bad" tok=162f3c0caf0b73da take=0 src=tts:gpt-audio-1.5 f0=119 onset=0.323 dur=0.470 vowel=0.353-0.663 level=0.050
174	proc	154	bod	train	shiftMags=0	477.84	1.5	1.5	1.5	30	16000	3	0@0.002	0.24	0.466-0.706	-164.002	855.685	-138	446	719.661	1037.14	561.411	1859.68	725.775	1050.91	559.004	1863.52	106.005	125.746	295.652	-10.0766	0.0687302	8.25	-28.1656	0							voice cedar "bod" tok=45bef704c9ad58bb take=0 src=tts:gpt-audio-1.5 f0=111 onset=0.305 dur=0.560 vowel=0.335-0.655 level=0.050
175	proc	155	booed	train	shiftMags=0	480.246	1.5	1.5	1.5	30	16000	3	0@0.002	0.332	0.314-0.684	169.135	851.442	177	435	318.444	1110.16	456.027	1976.53	318.444	1110.16	456.027	1976.53	100.172	145.528	646.575	-12.0118	0.0684405	7.625	-27.261	1	1.485+15.4ms						voice cedar "booed" tok=019cc450beff746a take=0 src=tts:gpt-audio-1.5 f0=100 onset=0.324 dur=0.460 vowel=0.324-0.694 level=0.050
176	proc	156	booed	train	shiftMags=0	482.952	1.5	1.5	1.5	30	16000	3	0@0.002	0.37	0.504-0.874	169.131	858.759	177	446	320.063	1119.78	419.206	1955.18	320.063	1119.78	419.206	1955.18	117.438	131.716	198.625	-12.1481	0.0540197	7.25	-28.3159	0							voice cedar "booed" tok=724cb6107b920392 take=1 src=tts:gpt-audio-1.5 f0=116 onset=0.355 dur=0.710 vowel=0.355-0.825 level=0.050
177	proc	157	bod	train	shiftMags=0	485.414	1.5	1.5	1.5	30	16000	3	0@0.002	0.332	0.370-0.702	-129.503	865.873	-111	457	679.586	985.445	563.178	1817.57	683.909	979.164	566.408	1817.57	111.371	111.763	6.08231	-10.6431	0.0662714	8.25	-27.532	0							voice cedar "bod" tok=e2f166b722c64fa1 take=1 src=tts:gpt-audio-1.5 f0=106 onset=0.320 dur=0.450 vowel=0.330-0.660 level=0.050
178	proc	158	bad	train	shiftMags=0	488.289	1.5	1.5	1.5	30	16000	3	0@0.002	0.278	0.326-0.604	-273.094	688.119	-217	286	785.499	1805.14	589.656	2428.06	905.289	1797.28	602.11	2441.51	97.3992	98.5736	20.7505	-0.212817	0.261764	8.3125	-27.7092	0							voice cedar "bad" tok=83c0e4d0be3e2f68 take=1 src=tts:gpt-audio-1.5 f0=99 onset=0.338 dur=0.450 vowel=0.338-0.578 level=0.050
179	proc	159	bead	train	shiftMags=0	490.605	1.5	1.5	1.5	30	16000	3	0@0.002	0.456	0.330-0.796	173.978	424.791	183	143	294.07	2506.46	421.887	2898.69	290.127	2504.38	426.768	2901.68	103.526	173.205	890.978	-9.0629	0.133367	7.6875	-26.574	0							voice cedar "bead" tok=f6a1eafc6c486fdf take=1 src=tts:gpt-audio-1.5 f0=103 onset=0.336 dur=0.700 vowel=0.336-0.756 level=0.050
180	proc	160	bod	train	shiftMags=0	493.025	1.5	1.5	1.5	30	16000	3	0@0.002	0.278	0.304-0.582	-180.075	852.635	-150	441	762.642	1060.24	615.575	1898.19	769.74	1054.85	612.717	1899.69	101.667	105.89	70.4462	-9.10155	0.17334	8	-25.875	0							voice cedar "bod" tok=04ed4b8e86c7a466 take=2 src=tts:gpt-audio-1.5 f0=103 onset=0.320 dur=0.470 vowel=0.320-0.530 level=0.050
181	proc	161	bead	train	shiftMags=0	495.593	1.5	1.5	1.5	30	16000	3	0@0.002	0.304	0.372-0.686	162.138	464.568	169	160	294.418	2320.63	465.531	2762.74	293.244	2326.84	466.485	2773.73	106.583	112.856	99.0177	-7.43234	0.107158	7.6875	-26.8549	0							voice cedar "bead" tok=bcede0d3415f6dfb take=2 src=tts:gpt-audio-1.5 f0=107 onset=0.318 dur=0.440 vowel=0.348-0.638 level=0.050
182	proc	162	bad	train	shiftMags=0	498.004	1.5	1.5	1.5	30	16000	3	0@0.002	0.274	0.458-0.732	-278.277	698.61	-221	292	887.869	1679.95	599.66	2342.25	902.251	1686.47	602.946	2343.96	112.375	114.927	38.8833	-2.17989	0.187684	8.3125	-28.1638	1	0.985+15.4ms						voice cedar "bad" tok=4ada81a8356bc039 take=2 src=tts:gpt-audio-1.5 f0=112 onset=0.346 dur=0.450 vowel=0.376-0.696 level=0.050
183	proc	163	booed	train	shiftMags=0	500.882	1.5	1.5	1.5	30	16000	3	0@0.002	0.246	0.388-0.670	134.258	851.455	137	435	350.845	1139.2	497.571	2352.2	349.156	1145.17	498.362	2362.23	118.393	148.107	387.658	-11.0286	0.0486318	7.6875	-28.8175	0							voice cedar "booed" tok=281910169d7e6e0c take=2 src=tts:gpt-audio-1.5 f0=114 onset=0.319 dur=0.420 vowel=0.359-0.629 level=0.050
184	proc	164	booed	train	shiftMags=0	503.501	1.5	1.5	1.5	30	16000	3	0@0.002	0.296	0.454-0.760	150.275	811.753	155	391	360.061	1336.96	445.3	2107.17	360.061	1336.96	445.3	2107.17	127.174	141.687	187.084	-11.1375	0.0586084	7.5	-27.7668	0							voice cedar "booed" tok=6ca782e347582de5 take=3 src=tts:gpt-audio-1.5 f0=128 onset=0.331 dur=0.470 vowel=0.361-0.701 level=0.050
185	proc	165	bead	train	shiftMags=0	505.797	1.5	1.5	1.5	30	16000	3	0@0.002	0.408	0.348-0.844	172.515	464.071	181	160	288.853	2470.46	462.09	2886.6	288.853	2470.46	462.09	2886.6	132.474	177.7	508.483	-5.74183	0.139821	7.6875	-28.0295	0							voice cedar "bead" tok=d7244c8ec328c9b7 take=3 src=tts:gpt-audio-1.5 f0=128 onset=0.308 dur=0.550 vowel=0.328-0.818 level=0.050
186	proc	166	bod	train	shiftMags=0	508.2	1.5	1.5	1.5	30	16000	3	0@0.002	0.28	0.366-0.646	-153.888	862.493	-130	457	695.538	997.348	575.599	1828.42	725.893	1006.15	574.489	1829.43	91.9577	117.526	424.727	-11.0556	0.0819696	8.0625	-27.4925	0							voice cedar "bod" tok=9ffdd48c9bdba1b0 take=3 src=tts:gpt-audio-1.5 f0=100 onset=0.309 dur=0.430 vowel=0.349-0.589 level=0.050
187	proc	167	bad	train	shiftMags=0	510.974	1.5	1.5	1.5	30	16000	3	0@0.002	0.358	0.340-0.708	-228.209	709.43	-185	297	869.476	1603.03	604.406	2322.72	878.33	1600.82	606.912	2322.72	102.009	103.853	31.0171	-1.10429	0.221958	8.3125	-26.5653	0							voice cedar "bad" tok=1b973c205bdd408f take=3 src=tts:gpt-audio-1.5 f0=106 onset=0.350 dur=0.460 vowel=0.350-0.650 level=0.050
188	proc	168	booed	train	shiftMags=0	513.456	1.5	1.5	1.5	30	16000	3	0@0.002	0.33	0.328-0.696	168.903	852.008	177	435	320.043	1106.67	427.805	2010.19	317.487	1099.56	434.612	1959.57	101.814	100.241	-26.9506	-11.5228	0.0845321	7.5625	-27.2612	0							voice cedar "booed" tok=019cc450beff746a take=0 src=tts:gpt-audio-1.5 f0=100 onset=0.337 dur=0.460 vowel=0.337-0.707 level=0.050
189	proc	169	bad	train	shiftMags=0	515.93	1.5	1.5	1.5	30	16000	3	0@0.002	0.324	0.404-0.750	-219.775	725.791	-179	314	876.755	1699.74	582.378	2366.4	876.755	1699.74	582.378	2366.4	120.184	126.958	94.9342	-2.59379	0.178181	8	-28.3849	0							voice cedar "bad" tok=162f3c0caf0b73da take=0 src=tts:gpt-audio-1.5 f0=119 onset=0.336 dur=0.470 vowel=0.366-0.676 level=0.050
190	proc	170	bead	train	shiftMags=0	518.338	1.5	1.5	1.5	30	16000	3	0@0.002	0.294	0.392-0.724	172.47	439.902	181	149	282.953	2434.06	449.908	2847.08	282.953	2434.06	449.908	2847.08	124.333	151.006	336.48	-5.37009	0.125234	11.25	-28.2604	0							voice cedar "bead" tok=e9fdb8435ad8d4ea take=0 src=tts:gpt-audio-1.5 f0=125 onset=0.326 dur=0.510 vowel=0.356-0.686 level=0.050
191	proc	171	bod	train	shiftMags=0	520.598	1.5	1.5	1.5	30	16000	3	0@0.002	0.24	0.484-0.724	-164.296	855.154	-138	446	706.809	1040.98	563.855	1871.65	721.083	1040.98	561.792	1867.94	107.415	128.155	305.626	-9.94314	0.0606538	8.25	-28.1647	0							voice cedar "bod" tok=45bef704c9ad58bb take=0 src=tts:gpt-audio-1.5 f0=111 onset=0.322 dur=0.560 vowel=0.352-0.672 level=0.050
192	proc	172	bod	train	shiftMags=0	523.417	1.5	1.5	1.5	30	16000	3	0@0.002	0.336	0.400-0.754	-129.633	865.303	-111	457	681.043	985.184	559.262	1821.43	685.748	984.048	563.101	1820.9	112.063	111.632	-6.67655	-10.471	0.0725363	8.25	-27.5319	0							voice cedar "bod" tok=e2f166b722c64fa1 take=1 src=tts:gpt-audio-1.5 f0=106 onset=0.352 dur=0.450 vowel=0.362-0.692 level=0.050
193	proc	173	bad	train	shiftMags=0	525.911	1.5	1.5	1.5	30	16000	3	0@0.002	0.3	0.300-0.606	-255.751	687.987	-205	286	769.412	1805.76	588.574	2452.72	885.989	1802.25	589.564	2452.72	97.3716	97.811	7.79352	-0.234495	0.261118	8.3125	-27.7099	0							voice cedar "bad" tok=83c0e4d0be3e2f68 take=1 src=tts:gpt-audio-1.5 f0=99 onset=0.313 dur=0.450 vowel=0.313-0.553 level=0.050
194	proc	174	bead	train	shiftMags=0	528.344	1.5	1.5	1.5	30	16000	3	0@0.002	0.458	0.336-0.802	181.39	424.791	192	143	291.096	2505.08	429.097	2888.03	290.257	2506.05	430.667	2900.41	103.342	172.737	889.374	-8.99784	0.11627	7.6875	-26.5737	0							voice cedar "bead" tok=f6a1eafc6c486fdf take=1 src=tts:gpt-audio-1.5 f0=103 onset=0.341 dur=0.700 vowel=0.341-0.761 level=0.050
195	proc	175	booed	train	shiftMags=0	530.673	1.5	1.5	1.5	30	16000	3	0@0.002	0.378	0.458-0.838	169.265	858.241	177	441	321.176	1117.17	425.476	1976.26	321.176	1117.17	425.476	1976.26	116.903	130.477	190.179	-12.4712	0.0466752	7.4375	-28.3164	1	1.485+15.4ms						voice cedar "booed" tok=724cb6107b920392 take=1 src=tts:gpt-audio-1.5 f0=116 onset=0.312 dur=0.710 vowel=0.312-0.782 level=0.050
196	proc	176	bod	train	shiftMags=0	533.302	1.5	1.5	1.5	30	16000	3	0@0.002	0.276	0.286-0.562	-179.974	851.69	-150	438	763.326	1059.7	600.626	1897.3	774.681	1053.51	595.836	1899.16	101.747	105.838	68.2514	-8.6254	0.187443	8	-25.874	0							voice cedar "bod" tok=04ed4b8e86c7a466 take=2 src=tts:gpt-audio-1.5 f0=103 onset=0.300 dur=0.470 vowel=0.300-0.510 level=0.050
197	proc	177	bead	train	shiftMags=0	536.106	1.5	1.5	1.5	30	16000	3	0@0.002	0.308	0.422-0.738	162.263	464.547	169	160	294.602	2319.32	464.093	2762.3	293.369	2325.89	465.458	2776.59	106.953	112.9	93.6937	-7.48323	0.11452	7.6875	-26.8549	0							voice cedar "bead" tok=bcede0d3415f6dfb take=2 src=tts:gpt-audio-1.5 f0=107 onset=0.368 dur=0.440 vowel=0.398-0.688 level=0.050
198	proc	178	booed	train	shiftMags=0	539.066	1.5	1.5	1.5	30	16000	3	0@0.002	0.246	0.382-0.666	131.018	852.594	133	435	351.43	1137.03	498.256	1981.59	351.43	1137.03	498.256	1981.59	118.35	170.525	632.309	-11.2544	0.0485967	7.6875	-28.8184	0							voice cedar "booed" tok=281910169d7e6e0c take=2 src=tts:gpt-audio-1.5 f0=114 onset=0.313 dur=0.420 vowel=0.353-0.623 level=0.050
199	proc	179	bad	train	shiftMags=0	542.016	1.5	1.5	1.5	30	16000	3	0@0.002	0.276	0.480-0.756	-275.947	698.239	-219	292	885.097	1674.96	609.77	2343.66	898.433	1679.74	611.806	2343.66	110.641	114.215	55.0405	-2.23103	0.182711	8.3125	-28.1635	0							voice cedar "bad" tok=4ada81a8356bc039 take=2 src=tts:gpt-audio-1.5 f0=112 onset=0.368 dur=0.450 vowel=0.398-0.718 level=0.050
200	proc	180	bead	train	shiftMags=0	544.278	1.5	1.5	1.5	30	16000	3	0@0.002	0.416	0.408-0.908	172.373	473.414	181	165	288.962	2470.2	460.838	2886.89	288.962	2470.2	460.838	2886.89	131.656	178.146	523.551	-5.83491	0.147289	7.6875	-28.0295	0							voice cedar "bead" tok=d7244c8ec328c9b7 take=3 src=tts:gpt-audio-1.5 f0=128 onset=0.371 dur=0.550 vowel=0.391-0.881 level=0.050
201	proc	181	bod	train	shiftMags=0	547.9	1.5	1.5	1.5	30	16000	3	0@0.002	0.278	0.360-0.638	-154.227	862.16	-130	457	701.514	994.506	561.995	1832.97	720.668	1000.59	567.474	1832.97	92.1362	116.421	405.011	-10.1373	0.10052	8.0625	-27.4927	0							voice cedar "bod" tok=9ffdd48c9bdba1b0 take=3 src=tts:gpt-audio-1.5 f0=100 onset=0.302 dur=0.430 vowel=0.342-0.582 level=0.050
202	proc	182	booed	train	shiftMags=0	550.514	1.5	1.5	1.5	30	16000	3	0@0.002	0.294	0.436-0.740	148.425	812.138	153	391	359.558	1338.79	445.864	2114.29	359.558	1338.79	445.864	2114.29	128.995	141.116	155.477	-11.0941	0.0590962	7.5	-27.7665	1	0.985+15.4ms						voice cedar "booed" tok=6ca782e347582de5 take=3 src=tts:gpt-audio-1.5 f0=128 onset=0.313 dur=0.470 vowel=0.343-0.683 level=0.050
203	proc	183	bad	train	shiftMags=0	553.176	1.5	1.5	1.5	30	16000	3	0@0.002	0.358	0.348-0.716	-233.584	709.174	-189	297	869.587	1599.06	604.2	2318.8	876.98	1594.44	605.405	2318.8	104.592	105.763	19.2725	-1.07899	0.227066	8.3125	-26.5658	0							voice cedar "bad" tok=1b973c205bdd408f take=3 src=tts:gpt-audio-1.5 f0=106 onset=0.358 dur=0.460 vowel=0.358-0.658 level=0.050
204	proc	184	bod	train	shiftMags=0	555.746	1.5	1.5	1.5	30	16000	3	0@0.002	0.238	0.480-0.718	-164.296	855.796	-138	446	711.155	1030.2	575.105	1866.59	724.448	1046.02	570.028	1866.59	107.605	126.025	273.56	-10.039	0.0660779	8.25	-28.1664	0							voice cedar "bod" tok=45bef704c9ad58bb take=0 src=tts:gpt-audio-1.5 f0=111 onset=0.319 dur=0.560 vowel=0.349-0.669 level=0.050
205	proc	185	booed	train	shiftMags=0	558.692	1.5	1.5	1.5	30	16000	3	0@0.002	0.332	0.334-0.704	169.032	850.393	177	435	317.899	1110.29	458.33	2050.26	317.899	1110.29	458.33	2050.26	100.142	110.673	173.111	-11.3941	0.0879983	7.625	-27.261	0							voice cedar "booed" tok=019cc450beff746a take=0 src=tts:gpt-audio-1.5 f0=100 onset=0.344 dur=0.460 vowel=0.344-0.714 level=0.050
206	proc	186	bad	train	shiftMags=0	561.387	1.5	1.5	1.5	30	16000	3	0@0.002	0.334	0.380-0.730	-216.359	722.044	-177	308	872.84	1691.56	583.175	2363.04	872.84	1691.56	583.175	2363.04	120.321	127.758	103.828	-2.58762	0.172045	8.3125	-28.3844	0							voice cedar "bad" tok=162f3c0caf0b73da take=0 src=tts:gpt-audio-1.5 f0=119 onset=0.315 dur=0.470 vowel=0.345-0.655 level=0.050
207	proc	187	bead	train	shiftMags=0	563.964	1.5	1.5	1.5	30	16000	3	0@0.002	0.294	0.416-0.748	172.421	437.583	181	149	283.426	2438.06	443.308	2856.26	283.426	2438.06	443.308	2856.26	125.285	140.189	194.588	-5.16887	0.118049	4.9375	-28.2602	0							voice cedar "bead" tok=e9fdb8435ad8d4ea take=0 src=tts:gpt-audio-1.5 f0=125 onset=0.349 dur=0.510 vowel=0.379-0.709 level=0.050
208	proc	188	bod	train	shiftMags=0	566.936	1.5	1.5	1.5	30	16000	3	0@0.002	0.336	0.336-0.690	-129.592	865.305	-111	457	679.043	984.939	559.755	1815.02	688.912	979.126	566.385	1813.63	111.983	114.275	35.0707	-10.488	0.0630399	8.25	-27.5319	0							voice cedar "bod" tok=e2f166b722c64fa1 take=1 src=tts:gpt-audio-1.5 f0=106 onset=0.288 dur=0.450 vowel=0.298-0.628 level=0.050
209	proc	189	bead	train	shiftMags=0	569.575	1.5	1.5	1.5	30	16000	3	0@0.002	0.456	0.354-0.818	172.609	424.649	181	143	291.062	2506.95	433.422	2883.68	290.318	2506.95	437.756	2893.42	102.857	171.71	887.202	-8.85889	0.126027	7.6875	-26.5739	0							voice cedar "bead" tok=f6a1eafc6c486fdf take=1 src=tts:gpt-audio-1.5 f0=103 onset=0.360 dur=0.700 vowel=0.360-0.780 level=0.050
210	proc	190	bad	train	shiftMags=0	571.831	1.5	1.5	1.5	30	16000	3	0@0.002	0.282	0.280-0.578	-272.838	688.037	-217	286	771.5	1806.09	586.402	2460.88	892.061	1802.16	598.143	2460.88	97.3963	97.9425	9.68159	-0.320219	0.23086	8.3125	-27.708	0							voice cedar "bad" tok=83c0e4d0be3e2f68 take=1 src=tts:gpt-audio-1.5 f0=99 onset=0.292 dur=0.450 vowel=0.292-0.532 level=0.050
211	proc	191	booed	train	shiftMags=0	574.551	1.5	1.5	1.5	30	16000	3	0@0.002	0.372	0.458-0.830	169.191	857.909	177	443.5	322.359	1121.91	419.362	1931.08	322.359	1121.91	419.362	1931.08	117.201	135.023	245.065	-12.68	0.0410702	7.375	-28.3166	0							voice cedar "booed" tok=724cb6107b920392 take=1 src=tts:gpt-audio-1.5 f0=116 onset=0.311 dur=0.710 vowel=0.311-0.781 level=0.050
212	proc	192	bad	train	shiftMags=0	577.525	1.5	1.5	1.5	30	16000	3	0@0.002	0.276	0.468-0.744	-275.978	698.195	-219	292	894.051	1676.66	606.757	2345.5	909.763	1681.48	607.39	2345.5	112.298	113.972	25.6091	-2.25745	0.173203	8.3125	-28.1632	0							voice cedar "bad" tok=4ada81a8356bc039 take=2 src=tts:gpt-audio-1.5 f0=112 onset=0.356 dur=0.450 vowel=0.386-0.706 level=0.050
213	proc	193	bead	train	shiftMags=0	580.265	1.5	1.5	1.5	30	16000	3	0@0.002	0.306	0.386-0.700	162.268	464.612	169	160	297.346	2314	463.912	2756.08	293.438	2325.89	464.309	2774.65	106.739	112.964	98.1275	-7.49402	0.114824	7.6875	-26.8554	0							voice cedar "bead" tok=bcede0d3415f6dfb take=2 src=tts:gpt-audio-1.5 f0=107 onset=0.331 dur=0.440 vowel=0.361-0.651 level=0.050
214	proc	194	bod	train	shiftMags=0	582.665	1.5	1.5	1.5	30	16000	3	0@0.002	0.276	0.360-0.636	-179.891	851.583	-150	438	759.103	1059.93	619.699	1899.29	773.31	1044.36	606.368	1900.17	101.848	106.421	76.0401	-8.55874	0.183349	8	-25.874	0							voice cedar "bod" tok=04ed4b8e86c7a466 take=2 src=tts:gpt-audio-1.5 f0=103 onset=0.374 dur=0.470 vowel=0.374-0.584 level=0.050
215	proc	195	booed	train	shiftMags=0	585.543	1.5	1.5	1.5	30	16000	3	0@0.002	0.246	0.394-0.676	134.072	852.178	137	435	350.539	1133.44	491.71	1935.58	350.539	1133.44	491.71	1935.58	118.138	149.785	410.901	-10.791	0.0465781	7.6875	-28.8174	1	1.485+15.4ms						voice cedar "booed" tok=281910169d7e6e0c take=2 src=tts:gpt-audio-1.5 f0=114 onset=0.325 dur=0.420 vowel=0.365-0.635 level=0.050
216	proc	196	bead	train	shiftMags=0	587.82	1.5	1.5	1.5	30	16000	3	0@0.002	0.428	0.372-0.870	172.613	473.908	181	165	289.247	2469.12	463.956	2885.83	289.247	2469.12	463.956	2885.83	131.901	160.318	337.784	-5.80234	0.150545	7.6875	-28.0292	0							voice cedar "bead" tok=d7244c8ec328c9b7 take=3 src=tts:gpt-audio-1.5 f0=128 onset=0.333 dur=0.550 vowel=0.353-0.843 level=0.050
217	proc	197	bad	train	shiftMags=0	590.705	1.5	1.5	1.5	30	16000	3	0@0.002	0.352	0.362-0.726	-233.392	708.1	-189	297	871.087	1605.56	597.129	2324.36	878.194	1599.44	604.019	2324.36	103.006	103.431	7.14295	-1.15111	0.216633	8.3125	-26.5645	0							voice cedar "bad" tok=1b973c205bdd408f take=3 src=tts:gpt-audio-1.5 f0=106 onset=0.371 dur=0.460 vowel=0.371-0.671 level=0.050
218	proc	198	bod	train	shiftMags=0	593.057	1.5	1.5	1.5	30	16000	3	0@0.002	0.278	0.392-0.670	-154.212	862.409	-130	457	698.91	995.074	565.146	1832.69	718.177	997.603	565.146	1833.77	92.4662	112.989	347.023	-10.282	0.126825	8.0625	-27.4933	0							voice cedar "bod" tok=9ffdd48c9bdba1b0 take=3 src=tts:gpt-audio-1.5 f0=100 onset=0.334 dur=0.430 vowel=0.374-0.614 level=0.050
219	proc	199	booed	train	shiftMags=0	595.938	1.5	1.5	1.5	30	16000	3	0@0.002	0.294	0.486-0.790	148.713	813.093	153	391	360.05	1338.18	439.602	2117.95	360.05	1338.18	439.602	2117.95	127.984	140.16	157.339	-10.9233	0.0652757	7.5	-27.7666	0							voice cedar "booed" tok=6ca782e347582de5 take=3 src=tts:gpt-audio-1.5 f0=128 onset=0.362 dur=0.470 vowel=0.392-0.732 level=0.050
220	proc	200	bad	train	shiftMags=0	598.321	1.5	1.5	1.5	30	16000	3	0@0.002	0.334	0.374-0.724	-211.293	722.329	-173	308	872.849	1705.33	564.968	2381.49	872.849	1705.33	564.968	2381.49	120.833	127.659	95.1395	-2.53192	0.175003	8.3125	-28.3849	0							voice cedar "bad" tok=162f3c0caf0b73da take=0 src=tts:gpt-audio-1.5 f0=119 onset=0.309 dur=0.470 vowel=0.339-0.649 level=0.050
221	proc	201	bead	train	shiftMags=0	600.681	1.5	1.5	1.5	30	16000	3	0@0.002	0.296	0.356-0.690	172.442	437.535	181	149	283.954	2438.23	451.799	2851.17	283.954	2438.23	451.799	2851.17	124.585	150.793	330.528	-5.12539	0.119073	11.25	-28.2597	0							voice cedar "bead" tok=e9fdb8435ad8d4ea take=0 src=tts:gpt-audio-1.5 f0=125 onset=0.290 dur=0.510 vowel=0.320-0.650 level=0.050
222	proc	202	bod	train	shiftMags=0	603.12	1.5	1.5	1.5	30	16000	3	0@0.002	0.24	0.498-0.738	-164.184	855.565	-138	446	715.49	1035.45	574.792	1871.11	726.883	1049.67	568.8	1871.11	111.884	125.754	202.327	-9.9786	0.0639027	8.0625	-28.1666	1	0.985+15.4ms						voice cedar "bod" tok=45bef704c9ad58bb take=0 src=tts:gpt-audio-1.5 f0=111 onset=0.336 dur=0.560 vowel=0.366-0.686 level=0.050
223	proc	203	booed	train	shiftMags=0	605.748	1.5	1.5	1.5	30	16000	3	0@0.002	0.332	0.360-0.730	168.866	851.077	177	435	322.914	1110.35	456.325	2021.84	322.333	1104.84	462.737	1979.92	101.271	112.934	188.706	-12.2192	0.0633778	7.625	-27.2609	0							voice cedar "booed" tok=019cc450beff746a take=0 src=tts:gpt-audio-1.5 f0=100 onset=0.370 dur=0.460 vowel=0.370-0.740 level=0.050
224	proc	204	bead	train	shiftMags=0	608.517	1.5	1.5	1.5	30	16000	3	0@0.002	0.452	0.288-0.754	172.425	424.687	181	143	290.972	2503.99	422.004	2896.62	289.415	2504.39	427.073	2897.49	102.864	172.509	895.126	-8.95005	0.13788	7.6875	-26.5739	0							voice cedar "bead" tok=f6a1eafc6c486fdf take=1 src=tts:gpt-audio-1.5 f0=103 onset=0.294 dur=0.700 vowel=0.294-0.714 level=0.050
225	proc	205	bad	train	shiftMags=0	611.151	1.5	1.5	1.5	30	16000	3	0@0.002	0.294	0.306-0.612	-261.672	688.618	-209	286	782.228	1803.46	589.245	2423.02	904.563	1797.69	606.807	2431.99	97.4205	98.9292	26.6052	-0.155084	0.239778	8.3125	-27.7097	0							voice cedar "bad" tok=83c0e4d0be3e2f68 take=1 src=tts:gpt-audio-1.5 f0=99 onset=0.319 dur=0.450 vowel=0.319-0.559 level=0.050
226	proc	206	booed	train	shiftMags=0	613.455	1.5	1.5	1.5	30	16000	3	0@0.002	0.378	0.472-0.852	169.255	858.786	177	446	317.489	1115.23	410.136	1993.43	317.489	1115.23	410.136	1993.43	117.101	131.771	204.331	-12.4582	0.0456498	7.25	-28.3162	0							voice cedar "booed" tok=724cb6107b920392 take=1 src=tts:gpt-audio-1.5 f0=116 onset=0.326 dur=0.710 vowel=0.326-0.796 level=0.050
227	proc	207	bod	train	shiftMags=0	616.415	1.5	1.5	1.5	30	16000	3	0@0.002	0.332	0.390-0.722	-129.599	865.803	-111	457	676.706	985.257	552.859	1817.07	681.45	979.259	556.69	1817.07	111.343	110.603	-11.5469	-10.5027	0.072038	8.25	-27.5314	0							voice cedar "bod" tok=e2f166b722c64fa1 take=1 src=tts:gpt-audio-1.5 f0=106 onset=0.340 dur=0.450 vowel=0.350-0.680 level=0.050
228	proc	208	bod	train	shiftMags=0	619.294	1.5	1.5	1.5	30	16000	3	0@0.002	0.276	0.282-0.558	-180.009	852.027	-150	438	759.714	1060.11	613.807	1898.99	766.802	1052.76	613.132	1899.15	101.736	106.146	73.4695	-8.79498	0.172688	8	-25.8748	0							voice cedar "bod" tok=04ed4b8e86c7a466 take=2 src=tts:gpt-audio-1.5 f0=103 onset=0.296 dur=0.470 vowel=0.296-0.506 level=0.050
229	proc	209	booed	train	shiftMags=0	621.819	1.5	1.5	1.5	30	16000	3	0@0.002	0.246	0.364-0.648	131.007	851.709	133	435	349.774	1131.96	490.723	2034	349.774	1131.96	490.723	2034	118.127	135.406	236.346	-11.1624	0.0509823	7.6875	-28.8175	0							voice cedar "booed" tok=281910169d7e6e0c take=2 src=tts:gpt-audio-1.5 f0=114 onset=0.296 dur=0.420 vowel=0.336-0.606 level=0.050
230	proc	210	bad	train	shiftMags=0	624.097	1.5	1.5	1.5	30	16000	3	0@0.002	0.276	0.446-0.722	-275.928	698.81	-219	292	888.213	1680.64	600.214	2347.99	904.207	1686.29	607.971	2350.19	112.384	114.325	29.6537	-2.16661	0.186145	8.3125	-28.1644	0							voice cedar "bad" tok=4ada81a8356bc039 take=2 src=tts:gpt-audio-1.5 f0=112 onset=0.335 dur=0.450 vowel=0.365-0.685 level=0.050
231	proc	211	bead	train	shiftMags=0	627.654	1.5	1.5	1.5	30	16000	3	0@0.002	0.3	0.374-0.688	162.203	464.151	169	160	295.069	2315.58	465.235	2758.38	294.264	2321.72	465.651	2775.39	106.855	112.993	96.7002	-7.52348	0.109885	7.6875	-26.8541	0							voice cedar "bead" tok=bcede0d3415f6dfb take=2 src=tts:gpt-audio-1.5 f0=107 onset=0.319 dur=0.440 vowel=0.349-0.639 level=0.050
232	proc	212	bod	train	shiftMags=0	630.626	1.5	1.5	1.5	30	16000	3	0@0.002	0.28	0.394-0.674	-153.81	861.911	-130	457	695.967	994.41	576.928	1828.56	714.907	994.41	576.928	1830.74	92.1397	117.873	426.413	-11.0599	0.0788017	8.0625	-27.4926	0							voice cedar "bod" tok=9ffdd48c9bdba1b0 take=3 src=tts:gpt-audio-1.5 f0=100 onset=0.337 dur=0.430 vowel=0.377-0.617 level=0.050
233	proc	213	bead	train	shiftMags=0	633.592	1.5	1.5	1.5	30	16000	3	0@0.002	0.408	0.350-0.848	172.39	468.3	181	162.5	289.271	2470.87	456.999	2883.82	289.271	2470.87	456.999	2883.82	130.871	126.525	-58.4671	-5.77452	0.137441	7.6875	-28.0286	0							voice cedar "bead" tok=d7244c8ec328c9b7 take=3 src=tts:gpt-audio-1.5 f0=128 onset=0.313 dur=0.550 vowel=0.333-0.823 level=0.050
234	proc	214	booed	train	shiftMags=0	635.968	1.5	1.5	1.5	30	16000	3	0@0.002	0.292	0.496-0.798	146.719	812.69	151	391	359.342	1338.11	440.367	2114.14	359.342	1338.11	440.367	2114.14	127.595	145.277	224.681	-11.2565	0.0571878	7.5	-27.7672	0							voice cedar "booed" tok=6ca782e347582de5 take=3 src=tts:gpt-audio-1.5 f0=128 onset=0.372 dur=0.470 vowel=0.402-0.742 level=0.050
235	proc	215	bad	train	shiftMags=0	638.366	1.5	1.5	1.5	30	16000	3	0@0.002	0.354	0.356-0.722	-232.842	707.8	-189	297	874.564	1586.44	597.872	2319.98	877.023	1585.61	603.748	2321.72	104.252	107.551	53.9285	-1.12712	0.219665	8.3125	-26.5636	1	1.485+15.4ms						voice cedar "bad" tok=1b973c205bdd408f take=3 src=tts:gpt-audio-1.5 f0=106 onset=0.367 dur=0.460 vowel=0.367-0.667 level=0.050
236	proc	216	booed	train	shiftMags=0	641.349	1.5	1.5	1.5	30	16000	3	0@0.002	0.336	0.324-0.692	168.89	850.098	177	435	319.095	1109.12	470.049	1967.33	319.095	1109.12	470.049	1967.33	100.457	140.594	581.942	-11.8383	0.0916606	7.625	-27.2613	0							voice cedar "booed" tok=019cc450beff746a take=0 src=tts:gpt-audio-1.5 f0=100 onset=0.333 dur=0.460 vowel=0.333-0.703 level=0.050
237	proc	217	bead	train	shiftMags=0	643.853	1.5	1.5	1.5	30	16000	3	0@0.002	0.298	0.364-0.698	172.411	447.802	181	154	282.999	2436.48	455.431	2850.28	282.999	2436.48	455.431	2850.28	124.622	145.025	262.487	-5.23985	0.118817	7.9375	-28.2605	0							voice cedar "bead" tok=e9fdb8435ad8d4ea take=0 src=tts:gpt-audio-1.5 f0=125 onset=0.298 dur=0.510 vowel=0.328-0.658 level=0.050
238	proc	218	bod	train	shiftMags=0	646.625	1.5	1.5	1.5	30	16000	3	0@0.002	0.238	0.448-0.686	-164.049	856.012	-138	446	714.449	1033.36	564.404	1869.79	726.075	1048.1	562.726	1869.79	111.682	127.55	230.006	-10.1517	0.0653052	8.25	-28.1655	0							voice cedar "bod" tok=45bef704c9ad58bb take=0 src=tts:gpt-audio-1.5 f0=111 onset=0.287 dur=0.560 vowel=0.317-0.637 level=0.050
239	proc	219	bad	train	shiftMags=0	649.572	1.5	1.5	1.5	30	16000	3	0@0.002	0.33	0.358-0.706	-221.823	725.872	-181	314	872.253	1693.96	572.597	2366.97	872.253	1693.96	572.597	2366.97	121.202	128.27	98.1369	-2.66532	0.170665	8	-28.3851	0							voice cedar "bad" tok=162f3c0caf0b73da take=0 src=tts:gpt-audio-1.5 f0=119 onset=0.292 dur=0.470 vowel=0.322-0.632 level=0.050
240	proc	220	booed	train	shiftMags=0	652.441	1.5	1.5	1.5	30	16000	3	0@0.002	0.372	0.490-0.862	169.271	857.719	177	443.5	320.767	1118.01	419.59	1930.58	320.767	1118.01	419.59	1930.58	117.015	136.203	262.881	-12.3347	0.0479213	7.375	-28.3163	0							voice cedar "booed" tok=724cb6107b920392 take=1 src=tts:gpt-audio-1.5 f0=116 onset=0.343 dur=0.710 vowel=0.343-0.813 level=0.050
241	proc	221	bad	train	shiftMags=0	655.294	1.5	1.5	1.5	30	16000	3	0@0.002	0.294	0.328-0.632	-261.239	688.677	-209	286	784.408	1803.74	588.833	2428.73	902.826	1798.56	592.873	2438.98	97.4107	98.1982	13.9396	-0.273861	0.245875	8.3125	-27.7072	0							voice cedar "bad" tok=83c0e4d0be3e2f68 take=1 src=tts:gpt-audio-1.5 f0=99 onset=0.339 dur=0.450 vowel=0.339-0.579 level=0.050
242	proc	222	bead	train	shiftMags=0	658.004	1.5	1.5	1.5	30	16000	3	0@0.002	0.454	0.286-0.750	172.631	424.678	181	143	291.972	2506.86	429.649	2892.34	290.241	2507.15	430.519	2900.74	103.885	156.378	708.058	-9.05256	0.141858	7.6875	-26.5735	0							voice cedar "bead" tok=f6a1eafc6c486fdf take=1 src=tts:gpt-audio-1.5 f0=103 onset=0.292 dur=0.700 vowel=0.292-0.712 level=0.050
243	proc	223	bod	train	shiftMags=0	660.859	1.5	1.5	1.5	30	16000	3	0@0.002	0.334	0.400-0.754	-129.384	865.552	-111	457	678.912	985.727	555.429	1816.55	684.251	982.139	556.637	1816.55	111.582	110.611	-15.1268	-10.6933	0.0703753	8.25	-27.5315	0							voice cedar "bod" tok=e2f166b722c64fa1 take=1 src=tts:gpt-audio-1.5 f0=106 onset=0.351 dur=0.450 vowel=0.361-0.691 level=0.050
244	proc	224	bead	train	shiftMags=0	663.286	1.5	1.5	1.5	30	16000	3	0@0.002	0.304	0.364-0.678	162.089	464.499	169	160	295.266	2313.95	468.223	2758.35	293.928	2318.92	472.644	2773.1	106.73	115.078	130.383	-7.42187	0.117336	7.6875	-26.8553	0							voice cedar "bead" tok=bcede0d3415f6dfb take=2 src=tts:gpt-audio-1.5 f0=107 onset=0.310 dur=0.440 vowel=0.340-0.630 level=0.050
245	proc	225	bod	train	shiftMags=0	666.214	1.5	1.5	1.5	30	16000	3	0@0.002	0.278	0.318-0.596	-174.957	852.174	-146	435	761.73	1060.28	617.156	1899.51	776.506	1049.49	608.697	1899.79	101.99	105.166	53.0835	-8.80101	0.190813	8	-25.8744	0							voice cedar "bod" tok=04ed4b8e86c7a466 take=2 src=tts:gpt-audio-1.5 f0=103 onset=0.333 dur=0.470 vowel=0.333-0.543 level=0.050
246	proc	226	bad	train	shiftMags=0	668.624	1.5	1.5	1.5	30	16000	3	0@0.002	0.276	0.412-0.688	-273.522	698.437	-217	292	886.887	1684.73	602.04	2340.06	904.506	1686.52	605.158	2344.96	110.74	110.805	1.01877	-2.22253	0.179729	8.3125	-28.163	0							voice cedar "bad" tok=4ada81a8356bc039 take=2 src=tts:gpt-audio-1.5 f0=112 onset=0.300 dur=0.450 vowel=0.330-0.650 level=0.050
247	proc	227	booed	train	shiftMags=0	670.966	1.5	1.5	1.5	30	16000	3	0@0.002	0.246	0.424-0.706	134.05	851.453	137	435	351.006	1133.3	497.583	2017.71	351.006	1133.3	497.583	2017.71	118.148	170.468	634.679	-11.2026	0.0501111	7.6875	-28.8171	0							voice cedar "booed" tok=281910169d7e6e0c take=2 src=tts:gpt-audio-1.5 f0=114 onset=0.355 dur=0.420 vowel=0.395-0.665 level=0.050
248	proc	228	bad	train	shiftMags=0	673.793	1.5	1.5	1.5	30	16000	3	0@0.002	0.358	0.326-0.692	-233.457	711.992	-189	303	873.818	1594.04	601.856	2320.62	875.461	1589.98	604.776	2321.09	103.076	108.23	84.4789	-1.06516	0.224695	8.3125	-26.5651	0							voice cedar "bad" tok=1b973c205bdd408f take=3 src=tts:gpt-audio-1.5 f0=106 onset=0.336 dur=0.460 vowel=0.336-0.636 level=0.050
249	proc	229	booed	train	shiftMags=0	676.787	1.5	1.5	1.5	30	16000	3	0@0.002	0.292	0.454-0.758	148.302	812.652	153	391	360.087	1341.59	442.714	2122.44	360.087	1341.59	442.714	2122.44	129.179	140.908	150.459	-11.2987	0.0554986	7.5	-27.7663	0							voice cedar "booed" tok=6ca782e347582de5 take=3 src=tts:gpt-audio-1.5 f0=128 onset=0.330 dur=0.470 vowel=0.360-0.700 level=0.050
250	proc	230	bead	train	shiftMags=0	679.606	1.5	1.5	1.5	30	16000	3	0@0.002	0.418	0.334-0.834	172.54	472.218	181	165	288.718	2470.6	457.552	2884.1	288.718	2470.6	457.552	2884.1	132.497	177.012	501.464	-5.84093	0.134523	7.6875	-28.0289	0							voice cedar "bead" tok=d7244c8ec328c9b7 take=3 src=tts:gpt-audio-1.5 f0=128 onset=0.298 dur=0.550 vowel=0.318-0.808 level=0.050
251	proc	231	bod	train	shiftMags=0	682.324	1.5	1.5	1.5	30	16000	3	0@0.002	0.278	0.406-0.684	-153.958	863.925	-130	457	704.904	998.717	569.201	1830.1	728.239	1007.14	572.803	1830.16	91.8502	117.572	427.426	-10.5048	0.116296	8.0625	-27.4928	0							voice cedar "bod" tok=9ffdd48c9bdba1b0 take=3 src=tts:gpt-audio-1.5 f0=100 onset=0.348 dur=0.430 vowel=0.388-0.628 level=0.050
252	proc	232	booed	train	shiftMags=0	684.64	1.5	1.5	1.5	30	16000	3	0@0.002	0.34	0.346-0.756	169.193	849.129	177	435	317.985	1103.77	457.039	2008.42	315.153	1094.65	460.939	1976.49	100.334	149.936	695.441	-11.8613	0.0701475	7.625	-27.259	0							voice cedar "booed" tok=019cc450beff746a take=0 src=tts:gpt-audio-1.5 f0=100 onset=0.356 dur=0.460 vowel=0.356-0.726 level=0.050
253	proc	233	bod	train	shiftMags=0	687.287	1.5	1.5	1.5	30	16000	3	0@0.002	0.24	0.512-0.752	-164.293	855.836	-138	446	708.17	1041.84	570.426	1871.46	721.773	1041.84	565.637	1871.46	107.276	126.453	284.725	-9.93466	0.0620596	8.0625	-28.1641	0							voice cedar "bod" tok=45bef704c9ad58bb take=0 src=tts:gpt-audio-1.5 f0=111 onset=0.351 dur=0.560 vowel=0.381-0.701 level=0.050
254	proc	234	bad	train	shiftMags=0	689.67	1.5	1.5	1.5	30	16000	3	0@0.002	0.326	0.392-0.738	-222.452	725.669	-181	314	874.662	1693.84	576.463	2356.2	874.662	1693.84	576.463	2356.2	120.264	126.887	92.8069	-2.52772	0.178359	8.3125	-28.3839	0							voice cedar "bad" tok=162f3c0caf0b73da take=0 src=tts:gpt-audio-1.5 f0=119 onset=0.324 dur=0.470 vowel=0.354-0.664 level=0.050
255	proc	235	bead	train	shiftMags=0	692.326	1.5	1.5	1.5	30	16000	3	0@0.002	0.296	0.386-0.720	172.427	438.575	181	149	283.741	2437.65	449.618	2849.51	283.741	2437.65	449.618	2849.51	124.805	151.992	341.191	-5.2253	0.118118	7.9375	-28.2586	1	1.485+15.4ms						voice cedar "bead" tok=e9fdb8435ad8d4ea take=0 src=tts:gpt-audio-1.5 f0=125 onset=0.320 dur=0.510 vowel=0.350-0.680 level=0.050
256	proc	236	booed	train	shiftMags=0	694.883	1.5	1.5	1.5	30	16000	3	0@0.002	0.378	0.480-0.860	169.229	858.81	177	441	320.524	1119.1	414.422	2075.03	320.524	1119.1	414.422	2075.03	117.767	133.473	216.728	-12.3557	0.0498468	7.375	-28.3158	0							voice cedar "booed" tok=724cb6107b920392 take=1 src=tts:gpt-audio-1.5 f0=116 onset=0.334 dur=0.710 vowel=0.334-0.804 level=0.050
257	proc	237	bad	train	shiftMags=0	697.239	1.5	1.5	1.5	30	16000	3	0@0.002	0.29	0.318-0.624	-262.064	688.083	-209	286	775.507	1807.55	594.391	2453.62	895.286	1796.71	597.401	2453.62	97.3954	98.3246	16.4388	-0.241042	0.24473	8.3125	-27.7093	0							voice cedar "bad" tok=83c0e4d0be3e2f68 take=1 src=tts:gpt-audio-1.5 f0=99 onset=0.331 dur=0.450 vowel=0.331-0.571 level=0.050
258	proc	238	bead	train	shiftMags=0	699.897	1.5	1.5	1.5	30	16000	3	0@0.002	0.456	0.292-0.758	178.747	424.641	188.5	143	293.308	2506.82	414.382	2896.6	290.717	2505.21	419.138	2899.62	103.097	172.479	890.905	-8.98283	0.120805	7.6875	-26.5738	0							voice cedar "bead" tok=f6a1eafc6c486fdf take=1 src=tts:gpt-audio-1.5 f0=103 onset=0.297 dur=0.700 vowel=0.297-0.717 level=0.050
259	proc	239	bod	train	shiftMags=0	702.74	1.5	1.5	1.5	30	16000	3	0@0.002	0.336	0.368-0.722	-129.522	865.391	-111	457	680.487	985.378	561.896	1820.65	685.165	978.437	564.591	1818.34	111.178	115.633	68.0305	-10.6562	0.0699654	8.0625	-27.5318	0							voice cedar "bod" tok=e2f166b722c64fa1 take=1 src=tts:gpt-audio-1.5 f0=106 onset=0.320 dur=0.450 vowel=0.330-0.660 level=0.050
260	proc	240	bod	train	shiftMags=0	705.526	1.5	1.5	1.5	30	16000	3	0@0.002	0.278	0.278-0.556	-180.349	852.213	-150	435	765.015	1061.64	612.639	1900.23	771.61	1046.99	601.686	1900.89	101.782	106.825	83.7215	-8.66085	0.180876	8	-25.8737	0							voice cedar "bod" tok=04ed4b8e86c7a466 take=2 src=tts:gpt-audio-1.5 f0=103 onset=0.293 dur=0.470 vowel=0.293-0.503 level=0.050
261	proc	241	bead	train	shiftMags=0	708.881	1.5	1.5	1.5	30	16000	3	0@0.002	0.302	0.346-0.662	162.225	464.326	169	160	295.779	2317.98	466.553	2766.59	293.696	2324.33	467.863	2775.25	106.819	109.884	48.9761	-7.39982	0.110876	7.6875	-26.8554	0							voice cedar "bead" tok=bcede0d3415f6dfb take=2 src=tts:gpt-audio-1.5 f0=107 onset=0.292 dur=0.440 vowel=0.322-0.612 level=0.050
262	proc	242	bad	train	shiftMags=0	711.834	1.5	1.5	1.5	30	16000	3	0@0.002	0.276	0.414-0.690	-275.946	698.271	-219	292	892.01	1685.98	603.159	2346.21	900.742	1687.67	607.315	2347.5	110.79	116.116	81.2973	-2.2369	0.192486	8.3125	-28.1636	1	0.985+15.4ms						voice cedar "bad" tok=4ada81a8356bc039 take=2 src=tts:gpt-audio-1.5 f0=112 onset=0.302 dur=0.450 vowel=0.332-0.652 level=0.050
263	proc	243	booed	train	shiftMags=0	714.783	1.5	1.5	1.5	30	16000	3	0@0.002	0.248	0.440-0.724	131.033	852.514	133	435	350.939	1145.67	496.53	2008.6	350.939	1145.67	496.53	2008.6	118.204	141.105	306.588	-11.1148	0.0492418	7.6875	-28.8182	0							voice cedar "booed" tok=281910169d7e6e0c take=2 src=tts:gpt-audio-1.5 f0=114 onset=0.372 dur=0.420 vowel=0.412-0.682 level=0.050
264	proc	244	booed	train	shiftMags=0	717.302	1.5	1.5	1.5	30	16000	3	0@0.002	0.294	0.420-0.724	148.212	812.774	153	391	360.835	1340.89	447.639	2115.33	360.835	1340.89	447.639	2115.33	129.425	144.019	184.97	-11.1365	0.0524047	7.5	-27.7664	0							voice cedar "booed" tok=6ca782e347582de5 take=3 src=tts:gpt-audio-1.5 f0=128 onset=0.296 dur=0.470 vowel=0.326-0.666 level=0.050
265	proc	245	bod	train	shiftMags=0	720.285	1.5	1.5	1.5	30	16000	3	0@0.002	0.28	0.342-0.622	-156.522	864.887	-132	457	696.466	996.712	571.935	1833.63	717.364	996.712	571.935	1834.33	92.6025	118.67	429.393	-11.045	0.0770278	8.0625	-27.4923	0							voice cedar "bod" tok=9ffdd48c9bdba1b0 take=3 src=tts:gpt-audio-1.5 f0=100 onset=0.286 dur=0.430 vowel=0.326-0.566 level=0.050
266	proc	246	bead	train	shiftMags=0	722.678	1.5	1.5	1.5	30	16000	3	0@0.002	0.416	0.410-0.908	175.546	471.493	185	165	288.699	2468.61	464.735	2887.84	288.699	2468.61	464.735	2887.84	131.944	125.401	-88.05	-5.79609	0.138448	7.6875	-28.0296	0							voice cedar "bead" tok=d7244c8ec328c9b7 take=3 src=tts:gpt-audio-1.5 f0=128 onset=0.372 dur=0.550 vowel=0.392-0.882 level=0.050
267	proc	247	bad	train	shiftMags=0	725.228	1.5	1.5	1.5	30	16000	3	0@0.002	0.354	0.280-0.646	-232.928	713.036	-189	303	870.173	1602.08	607.079	2324.77	873.941	1599.55	609.275	2324.77	102.994	103.652	11.0293	-1.06658	0.219282	8.3125	-26.565	0							voice cedar "bad" tok=1b973c205bdd408f take=3 src=tts:gpt-audio-1.5 f0=106 onset=0.291 dur=0.460 vowel=0.291-0.591 level=0.050
268	proc	248	bead	train	shiftMags=0	728.109	1.5	1.5	1.5	30	16000	3	0@0.002	0.296	0.358-0.692	172.493	437.641	181	149	283.807	2439.14	448.612	2848.52	283.807	2439.14	448.612	2848.52	125.156	139.908	192.9	-5.19205	0.12011	11.25	-28.2596	0							voice cedar "bead" tok=e9fdb8435ad8d4ea take=0 src=tts:gpt-audio-1.5 f0=125 onset=0.293 dur=0.510 vowel=0.323-0.653 level=0.050
269	proc	249	bad	train	shiftMags=0	730.423	1.5	1.5	1.5	30	16000	3	0@0.002	0.334	0.416-0.766	-216.71	722.67	-177	308	873.116	1695.61	579.68	2348.52	873.116	1695.61	579.68	2348.52	121.002	125.909	68.8137	-2.54584	0.170531	8.3125	-28.3848	0							voice cedar "bad" tok=162f3c0caf0b73da take=0 src=tts:gpt-audio-1.5 f0=119 onset=0.351 dur=0.470 vowel=0.381-0.691 level=0.050
270	proc	250	booed	train	shiftMags=0	732.969	1.5	1.5	1.5	30	16000	3	0@0.002	0.34	0.326-0.736	169.274	850.05	177	435	318.034	1103.76	454.535	1997.97	315.016	1095.65	454.662	1969.67	100.26	149.988	697.312	-11.9719	0.0707843	7.5625	-27.2591	0							voice cedar "booed" tok=019cc450beff746a take=0 src=tts:gpt-audio-1.5 f0=100 onset=0.336 dur=0.460 vowel=0.336-0.706 level=0.050
271	proc	251	bod	train	shiftMags=0	735.226	1.5	1.5	1.5	30	16000	3	0@0.002	0.24	0.478-0.718	-164.318	855.457	-138	446	715.432	1034.63	566.941	1867.8	726.08	1049.31	565.497	1867.8	106.881	127.564	306.261	-9.91421	0.0598486	8.25	-28.1642	0							voice cedar "bod" tok=45bef704c9ad58bb take=0 src=tts:gpt-audio-1.5 f0=111 onset=0.316 dur=0.560 vowel=0.346-0.666 level=0.050
272	proc	252	booed	train	shiftMags=0	737.635	1.5	1.5	1.5	30	16000	3	0@0.002	0.37	0.454-0.824	169.117	859.021	177	446	319.994	1119.04	416.369	1972.16	319.994	1119.04	416.369	1972.16	117.459	133.276	218.711	-12.3172	0.0452092	7.25	-28.3165	0							voice cedar "booed" tok=724cb6107b920392 take=1 src=tts:gpt-audio-1.5 f0=116 onset=0.305 dur=0.710 vowel=0.305-0.775 level=0.050
273	proc	253	bod	train	shiftMags=0	740.152	1.5	1.5	1.5	30	16000	3	0@0.002	0.338	0.412-0.768	-129.437	865.644	-111	457	679.903	985.65	555.954	1817.34	680.187	982.844	562.569	1817.34	113.613	110.33	-50.7659	-10.599	0.0683518	8.25	-27.5319	0							voice cedar "bod" tok=e2f166b722c64fa1 take=1 src=tts:gpt-audio-1.5 f0=106 onset=0.363 dur=0.450 vowel=0.373-0.703 level=0.050
274	proc	254	bead	train	shiftMags=0	743.028	1.5	1.5	1.5	30	16000	3	0@0.002	0.452	0.290-0.754	172.498	424.688	181	143	291.886	2504.55	421.086	2895.15	290.072	2504.18	426.505	2898	103.201	167.013	833.401	-8.94037	0.118223	7.6875	-26.5736	0							voice cedar "bead" tok=f6a1eafc6c486fdf take=1 src=tts:gpt-audio-1.5 f0=103 onset=0.296 dur=0.700 vowel=0.296-0.716 level=0.050
275	proc	255	bad	train	shiftMags=0	745.747	1.5	1.5	1.5	30	16000	3	0@0.002	0.276	0.332-0.608	-273.342	687.596	-217	286	763.719	1804.65	583.271	2422.69	879.529	1802.8	590.615	2427.56	97.4485	98.2389	13.9866	-0.351964	0.235517	8.3125	-27.7101	1	1.485+15.4ms						voice cedar "bad" tok=83c0e4d0be3e2f68 take=1 src=tts:gpt-audio-1.5 f0=99 onset=0.344 dur=0.450 vowel=0.344-0.584 level=0.050
276	proc	256	bod	train	shiftMags=0	748.068	1.5	1.5	1.5	30	16000	3	0@0.002	0.278	0.292-0.570	-174.664	852.006	-146	435	761.804	1060.76	624.78	1900.14	768.833	1054	620.441	1900.14	101.821	105.544	62.1626	-8.7583	0.174636	8	-25.8751	0							voice cedar "bod" tok=04ed4b8e86c7a466 take=2 src=tts:gpt-audio-1.5 f0=103 onset=0.307 dur=0.470 vowel=0.307-0.517 level=0.050
277	proc	257	bead	train	shiftMags=0	750.915	1.5	1.5	1.5	30	16000	3	0@0.002	0.302	0.360-0.674	162.222	464.19	169	160	295.047	2320.49	463.147	2766.26	294.664	2321.96	463.456	2776.94	108.801	111.136	36.7637	-7.55023	0.115365	7.6875	-26.8557	0							voice cedar "bead" tok=bcede0d3415f6dfb take=2 src=tts:gpt-audio-1.5 f0=107 onset=0.305 dur=0.440 vowel=0.335-0.625 level=0.050
278	proc	258	booed	train	shiftMags=0	753.734	1.5	1.5	1.5	30	16000	3	0@0.002	0.248	0.358-0.642	130.957	852.592	133	435	349.86	1147.34	497.461	1985.42	349.86	1147.34	497.461	1985.42	117.972	169.676	629.201	-10.9759	0.0540997	7.6875	-28.8177	0							voice cedar "booed" tok=281910169d7e6e0c take=2 src=tts:gpt-audio-1.5 f0=114 onset=0.290 dur=0.420 vowel=0.330-0.600 level=0.050
279	proc	259	bad	train	shiftMags=0	756.214	1.5	1.5	1.5	30	16000	3	0@0.002	0.276	0.462-0.738	-275.981	699.014	-219	292	885.221	1686.11	607.535	2351.12	903.222	1686.38	607.535	2351.12	110.754	113.679	45.1235	-2.27248	0.17911	8.3125	-28.1636	0							voice cedar "bad" tok=4ada81a8356bc039 take=2 src=tts:gpt-audio-1.5 f0=112 onset=0.351 dur=0.450 vowel=0.381-0.701 level=0.050
280	proc	260	bead	train	shiftMags=0	758.594	1.5	1.5	1.5	30	16000	3	0@0.002	0.43	0.402-0.902	175.396	485.988	185	171	289.429	2475.75	459.072	2881.63	289.429	2475.75	459.072	2881.63	133.499	178.174	499.745	-5.69996	0.139794	7.6875	-28.0287	0							voice cedar "bead" tok=d7244c8ec328c9b7 take=3 src=tts:gpt-audio-1.5 f0=128 onset=0.365 dur=0.550 vowel=0.385-0.875 level=0.050
281	proc	261	bad	train	shiftMags=0	761.396	1.5	1.5	1.5	30	16000	3	0@0.002	0.354	0.294-0.660	-232.926	711.658	-189	303	874.505	1599.22	608.233	2321.79	877.403	1589.01	612.868	2321.79	102.311	103.642	22.3728	-1.02191	0.219997	8.3125	-26.5636	0							voice cedar "bad" tok=1b973c205bdd408f take=3 src=tts:gpt-audio-1.5 f0=106 onset=0.305 dur=0.460 vowel=0.305-0.605 level=0.050
282	proc	262	bod	train	shiftMags=0	764.349	1.5	1.5	1.5	30	16000	3	0@0.002	0.278	0.348-0.626	-153.91	862.41	-130	457	707.034	992.286	562.823	1830.34	726.583	1005.63	562.439	1830.34	92.4306	117.745	419.064	-10.3873	0.117048	8.0625	-27.4918	1	0.985+15.4ms						voice cedar "bod" tok=9ffdd48c9bdba1b0 take=3 src=tts:gpt-audio-1.5 f0=100 onset=0.290 dur=0.430 vowel=0.330-0.570 level=0.050
283	proc	263	booed	train	shiftMags=0	766.763	1.5	1.5	1.5	30	16000	3	0@0.002	0.296	0.438-0.742	146.718	811.931	151	391	359.755	1339.94	439.035	2111.49	359.755	1339.94	439.035	2111.49	129.167	141.467	157.471	-10.9585	0.0500438	7.5	-27.7665	0							voice cedar "booed" tok=6ca782e347582de5 take=3 src=tts:gpt-audio-1.5 f0=128 onset=0.314 dur=0.470 vowel=0.344-0.684 level=0.050
284	proc	264	bead	train	shiftMags=0	769.261	1.5	1.5	1.5	30	16000	3	0@0.002	0.294	0.396-0.730	172.414	439.296	181	149	283.58	2437.88	454.3	2849.87	283.58	2437.88	454.3	2849.87	124.748	146.294	275.818	-5.24103	0.1209	5	-28.2606	0							voice cedar "bead" tok=e9fdb8435ad8d4ea take=0 src=tts:gpt-audio-1.5 f0=125 onset=0.330 dur=0.510 vowel=0.360-0.690 level=0.050
285	proc	265	bod	train	shiftMags=0	771.76	1.5	1.5	1.5	30	16000	3	0@0.002	0.236	0.470-0.706	-159.385	855.988	-134	446	713.999	1033.08	567.878	1864.83	726.108	1048.36	564.952	1864.83	111.762	125.89	206.084	-9.76405	0.062756	8.25	-28.1649	0							voice cedar "bod" tok=45bef704c9ad58bb take=0 src=tts:gpt-audio-1.5 f0=111 onset=0.308 dur=0.560 vowel=0.338-0.658 level=0.050
286	proc	266	booed	train	shiftMags=0	774.735	1.5	1.5	1.5	30	16000	3	0@0.002	0.33	0.306-0.674	169.004	852.011	177	435	319.546	1111.59	468.615	2050.45	317.874	1103.49	471.334	2009.19	100.025	100.03	0.0862617	-12.0378	0.0889916	7.625	-27.2617	0							voice cedar "booed" tok=019cc450beff746a take=0 src=tts:gpt-audio-1.5 f0=100 onset=0.315 dur=0.460 vowel=0.315-0.685 level=0.050
287	proc	267	bad	train	shiftMags=0	777.023	1.5	1.5	1.5	30	16000	3	0@0.002	0.336	0.390-0.740	-211.371	722.21	-173	308	875.8	1691.39	582.585	2386.33	875.8	1691.39	582.585	2386.33	120.329	125.107	67.4127	-2.46816	0.170771	8.3125	-28.3847	0							voice cedar "bad" tok=162f3c0caf0b73da take=0 src=tts:gpt-audio-1.5 f0=119 onset=0.325 dur=0.470 vowel=0.355-0.665 level=0.050
288	proc	268	bead	train	shiftMags=0	779.287	1.5	1.5	1.5	30	16000	3	0@0.002	0.456	0.356-0.820	174.347	424.802	183	143	291.571	2505.34	424.853	2887.47	290.714	2506.13	425.406	2901.33	103.426	172.503	885.63	-8.82314	0.12376	7.6875	-26.574	0							voice cedar "bead" tok=f6a1eafc6c486fdf take=1 src=tts:gpt-audio-1.5 f0=103 onset=0.361 dur=0.700 vowel=0.361-0.781 level=0.050
289	proc	269	bad	train	shiftMags=0	781.674	1.5	1.5	1.5	30	16000	3	0@0.002	0.284	0.324-0.622	-270.025	688.027	-215	286	801.987	1805.58	599.046	2420.81	866.967	1801.61	603.704	2434.51	97.3585	98.4722	19.6915	-0.184076	0.253723	8.3125	-27.7094	0							voice cedar "bad" tok=83c0e4d0be3e2f68 take=1 src=tts:gpt-audio-1.5 f0=99 onset=0.337 dur=0.450 vowel=0.337-0.577 level=0.050
290	proc	270	bod	train	shiftMags=0	784.271	1.5	1.5	1.5	30	16000	3	0@0.002	0.336	0.410-0.764	-129.638	865.347	-111	457	679.08	986.183	554.919	1821.03	680.65	984.155	561.22	1821.03	113.577	110.644	-45.3034	-10.5637	0.0677489	8.25	-27.5311	0							voice cedar "bod" tok=e2f166b722c64fa1 take=1 src=tts:gpt-audio-1.5 f0=106 onset=0.362 dur=0.450 vowel=0.372-0.702 level=0.050
291	proc	271	booed	train	shiftMags=0	788.245	1.5	1.5	1.5	30	16000	3	0@0.002	0.374	0.482-0.856	169.258	858.209	177	446	320.535	1118.48	428.286	1956.81	320.535	1118.48	428.286	1956.81	116.944	135.86	259.552	-12.5932	0.0392455	7.375	-28.3158	0							voice cedar "booed" tok=724cb6107b920392 take=1 src=tts:gpt-audio-1.5 f0=116 onset=0.337 dur=0.710 vowel=0.337-0.807 level=0.050
292	proc	272	bod	train	shiftMags=0	790.523	1.5	1.5	1.5	30	16000	3	0@0.002	0.276	0.308-0.584	-179.932	851.627	-150	438	768.645	1061.21	618.875	1901.66	770.15	1052	616.097	1902.01	102.235	105.559	55.3881	-8.42851	0.175246	8	-25.8743	0							voice cedar "bod" tok=04ed4b8e86c7a466 take=2 src=tts:gpt-audio-1.5 f0=103 onset=0.322 dur=0.470 vowel=0.322-0.532 level=0.050
293	proc	273	booed	train	shiftMags=0	793.371	1.5	1.5	1.5	30	16000	3	0@0.002	0.248	0.380-0.664	132.613	851.417	135	435	351.096	1145.14	490.067	1952.05	351.096	1145.14	490.067	1952.05	118.157	148.263	392.947	-11.0585	0.0495113	7.6875	-28.8174	0							voice cedar "booed" tok=281910169d7e6e0c take=2 src=tts:gpt-audio-1.5 f0=114 onset=0.312 dur=0.420 vowel=0.352-0.622 level=0.050
294	proc	274	bead	train	shiftMags=0	796.015	1.5	1.5	1.5	30	16000	3	0@0.002	0.304	0.420-0.734	162.26	464.574	169	160	295.084	2320.72	464.81	2766.87	294.023	2323.26	467.209	2775.94	107.542	113.019	86.0049	-7.46125	0.114637	7.6875	-26.8546	0							voice cedar "bead" tok=bcede0d3415f6dfb take=2 src=tts:gpt-audio-1.5 f0=107 onset=0.365 dur=0.440 vowel=0.395-0.685 level=0.050
295	proc	275	bad	train	shiftMags=0	798.932	1.5	1.5	1.5	30	16000	3	0@0.002	0.274	0.406-0.680	-273.663	698.633	-217	292	889.617	1682.87	599.409	2344.79	906.049	1688.01	604.121	2347.43	112.429	114.345	29.2642	-2.26296	0.187592	8.3125	-28.1636	1	1.485+15.4ms						voice cedar "bad" tok=4ada81a8356bc039 take=2 src=tts:gpt-audio-1.5 f0=112 onset=0.294 dur=0.450 vowel=0.324-0.644 level=0.050
296	proc	276	bad	train	shiftMags=0	801.905	1.5	1.5	1.5	30	16000	3	0@0.002	0.356	0.318-0.684	-230.635	711.566	-187	303	876.267	1593.64	606.846	2316.04	876.576	1592.12	607.194	2316.04	103.769	107.644	63.4646	-1.06807	0.229213	8.3125	-26.5643	0							voice cedar "bad" tok=1b973c205bdd408f take=3 src=tts:gpt-audio-1.5 f0=106 onset=0.328 dur=0.460 vowel=0.328-0.628 level=0.050
297	proc	277	bead	train	shiftMags=0	804.694	1.5	1.5	1.5	30	16000	3	0@0.002	0.424	0.362-0.860	172.361	473.848	181	165	289.261	2474.46	459.247	2884.08	289.261	2474.46	459.247	2884.08	131.683	156.314	296.849	-5.84702	0.136194	7.6875	-28.0288	0							voice cedar "bead" tok=d7244c8ec328c9b7 take=3 src=tts:gpt-audio-1.5 f0=128 onset=0.325 dur=0.550 vowel=0.345-0.835 level=0.050
298	proc	278	booed	train	shiftMags=0	807.131	1.5	1.5	1.5	30	16000	3	0@0.002	0.294	0.494-0.798	148.284	811.559	153	391	360.04	1337.12	447.429	2102.54	360.04	1337.12	447.429	2102.54	127.164	145.117	228.635	-11.0755	0.0541418	7.5	-27.7665	0							voice cedar "booed" tok=6ca782e347582de5 take=3 src=tts:gpt-audio-1.5 f0=128 onset=0.371 dur=0.470 vowel=0.401-0.741 level=0.050
299	proc	279	bod	train	shiftMags=0	810.064	1.5	1.5	1.5	30	16000	3	0@0.002	0.278	0.372-0.650	-153.992	862.057	-130	457	697.846	994.486	569.701	1831.61	719.033	998.385	570.529	1833.43	92.3875	119.774	449.451	-10.5339	0.112016	8.0625	-27.4927	0							voice cedar "bod" tok=9ffdd48c9bdba1b0 take=3 src=tts:gpt-audio-1.5 f0=100 onset=0.314 dur=0.430 vowel=0.354-0.594 level=0.050
300	proc	280	booed	train	shiftMags=0	812.323	1.5	1.5	1.5	30	16000	3	0@0.002	0.33	0.308-0.676	168.918	851.89	177	435	320.055	1105.44	454.564	1965	317.533	1098.11	460.762	1963.17	101.784	132.985	462.905	-11.4832	0.0865499	7.625	-27.2621	0							voice cedar "booed" tok=019cc450beff746a take=0 src=tts:gpt-audio-1.5 f0=100 onset=0.317 dur=0.460 vowel=0.317-0.687 level=0.050
301	proc	281	bad	train	shiftMags=0	815.314	1.5	1.5	1.5	30	16000	3	0@0.002	0.328	0.428-0.774	-217.172	725.913	-177	314	873.457	1700.68	579.914	2351.32	873.457	1700.68	579.914	2351.32	120.094	120.335	3.47342	-2.57863	0.181489	8.3125	-28.3849	0							voice cedar "bad" tok=162f3c0caf0b73da take=0 src=tts:gpt-audio-1.5 f0=119 onset=0.360 dur=0.470 vowel=0.390-0.700 level=0.050
302	proc	282	bead	train	shiftMags=0	817.874	1.5	1.5	1.5	30	16000	3	0@0.002	0.296	0.426-0.760	172.423	447.238	181	154	283.551	2437.92	455.102	2847.42	283.551	2437.92	455.102	2847.42	124.582	140.678	210.359	-5.21716	0.12055	7.9375	-28.2601	1	0.985+15.4ms						voice cedar "bead" tok=e9fdb8435ad8d4ea take=0 src=tts:gpt-audio-1.5 f0=125 onset=0.360 dur=0.510 vowel=0.390-0.720 level=0.050
303	proc	283	bod	train	shiftMags=0	820.326	1.5	1.5	1.5	30	16000	3	0@0.002	0.24	0.480-0.720	-164.005	855.562	-138	446	713.791	1033.5	567.191	1876.16	727.119	1048.64	565.612	1876.16	111.835	126.366	211.473	-10.1586	0.0667092	8.25	-28.1639	0							voice cedar "bod" tok=45bef704c9ad58bb take=0 src=tts:gpt-audio-1.5 f0=111 onset=0.318 dur=0.560 vowel=0.348-0.668 level=0.050
304	proc	284	bad	train	shiftMags=0	823.239	1.5	1.5	1.5	30	16000	3	0@0.002	0.288	0.308-0.614	-269.594	688.514	-215	286	775.625	1806.36	585.057	2450.12	897.677	1797.71	588.523	2450.12	97.4038	98.349	16.7186	-0.224819	0.261309	8.3125	-27.7087	0							voice cedar "bad" tok=83c0e4d0be3e2f68 take=1 src=tts:gpt-audio-1.5 f0=99 onset=0.321 dur=0.450 vowel=0.321-0.561 level=0.050
305	proc	285	booed	train	shiftMags=0	825.862	1.5	1.5	1.5	30	16000	3	0@0.002	0.378	0.446-0.826	169.267	857.88	177	441	323.557	1121.87	415.66	1927.87	323.557	1121.87	415.66	1927.87	116.944	133.546	229.817	-12.4675	0.0457297	7.4375	-28.3162	0							voice cedar "booed" tok=724cb6107b920392 take=1 src=tts:gpt-audio-1.5 f0=116 onset=0.300 dur=0.710 vowel=0.300-0.770 level=0.050
306	proc	286	bead	train	shiftMags=0	828.402	1.5	1.5	1.5	30	16000	3	0@0.002	0.45	0.350-0.814	175.38	424.521	185	143	291.814	2504.27	432.515	2892.88	290.076	2503.6	434.801	2894.02	103.224	172.373	887.709	-9.03943	0.126632	7.6875	-26.5737	0							voice cedar "bead" tok=f6a1eafc6c486fdf take=1 src=tts:gpt-audio-1.5 f0=103 onset=0.356 dur=0.700 vowel=0.356-0.776 level=0.050
307	proc	287	bod	train	shiftMags=0	830.881	1.5	1.5	1.5	30	16000	3	0@0.002	0.336	0.386-0.740	-129.531	865.269	-111	457	687.5	989.658	565.197	1815.47	688.386	980.876	565.289	1812.65	112.9	109.523	-52.5749	-10.7842	0.0609811	8.25	-27.5312	0							voice cedar "bod" tok=e2f166b722c64fa1 take=1 src=tts:gpt-audio-1.5 f0=106 onset=0.337 dur=0.450 vowel=0.347-0.677 level=0.050
308	proc	288	bead	train	shiftMags=0	833.445	1.5	1.5	1.5	30	16000	3	0@0.002	0.304	0.384-0.698	162.226	464.387	169	160	294.768	2313.94	463.467	2756.92	293.393	2318.95	467.231	2772.93	106.715	115.112	131.132	-7.4658	0.112659	7.6875	-26.8564	0							voice cedar "bead" tok=bcede0d3415f6dfb take=2 src=tts:gpt-audio-1.5 f0=107 onset=0.330 dur=0.440 vowel=0.360-0.650 level=0.050
309	proc	289	bod	train	shiftMags=0	835.881	1.5	1.5	1.5	30	16000	3	0@0.002	0.278	0.314-0.592	-179.794	852.637	-150	441	764.593	1060.75	614.374	1898.06	770.739	1055.01	605.465	1899.72	101.752	105.411	61.1484	-9.13282	0.177343	8	-25.8747	0							voice cedar "bod" tok=04ed4b8e86c7a466 take=2 src=tts:gpt-audio-1.5 f0=103 onset=0.330 dur=0.470 vowel=0.330-0.540 level=0.050
310	proc	290	bad	train	shiftMags=0	838.52	1.5	1.5	1.5	30	16000	3	0@0.002	0.276	0.480-0.756	-275.913	698.597	-219	292	885.874	1673.29	606.221	2343.46	897.722	1679.07	606.842	2343.46	110.663	113.673	46.4555	-2.20036	0.175803	8.3125	-28.1629	0							voice cedar "bad" tok=4ada81a8356bc039 take=2 src=tts:gpt-audio-1.5 f0=112 onset=0.369 dur=0.450 vowel=0.399-0.719 level=0.050
311	proc	291	booed	train	shiftMags=0	841.097	1.5	1.5	1.5	30	16000	3	0@0.002	0.25	0.366-0.650	131.051	851.578	133	435	350.551	1137.57	496.922	1955.87	349.491	1144.48	493.35	1965.47	118.211	162.12	546.828	-11.383	0.0489855	7.6875	-28.8189	0							voice cedar "booed" tok=281910169d7e6e0c take=2 src=tts:gpt-audio-1.5 f0=114 onset=0.298 dur=0.420 vowel=0.338-0.608 level=0.050
312	proc	292	bead	train	shiftMags=0	843.545	1.5	1.5	1.5	30	16000	3	0@0.002	0.416	0.372-0.870	172.447	473.526	181	165	288.561	2475.92	457.892	2883.61	288.561	2475.92	457.892	2883.61	133.49	128.12	-71.0884	-5.59584	0.140279	7.6875	-28.0287	0							voice cedar "bead" tok=d7244c8ec328c9b7 take=3 src=tts:gpt-audio-1.5 f0=128 onset=0.335 dur=0.550 vowel=0.355-0.845 level=0.050
313	proc	293	bad	train	shiftMags=0	845.799	1.5	1.5	1.5	30	16000	3	0@0.002	0.354	0.354-0.720	-233.633	707.576	-189	297	873.593	1603.22	603.166	2323.53	880.092	1594.43	605.699	2323.53	103.113	110.011	112.097	-1.08147	0.223864	8.3125	-26.5632	0							voice cedar "bad" tok=1b973c205bdd408f take=3 src=tts:gpt-audio-1.5 f0=106 onset=0.364 dur=0.460 vowel=0.364-0.664 level=0.050
314	proc	294	bod	train	shiftMags=0	848.163	1.5	1.5	1.5	30	16000	3	0@0.002	0.278	0.378-0.656	-153.753	862.214	-130	457	706.563	992.882	570.95	1833.46	726.418	1004.59	571.037	1833.46	92.3683	112.037	334.204	-10.129	0.110767	8.0625	-27.4925	0							voice cedar "bod" tok=9ffdd48c9bdba1b0 take=3 src=tts:gpt-audio-1.5 f0=100 onset=0.320 dur=0.430 vowel=0.360-0.600 level=0.050
315	proc	295	booed	train	shiftMags=0	850.999	1.5	1.5	1.5	30	16000	3	0@0.002	0.296	0.444-0.752	148.228	811.259	153	388.5	360.066	1341.6	444.118	2119.24	360.066	1341.6	444.118	2119.24	129.157	142.868	174.666	-11.2433	0.0486926	7.5	-27.7658	1	1.485+15.4ms						voice cedar "booed" tok=6ca782e347582de5 take=3 src=tts:gpt-audio-1.5 f0=128 onset=0.320 dur=0.470 vowel=0.350-0.690 level=0.050
316	proc	296	booed	train	shiftMags=0	853.78	1.5	1.5	1.5	30	16000	3	0@0.002	0.336	0.294-0.702	168.934	850.604	177	435	318.161	1110.08	428.382	1995.76	318.161	1110.08	428.382	1995.76	100.033	125.966	399.078	-11.7782	0.0763281	7.625	-27.2608	0							voice cedar "booed" tok=019cc450beff746a take=0 src=tts:gpt-audio-1.5 f0=100 onset=0.304 dur=0.460 vowel=0.304-0.674 level=0.050
317	proc	297	bod	train	shiftMags=0	856.723	1.5	1.5	1.5	30	16000	3	0@0.002	0.24	0.502-0.742	-164.18	855.942	-138	446	710.235	1043.94	567.461	1867.63	724.178	1043.94	563.828	1867.63	107.278	126.842	290.007	-9.94877	0.0609881	8.25	-28.1632	0							voice cedar "bod" tok=45bef704c9ad58bb take=0 src=tts:gpt-audio-1.5 f0=111 onset=0.341 dur=0.560 vowel=0.371-0.691 level=0.050
318	proc	298	bad	train	shiftMags=0	859.085	1.5	1.5	1.5	30	16000	3	0@0.002	0.324	0.430-0.776	-222.525	725.919	-181	314	873.66	1694.01	570.558	2369.68	873.66	1694.01	570.558	2369.68	120.14	124.427	60.702	-2.56482	0.178056	8.3125	-28.3851	0							voice cedar "bad" tok=162f3c0caf0b73da take=0 src=tts:gpt-audio-1.5 f0=119 onset=0.362 dur=0.470 vowel=0.392-0.702 level=0.050
319	proc	299	bead	train	shiftMags=0	862.03	1.5	1.5	1.5	30	16000	3	0@0.002	0.292	0.388-0.720	172.438	438.774	181	149	283.298	2437.27	449.78	2851.72	283.298	2437.27	449.78	2851.72	124.866	153.834	361.184	-5.22368	0.118939	7.9375	-28.2606	0							voice cedar "bead" tok=e9fdb8435ad8d4ea take=0 src=tts:gpt-audio-1.5 f0=125 onset=0.321 dur=0.510 vowel=0.351-0.681 level=0.050
320	proc	300	booed	train	shiftMags=0	864.945	1.5	1.5	1.5	30	16000	3	0@0.002	0.378	0.444-0.824	169.338	859.084	177	446	321.344	1116.54	431.094	1947.7	321.344	1116.54	431.094	1947.7	117.631	132.69	208.549	-12.4784	0.0511093	7.4375	-28.316	0							voice cedar "booed" tok=724cb6107b920392 take=1 src=tts:gpt-audio-1.5 f0=116 onset=0.298 dur=0.710 vowel=0.298-0.768 level=0.050
321	proc	301	bad	train	shiftMags=0	868.458	1.5	1.5	1.5	30	16000	3	0@0.002	0.28	0.322-0.612	-272.94	687.937	-217	286	766.394	1805.96	585.431	2425.29	884.663	1801.39	593.331	2455.11	97.3925	98.0308	11.3101	-0.260102	0.243832	8.3125	-27.7082	0							voice cedar "bad" tok=83c0e4d0be3e2f68 take=1 src=tts:gpt-audio-1.5 f0=99 onset=0.333 dur=0.450 vowel=0.333-0.573 level=0.050
322	proc	302	bead	train	shiftMags=0	871.423	1.5	1.5	1.5	30	16000	3	0@0.002	0.446	0.316-0.780	172.515	424.15	181	143	292.234	2506.77	421.043	2892.34	290.214	2506.92	424.546	2901.78	103.932	160.204	749.131	-8.86421	0.12714	7.6875	-26.5733	0							voice cedar "bead" tok=f6a1eafc6c486fdf take=1 src=tts:gpt-audio-1.5 f0=103 onset=0.322 dur=0.700 vowel=0.322-0.742 level=0.050
323	proc	303	bod	train	shiftMags=0	874.411	1.5	1.5	1.5	30	16000	3	0@0.002	0.332	0.420-0.752	-129.725	865.661	-111	457	677.773	985.121	549.355	1817.99	683.663	978.945	552.569	1817.99	111.324	110.842	-7.50907	-10.405	0.0762332	8.25	-27.5319	0							voice cedar "bod" tok=e2f166b722c64fa1 take=1 src=tts:gpt-audio-1.5 f0=106 onset=0.370 dur=0.450 vowel=0.380-0.710 level=0.050
324	proc	304	bad	train	shiftMags=0	877.296	1.5	1.5	1.5	30	16000	3	0@0.002	0.274	0.440-0.714	-278.266	698.608	-221	292	891.536	1673.12	605.409	2345.08	908.785	1681.82	609.56	2345.08	112.445	112.586	2.17434	-2.20158	0.18891	8.3125	-28.1647	0							voice cedar "bad" tok=4ada81a8356bc039 take=2 src=tts:gpt-audio-1.5 f0=112 onset=0.327 dur=0.450 vowel=0.357-0.677 level=0.050
325	proc	305	bod	train	shiftMags=0	879.963	1.5	1.5	1.5	30	16000	3	0@0.002	0.278	0.354-0.632	-180.135	852.348	-150	441	760.453	1059.88	614.843	1898.35	768.63	1054.31	612.74	1900.14	101.632	103.476	31.1266	-8.88866	0.17912	8	-25.874	0							voice cedar "bod" tok=04ed4b8e86c7a466 take=2 src=tts:gpt-audio-1.5 f0=103 onset=0.369 dur=0.470 vowel=0.369-0.579 level=0.050
326	proc	306	booed	train	shiftMags=0	882.867	1.5	1.5	1.5	30	16000	3	0@0.002	0.246	0.398-0.680	134.278	852.129	137	435	351.306	1142.19	495.39	2041.98	348.988	1146.09	497.611	2013.44	118.564	161.72	537.407	-11.2871	0.0487118	7.6875	-28.8173	0							voice cedar "booed" tok=281910169d7e6e0c take=2 src=tts:gpt-audio-1.5 f0=114 onset=0.329 dur=0.420 vowel=0.369-0.639 level=0.050
327	proc	307	bead	train	shiftMags=0	885.232	1.5	1.5	1.5	30	16000	3	0@0.002	0.308	0.360-0.676	162.278	464.452	169	160	294.194	2317.9	464.904	2752.1	293.584	2322.67	465.046	2774.7	107.588	115.094	116.754	-7.45163	0.115328	7.6875	-26.8558	0							voice cedar "bead" tok=bcede0d3415f6dfb take=2 src=tts:gpt-audio-1.5 f0=107 onset=0.306 dur=0.440 vowel=0.336-0.626 level=0.050
328	proc	308	booed	train	shiftMags=0	887.582	1.5	1.5	1.5	30	16000	3	0@0.002	0.292	0.422-0.724	145.179	812.385	149	391	359.569	1338.26	440.443	2112.78	359.569	1338.26	440.443	2112.78	129.982	145.757	198.305	-10.7089	0.0595518	7.5	-27.767	0							voice cedar "booed" tok=6ca782e347582de5 take=3 src=tts:gpt-audio-1.5 f0=128 onset=0.298 dur=0.470 vowel=0.328-0.668 level=0.050
329	proc	309	bod	train	shiftMags=0	889.936	1.5	1.5	1.5	30	16000	3	0@0.002	0.28	0.378-0.658	-153.818	862.194	-130	457	704.468	993.457	566.433	1832.26	724.343	1003.87	566.433	1832.26	92.0835	117.766	425.893	-11.0165	0.0800294	8.0625	-27.4928	0							voice cedar "bod" tok=9ffdd48c9bdba1b0 take=3 src=tts:gpt-audio-1.5 f0=100 onset=0.321 dur=0.430 vowel=0.361-0.601 level=0.050
330	proc	310	bead	train	shiftMags=0	892.707	1.5	1.5	1.5	30	16000	3	0@0.002	0.428	0.354-0.852	175.59	474.763	185	165	289.846	2477.14	449.302	2882.99	289.846	2477.14	449.302	2882.99	132.184	162.417	356.585	-5.74631	0.128588	7.6875	-28.0298	0							voice cedar "bead" tok=d7244c8ec328c9b7 take=3 src=tts:gpt-audio-1.5 f0=128 onset=0.316 dur=0.550 vowel=0.336-0.826 level=0.050
331	proc	311	bad	train	shiftMags=0	895.677	1.5	1.5	1.5	30	16000	3	0@0.002	0.354	0.326-0.692	-233.057	707.499	-189	297	872.253	1590.98	599.735	2318.88	879.064	1589.69	605.473	2320.98	105.208	107.636	39.4932	-1.07514	0.223593	8.3125	-26.564	0							voice cedar "bad" tok=1b973c205bdd408f take=3 src=tts:gpt-audio-1.5 f0=106 onset=0.337 dur=0.460 vowel=0.337-0.637 level=0.050
332	proc	312	bad	train	shiftMags=0	898.073	1.5	1.5	1.5	30	16000	3	0@0.002	0.334	0.354-0.704	-216.449	722.032	-177	308	872.735	1703.31	585.48	2345.77	872.735	1703.31	585.48	2345.77	120.302	126.489	86.8309	-2.52713	0.171758	8.3125	-28.3847	0							voice cedar "bad" tok=162f3c0caf0b73da take=0 src=tts:gpt-audio-1.5 f0=119 onset=0.289 dur=0.470 vowel=0.319-0.629 level=0.050
333	proc	313	bead	train	shiftMags=0	900.426	1.5	1.5	1.5	30	16000	3	0@0.002	0.298	0.394-0.728	172.487	447.36	181	154	283.072	2436.92	458.4	2855.55	283.072	2436.92	458.4	2855.55	124.796	152.429	346.289	-5.40839	0.121579	11.25	-28.2614	0							voice cedar "bead" tok=e9fdb8435ad8d4ea take=0 src=tts:gpt-audio-1.5 f0=125 onset=0.329 dur=0.510 vowel=0.359-0.689 level=0.050
334	proc	314	bod	train	shiftMags=0	903.34	1.5	1.5	1.5	30	16000	3	0@0.002	0.24	0.506-0.746	-164.105	855.813	-138	446	718.164	1036.21	576.152	1858.95	726.658	1050.54	576.152	1866.13	105.997	126.03	299.69	-10.0044	0.0637111	8.25	-28.1649	0							voice cedar "bod" tok=45bef704c9ad58bb take=0 src=tts:gpt-audio-1.5 f0=111 onset=0.345 dur=0.560 vowel=0.375-0.695 level=0.050
335	proc	315	booed	train	shiftMags=0	906.248	1.5	1.5	1.5	30	16000	3	0@0.002	0.338	0.342-0.750	168.879	850.212	177	435	322.79	1113.01	450.183	2031.42	321.167	1107.12	453.752	1987.44	101.34	149.664	675.016	-11.6863	0.0877946	7.625	-27.2602	1	1.485+15.4ms						voice cedar "booed" tok=019cc450beff746a take=0 src=tts:gpt-audio-1.5 f0=100 onset=0.351 dur=0.460 vowel=0.351-0.721 level=0.050
336	proc	316	bad	train	shiftMags=0	908.594	1.5	1.5	1.5	30	16000	3	0@0.002	0.288	0.318-0.624	-264.84	688.379	-211	286	777.549	1807.36	587.992	2449.82	897.621	1794.8	593.221	2449.82	97.3906	98.795	24.7863	-0.28672	0.23938	8.3125	-27.7091	0							voice cedar "bad" tok=83c0e4d0be3e2f68 take=1 src=tts:gpt-audio-1.5 f0=99 onset=0.331 dur=0.450 vowel=0.331-0.571 level=0.050
337	proc	317	booed	train	shiftMags=0	910.869	1.5	1.5	1.5	30	16000	3	0@0.002	0.374	0.486-0.860	169.264	859.259	177	446	323.415	1120.32	422.273	1942.01	323.415	1120.32	422.273	1942.01	116.998	130.394	187.669	-12.673	0.0365255	7.25	-28.3161	0							voice cedar "booed" tok=724cb6107b920392 take=1 src=tts:gpt-audio-1.5 f0=116 onset=0.341 dur=0.710 vowel=0.341-0.811 level=0.050
338	proc	318	bod	train	shiftMags=0	913.327	1.5	1.5	1.5	30	16000	3	0@0.002	0.338	0.412-0.768	-129.52	865.384	-111	457	679.881	985.699	551.591	1818.25	683.723	983.562	556.242	1818.25	113.608	110.459	-48.6699	-10.6243	0.0634647	8.0625	-27.5318	0							voice cedar "bod" tok=e2f166b722c64fa1 take=1 src=tts:gpt-audio-1.5 f0=106 onset=0.363 dur=0.450 vowel=0.373-0.703 level=0.050
339	proc	319	bead	train	shiftMags=0	915.782	1.5	1.5	1.5	30	16000	3	0@0.002	0.454	0.336-0.800	172.542	424.702	181	143	291.193	2505.41	423.079	2891.88	290.2	2506.17	423.194	2901.63	103.472	172.507	884.895	-8.88808	0.116448	7.6875	-26.5736	0							voice cedar "bead" tok=f6a1eafc6c486fdf take=1 src=tts:gpt-audio-1.5 f0=103 onset=0.341 dur=0.700 vowel=0.341-0.761 level=0.050
340	proc	320	booed	train	shiftMags=0	918.038	1.5	1.5	1.5	30	16000	3	0@0.002	0.25	0.386-0.668	134.299	851.089	137	435	349.934	1132.73	494.822	2031.81	349.731	1142.88	498.976	2031.84	118.116	149.17	404.105	-11.1276	0.0454205	7.6875	-28.8171	0							voice cedar "booed" tok=281910169d7e6e0c take=2 src=tts:gpt-audio-1.5 f0=114 onset=0.317 dur=0.420 vowel=0.357-0.627 level=0.050
341	proc	321	bad	train	shiftMags=0	920.397	1.5	1.5	1.5	30	16000	3	0@0.002	0.274	0.438-0.712	-278.364	698.665	-221	292	888.216	1679.11	604.969	2342.14	902.107	1686	607.231	2345.1	112.37	113.024	10.0564	-2.22175	0.185111	8.3125	-28.1635	0							voice cedar "bad" tok=4ada81a8356bc039 take=2 src=tts:gpt-audio-1.5 f0=112 onset=0.326 dur=0.450 vowel=0.356-0.676 level=0.050
342	proc	322	bead	train	shiftMags=0	923.273	1.5	1.5	1.5	30	16000	3	0@0.002	0.308	0.416-0.730	162.236	464.71	169	160	295.435	2311.8	461.109	2752.59	293.335	2321.66	469.597	2775.21	106.689	108.092	22.6183	-7.37004	0.114058	7.6875	-26.856	1	0.985+15.4ms						voice cedar "bead" tok=bcede0d3415f6dfb take=2 src=tts:gpt-audio-1.5 f0=107 onset=0.361 dur=0.440 vowel=0.391-0.681 level=0.050
343	proc	323	bod	train	shiftMags=0	925.571	1.5	1.5	1.5	30	16000	3	0@0.002	0.278	0.300-0.578	-175.043	851.649	-146	435	756.459	1061.43	620.549	1899.6	766.639	1051	618.138	1900.37	102.288	106.071	62.8676	-8.70875	0.174351	8	-25.8739	0							voice cedar "bod" tok=04ed4b8e86c7a466 take=2 src=tts:gpt-audio-1.5 f0=103 onset=0.315 dur=0.470 vowel=0.315-0.525 level=0.050
344	proc	324	bead	train	shiftMags=0	928.163	1.5	1.5	1.5	30	16000	3	0@0.002	0.42	0.360-0.858	172.319	472.733	181	165	289.058	2468.67	457.743	2885.55	289.058	2468.67	457.743	2885.55	131.942	161.338	348.217	-5.83857	0.132866	7.6875	-28.0287	0							voice cedar "bead" tok=d7244c8ec328c9b7 take=3 src=tts:gpt-audio-1.5 f0=128 onset=0.323 dur=0.550 vowel=0.343-0.833 level=0.050
345	proc	325	booed	train	shiftMags=0	930.95	1.5	1.5	1.5	30	16000	3	0@0.002	0.294	0.418-0.722	148.503	812.213	153	391	359.402	1339.88	443.424	2110.84	359.402	1339.88	443.424	2110.84	129.121	136.284	93.4642	-11.0214	0.0502184	7.5	-27.7666	0							voice cedar "booed" tok=6ca782e347582de5 take=3 src=tts:gpt-audio-1.5 f0=128 onset=0.294 dur=0.470 vowel=0.324-0.664 level=0.050
346	proc	326	bad	train	shiftMags=0	933.736	1.5	1.5	1.5	30	16000	3	0@0.002	0.354	0.302-0.668	-233.279	711.978	-189	303	871.658	1604.53	602.959	2325.92	877.883	1598.88	607.34	2325.92	103.014	101.696	-22.2894	-1.14973	0.225195	8.3125	-26.5648	0							voice cedar "bad" tok=1b973c205bdd408f take=3 src=tts:gpt-audio-1.5 f0=106 onset=0.312 dur=0.460 vowel=0.312-0.612 level=0.050
347	proc	327	bod	train	shiftMags=0	936.218	1.5	1.5	1.5	30	16000	3	0@0.002	0.28	0.430-0.710	-153.973	862.484	-130	457	700.681	994.452	567.873	1831.04	720.556	1000.3	567.873	1831.04	92.2239	112.652	346.393	-11.0887	0.0831522	8.0625	-27.4926	0							voice cedar "bod" tok=9ffdd48c9bdba1b0 take=3 src=tts:gpt-audio-1.5 f0=100 onset=0.373 dur=0.430 vowel=0.413-0.653 level=0.050
348	proc	328	booed	train	shiftMags=0	938.568	1.5	1.5	1.5	30	16000	3	0@0.002	0.344	0.364-0.772	168.872	848.628	177	435	317.849	1110.22	457.129	1975.37	317.849	1110.22	457.129	1975.37	100.141	149.898	698.346	-11.684	0.0898228	7.625	-27.2611	0							voice cedar "booed" tok=019cc450beff746a take=0 src=tts:gpt-audio-1.5 f0=100 onset=0.374 dur=0.460 vowel=0.374-0.744 level=0.050
349	proc	329	bad	train	shiftMags=0	941.138	1.5	1.5	1.5	30	16000	3	0@0.002	0.336	0.350-0.700	-211.378	723.502	-173	308	873.944	1691.61	580.761	2389.36	873.944	1691.61	580.761	2389.36	120.183	128.309	113.27	-2.59074	0.172661	8.3125	-28.385	0							voice cedar "bad" tok=162f3c0caf0b73da take=0 src=tts:gpt-audio-1.5 f0=119 onset=0.285 dur=0.470 vowel=0.315-0.625 level=0.050
350	proc	330	bod	train	shiftMags=0	943.658	1.5	1.5	1.5	30	16000	3	0@0.002	0.238	0.490-0.728	-164.327	855.381	-138	446	710.587	1029.63	563.364	1869.31	724.441	1046.1	560.524	1869.31	107.526	126.337	279.109	-10.0648	0.0603706	8.25	-28.1656	0							voice cedar "bod" tok=45bef704c9ad58bb take=0 src=tts:gpt-audio-1.5 f0=111 onset=0.329 dur=0.560 vowel=0.359-0.679 level=0.050
351	proc	331	bead	train	shiftMags=0	947.244	1.5	1.5	1.5	30	16000	3	0@0.002	0.294	0.366-0.698	172.419	437.527	181	149	283.522	2438.27	454.865	2847.9	283.522	2438.27	454.865	2847.9	125.251	159.487	418.341	-5.31924	0.117398	11.25	-28.2603	0							voice cedar "bead" tok=e9fdb8435ad8d4ea take=0 src=tts:gpt-audio-1.5 f0=125 onset=0.300 dur=0.510 vowel=0.330-0.660 level=0.050
352	proc	332	bod	train	shiftMags=0	949.713	1.5	1.5	1.5	30	16000	3	0@0.002	0.336	0.360-0.714	-129.426	865.416	-111	457	676.741	984.052	563.912	1821.33	682.131	981.436	564.896	1816.87	113.595	111.674	-29.525	-10.5485	0.0667096	8.25	-27.5313	0							voice cedar "bod" tok=e2f166b722c64fa1 take=1 src=tts:gpt-audio-1.5 f0=106 onset=0.312 dur=0.450 vowel=0.322-0.652 level=0.050
353	proc	333	bad	train	shiftMags=0	952.319	1.5	1.5	1.5	30	16000	3	0@0.002	0.294	0.292-0.596	-261.622	688.719	-209	286	766.315	1805.08	596.975	2418.7	882.013	1802.98	599.978	2451.34	97.4359	97.9449	9.0202	-0.318912	0.261098	8.3125	-27.7091	0							voice cedar "bad" tok=83c0e4d0be3e2f68 take=1 src=tts:gpt-audio-1.5 f0=99 onset=0.303 dur=0.450 vowel=0.303-0.543 level=0.050
354	proc	334	bead	train	shiftMags=0	955.3	1.5	1.5	1.5	30	16000	3	0@0.002	0.454	0.328-0.794	178.594	424.615	189	143	291.157	2505.3	428.986	2893.85	289.398	2505.65	430.077	2898.23	103.292	172.515	887.991	-8.95369	0.125515	7.6875	-26.5736	0							voice cedar "bead" tok=f6a1eafc6c486fdf take=1 src=tts:gpt-audio-1.5 f0=103 onset=0.333 dur=0.700 vowel=0.333-0.753 level=0.050
355	proc	335	booed	train	shiftMags=0	957.556	1.5	1.5	1.5	30	16000	3	0@0.002	0.376	0.492-0.870	169.238	857.99	177	443.5	320.145	1118.53	415.641	1937.84	320.145	1118.53	415.641	1937.84	117.452	130.684	184.805	-12.4833	0.0482471	7.25	-28.3166	1	1.485+15.4ms						voice cedar "booed" tok=724cb6107b920392 take=1 src=tts:gpt-audio-1.5 f0=116 onset=0.346 dur=0.710 vowel=0.346-0.816 level=0.050
356	proc	336	bead	train	shiftMags=0	959.979	1.5	1.5	1.5	30	16000	3	0@0.002	0.306	0.362-0.676	162.205	464.571	169	160	294.335	2320.51	467.92	2762.16	293.173	2326.45	471.513	2772.3	106.297	111.952	89.7394	-7.41732	0.11778	7.6875	-26.8559	0							voice cedar "bead" tok=bcede0d3415f6dfb take=2 src=tts:gpt-audio-1.5 f0=107 onset=0.307 dur=0.440 vowel=0.337-0.627 level=0.050
357	proc	337	bod	train	shiftMags=0	962.866	1.5	1.5	1.5	30	16000	3	0@0.002	0.278	0.358-0.636	-179.777	852.232	-150	441	760.448	1060.38	622.29	1896.09	776.878	1049.61	615.672	1898.44	101.845	106.269	73.6177	-8.9349	0.174721	8	-25.8742	0							voice cedar "bod" tok=04ed4b8e86c7a466 take=2 src=tts:gpt-audio-1.5 f0=103 onset=0.373 dur=0.470 vowel=0.373-0.583 level=0.050
358	proc	338	booed	train	shiftMags=0	965.49	1.5	1.5	1.5	30	16000	3	0@0.002	0.25	0.354-0.638	134.178	851.118	137	435	349.755	1130.85	494.808	2062.82	349.755	1130.85	494.808	2062.82	118.135	170.813	638.37	-11.4611	0.0449246	7.6875	-28.8186	0							voice cedar "booed" tok=281910169d7e6e0c take=2 src=tts:gpt-audio-1.5 f0=114 onset=0.286 dur=0.420 vowel=0.326-0.596 level=0.050
359	proc	339	bad	train	shiftMags=0	968.328	1.5	1.5	1.5	30	16000	3	0@0.002	0.276	0.482-0.758	-278.412	698.585	-221	292	887.064	1684.64	600.611	2343.98	903.491	1686.77	608.459	2347.22	110.748	113.567	43.511	-2.23784	0.195896	8.3125	-28.1646	0							voice cedar "bad" tok=4ada81a8356bc039 take=2 src=tts:gpt-audio-1.5 f0=112 onset=0.370 dur=0.450 vowel=0.400-0.720 level=0.050
360	proc	340	bod	train	shiftMags=0	970.637	1.5	1.5	1.5	30	16000	3	0@0.002	0.28	0.414-0.694	-156.399	862.545	-132	457	693.027	994.28	559.245	1831.74	712.895	994.28	559.245	1834.19	92.099	118.182	431.71	-10.9889	0.0819077	8.25	-27.4924	0							voice cedar "bod" tok=9ffdd48c9bdba1b0 take=3 src=tts:gpt-audio-1.5 f0=100 onset=0.357 dur=0.430 vowel=0.397-0.637 level=0.050
361	proc	341	bead	train	shiftMags=0	973.63	1.5	1.5	1.5	30	16000	3	0@0.002	0.426	0.332-0.830	172.425	465.188	181	160	289.586	2476.28	462.011	2882.41	289.586	2476.28	462.011	2882.41	134.708	178.119	483.608	-5.80901	0.135428	7.6875	-28.0287	0							voice cedar "bead" tok=d7244c8ec328c9b7 take=3 src=tts:gpt-audio-1.5 f0=128 onset=0.295 dur=0.550 vowel=0.315-0.805 level=0.050
362	proc	342	booed	train	shiftMags=0	975.882	1.5	1.5	1.5	30	16000	3	0@0.002	0.294	0.482-0.786	148.231	812.039	153	391	360.568	1338.62	445.325	2095.74	360.568	1338.62	445.325	2095.74	130.173	143.605	170.009	-11.1838	0.0557368	7.5	-27.7658	1	0.985+15.4ms						voice cedar "booed" tok=6ca782e347582de5 take=3 src=tts:gpt-audio-1.5 f0=128 onset=0.359 dur=0.470 vowel=0.389-0.729 level=0.050
363	proc	343	bad	train	shiftMags=0	978.721	1.5	1.5	1.5	30	16000	3	0@0.002	0.35	0.292-0.658	-233.418	709.806	-189	297	872.203	1603.69	606.577	2323.37	878.661	1598.94	609.103	2323.37	103.041	103.482	7.39953	-1.09025	0.223087	8.3125	-26.565	0							voice cedar "bad" tok=1b973c205bdd408f take=3 src=tts:gpt-audio-1.5 f0=106 onset=0.303 dur=0.460 vowel=0.303-0.603 level=0.050
364	proc	344	booed	train	shiftMags=0	981.155	1.5	1.5	1.5	30	16000	3	0@0.002	0.334	0.342-0.712	169.014	848.83	177	435	319.312	1108.3	461.677	2087.73	319.312	1108.3	461.677	2087.73	100.803	99.8352	-16.6994	-12.379	0.0726234	7.5625	-27.2599	0							voice cedar "booed" tok=019cc450beff746a take=0 src=tts:gpt-audio-1.5 f0=100 onset=0.353 dur=0.460 vowel=0.353-0.723 level=0.050
365	proc	345	bod	train	shiftMags=0	983.939	1.5	1.5	1.5	30	16000	3	0@0.002	0.236	0.532-0.768	-164.323	855.724	-138	446	709.671	1028.7	563.606	1873.66	722.958	1044.64	558.732	1873.66	107.274	126.463	284.912	-9.90842	0.0660087	8.25	-28.1649	0							voice cedar "bod" tok=45bef704c9ad58bb take=0 src=tts:gpt-audio-1.5 f0=111 onset=0.370 dur=0.560 vowel=0.400-0.720 level=0.050
366	proc	346	bead	train	shiftMags=0	986.793	1.5	1.5	1.5	30	16000	3	0@0.002	0.294	0.398-0.732	172.425	439.547	181	149	282.971	2438.51	446.908	2844.12	282.971	2438.51	446.908	2844.12	124.531	140.444	208.192	-5.2684	0.116312	4.9375	-28.26	0							voice cedar "bead" tok=e9fdb8435ad8d4ea take=0 src=tts:gpt-audio-1.5 f0=125 onset=0.332 dur=0.510 vowel=0.362-0.692 level=0.050
367	proc	347	bad	train	shiftMags=0	989.594	1.5	1.5	1.5	30	16000	3	0@0.002	0.326	0.394-0.736	-217.112	725.907	-177	314	874.343	1692.8	574.363	2346.59	874.343	1692.8	574.363	2346.59	120.784	126.043	73.7854	-2.55367	0.172362	8	-28.3843	0							voice cedar "bad" tok=162f3c0caf0b73da take=0 src=tts:gpt-audio-1.5 f0=119 onset=0.322 dur=0.470 vowel=0.352-0.662 level=0.050
368	proc	348	bead	train	shiftMags=0	992.56	1.5	1.5	1.5	30	16000	3	0@0.002	0.456	0.298-0.764	180.281	424.729	190.5	143	291.551	2504.3	405.352	2896.47	290.01	2504.05	408.81	2897.07	102.856	172.856	898.73	-9.11633	0.136124	7.6875	-26.5738	0							voice cedar "bead" tok=f6a1eafc6c486fdf take=1 src=tts:gpt-audio-1.5 f0=103 onset=0.305 dur=0.700 vowel=0.305-0.725 level=0.050
369	proc	349	bod	train	shiftMags=0	994.977	1.5	1.5	1.5	30	16000	3	0@0.002	0.336	0.386-0.740	-129.627	865.327	-111	457	679.834	985.492	552.308	1819.08	687.469	979.604	553.674	1814.99	111.995	110.828	-18.1367	-10.7022	0.0624151	8.0625	-27.5325	0							voice cedar "bod" tok=e2f166b722c64fa1 take=1 src=tts:gpt-audio-1.5 f0=106 onset=0.338 dur=0.450 vowel=0.348-0.678 level=0.050
370	proc	350	booed	train	shiftMags=0	997.866	1.5	1.5	1.5	30	16000	3	0@0.002	0.374	0.488-0.862	169.273	858.303	177	446	320.718	1117.44	422.82	1967.53	320.718	1117.44	422.82	1967.53	116.872	135.701	258.6	-12.8665	0.0374278	7.25	-28.3162	0							voice cedar "booed" tok=724cb6107b920392 take=1 src=tts:gpt-audio-1.5 f0=116 onset=0.343 dur=0.710 vowel=0.343-0.813 level=0.050
371	proc	351	bad	train	shiftMags=0	1000.58	1.5	1.5	1.5	30	16000	3	0@0.002	0.288	0.334-0.634	-264.662	688.593	-211	286	818.764	1804	591.918	2423.48	876.451	1798.12	596.839	2433.29	97.4324	98.1747	13.1398	-0.286501	0.241863	8.3125	-27.7092	0							voice cedar "bad" tok=83c0e4d0be3e2f68 take=1 src=tts:gpt-audio-1.5 f0=99 onset=0.345 dur=0.450 vowel=0.345-0.585 level=0.050
372	proc	352	bod	train	shiftMags=0	1002.97	1.5	1.5	1.5	30	16000	3	0@0.002	0.276	0.334-0.610	-179.685	852.15	-150	438	761.953	1061.18	624.637	1898.82	767.569	1055.07	618.527	1898.98	101.638	104.201	43.1248	-8.66973	0.171074	8	-25.874	0							voice cedar "bod" tok=04ed4b8e86c7a466 take=2 src=tts:gpt-audio-1.5 f0=103 onset=0.348 dur=0.470 vowel=0.348-0.558 level=0.050
373	proc	353	bead	train	shiftMags=0	1005.38	1.5	1.5	1.5	30	16000	3	0@0.002	0.306	0.344-0.658	162.23	464.729	169	160	294.945	2317.84	469.218	2759.46	294.151	2324.23	470.55	2773.05	107.057	108.035	15.7428	-7.19464	0.120068	7.6875	-26.8544	0							voice cedar "bead" tok=bcede0d3415f6dfb take=2 src=tts:gpt-audio-1.5 f0=107 onset=0.289 dur=0.440 vowel=0.319-0.609 level=0.050
374	proc	354	bad	train	shiftMags=0	1007.7	1.5	1.5	1.5	30	16000	3	0@0.002	0.276	0.398-0.674	-275.958	698.432	-219	292	894.679	1676.89	602.83	2347.49	908.553	1681	606.873	2347.49	112.298	113.613	20.1613	-2.24444	0.18636	8.3125	-28.1636	0							voice cedar "bad" tok=4ada81a8356bc039 take=2 src=tts:gpt-audio-1.5 f0=112 onset=0.286 dur=0.450 vowel=0.316-0.636 level=0.050
375	proc	355	booed	train	shiftMags=0	1010.62	1.5	1.5	1.5	30	16000	3	0@0.002	0.246	0.358-0.642	130.994	851.521	133	435	349.743	1147.14	496.268	1933.43	349.743	1147.14	496.268	1933.43	118.131	170.214	632.353	-11.2343	0.0469685	7.6875	-28.8179	1	1.485+15.4ms						voice cedar "booed" tok=281910169d7e6e0c take=2 src=tts:gpt-audio-1.5 f0=114 onset=0.290 dur=0.420 vowel=0.330-0.600 level=0.050
376	proc	356	booed	train	shiftMags=0	1013.12	1.5	1.5	1.5	30	16000	3	0@0.002	0.294	0.450-0.754	148.478	812.241	153	391	360.44	1339.61	439.129	2124.68	360.44	1339.61	439.129	2124.68	129.652	141.516	151.584	-10.847	0.0598116	7.5	-27.7667	0							voice cedar "booed" tok=6ca782e347582de5 take=3 src=tts:gpt-audio-1.5 f0=128 onset=0.327 dur=0.470 vowel=0.357-0.697 level=0.050
377	proc	357	bod	train	shiftMags=0	1015.63	1.5	1.5	1.5	30	16000	3	0@0.002	0.278	0.356-0.634	-154.233	862.767	-130	457	691.368	998.805	566.457	1825.49	727.981	1006.75	569.55	1827.11	91.8644	109.337	301.447	-10.3332	0.11161	8.0625	-27.4926	0							voice cedar "bod" tok=9ffdd48c9bdba1b0 take=3 src=tts:gpt-audio-1.5 f0=100 onset=0.298 dur=0.430 vowel=0.338-0.578 level=0.050
378	proc	358	bead	train	shiftMags=0	1017.97	1.5	1.5	1.5	30	16000	3	0@0.002	0.414	0.322-0.822	172.421	472.083	181	165	289.698	2478.07	450.815	2884.97	289.698	2478.07	450.815	2884.97	133.889	125.971	-105.544	-5.66831	0.140201	7.6875	-28.0288	0							voice cedar "bead" tok=d7244c8ec328c9b7 take=3 src=tts:gpt-audio-1.5 f0=128 onset=0.286 dur=0.550 vowel=0.306-0.796 level=0.050
379	proc	359	bad	train	shiftMags=0	1020.83	1.5	1.5	1.5	30	16000	3	0@0.002	0.354	0.340-0.706	-233.209	706.811	-189	297	868.804	1601.14	606.672	2320.57	875.377	1597.47	612.103	2320.57	101.04	107.893	113.605	-1.06313	0.224056	8.3125	-26.5632	0							voice cedar "bad" tok=1b973c205bdd408f take=3 src=tts:gpt-audio-1.5 f0=106 onset=0.350 dur=0.460 vowel=0.350-0.650 level=0.050
380	proc	360	bead	train	shiftMags=0	1023.49	1.5	1.5	1.5	30	16000	3	0@0.002	0.296	0.410-0.744	172.426	439.747	181	149	283.161	2437.55	450.464	2841.66	283.161	2437.55	450.464	2841.66	125.58	161.35	433.91	-5.10599	0.128082	4.9375	-28.2604	0							voice cedar "bead" tok=e9fdb8435ad8d4ea take=0 src=tts:gpt-audio-1.5 f0=125 onset=0.344 dur=0.510 vowel=0.374-0.704 level=0.050
381	proc	361	bod	train	shiftMags=0	1026.9	1.5	1.5	1.5	30	16000	3	0@0.002	0.24	0.536-0.776	-164.13	855.372	-138	446	713.29	1024.72	568.292	1873.72	725.571	1051.04	568.109	1873.72	106.231	127.599	317.29	-10.0601	0.0654697	8.0625	-28.1638	0							voice cedar "bod" tok=45bef704c9ad58bb take=0 src=tts:gpt-audio-1.5 f0=111 onset=0.374 dur=0.560 vowel=0.404-0.724 level=0.050
382	proc	362	bad	train	shiftMags=0	1029.74	1.5	1.5	1.5	30	16000	3	0@0.002	0.338	0.410-0.760	-210.961	722.808	-173	308	874.066	1693.66	567.571	2389.21	874.066	1693.66	567.571	2389.21	120.247	127.764	104.98	-2.5914	0.173011	8.3125	-28.3844	1	0.985+15.4ms						voice cedar "bad" tok=162f3c0caf0b73da take=0 src=tts:gpt-audio-1.5 f0=119 onset=0.345 dur=0.470 vowel=0.375-0.685 level=0.050
383	proc	363	booed	train	shiftMags=0	1032.4	1.5	1.5	1.5	30	16000	3	0@0.002	0.33	0.286-0.654	168.973	852.661	177	435	320.204	1111.93	461.494	2055.64	317.972	1103.38	462.425	2014.17	100.283	103.525	55.0874	-11.4187	0.0878931	7.625	-27.2608	0							voice cedar "booed" tok=019cc450beff746a take=0 src=tts:gpt-audio-1.5 f0=100 onset=0.296 dur=0.460 vowel=0.296-0.666 level=0.050
384	proc	364	bead	train	shiftMags=0	1035.24	1.5	1.5	1.5	30	16000	3	0@0.002	0.454	0.366-0.832	175.669	424.466	185	143	292.022	2506.08	421.972	2884.9	290.414	2506.8	423.386	2900.27	103.227	172.461	888.546	-8.934	0.13685	7.6875	-26.5738	0							voice cedar "bead" tok=f6a1eafc6c486fdf take=1 src=tts:gpt-audio-1.5 f0=103 onset=0.371 dur=0.700 vowel=0.371-0.791 level=0.050
385	proc	365	bod	train	shiftMags=0	1038.02	1.5	1.5	1.5	30	16000	3	0@0.002	0.338	0.348-0.704	-129.419	865.18	-111	457	679.107	985.76	559.235	1814.18	686.995	979.688	562.783	1814.18	111.009	111.527	8.06196	-10.6384	0.0639704	8.25	-27.5319	0							voice cedar "bod" tok=e2f166b722c64fa1 take=1 src=tts:gpt-audio-1.5 f0=106 onset=0.299 dur=0.450 vowel=0.309-0.639 level=0.050
386	proc	366	bad	train	shiftMags=0	1040.59	1.5	1.5	1.5	30	16000	3	0@0.002	0.296	0.352-0.656	-258.957	689.187	-207	286	766.13	1807.16	587.466	2423.41	877.256	1807.16	597.375	2450.32	97.4502	98.055	10.7111	-0.296153	0.230983	8.3125	-27.7091	0							voice cedar "bad" tok=83c0e4d0be3e2f68 take=1 src=tts:gpt-audio-1.5 f0=99 onset=0.363 dur=0.450 vowel=0.363-0.603 level=0.050
387	proc	367	booed	train	shiftMags=0	1043.11	1.5	1.5	1.5	30	16000	3	0@0.002	0.374	0.506-0.880	169.264	858.777	177	446	323.15	1121.63	413.174	1950.53	323.15	1121.63	413.174	1950.53	116.865	129.101	172.386	-12.8903	0.0357126	7.375	-28.3159	0							voice cedar "booed" tok=724cb6107b920392 take=1 src=tts:gpt-audio-1.5 f0=116 onset=0.361 dur=0.710 vowel=0.361-0.831 level=0.050
388	proc	368	booed	train	shiftMags=0	1046.03	1.5	1.5	1.5	30	16000	3	0@0.002	0.248	0.406-0.690	131.031	852.366	133	435	350.405	1136.93	495.205	1896.66	349.374	1144.35	500.601	1869.81	118.159	167.975	609.023	-11.6161	0.0443194	7.6875	-28.8174	0							voice cedar "booed" tok=281910169d7e6e0c take=2 src=tts:gpt-audio-1.5 f0=114 onset=0.338 dur=0.420 vowel=0.378-0.648 level=0.050
389	proc	369	bod	train	shiftMags=0	1048.42	1.5	1.5	1.5	30	16000	3	0@0.002	0.278	0.274-0.552	-180.153	852.272	-150	441	761.758	1059.89	610.694	1898.7	769.762	1054.42	604.177	1899.93	101.639	105.779	69.1224	-8.97905	0.177255	8	-25.8744	0							voice cedar "bod" tok=04ed4b8e86c7a466 take=2 src=tts:gpt-audio-1.5 f0=103 onset=0.289 dur=0.470 vowel=0.289-0.499 level=0.050
390	proc	370	bead	train	shiftMags=0	1050.74	1.5	1.5	1.5	30	16000	3	0@0.002	0.304	0.348-0.662	162.24	464.31	169	160	295.967	2319.08	463.199	2763.08	294.727	2323.27	465.19	2774.68	106.273	107.836	25.2633	-7.33499	0.112073	7.6875	-26.8549	0							voice cedar "bead" tok=bcede0d3415f6dfb take=2 src=tts:gpt-audio-1.5 f0=107 onset=0.293 dur=0.440 vowel=0.323-0.613 level=0.050
391	proc	371	bad	train	shiftMags=0	1053.64	1.5	1.5	1.5	30	16000	3	0@0.002	0.274	0.410-0.684	-278.438	698.525	-221	292	891.186	1673.78	599.715	2345.85	908.228	1681.15	606.819	2345.85	112.454	112.417	-0.573082	-2.30887	0.185224	8.3125	-28.1637	0							voice cedar "bad" tok=4ada81a8356bc039 take=2 src=tts:gpt-audio-1.5 f0=112 onset=0.297 dur=0.450 vowel=0.327-0.647 level=0.050
392	proc	372	bad	train	shiftMags=0	1056.4	1.5	1.5	1.5	30	16000	3	0@0.002	0.356	0.298-0.666	-233.054	711.833	-189	303	866.953	1599.58	602.563	2317.54	874.204	1595.92	603.72	2317.54	103.768	105.789	33.3789	-1.09475	0.219615	8.3125	-26.5641	0							voice cedar "bad" tok=1b973c205bdd408f take=3 src=tts:gpt-audio-1.5 f0=106 onset=0.308 dur=0.460 vowel=0.308-0.608 level=0.050
393	proc	373	bead	train	shiftMags=0	1059.35	1.5	1.5	1.5	30	16000	3	0@0.002	0.418	0.356-0.856	172.458	471.538	181	165	288.925	2476.89	458.558	2883.11	288.925	2476.89	458.558	2883.11	133.019	176.245	487.149	-5.77293	0.137441	7.6875	-28.0289	0							voice cedar "bead" tok=d7244c8ec328c9b7 take=3 src=tts:gpt-audio-1.5 f0=128 onset=0.319 dur=0.550 vowel=0.339-0.829 level=0.050
394	proc	374	booed	train	shiftMags=0	1062.05	1.5	1.5	1.5	30	16000	3	0@0.002	0.294	0.444-0.748	148.431	812.234	153	391	358.79	1336.9	444.81	2104.14	358.79	1336.9	444.81	2104.14	127.183	144.731	223.755	-11.2184	0.0557863	7.5	-27.7668	0							voice cedar "booed" tok=6ca782e347582de5 take=3 src=tts:gpt-audio-1.5 f0=128 onset=0.321 dur=0.470 vowel=0.351-0.691 level=0.050
395	proc	375	bod	train	shiftMags=0	1065.05	1.5	1.5	1.5	30	16000	3	0@0.002	0.278	0.402-0.680	-153.856	861.823	-130	457	697.447	995.85	564.067	1831.17	715.821	998.484	565.712	1834.6	92.4419	116.497	400.415	-10.5483	0.0944144	8.0625	-27.4924	1	1.485+15.4ms						voice cedar "bod" tok=9ffdd48c9bdba1b0 take=3 src=tts:gpt-audio-1.5 f0=100 onset=0.344 dur=0.430 vowel=0.384-0.624 level=0.050
396	proc	376	bad	train	shiftMags=0	1067.63	1.5	1.5	1.5	30	16000	3	0@0.002	0.334	0.356-0.706	-216.957	722.64	-177	308	873.1	1695.46	581.028	2334.17	873.1	1695.46	581.028	2334.17	120.987	125.162	58.7337	-2.55002	0.170191	8.3125	-28.385	0							voice cedar "bad" tok=162f3c0caf0b73da take=0 src=tts:gpt-audio-1.5 f0=119 onset=0.292 dur=0.470 vowel=0.322-0.632 level=0.050
397	proc	377	booed	train	shiftMags=0	1069.92	1.5	1.5	1.5	30	16000	3	0@0.002	0.338	0.282-0.690	168.921	850.82	177	435	320.72	1106.95	464.673	1956.85	320.72	1106.95	464.673	1956.85	101.299	101.708	6.97739	-12.0288	0.0863318	7.625	-27.2626	0							voice cedar "booed" tok=019cc450beff746a take=0 src=tts:gpt-audio-1.5 f0=100 onset=0.292 dur=0.460 vowel=0.292-0.662 level=0.050
398	proc	378	bead	train	shiftMags=0	1072.67	1.5	1.5	1.5	30	16000	3	0@0.002	0.29	0.382-0.712	172.437	439.013	181	149	282.68	2433.85	453.292	2845.49	282.68	2433.85	453.292	2845.49	124.329	150.235	327.669	-5.24412	0.123637	4.9375	-28.2606	0							voice cedar "bead" tok=e9fdb8435ad8d4ea take=0 src=tts:gpt-audio-1.5 f0=125 onset=0.315 dur=0.510 vowel=0.345-0.675 level=0.050
399	proc	379	bod	train	shiftMags=0	1075.11	1.5	1.5	1.5	30	16000	3	0@0.002	0.24	0.494-0.734	-164.587	855.343	-138	446	707.52	1040.85	565.27	1874.49	720.946	1040.85	557.595	1872.17	107.369	126.988	290.538	-9.96486	0.0626556	8.25	-28.1664	0							voice cedar "bod" tok=45bef704c9ad58bb take=0 src=tts:gpt-audio-1.5 f0=111 onset=0.332 dur=0.560 vowel=0.362-0.682 level=0.050
400	proc	380	bead	train	shiftMags=0	1077.66	1.5	1.5	1.5	30	16000	3	0@0.002	0.454	0.294-0.758	178.803	424.673	189	143	291.552	2506.95	405.933	2890.41	291.17	2506.95	413.398	2896.48	102.903	172.221	891.56	-8.9379	0.125847	7.6875	-26.5741	0							voice cedar "bead" tok=f6a1eafc6c486fdf take=1 src=tts:gpt-audio-1.5 f0=103 onset=0.300 dur=0.700 vowel=0.300-0.720 level=0.050
401	proc	381	bad	train	shiftMags=0	1080.18	1.5	1.5	1.5	30	16000	3	0@0.002	0.278	0.338-0.616	-273.191	687.596	-217	286	776.078	1807.09	599.295	2447.69	898.514	1794.88	600.545	2447.69	97.4171	98.6067	21.012	-0.241091	0.243291	8.3125	-27.7088	0							voice cedar "bad" tok=83c0e4d0be3e2f68 take=1 src=tts:gpt-audio-1.5 f0=99 onset=0.351 dur=0.450 vowel=0.351-0.591 level=0.050
402	proc	382	booed	train	shiftMags=0	1082.68	1.5	1.5	1.5	30	16000	3	0@0.002	0.374	0.486-0.860	169.249	859.263	177	446	323.219	1119.93	417.43	1941.16	323.219	1119.93	417.43	1941.16	116.996	133.466	228.016	-12.5823	0.0452033	7.4375	-28.3164	0							voice cedar "booed" tok=724cb6107b920392 take=1 src=tts:gpt-audio-1.5 f0=116 onset=0.341 dur=0.710 vowel=0.341-0.811 level=0.050
403	proc	383	bod	train	shiftMags=0	1085.32	1.5	1.5	1.5	30	16000	3	0@0.002	0.336	0.362-0.716	-127.047	864.971	-109	457	680.577	985.954	555.699	1821.11	683.047	985.764	557.208	1821.11	113.984	109.481	-69.7846	-10.7039	0.0676378	8.0625	-27.5317	0							voice cedar "bod" tok=e2f166b722c64fa1 take=1 src=tts:gpt-audio-1.5 f0=106 onset=0.314 dur=0.450 vowel=0.324-0.654 level=0.050
404	proc	384	bad	train	shiftMags=0	1088.01	1.5	1.5	1.5	30	16000	3	0@0.002	0.274	0.468-0.742	-278.37	698.55	-221	292	887.325	1679.97	602.027	2346.61	903.088	1686.19	608.855	2348.09	112.398	113.398	15.3344	-2.19527	0.183187	8.3125	-28.1638	0							voice cedar "bad" tok=4ada81a8356bc039 take=2 src=tts:gpt-audio-1.5 f0=112 onset=0.355 dur=0.450 vowel=0.385-0.705 level=0.050
405	proc	385	booed	train	shiftMags=0	1090.32	1.5	1.5	1.5	30	16000	3	0@0.002	0.246	0.392-0.674	134.227	851.504	137	435	351.509	1139.31	491.029	1934.33	351.509	1139.31	491.029	1934.33	117.765	170.64	642.045	-11.2506	0.0484189	7.6875	-28.8183	0							voice cedar "booed" tok=281910169d7e6e0c take=2 src=tts:gpt-audio-1.5 f0=114 onset=0.323 dur=0.420 vowel=0.363-0.633 level=0.050
406	proc	386	bod	train	shiftMags=0	1093.24	1.5	1.5	1.5	30	16000	3	0@0.002	0.278	0.354-0.632	-180.191	852.456	-150	435	761.364	1060.32	626.717	1898.15	768.536	1054.35	618.619	1901.33	101.656	105.906	70.9046	-8.8429	0.178289	8	-25.8748	0							voice cedar "bod" tok=04ed4b8e86c7a466 take=2 src=tts:gpt-audio-1.5 f0=103 onset=0.369 dur=0.470 vowel=0.369-0.579 level=0.050
407	proc	387	bead	train	shiftMags=0	1095.75	1.5	1.5	1.5	30	16000	3	0@0.002	0.304	0.348-0.662	162.271	464.378	169	160	295.883	2319	465.41	2762.12	294.566	2322.88	466.977	2776.9	106.32	110.699	69.8632	-7.31929	0.120314	7.6875	-26.8555	0							voice cedar "bead" tok=bcede0d3415f6dfb take=2 src=tts:gpt-audio-1.5 f0=107 onset=0.293 dur=0.440 vowel=0.323-0.613 level=0.050
408	proc	388	bead	train	shiftMags=0	1098.55	1.5	1.5	1.5	30	16000	3	0@0.002	0.412	0.366-0.864	172.502	471.577	181	165	288.893	2477.18	459.128	2883.14	288.893	2477.18	459.128	2883.14	132.915	130.016	-38.1783	-5.81253	0.13853	7.6875	-28.0293	0							voice cedar "bead" tok=d7244c8ec328c9b7 take=3 src=tts:gpt-audio-1.5 f0=128 onset=0.329 dur=0.550 vowel=0.349-0.839 level=0.050
409	proc	389	booed	train	shiftMags=0	1101.06	1.5	1.5	1.5	30	16000	3	0@0.002	0.294	0.412-0.714	148.147	812.46	153	391	360.239	1339.49	443.257	2108.85	360.239	1339.49	443.257	2108.85	130.118	144.746	184.435	-11.0522	0.0538909	7.5	-27.7664	0							voice cedar "booed" tok=6ca782e347582de5 take=3 src=tts:gpt-audio-1.5 f0=128 onset=0.288 dur=0.470 vowel=0.318-0.658 level=0.050
410	proc	390	bod	train	shiftMags=0	1103.4	1.5	1.5	1.5	30	16000	3	0@0.002	0.28	0.368-0.648	-156.485	865.118	-132	457	700.198	993.005	572.025	1833.08	718.953	1001.89	572.025	1833.08	91.9727	107.515	270.311	-11.1457	0.0832098	8.0625	-27.4927	0							voice cedar "bod" tok=9ffdd48c9bdba1b0 take=3 src=tts:gpt-audio-1.5 f0=100 onset=0.312 dur=0.430 vowel=0.352-0.592 level=0.050
411	proc	391	bad	train	shiftMags=0	1106.9	1.5	1.5	1.5	30	16000	3	0@0.002	0.354	0.344-0.710	-238.715	707.689	-193	297	873.821	1602.55	601.914	2322.39	877.124	1592.38	604.645	2322.39	103.111	103.679	9.51507	-1.12917	0.223233	8.3125	-26.5615	0							voice cedar "bad" tok=1b973c205bdd408f take=3 src=tts:gpt-audio-1.5 f0=106 onset=0.354 dur=0.460 vowel=0.354-0.654 level=0.050
412	proc	392	bad	train	shiftMags=0	1109.32	1.5	1.5	1.5	30	16000	3	0@0.002	0.334	0.424-0.774	-216.406	721.989	-177	308	872.661	1703.19	580.375	2345	872.661	1703.19	580.375	2345	120.301	127.751	104.02	-2.5244	0.169732	8.3125	-28.3848	0							voice cedar "bad" tok=162f3c0caf0b73da take=0 src=tts:gpt-audio-1.5 f0=119 onset=0.359 dur=0.470 vowel=0.389-0.699 level=0.050
413	proc	393	bod	train	shiftMags=0	1111.79	1.5	1.5	1.5	30	16000	3	0@0.002	0.24	0.488-0.728	-159.381	855.891	-134	446	716.963	1034.96	566.924	1871.81	727.167	1049.83	564.65	1871.81	111.54	126.91	223.494	-9.97506	0.0596387	8.0625	-28.1649	0							voice cedar "bod" tok=45bef704c9ad58bb take=0 src=tts:gpt-audio-1.5 f0=111 onset=0.326 dur=0.560 vowel=0.356-0.676 level=0.050
414	proc	394	bead	train	shiftMags=0	1114.55	1.5	1.5	1.5	30	16000	3	0@0.002	0.294	0.428-0.760	172.498	439.262	181	149	283.795	2437.93	448.102	2850.62	283.795	2437.93	448.102	2850.62	124.835	139.616	193.736	-5.39829	0.123318	11.25	-28.26	0							voice cedar "bead" tok=e9fdb8435ad8d4ea take=0 src=tts:gpt-audio-1.5 f0=125 onset=0.361 dur=0.510 vowel=0.391-0.721 level=0.050
415	proc	395	booed	train	shiftMags=0	1117.3	1.5	1.5	1.5	30	16000	3	0@0.002	0.336	0.352-0.722	168.994	849.118	177	435	320.513	1107.06	468.09	1961.93	320.513	1107.06	468.09	1961.93	101.294	125.981	377.599	-11.4703	0.0834295	7.625	-27.2597	1	1.485+15.4ms						voice cedar "booed" tok=019cc450beff746a take=0 src=tts:gpt-audio-1.5 f0=100 onset=0.362 dur=0.460 vowel=0.362-0.732 level=0.050
416	proc	396	bed	generalization	shiftMags=0	1124.7	1.5	1.5	1.5	30	16000	4	0@0.002	0.36	0.342-0.716	-102.36	655.635	-89	264	677.903	1810.32	460.882	1322.61	686.771	1816.74	385.655	1293.42	118.379	NaN	NaN	-5.66749	0.0917834	57.875	-27.2558	0							voice cedar "bed" tok=11e1fb2b4df04aed take=3 src=tts:gpt-audio-1.5 f0=112 onset=0.293 dur=0.470 vowel=0.333-0.683 level=0.050
417	proc	397	bid	generalization	shiftMags=0	1127.25	1.5	1.5	1.5	30	16000	4	0@0.002	0.326	0.408-0.792	79.6919	586.49	78	220	436.442	2004.5	523.45	1445.08	436.442	2004.5	523.45	1445.08	118.506	NaN	NaN	-6.83612	0.0840673	-58.5625	-28.8595	0							voice cedar "bid" tok=377584bedc638be7 take=3 src=tts:gpt-audio-1.5 f0=114 onset=0.313 dur=0.520 vowel=0.313-0.783 level=0.050
418	proc	398	bayed	generalization	shiftMags=0	1129.85	1.5	1.5	1.5	30	16000	4	0@0.002	0.35	0.452-0.802	102.546	499.216	102	176	435.581	2141.07	500.695	1212.75	435.581	2141.07	500.695	1212.75	123.505	185.684	705.943	-6.32664	0.0748754	1.375	-27.0804	0							voice cedar "bayed" tok=340fd427f18f84a1 take=3 src=tts:gpt-audio-1.5 f0=119 onset=0.355 dur=0.540 vowel=0.435-0.765 level=0.050
419	proc	399	bode	generalization	shiftMags=0	1132.25	1.5	1.5	1.5	30	16000	4	0@0.002	0.38	0.496-0.910	69.0602	858.301	67	441	NaN	NaN	NaN	NaN					117.285	153.799	469.229	-8.37028	0.0597468	-14.0625	-28.2289	0							voice cedar "bode" tok=b26c5f72b37ca7c4 take=3 src=tts:gpt-audio-1.5 f0=117 onset=0.336 dur=0.600 vowel=0.356-0.876 level=0.050
420	proc	400	bud	generalization	shiftMags=0	1134.72	1.5	1.5	1.5	30	16000	4	0@0.002	0.314	0.390-0.766	-57.157	746.555	-51	325	575.554	1067.78	409.141	1398.66	575.554	1067.78	409.141	1398.66	114.749	NaN	NaN	-4.74639	0.0988491	59.1875	-28.9766	0							voice cedar "bud" tok=991af12fe1c16f7c take=3 src=tts:gpt-audio-1.5 f0=111 onset=0.368 dur=0.430 vowel=0.368-0.748 level=0.050
421	proc	401	bud	generalization	shiftMags=0	1137.14	1.5	1.5	1.5	30	16000	4	0@0.002	0.242	0.442-0.684	-148.446	768.843	-126	347	NaN	NaN	NaN	NaN					116.077	163.436	592.367	-4.5307	0.0771295	57.125	-28.5184	0							voice cedar "bud" tok=4e351ce71595af5c take=0 src=tts:gpt-audio-1.5 f0=115 onset=0.290 dur=0.500 vowel=0.340-0.640 level=0.050
422	proc	402	bid	generalization	shiftMags=0	1139.5	1.5	1.5	1.5	30	16000	4	0@0.002	0.268	0.292-0.564	73.9493	620.439	72	242	477.551	2057.11	449.274	3598.71	457.831	2034.86	293.73	1137.98	105.701	220.894	1276.03	-4.93879	0.0968067	57.125	-26.983	0							voice cedar "bid" tok=c83e2f1505931aff take=0 src=tts:gpt-audio-1.5 f0=106 onset=0.304 dur=0.500 vowel=0.304-0.534 level=0.050
423	proc	403	bed	generalization	shiftMags=0	1142	1.5	1.5	1.5	30	16000	4	0@0.002	0.24	0.476-0.716	-64.0989	640.091	-57	253	626.525	1822.56	375.652	1188.23	635.221	1823.19	390.336	1220.23	120.419	166.967	565.803	-5.22859	0.095348	32.875	-27.5482	0							voice cedar "bed" tok=68bd3af298d67715 take=0 src=tts:gpt-audio-1.5 f0=117 onset=0.360 dur=0.430 vowel=0.390-0.670 level=0.050
424	proc	404	bayed	generalization	shiftMags=0	1144.91	1.5	1.5	1.5	30	16000	4	0@0.002	0.314	0.340-0.654	79.7752	530.908	78	193	521.145	1951	461.026	3294.5	526.287	1963.1	406.528	2344.57	110.319	NaN	NaN	-5.58304	0.0852222	38.0625	-27.9287	0							voice cedar "bayed" tok=8cad743a2ce8bcaa take=0 src=tts:gpt-audio-1.5 f0=112 onset=0.289 dur=0.450 vowel=0.319-0.619 level=0.050
425	proc	405	bode	generalization	shiftMags=0	1147.81	1.5	1.5	1.5	30	16000	4	0@0.002	0.274	0.462-0.736	44.9819	866.216	43	452	501.379	1101.19	392.816	2124.93	501.379	1101.19	392.816	2124.93	118.888	NaN	NaN	-4.62071	0.092787	24.5625	-28.2371	0							voice cedar "bode" tok=655d20eb58a80ac6 take=0 src=tts:gpt-audio-1.5 f0=117 onset=0.314 dur=0.510 vowel=0.344-0.684 level=0.050
426	proc	406	bid	generalization	shiftMags=0	1150.47	1.5	1.5	1.5	30	16000	4	0@0.002	0.304	0.472-0.780	53.1425	608.793	51	234	438.091	2043.42	465.93	1279.95	438.091	2043.42	465.93	1279.95	115.78	199.331	940.535	-4.59382	0.0773472	11.625	-28.3294	0							voice cedar "bid" tok=3b3d066d60150795 take=1 src=tts:gpt-audio-1.5 f0=115 onset=0.375 dur=0.500 vowel=0.455-0.715 level=0.050
427	proc	407	bode	generalization	shiftMags=0	1153.23	1.5	1.5	1.5	30	16000	4	0@0.002	0.338	0.506-0.844	79.6671	873.572	78	468	527.191	1063.07	481.845	1988.53	527.191	1063.07	481.845	1988.53	113.131	235.487	1269.18	-5.20494	0.081344	3.6875	-27.6145	0							voice cedar "bode" tok=f62e9bba69f97a57 take=1 src=tts:gpt-audio-1.5 f0=113 onset=0.353 dur=0.610 vowel=0.483-0.813 level=0.050
428	proc	408	bud	generalization	shiftMags=0	1155.93	1.5	1.5	1.5	30	16000	4	0@0.002	0.272	0.450-0.722	-121.958	799.4	-105	377.5	660.283	1110.24	426.03	1131.3	670.726	1115.26	435.08	1124.88	104.574	216.163	1257.12	-5.25678	0.103127	45.4375	-28.4654	0							voice cedar "bud" tok=f4542d5a797641ab take=1 src=tts:gpt-audio-1.5 f0=105 onset=0.332 dur=0.500 vowel=0.332-0.672 level=0.050
429	proc	409	bayed	generalization	shiftMags=0	1158.62	1.5	1.5	1.5	30	16000	4	0@0.002	0.432	0.292-0.740	91.244	533.602	90	193	440.237	2175.2	473.922	1867.51	440.237	2175.2	473.922	1867.51	111.538	118.077	98.6245	-5.07942	0.0844677	-4.75	-26.9103	0							voice cedar "bayed" tok=ff519a42d3102d2c take=1 src=tts:gpt-audio-1.5 f0=107 onset=0.295 dur=0.460 vowel=0.295-0.705 level=0.050
430	proc	410	bed	generalization	shiftMags=0	1161.21	1.5	1.5	1.5	30	16000	4	0@0.002	0.278	0.412-0.690	-53.6935	641.799	-48	253	NaN	NaN	NaN	NaN					106.613	NaN	NaN	-3.97483	0.0957065	23.25	-27.3992	0							voice cedar "bed" tok=10e2b9015d990d23 take=1 src=tts:gpt-audio-1.5 f0=105 onset=0.363 dur=0.420 vowel=0.403-0.633 level=0.050
431	proc	411	bud	generalization	shiftMags=0	1163.96	1.5	1.5	1.5	30	16000	4	0@0.002	0.346	0.404-0.752	-35.3726	728.198	-32	314	586.05	1080.63	438.947	1182.43	598.6	1085.72	424.477	1184.55	109.307	NaN	NaN	-4.75189	0.101887	47.625	-28.719	0							voice cedar "bud" tok=24fc7bb8f23b4bf1 take=2 src=tts:gpt-audio-1.5 f0=109 onset=0.332 dur=0.430 vowel=0.382-0.722 level=0.050
432	proc	412	bed	generalization	shiftMags=0	1166.49	1.5	1.5	1.5	30	16000	4	0@0.002	0.258	0.316-0.574	-66.4674	617.816	-59	237	NaN	NaN	NaN	NaN					102.542	NaN	NaN	-3.96955	0.0857821	19	-27.0435	0							voice cedar "bed" tok=51d5ea374b35458c take=2 src=tts:gpt-audio-1.5 f0=107 onset=0.328 dur=0.560 vowel=0.328-0.498 level=0.050
433	proc	413	bid	generalization	shiftMags=0	1168.98	1.5	1.5	1.5	30	16000	4	0@0.002	0.258	0.426-0.684	61.2707	595.013	59	226	405.723	2026.14	384.369	1286.28	405.723	2026.14	384.369	1286.28	108.346	NaN	NaN	-4.23298	0.117119	15.8125	-27.7746	0							voice cedar "bid" tok=5b2116162996060f take=2 src=tts:gpt-audio-1.5 f0=106 onset=0.351 dur=0.410 vowel=0.401-0.631 level=0.050
434	proc	414	bayed	generalization	shiftMags=0	1171.4	1.5	1.5	1.5	30	16000	4	0@0.002	0.358	0.294-0.702	117.582	495.49	118	176	439.997	2135.06	580.754	3348.19	439.997	2135.06	580.754	3348.19	111.119	240.714	1338.25	-5.95588	0.0850018	32.375	-28.0834	0							voice cedar "bayed" tok=684082950bc33f2e take=2 src=tts:gpt-audio-1.5 f0=108 onset=0.285 dur=0.510 vowel=0.285-0.665 level=0.050
435	proc	415	bode	generalization	shiftMags=0	1173.95	1.5	1.5	1.5	30	16000	4	0@0.002	0.31	0.416-0.740	36.8129	859.403	35	446	573.605	1126.5	512.288	1369.55	573.605	1126.5	512.288	1369.55	110.394	143.273	451.318	-3.43757	0.110123	32.5	-28.4732	0							voice cedar "bode" tok=2d95abc0705da912 take=2 src=tts:gpt-audio-1.5 f0=106 onset=0.374 dur=0.450 vowel=0.374-0.704 level=0.050
436	proc	416	bode	generalization	shiftMags=0	1176.75	1.5	1.5	1.5	30	16000	4	0@0.002	0.38	0.516-0.930	85.4885	858.224	84	441	NaN	NaN	NaN	NaN					116.471	NaN	NaN	-7.96944	0.0579943	3.375	-28.229	0							voice cedar "bode" tok=b26c5f72b37ca7c4 take=3 src=tts:gpt-audio-1.5 f0=117 onset=0.356 dur=0.600 vowel=0.376-0.896 level=0.050
437	proc	417	bid	generalization	shiftMags=0	1179.03	1.5	1.5	1.5	30	16000	4	0@0.002	0.328	0.398-0.786	77.7984	586.322	76	220	435.959	2006.69	519.801	1519.1	435.959	2006.69	519.801	1519.1	117.572	NaN	NaN	-6.84317	0.0807868	-49.9375	-28.8569	0							voice cedar "bid" tok=377584bedc638be7 take=3 src=tts:gpt-audio-1.5 f0=114 onset=0.304 dur=0.520 vowel=0.304-0.774 level=0.050
438	proc	418	bayed	generalization	shiftMags=0	1181.87	1.5	1.5	1.5	30	16000	4	0@0.002	0.352	0.466-0.818	102.484	497.849	102	176	435.144	2020.56	436.867	1201.67	434.273	2049.27	436.867	1137.12	123.379	184.707	698.567	-6.23545	0.0763123	42.25	-27.0811	0							voice cedar "bayed" tok=340fd427f18f84a1 take=3 src=tts:gpt-audio-1.5 f0=119 onset=0.371 dur=0.540 vowel=0.451-0.781 level=0.050
439	proc	419	bud	generalization	shiftMags=0	1184.72	1.5	1.5	1.5	30	16000	4	0@0.002	0.31	0.352-0.686	-57.0834	752.728	-51	331	679.401	1138.21	471.544	1117.58	679.401	1138.21	471.544	1117.58	115.987	216.624	1081.48	-4.6707	0.0921509	37.125	-28.9766	0							voice cedar "bud" tok=991af12fe1c16f7c take=3 src=tts:gpt-audio-1.5 f0=111 onset=0.330 dur=0.430 vowel=0.330-0.710 level=0.050
440	proc	420	bed	generalization	shiftMags=0	1187.48	1.5	1.5	1.5	30	16000	4	0@0.002	0.362	0.356-0.728	-104.529	654.731	-91	264	666.272	1790.42	420.198	1358.63	666.272	1790.42	420.198	1358.63	116.984	NaN	NaN	-4.9475	0.111294	28.1875	-27.2555	0							voice cedar "bed" tok=11e1fb2b4df04aed take=3 src=tts:gpt-audio-1.5 f0=112 onset=0.306 dur=0.470 vowel=0.346-0.696 level=0.050
441	proc	421	bud	generalization	shiftMags=0	1191.22	1.5	1.5	1.5	30	16000	4	0@0.002	0.242	0.510-0.752	-148.431	768.372	-126	347	753.287	1256.68	410.111	1433.99	753.287	1256.68	410.111	1433.99	116.157	177.946	738.435	-4.24828	0.0879294	29.9375	-28.5181	0							voice cedar "bud" tok=4e351ce71595af5c take=0 src=tts:gpt-audio-1.5 f0=115 onset=0.357 dur=0.500 vowel=0.407-0.707 level=0.050
442	proc	422	bode	generalization	shiftMags=0	1193.57	1.5	1.5	1.5	30	16000	4	0@0.002	0.274	0.496-0.770	45.1412	864.874	43	452	499.626	1089.04	471.806	1305.39	500.967	1102.62	479.559	1292.51	119.69	NaN	NaN	-4.57278	0.0795364	36.625	-28.237	0							voice cedar "bode" tok=655d20eb58a80ac6 take=0 src=tts:gpt-audio-1.5 f0=117 onset=0.350 dur=0.510 vowel=0.380-0.720 level=0.050
443	proc	423	bed	generalization	shiftMags=0	1196.09	1.5	1.5	1.5	30	16000	4	0@0.002	0.24	0.424-0.664	-64.1145	638.957	-57	253	573.692	1790.85	534.523	2827.62	600.256	1818.14	443.722	2303.26	116.727	175.151	702.546	-4.51639	0.0911639	29.0625	-27.5451	0							voice cedar "bed" tok=68bd3af298d67715 take=0 src=tts:gpt-audio-1.5 f0=117 onset=0.307 dur=0.430 vowel=0.337-0.617 level=0.050
444	proc	424	bayed	generalization	shiftMags=0	1198.45	1.5	1.5	1.5	30	16000	4	0@0.002	0.314	0.398-0.712	79.8155	531.54	78	193	498.094	1800.82	412.78	1160.34	501.582	1823.49	441.945	1251.23	112.193	NaN	NaN	-5.43294	0.0965293	32.1875	-27.9291	0							voice cedar "bayed" tok=8cad743a2ce8bcaa take=0 src=tts:gpt-audio-1.5 f0=112 onset=0.347 dur=0.450 vowel=0.377-0.677 level=0.050
445	proc	425	bid	generalization	shiftMags=0	1201.07	1.5	1.5	1.5	30	16000	4	0@0.002	0.266	0.296-0.566	79.6751	625.091	78	242	444.363	1972.64	368.986	1420.84	444.363	1972.64	368.986	1420.84	105.913	189.217	1004.6	-3.64176	0.106604	3.4375	-26.9832	0							voice cedar "bid" tok=c83e2f1505931aff take=0 src=tts:gpt-audio-1.5 f0=106 onset=0.307 dur=0.500 vowel=0.307-0.537 level=0.050
446	proc	426	bed	generalization	shiftMags=0	1203.66	1.5	1.5	1.5	30	16000	4	0@0.002	0.278	0.364-0.642	-57.0388	641.961	-51	253	596.017	1828.36	545.551	3694.23	596.017	1828.36	545.551	3694.23	107.741	NaN	NaN	-5.16855	0.0814373	29.25	-27.3988	0							voice cedar "bed" tok=10e2b9015d990d23 take=1 src=tts:gpt-audio-1.5 f0=105 onset=0.315 dur=0.420 vowel=0.355-0.585 level=0.050
447	proc	427	bud	generalization	shiftMags=0	1206.21	1.5	1.5	1.5	30	16000	4	0@0.002	0.27	0.412-0.682	-124.265	800.323	-107	380	732.175	1222.1	490.758	1160.69	732.175	1222.1	490.758	1160.69	104.174	233.143	1394.66	-6.39169	0.0645771	-3.75	-28.4663	0							voice cedar "bud" tok=f4542d5a797641ab take=1 src=tts:gpt-audio-1.5 f0=105 onset=0.293 dur=0.500 vowel=0.293-0.633 level=0.050
448	proc	428	bid	generalization	shiftMags=0	1209.19	1.5	1.5	1.5	30	16000	4	0@0.002	0.304	0.422-0.730	51.1484	612.658	49	237	498.221	2000.76	440.283	1389.97	498.221	2000.76	440.283	1389.97	115.543	NaN	NaN	-4.60296	0.10112	8.4375	-28.3289	0							voice cedar "bid" tok=3b3d066d60150795 take=1 src=tts:gpt-audio-1.5 f0=115 onset=0.324 dur=0.500 vowel=0.404-0.664 level=0.050
449	proc	429	bayed	generalization	shiftMags=0	1211.76	1.5	1.5	1.5	30	16000	4	0@0.002	0.432	0.290-0.738	91.2671	535.185	90	193	437.633	2179.06	477.725	1867.52	437.633	2179.06	477.725	1867.52	111.224	117.79	99.3032	-5.04398	0.0846955	-3.625	-26.9104	0							voice cedar "bayed" tok=ff519a42d3102d2c take=1 src=tts:gpt-audio-1.5 f0=107 onset=0.294 dur=0.460 vowel=0.294-0.704 level=0.050
450	proc	430	bode	generalization	shiftMags=0	1214.65	1.5	1.5	1.5	30	16000	4	0@0.002	0.34	0.486-0.826	77.9361	873.404	76	465.5	509.77	1096.13	497.018	3461.58	514.711	1072.63	1047.39	3508.09	113.72	166.607	661.161	-4.2817	0.110489	51.875	-27.6153	0							voice cedar "bode" tok=f62e9bba69f97a57 take=1 src=tts:gpt-audio-1.5 f0=113 onset=0.334 dur=0.610 vowel=0.464-0.794 level=0.050
451	proc	431	bayed	generalization	shiftMags=0	1217.14	1.5	1.5	1.5	30	16000	4	0@0.002	0.348	0.332-0.734	117.517	492.341	118	173.5	459.188	2119.13	485.365	1209.83	459.188	2119.13	485.365	1209.83	112.823	NaN	NaN	-5.39397	0.0977906	20.125	-28.0827	0							voice cedar "bayed" tok=684082950bc33f2e take=2 src=tts:gpt-audio-1.5 f0=108 onset=0.317 dur=0.510 vowel=0.317-0.697 level=0.050
452	proc	432	bode	generalization	shiftMags=0	1219.55	1.5	1.5	1.5	30	16000	4	0@0.002	0.32	0.350-0.678	36.8137	857.374	35	443.5	495.717	1038.24	1034.56	3806.6	495.717	1038.24	1034.56	3806.6	114.847	NaN	NaN	-3.23557	0.102732	17.25	-28.473	0							voice cedar "bode" tok=2d95abc0705da912 take=2 src=tts:gpt-audio-1.5 f0=106 onset=0.309 dur=0.450 vowel=0.309-0.639 level=0.050
453	proc	433	bed	generalization	shiftMags=0	1222.09	1.5	1.5	1.5	30	16000	4	0@0.002	0.256	0.300-0.556	-66.4285	617.367	-59	237	608.436	1933.73	511.54	1425.07	608.436	1933.73	511.54	1425.07	101.989	198.347	1151.54	-5.02063	0.0856064	20.25	-27.0435	0							voice cedar "bed" tok=51d5ea374b35458c take=2 src=tts:gpt-audio-1.5 f0=107 onset=0.312 dur=0.560 vowel=0.312-0.482 level=0.050
454	proc	434	bud	generalization	shiftMags=0	1224.64	1.5	1.5	1.5	30	16000	4	0@0.002	0.348	0.422-0.770	-37.5892	729.098	-34	314	667.566	1278.39	523.681	2239.53	667.566	1278.39	523.681	2239.53	110.089	140.021	416.368	-5.27018	0.0912267	-40.3125	-28.72	0							voice cedar "bud" tok=24fc7bb8f23b4bf1 take=2 src=tts:gpt-audio-1.5 f0=109 onset=0.350 dur=0.430 vowel=0.400-0.740 level=0.050
455	proc	435	bid	generalization	shiftMags=0	1227.27	1.5	1.5	1.5	30	16000	4	0@0.002	0.258	0.408-0.666	61.2022	595.598	59	226	NaN	NaN	NaN	NaN					108.931	212.637	1157.98	-3.84984	0.107395	26.25	-27.7734	0							voice cedar "bid" tok=5b2116162996060f take=2 src=tts:gpt-audio-1.5 f0=106 onset=0.334 dur=0.410 vowel=0.384-0.614 level=0.050
456	proc	436	bud	generalization	shiftMags=0	1229.59	1.5	1.5	1.5	30	16000	4	0@0.002	0.322	0.348-0.730	-48.9027	751.365	-44	331	624.396	1089.41	448.39	1679.81	624.396	1089.41	448.39	1679.81	114.475	NaN	NaN	-4.57837	0.0865047	48	-28.9761	0							voice cedar "bud" tok=991af12fe1c16f7c take=3 src=tts:gpt-audio-1.5 f0=111 onset=0.327 dur=0.430 vowel=0.327-0.707 level=0.050
457	proc	437	bid	generalization	shiftMags=0	1232.32	1.5	1.5	1.5	30	16000	4	0@0.002	0.328	0.410-0.796	79.8094	585.974	78	220	433.717	2058.74	517.422	1549.48	433.717	2058.74	517.422	1549.48	117.098	NaN	NaN	-6.65095	0.0848727	-19.4375	-28.8545	0							voice cedar "bid" tok=377584bedc638be7 take=3 src=tts:gpt-audio-1.5 f0=114 onset=0.316 dur=0.520 vowel=0.316-0.786 level=0.050
458	proc	438	bode	generalization	shiftMags=0	1235.29	1.5	1.5	1.5	30	16000	4	0@0.002	0.38	0.456-0.870	69.0665	858.384	67	441	NaN	NaN	NaN	NaN					117.286	187.827	815.253	-8.47588	0.0500309	25.0625	-28.2289	0							voice cedar "bode" tok=b26c5f72b37ca7c4 take=3 src=tts:gpt-audio-1.5 f0=117 onset=0.296 dur=0.600 vowel=0.316-0.836 level=0.050
459	proc	439	bed	generalization	shiftMags=0	1237.63	1.5	1.5	1.5	30	16000	4	0@0.002	0.366	0.370-0.744	-104.535	655.665	-91	264	669.071	1823.32	457.653	1329.25	669.071	1823.32	457.653	1329.25	120.125	130.604	144.801	-5.15939	0.0933204	7	-27.2553	0							voice cedar "bed" tok=11e1fb2b4df04aed take=3 src=tts:gpt-audio-1.5 f0=112 onset=0.322 dur=0.470 vowel=0.362-0.712 level=0.050
460	proc	440	bayed	generalization	shiftMags=0	1240.49	1.5	1.5	1.5	30	16000	4	0@0.002	0.352	0.442-0.794	106.192	487.544	106	171	425.484	2186.57	453.55	2327.19	425.484	2186.57	453.55	2327.19	124.416	NaN	NaN	-5.48168	0.101439	-17.4375	-27.0815	0							voice cedar "bayed" tok=340fd427f18f84a1 take=3 src=tts:gpt-audio-1.5 f0=119 onset=0.346 dur=0.540 vowel=0.426-0.756 level=0.050
461	proc	441	bud	generalization	shiftMags=0	1243.02	1.5	1.5	1.5	30	16000	4	0@0.002	0.242	0.442-0.684	-148.441	766.727	-126	347	NaN	NaN	NaN	NaN					116.738	147.731	407.634	-4.53902	0.0763835	58.9375	-28.5193	0							voice cedar "bud" tok=4e351ce71595af5c take=0 src=tts:gpt-audio-1.5 f0=115 onset=0.289 dur=0.500 vowel=0.339-0.639 level=0.050
462	proc	442	bayed	generalization	shiftMags=0	1245.35	1.5	1.5	1.5	30	16000	4	0@0.002	0.314	0.360-0.674	79.9232	531.397	78	193	NaN	NaN	NaN	NaN					110.27	228.297	1259.85	-4.85888	0.0783106	2.0625	-27.9287	0							voice cedar "bayed" tok=8cad743a2ce8bcaa take=0 src=tts:gpt-audio-1.5 f0=112 onset=0.308 dur=0.450 vowel=0.338-0.638 level=0.050
463	proc	443	bid	generalization	shiftMags=0	1248.18	1.5	1.5	1.5	30	16000	4	0@0.002	0.266	0.332-0.602	71.9776	630.065	70	248	NaN	NaN	NaN	NaN					105.187	NaN	NaN	-3.10741	0.119894	33.3125	-26.9833	0							voice cedar "bid" tok=c83e2f1505931aff take=0 src=tts:gpt-audio-1.5 f0=106 onset=0.343 dur=0.500 vowel=0.343-0.573 level=0.050
464	proc	444	bed	generalization	shiftMags=0	1251.16	1.5	1.5	1.5	30	16000	4	0@0.002	0.24	0.430-0.670	-66.2924	639.938	-59	253	640.518	1834.24	522.636	3591.33	640.518	1834.24	522.636	3591.33	119.755	NaN	NaN	-5.66578	0.102151	6.6875	-27.5416	0							voice cedar "bed" tok=68bd3af298d67715 take=0 src=tts:gpt-audio-1.5 f0=117 onset=0.314 dur=0.430 vowel=0.344-0.624 level=0.050
465	proc	445	bode	generalization	shiftMags=0	1253.95	1.5	1.5	1.5	30	16000	4	0@0.002	0.274	0.454-0.728	45.053	865.881	43	452	495.469	1090.57	386.976	1691.72	495.469	1090.57	386.976	1691.72	119.167	NaN	NaN	-4.65841	0.0923212	32.3125	-28.2368	0							voice cedar "bode" tok=655d20eb58a80ac6 take=0 src=tts:gpt-audio-1.5 f0=117 onset=0.307 dur=0.510 vowel=0.337-0.677 level=0.050
