k	mode	itrial	word	cond	shiftInfo	t0	dur	pumped_s	rec_s	rec_limit_s	sr	fb	ost	shift_s	shift_span	shift_F1_Hz	shift_F2_Hz	shift_F1_mel	shift_F2_mel	in_F1	in_F2	out_F1	out_F2	span_in_F1	span_in_F2	span_out_F1	span_out_F2	in_f0	out_f0	pitch_cents	gain_dB	heard_peak	lag_ms	in_rms_dB	noise_zero_runs	noise_zero_at	play_s	play_rms_dB	play_peak	read_s	lost_s	replay_ok	replay_match	gain_voice_dB	input
1	proc	1	bead	baselineTrain	shiftMags=0	6.003	1.5	1.5	1.5	30	16000	3	0@0.002 1@0.422 2@0.472 3@0.534 4@0.640	0		0	0	0	0	286.518	2570.9	282.462	2595.47					147.698	145.112	-30.5724	-1.92278	0.126861	8	-27.4734	0							1	0	-1.9897	voice verse "bead" tok=ed777669e4d3930f take=0 src=tts:gpt-audio-1.5 f0=133 onset=0.357 dur=0.460 vowel=0.427-0.687 level=0.050
2	proc	2	booed	baselineTrain	shiftMags=0	8.59016	1.5	1.5	1.5	30	16000	3	0@0.002 1@0.510 2@0.560 3@0.640 4@0.750	0		0	0	0	0	411.098	1185.1	411.211	1184.9					116.876	124.654	111.54	-1.98723	0.135412	8	-27.1901	0							1	0	-1.9897	voice verse "booed" tok=83922517001ee681 take=0 src=tts:gpt-audio-1.5 f0=128 onset=0.332 dur=0.580 vowel=0.512-0.772 level=0.050
3	proc	3	bad	baselineTrain	shiftMags=0	11.0688	1.5	1.5	1.5	30	16000	3	0@0.002 1@0.486 2@0.536 3@0.632 4@0.736	0		0	0	0	0	966.093	1733.31	965.656	1730.86					104.099	119.984	245.867	-1.95388	0.14172	8	-27.316	0							1	0	-1.9897	voice verse "bad" tok=f14bf2bb75ce53a1 take=0 src=tts:gpt-audio-1.5 f0=110 onset=0.330 dur=0.650 vowel=0.480-0.830 level=0.050
4	proc	4	bod	baselineTrain	shiftMags=0	13.6183	1.5	1.5	1.5	30	16000	3	0@0.002 1@0.424 2@0.474 3@0.548 4@0.660	0		0	0	0	0	749.805	992.277	744.481	964.92					107.9	120.442	190.375	-1.90937	0.126867	8	-28.0435	0							1	0	-1.9897	voice verse "bod" tok=0c114da9f7b024ff take=0 src=tts:gpt-audio-1.5 f0=101 onset=0.323 dur=0.560 vowel=0.413-0.703 level=0.050
5	proc	5	booed	baselineTrain	shiftMags=0	16.4556	1.5	1.5	1.5	30	16000	3	0@0.002 1@0.394 2@0.444 3@0.544 4@0.666	0		0	0	0	0	350.854	1135.83	351.4	1143.28					127.979	138.626	138.35	-1.92697	0.114803	8	-27.6089	0							1	0	-1.9897	voice verse "booed" tok=574c639fb30ce1dd take=1 src=tts:gpt-audio-1.5 f0=139 onset=0.328 dur=0.610 vowel=0.398-0.698 level=0.050
6	proc	6	bod	baselineTrain	shiftMags=0	19.2182	1.5	1.5	1.5	30	16000	3	0@0.002 1@0.442 2@0.492 3@0.558 4@0.672	0		0	0	0	0	772.473	993.02	754.824	985.055					98.0967	103.423	91.5278	-1.93709	0.155298	8	-27.5464	0							1	0	-1.9897	voice verse "bod" tok=a803a4278759a776 take=1 src=tts:gpt-audio-1.5 f0=103 onset=0.316 dur=0.580 vowel=0.446-0.726 level=0.050
7	proc	7	bead	baselineTrain	shiftMags=0	21.8374	1.5	1.5	1.5	30	16000	3	0@0.002 1@0.534 2@0.584 3@0.680 4@0.804	0		0	0	0	0	271.134	2692.09	250.805	2707.7					120.939	160.426	489.143	-1.99112	0.0910451	8	-28.3725	0							1	0	-1.9897	voice verse "bead" tok=9dca03533c697cf2 take=1 src=tts:gpt-audio-1.5 f0=146 onset=0.362 dur=0.740 vowel=0.532-0.842 level=0.050
8	proc	8	bad	baselineTrain	shiftMags=0	24.5732	1.5	1.5	1.5	30	16000	3	0@0.002 1@0.454 2@0.504 3@0.586 4@0.698	0		0	0	0	0	992.71	1836.75	990.434	1840.72					129.465	137.738	107.238	-1.89124	0.161447	8	-27.8722	0							1	0	-1.9897	voice verse "bad" tok=bf7483341168036e take=1 src=tts:gpt-audio-1.5 f0=117 onset=0.332 dur=0.610 vowel=0.332-0.742 level=0.050
9	proc	9	booed	baselineTrain	shiftMags=0	27.1063	1.5	1.5	1.5	30	16000	3	0@0.002 1@0.390 2@0.440 3@0.488 4@0.574	0		0	0	0	0	386.125	1154.75	387.446	1154.78					128.531	128.438	-1.25116	-1.92916	0.112197	8	-28.7169	0							1	0	-1.9897	voice verse "booed" tok=ddc0cfd6449ecf82 take=2 src=tts:gpt-audio-1.5 f0=126 onset=0.301 dur=0.440 vowel=0.391-0.621 level=0.050
10	proc	10	bad	baselineTrain	shiftMags=0	29.5093	1.5	1.5	1.5	30	16000	3	0@0.002 1@0.464 2@0.514 3@0.606 4@0.734	0		0	0	0	0	986.007	1742.77	985.83	1742.22					108.83	130.594	315.623	-1.92797	0.140562	8	-27.6525	0							1	0	-1.9897	voice verse "bad" tok=20b9268207fd744c take=2 src=tts:gpt-audio-1.5 f0=108 onset=0.345 dur=0.620 vowel=0.465-0.765 level=0.050
11	proc	11	bod	baselineTrain	shiftMags=0	31.7622	1.5	1.5	1.5	30	16000	3	0@0.002 1@0.396 2@0.446 3@0.526 4@0.620	0		0	0	0	0	788.29	1023.1	785.246	1014.1					109.894	131.124	305.772	-1.9886	0.124048	8	-27.5028	0							1	0	-1.9897	voice verse "bod" tok=2d28534e2d6185c4 take=2 src=tts:gpt-audio-1.5 f0=105 onset=0.318 dur=0.490 vowel=0.388-0.688 level=0.050
12	proc	12	bead	baselineTrain	shiftMags=0	34.2204	1.5	1.5	1.5	30	16000	3	0@0.002 1@0.442 2@0.492 3@0.560 4@0.682	0		0	0	0	0	297.16	2642.28	290.566	2674.3					116.391	146.01	392.505	-2.02295	0.124329	8	-27.0431	0							1	0	-1.9897	voice verse "bead" tok=8dd8d6a5ab0aa0cf take=2 src=tts:gpt-audio-1.5 f0=143 onset=0.315 dur=0.560 vowel=0.435-0.725 level=0.050
13	proc	13	booed	baselineTrain	shiftMags=0	36.919	1.5	1.5	1.5	30	16000	3	0@0.002 1@0.488 2@0.538 3@0.618 4@0.712	0		0	0	0	0	367.144	1087.7	366.011	1088.06					132.676	141.865	115.942	-1.94632	0.112087	8	-28.2666	0							1	0	-1.9897	voice verse "booed" tok=719b4deabe835ead take=3 src=tts:gpt-audio-1.5 f0=128 onset=0.366 dur=0.540 vowel=0.476-0.766 level=0.050
14	proc	14	bod	baselineTrain	shiftMags=0	39.8303	1.5	1.5	1.5	30	16000	3	0@0.002 1@0.452 2@0.502 3@0.568 4@0.676	0		0	0	0	0	782.214	985.527	769.008	981.618					110.932	117.97	106.501	-1.93156	0.149518	8	-27.916	0							1	0	-1.9897	voice verse "bod" tok=445f60323c5bc688 take=3 src=tts:gpt-audio-1.5 f0=108 onset=0.331 dur=0.580 vowel=0.461-0.731 level=0.050
15	proc	15	bad	baselineTrain	shiftMags=0	42.7023	1.5	1.5	1.5	30	16000	3	0@0.002 1@0.282 2@0.332 3@0.386 2@0.416 3@0.436 4@0.568	0		0	0	0	0	955.868	1757.34	955.04	1763.94					127.586	127.592	0.0725476	-1.94146	0.172669	8	-27.3238	0							1	0	-1.9897	voice verse "bad" tok=32f48aa5d63e6bab take=3 src=tts:gpt-audio-1.5 f0=110 onset=0.294 dur=0.540 vowel=0.294-0.634 level=0.050
16	proc	16	bead	baselineTrain	shiftMags=0	45.3355	1.5	1.5	1.5	30	16000	3	0@0.002 1@0.504 2@0.554 3@0.628 4@0.760	0		0	0	0	0	296.146	2644.61	293.947	2733.59					135.427	165.888	351.228	-1.90023	0.113841	8	-27.0246	0							1	0	-1.9897	voice verse "bead" tok=591ab66929cacfb2 take=3 src=tts:gpt-audio-1.5 f0=161 onset=0.318 dur=0.620 vowel=0.498-0.798 level=0.050
17	proc	17	booed	baselineTrain	shiftMags=0	48.3258	1.5	1.5	1.5	30	16000	3	0@0.002 1@0.506 2@0.556 3@0.628 4@0.746	0		0	0	0	0	413.297	1184.74	410.258	1184.98					116.535	126.064	136.061	-1.90392	0.138034	8	-27.1871	0							1	0	-1.9897	voice verse "booed" tok=83922517001ee681 take=0 src=tts:gpt-audio-1.5 f0=128 onset=0.328 dur=0.580 vowel=0.508-0.768 level=0.050
18	proc	18	bead	baselineTrain	shiftMags=0	50.922	1.5	1.5	1.5	30	16000	3	0@0.002 1@0.386 2@0.436 3@0.496 4@0.602	0		0	0	0	0	286.319	2566.06	277.41	2574.69					138.359	144.557	75.8636	-1.82002	0.135674	8	-27.4736	0							1	0	-1.9897	voice verse "bead" tok=ed777669e4d3930f take=0 src=tts:gpt-audio-1.5 f0=133 onset=0.320 dur=0.460 vowel=0.390-0.650 level=0.050
19	proc	19	bod	baselineTrain	shiftMags=0	53.7979	1.5	1.5	1.5	30	16000	3	0@0.002 1@0.388 2@0.438 3@0.510 4@0.618	0		0	0	0	0	755.561	993.191	741.718	972.096					112.417	117.406	75.1741	-1.9713	0.131483	8	-28.0434	0							1	0	-1.9897	voice verse "bod" tok=0c114da9f7b024ff take=0 src=tts:gpt-audio-1.5 f0=101 onset=0.288 dur=0.560 vowel=0.378-0.668 level=0.050
20	proc	20	bad	baselineTrain	shiftMags=0	56.3547	1.5	1.5	1.5	30	16000	3	0@0.002 1@0.452 2@0.502 3@0.598 4@0.696	0		0	0	0	0	963.52	1728.76	963.647	1729.84					111.421	119.72	124.374	-1.99233	0.153465	8	-27.3157	1	1.485+15.4ms						1	0	-1.9897	voice verse "bad" tok=f14bf2bb75ce53a1 take=0 src=tts:gpt-audio-1.5 f0=110 onset=0.295 dur=0.650 vowel=0.445-0.795 level=0.050
21	proc	1	bid	baselineGeneralize	shiftMags=0	66.1661	1.5	1.5	1.5	30	16000	4	0@0.002	0.21	0.414-0.624	92.4832	662.109	86	237	454.432	2236.99	520.219	1467.16	454.432	2236.99	520.219	1467.16	123.15	NaN	NaN	-4.50892	0.0843932	-0.4375	-28.1307	0							0	0.000122004		voice verse "bid" tok=ed7a17d4a5c7671d take=0 src=tts:gpt-audio-1.5 f0=104 onset=0.333 dur=0.430 vowel=0.403-0.603 level=0.050
22	proc	2	bud	baselineGeneralize	shiftMags=0	68.4554	1.5	1.5	1.5	30	16000	4	0@0.002	0.238	0.392-0.630	-95.5308	895.62	-79	414	741.892	1199.42	526.455	1489.01	744.807	1200.62	525.382	1510.19	116.717	232.307	1191.62	-7.10611	0.085867	52.75	-29.1	0							0	0.000121337		voice verse "bud" tok=7d279bf704c7b270 take=0 src=tts:gpt-audio-1.5 f0=98 onset=0.297 dur=0.430 vowel=0.377-0.677 level=0.050
23	proc	3	bayed	baselineGeneralize	shiftMags=0	70.9805	1.5	1.5	1.5	30	16000	4	0@0.002	0.352	0.494-0.846	108.791	531.492	102	174	544.126	2360.53	428.783	1170.17	544.126	2360.53	428.783	1170.17	112.839	187.555	879.657	-5.56452	0.0821878	-44.8125	-28.5072	0							0	0.000121731		voice verse "bayed" tok=fbd801bc5709f0be take=0 src=tts:gpt-audio-1.5 f0=122 onset=0.329 dur=0.710 vowel=0.339-0.799 level=0.050
24	proc	4	bode	baselineGeneralize	shiftMags=0	73.6499	1.5	1.5	1.5	30	16000	4	0@0.002	0.316	0.500-0.816	34.7315	956.8	31	496	653.202	1134.19	345.158	1178.74	659.376	1145.7	359.116	1193.31	112.725	175.483	766.23	-4.80182	0.108771	44.9375	-27.674	0							0	0.000121716		voice verse "bode" tok=e00af0ec08f2ff6d take=0 src=tts:gpt-audio-1.5 f0=117 onset=0.357 dur=0.600 vowel=0.507-0.757 level=0.050
25	proc	5	bed	baselineGeneralize	shiftMags=0	76.0015	1.5	1.5	1.5	30	16000	4	0@0.002	0.202	0.398-0.600	-121.427	699.586	-99	259	718.959	2056.42	434.384	2369.11	718.959	2056.42	434.384	2369.11	116.392	NaN	NaN	-4.75789	0.079019	1.3125	-28.6437	0							0	0.000121414		voice verse "bed" tok=e7a3c4041f9db3f1 take=0 src=tts:gpt-audio-1.5 f0=108 onset=0.304 dur=0.440 vowel=0.394-0.574 level=0.050
26	proc	6	bed	baselineGeneralize	shiftMags=0	78.3027	1.5	1.5	1.5	30	16000	4	0@0.002	0.268	0.474-0.742	-113.663	694.5	-93	254	NaN	NaN	NaN	NaN					106.854	216.413	1221.77	-4.69819	0.0771863	23.875	-28.6791	0							0	0.000119384		voice verse "bed" tok=cbc533f02165b770 take=1 src=tts:gpt-audio-1.5 f0=106 onset=0.287 dur=0.580 vowel=0.477-0.697 level=0.050
27	proc	7	bode	baselineGeneralize	shiftMags=0	80.7919	1.5	1.5	1.5	30	16000	4	0@0.002	0.328	0.464-0.792	112.864	972.206	106	518	525.229	1047.33	340.236	1210.69	525.229	1047.33	340.236	1210.69	111.182	220.953	1188.97	-4.84561	0.0765614	46	-27.3764	0							0	6.09193e-05		voice verse "bode" tok=4567b75d7d574d38 take=1 src=tts:gpt-audio-1.5 f0=122 onset=0.287 dur=0.690 vowel=0.467-0.737 level=0.050
28	proc	8	bud	baselineGeneralize	shiftMags=0	83.598	1.5	1.5	1.5	30	16000	4	0@0.002	0.25	0.434-0.684	-132.288	926.894	-107	452	671.128	1103.44	387.166	1340.8	671.128	1103.44	387.166	1340.8	114.366	NaN	NaN	-4.16275	0.0901751	16	-28.637	0							0	0.000121804		voice verse "bud" tok=fec15e26c95bac81 take=1 src=tts:gpt-audio-1.5 f0=98 onset=0.327 dur=0.530 vowel=0.437-0.777 level=0.050
29	proc	9	bayed	baselineGeneralize	shiftMags=0	86.2734	1.5	1.5	1.5	30	16000	4	0@0.002	0.384	0.396-0.780	161.195	512.196	157	165	490.235	2355.13	506.668	3608.91	497.989	2360.5	492.669	2628.42	117.012	NaN	NaN	-5.61051	0.100629	16.1875	-26.7583	0							0	0.000121703		voice verse "bayed" tok=0a928e7792ad4b13 take=1 src=tts:gpt-audio-1.5 f0=112 onset=0.339 dur=0.570 vowel=0.399-0.759 level=0.050
30	proc	10	bid	baselineGeneralize	shiftMags=0	89.271	1.5	1.5	1.5	30	16000	4	0@0.002	0.264	0.520-0.784	80.34	633.15	74	221	500.592	2262.31	476.636	2093.6	500.592	2262.31	476.636	2093.6	103.5	NaN	NaN	-5.2792	0.0893474	16.5625	-27.5957	0							0	0.000120577		voice verse "bid" tok=94560bbf553e71e9 take=1 src=tts:gpt-audio-1.5 f0=121 onset=0.371 dur=0.610 vowel=0.531-0.751 level=0.050
31	proc	11	bud	baselineGeneralize	shiftMags=0	91.9748	1.5	1.5	1.5	30	16000	4	0@0.002	0.226	0.474-0.700	-148.063	913.226	-119	430	823.08	1218.87	459.101	1420.48	823.08	1218.87	459.101	1420.48	115.493	198.668	939.068	-5.02282	0.0754397	-14.6875	-28.1737	0							0	0.000120848		voice verse "bud" tok=e7783b77b956db53 take=2 src=tts:gpt-audio-1.5 f0=110 onset=0.348 dur=0.500 vowel=0.478-0.678 level=0.050
32	proc	12	bed	baselineGeneralize	shiftMags=0	94.8926	1.5	1.5	1.5	30	16000	4	0@0.002	0.22	0.382-0.602	-85.3985	712.153	-71	265	754.323	1992.97	493.797	1232.2	762.374	1998.99	506.278	1314.11	88.835	NaN	NaN	-6.08095	0.0709143	48.0625	-27.9818	0							0	0.000119654		voice verse "bed" tok=2f20e5a13c554851 take=2 src=tts:gpt-audio-1.5 f0=109 onset=0.320 dur=0.440 vowel=0.380-0.580 level=0.050
33	proc	13	bid	baselineGeneralize	shiftMags=0	97.5723	1.5	1.5	1.5	30	16000	4	0@0.002	0.23	0.396-0.626	108.883	633.736	102	221	451.381	2227.65	445.983	1143.44	455.454	2242.71	446.469	1127.44	118.469	NaN	NaN	-5.32832	0.0895331	50.3125	-27.9176	0							0	0.000121409		voice verse "bid" tok=571897c240be8641 take=2 src=tts:gpt-audio-1.5 f0=109 onset=0.371 dur=0.380 vowel=0.391-0.581 level=0.050
34	proc	14	bode	baselineGeneralize	shiftMags=0	100.183	1.5	1.5	1.5	30	16000	4	0@0.002	0.304	0.440-0.744	64.8846	959.17	59	502	598.833	1093.61	372.713	1997.31	598.833	1093.61	372.713	1997.31	114.361	137.857	323.487	-4.64929	0.0837769	31.25	-27.0868	0							0	0.000117929		voice verse "bode" tok=04686bf53df5a1b2 take=2 src=tts:gpt-audio-1.5 f0=117 onset=0.359 dur=0.480 vowel=0.439-0.719 level=0.050
35	proc	15	bayed	baselineGeneralize	shiftMags=0	102.745	1.5	1.5	1.5	30	16000	4	0@0.002	0.336	0.340-0.676	133.123	524.277	127	171	396.328	1987.85	442.283	1136.47					121.762	NaN	NaN	-5.34793	0.0877058	33.375	-26.3172	0							0	0.000120856		voice verse "bayed" tok=9ac07293a111f9c3 take=2 src=tts:gpt-audio-1.5 f0=106 onset=0.353 dur=0.440 vowel=0.353-0.653 level=0.050
36	proc	16	bode	baselineGeneralize	shiftMags=0	105.048	1.5	1.5	1.5	30	16000	4	0@0.002	0.364	0.442-0.806	54.1552	977.024	49	529	621.964	940.022	472.213	1274.29	621.964	940.022	472.213	1274.29	152.921	NaN	NaN	-5.29571	0.110084	-17.0625	-27.2174	0							0	0.000121162		voice verse "bode" tok=69380fe4cac60bfd take=3 src=tts:gpt-audio-1.5 f0=147 onset=0.322 dur=0.600 vowel=0.442-0.772 level=0.050
37	proc	17	bayed	baselineGeneralize	shiftMags=0	107.345	1.5	1.5	1.5	30	16000	4	0@0.002	0.372	0.492-0.864	142.398	546.967	137	182	NaN	NaN	NaN	NaN					111.308	192.098	944.741	-5.0461	0.115921	39.1875	-28.6373	0							0	0.000122046		voice verse "bayed" tok=264d9478c3c665c0 take=3 src=tts:gpt-audio-1.5 f0=139 onset=0.293 dur=0.690 vowel=0.503-0.733 level=0.050
38	proc	18	bud	baselineGeneralize	shiftMags=0	110.089	1.5	1.5	1.5	30	16000	4	0@0.002	0.222	0.376-0.598	-95.7136	905.721	-79	419	736.639	1193.32	408.49	1403.09	736.639	1193.32	408.49	1403.09	120.527	NaN	NaN	-4.44669	0.0997569	38.25	-27.9236	0							0	0.000120578		voice verse "bud" tok=1200db6f69f4295a take=3 src=tts:gpt-audio-1.5 f0=119 onset=0.295 dur=0.450 vowel=0.365-0.575 level=0.050
39	proc	19	bed	baselineGeneralize	shiftMags=0	112.984	1.5	1.5	1.5	30	16000	4	0@0.002	0.274	0.460-0.734	-137.021	678.485	-111	248	766.61	2095.15	493.369	1443.98	766.61	2095.15	493.369	1443.98	141.94	143.085	13.9102	-5.73674	0.0991016	12.9375	-27.3362	0							0	0.000122039		voice verse "bed" tok=2ff9816abd09c79c take=3 src=tts:gpt-audio-1.5 f0=136 onset=0.346 dur=0.560 vowel=0.456-0.726 level=0.050
40	proc	20	bid	baselineGeneralize	shiftMags=0	115.248	1.5	1.5	1.5	30	16000	4	0@0.002	0.314	0.450-0.764	96.7175	617.417	90	215	468.077	2313.68	370.787	1286.97	468.077	2313.68	370.787	1286.97	128.042	225.944	983.22	-4.75347	0.102053	-19.0625	-27.0136	0							0	0.000121539		voice verse "bid" tok=b43bc1de0fb13d15 take=3 src=tts:gpt-audio-1.5 f0=156 onset=0.312 dur=0.580 vowel=0.452-0.832 level=0.050
41	proc	21	bid	baselineGeneralize	shiftMags=0	117.633	1.5	1.5	1.5	30	16000	4	0@0.002	0.212	0.406-0.618	94.7664	662.606	88	237	467.833	2261.06	336.688	3614.51	467.833	2261.06	336.688	3614.51	120.887	NaN	NaN	-4.50782	0.0828173	11.625	-28.1322	0							0	0.0001218		voice verse "bid" tok=ed7a17d4a5c7671d take=0 src=tts:gpt-audio-1.5 f0=104 onset=0.325 dur=0.430 vowel=0.395-0.595 level=0.050
42	proc	22	bode	baselineGeneralize	shiftMags=0	120.129	1.5	1.5	1.5	30	16000	4	0@0.002	0.314	0.454-0.768	34.7283	957.751	31	496	615.761	1118.77	531.231	1552.8	615.761	1118.77	531.231	1552.8	112.915	NaN	NaN	-5.87976	0.0961969	9.0625	-27.6754	0							0	0.000121949		voice verse "bode" tok=e00af0ec08f2ff6d take=0 src=tts:gpt-audio-1.5 f0=117 onset=0.307 dur=0.600 vowel=0.457-0.707 level=0.050
43	proc	23	bud	baselineGeneralize	shiftMags=0	122.613	1.5	1.5	1.5	30	16000	4	0@0.002	0.246	0.466-0.712	-90.3904	890.224	-75	408	750.486	1215.78	466.927	1198.66	750.486	1215.78	466.927	1198.66	117.076	186.305	804.259	-5.62747	0.0701568	-13.8125	-29.1016	0							0	0.000122041		voice verse "bud" tok=7d279bf704c7b270 take=0 src=tts:gpt-audio-1.5 f0=98 onset=0.371 dur=0.430 vowel=0.451-0.751 level=0.050
44	proc	24	bayed	baselineGeneralize	shiftMags=0	125.489	1.5	1.5	1.5	30	16000	4	0@0.002	0.35	0.522-0.872	104.847	536.928	98	177	578.562	2207.28	430.615	1203.43	578.562	2207.28	430.615	1203.43	114.056	NaN	NaN	-4.63204	0.104612	-11.8125	-28.5073	0							0	0.000120748		voice verse "bayed" tok=fbd801bc5709f0be take=0 src=tts:gpt-audio-1.5 f0=122 onset=0.357 dur=0.710 vowel=0.367-0.827 level=0.050
45	proc	25	bed	baselineGeneralize	shiftMags=0	127.928	1.5	1.5	1.5	30	16000	4	0@0.002	0.202	0.462-0.664	-121.367	699.546	-99	259	641.803	1895.91	447.865	1377.16	665.63	1957.66	426.752	1336.88	113.574	NaN	NaN	-5.13003	0.0927018	34.1875	-28.6437	0							0	0.000120818		voice verse "bed" tok=e7a3c4041f9db3f1 take=0 src=tts:gpt-audio-1.5 f0=108 onset=0.368 dur=0.440 vowel=0.458-0.638 level=0.050
46	proc	26	bed	baselineGeneralize	shiftMags=0	130.408	1.5	1.5	1.5	30	16000	4	0@0.002	0.266	0.514-0.780	-116.182	694.133	-95	254	427.581	1989.49	590.565	2269.57					107.847	147.312	539.869	-5.25509	0.0814766	56.8125	-28.6801	0							0	0.000122063		voice verse "bed" tok=cbc533f02165b770 take=1 src=tts:gpt-audio-1.5 f0=106 onset=0.327 dur=0.580 vowel=0.517-0.737 level=0.050
47	proc	27	bayed	baselineGeneralize	shiftMags=0	133.024	1.5	1.5	1.5	30	16000	4	0@0.002	0.382	0.350-0.732	161.14	512.03	157	165	483.87	2365.69	398.599	1369.55	489.815	2369.19	420.23	1335.33	116.941	231.249	1180.4	-5.27579	0.081078	41.9375	-26.7569	0							0	0.00012151		voice verse "bayed" tok=0a928e7792ad4b13 take=1 src=tts:gpt-audio-1.5 f0=112 onset=0.292 dur=0.570 vowel=0.352-0.712 level=0.050
48	proc	28	bid	baselineGeneralize	shiftMags=0	135.987	1.5	1.5	1.5	30	16000	4	0@0.002	0.264	0.458-0.722	80.3457	633.111	74	221	478.971	2254.69	426.708	1574.89	478.971	2254.69	426.708	1574.89	103.404	NaN	NaN	-5.19279	0.0980104	52.5625	-27.595	0							0	0.00012122		voice verse "bid" tok=94560bbf553e71e9 take=1 src=tts:gpt-audio-1.5 f0=121 onset=0.309 dur=0.610 vowel=0.469-0.689 level=0.050
49	proc	29	bode	baselineGeneralize	shiftMags=0	138.458	1.5	1.5	1.5	30	16000	4	0@0.002	0.328	0.552-0.880	112.853	972.441	106	518	532.374	1061.45	399.716	1244.64	532.374	1061.45	399.716	1244.64	111.31	NaN	NaN	-5.42219	0.0817016	39.5	-27.3759	0							0	6.04659e-05		voice verse "bode" tok=4567b75d7d574d38 take=1 src=tts:gpt-audio-1.5 f0=122 onset=0.375 dur=0.690 vowel=0.555-0.825 level=0.050
50	proc	30	bud	baselineGeneralize	shiftMags=0	141.183	1.5	1.5	1.5	30	16000	4	0@0.002	0.252	0.420-0.672	-132.23	926.629	-107	452	754.128	1140.82	383.64	1224.36	754.128	1140.82	383.64	1224.36	115.24	190.045	866.039	-4.81999	0.0879047	10.3125	-28.636	0							0	0.000121432		voice verse "bud" tok=fec15e26c95bac81 take=1 src=tts:gpt-audio-1.5 f0=98 onset=0.314 dur=0.530 vowel=0.424-0.764 level=0.050
51	proc	31	bayed	baselineGeneralize	shiftMags=0	144.47	1.5	1.5	1.5	30	16000	4	0@0.002	0.338	0.274-0.612	131.318	524.458	125	171	421.81	2008.99	416.371	1319.49					116.833	NaN	NaN	-6.92265	0.0932813	50.25	-26.3175	0							0	0.000122012		voice verse "bayed" tok=9ac07293a111f9c3 take=2 src=tts:gpt-audio-1.5 f0=106 onset=0.289 dur=0.440 vowel=0.289-0.589 level=0.050
52	proc	32	bid	baselineGeneralize	shiftMags=0	147.043	1.5	1.5	1.5	30	16000	4	0@0.002	0.23	0.394-0.624	108.879	632.795	102	221	450.776	2244.3	502.27	1229.97	450.776	2244.3	502.27	1229.97	109.527	NaN	NaN	-6.35267	0.0672684	-16.0625	-27.9173	0							0	0.000119886		voice verse "bid" tok=571897c240be8641 take=2 src=tts:gpt-audio-1.5 f0=109 onset=0.369 dur=0.380 vowel=0.389-0.579 level=0.050
53	proc	33	bed	baselineGeneralize	shiftMags=0	149.988	1.5	1.5	1.5	30	16000	4	0@0.002	0.222	0.414-0.636	-85.2518	712.346	-71	265	762.364	2020.93	436.615	2379.12	762.364	2020.93	436.615	2379.12	101.703	NaN	NaN	-4.48434	0.1001	19	-27.9803	0							0	0.000121244		voice verse "bed" tok=2f20e5a13c554851 take=2 src=tts:gpt-audio-1.5 f0=109 onset=0.353 dur=0.440 vowel=0.413-0.613 level=0.050
54	proc	34	bode	baselineGeneralize	shiftMags=0	152.402	1.5	1.5	1.5	30	16000	4	0@0.002	0.304	0.376-0.680	62.6736	959.992	57	502	584.624	1066.66	421.072	2921.38	589.397	1069.83	415.792	2288.71	116.139	138.74	307.831	-4.83858	0.0915056	47.875	-27.0851	0							0	0.000114377		voice verse "bode" tok=04686bf53df5a1b2 take=2 src=tts:gpt-audio-1.5 f0=117 onset=0.296 dur=0.480 vowel=0.376-0.656 level=0.050
55	proc	35	bud	baselineGeneralize	shiftMags=0	154.919	1.5	1.5	1.5	30	16000	4	0@0.002	0.228	0.418-0.646	-147.872	911.425	-119	430	NaN	NaN	NaN	NaN					114.288	NaN	NaN	-3.86835	0.0930382	29.4375	-28.1733	0							0	0.000120475		voice verse "bud" tok=e7783b77b956db53 take=2 src=tts:gpt-audio-1.5 f0=110 onset=0.293 dur=0.500 vowel=0.423-0.623 level=0.050
56	proc	36	bid	baselineGeneralize	shiftMags=0	157.659	1.5	1.5	1.5	30	16000	4	0@0.002	0.316	0.434-0.750	96.727	616.976	90	215	461.488	2315.33	469.423	1284.37	465.073	2316.25	481.612	1728.1	130.195	NaN	NaN	-5.3957	0.106638	23.9375	-27.0165	0							0	0.000121717		voice verse "bid" tok=b43bc1de0fb13d15 take=3 src=tts:gpt-audio-1.5 f0=156 onset=0.295 dur=0.580 vowel=0.435-0.815 level=0.050
57	proc	37	bud	baselineGeneralize	shiftMags=0	160.334	1.5	1.5	1.5	30	16000	4	0@0.002	0.22	0.440-0.660	-100.608	904.098	-83	422	666.776	1090.36	388.213	1262.99	674.336	1101.6	793.957	1783.96	115.532	NaN	NaN	-3.55662	0.112336	55.625	-27.9231	0							0	0.000121981		voice verse "bud" tok=1200db6f69f4295a take=3 src=tts:gpt-audio-1.5 f0=119 onset=0.360 dur=0.450 vowel=0.430-0.640 level=0.050
58	proc	38	bode	baselineGeneralize	shiftMags=0	163.016	1.5	1.5	1.5	30	16000	4	0@0.002	0.366	0.430-0.796	56.4197	977.29	51	529	623.676	939.687	430.581	2849.66	623.676	939.687	430.581	2849.66	154.992	195.101	398.436	-5.1468	0.0924015	-9.4375	-27.2114	0							0	0.000121109		voice verse "bode" tok=69380fe4cac60bfd take=3 src=tts:gpt-audio-1.5 f0=147 onset=0.312 dur=0.600 vowel=0.432-0.762 level=0.050
59	proc	39	bayed	baselineGeneralize	shiftMags=0	165.722	1.5	1.5	1.5	30	16000	4	0@0.002	0.372	0.488-0.860	142.35	543.805	137	179.5	NaN	NaN	NaN	NaN					110.329	139.72	408.863	-5.20903	0.0955756	9.375	-28.6359	0							0	0.00012195		voice verse "bayed" tok=264d9478c3c665c0 take=3 src=tts:gpt-audio-1.5 f0=139 onset=0.289 dur=0.690 vowel=0.499-0.729 level=0.050
60	proc	40	bed	baselineGeneralize	shiftMags=0	168.479	1.5	1.5	1.5	30	16000	4	0@0.002	0.272	0.422-0.694	-137.15	677.865	-111	248	752.78	2055.58	391.902	1309.47	752.78	2055.58	391.902	1309.47	139.613	218.165	772.789	-4.72063	0.0931994	-31.25	-27.3385	0							0	0.000120292		voice verse "bed" tok=2ff9816abd09c79c take=3 src=tts:gpt-audio-1.5 f0=136 onset=0.307 dur=0.560 vowel=0.417-0.687 level=0.050
61	proc	41	bud	baselineGeneralize	shiftMags=0	170.971	1.5	1.5	1.5	30	16000	4	0@0.002	0.246	0.428-0.674	-90.3237	889.88	-75	408	658.783	1115.26	494.83	1449.55	662.11	1124.94	504.469	1369.55	118.232	293.302	1572.91	-4.67975	0.0850299	50.75	-29.1004	0							0	0.000121676		voice verse "bud" tok=7d279bf704c7b270 take=0 src=tts:gpt-audio-1.5 f0=98 onset=0.333 dur=0.430 vowel=0.413-0.713 level=0.050
62	proc	42	bid	baselineGeneralize	shiftMags=0	173.484	1.5	1.5	1.5	30	16000	4	0@0.002	0.212	0.376-0.588	94.6903	665.113	88	240	449.258	2214.98	525.462	1574.74	458.079	2219.23	527.045	1534.12	120.891	234.709	1148.6	-6.80563	0.0912104	35.375	-28.1296	0							0	0.000121178		voice verse "bid" tok=ed7a17d4a5c7671d take=0 src=tts:gpt-audio-1.5 f0=104 onset=0.295 dur=0.430 vowel=0.365-0.565 level=0.050
63	proc	43	bed	baselineGeneralize	shiftMags=0	176.032	1.5	1.5	1.5	30	16000	4	0@0.002	0.204	0.396-0.600	-121.367	700.211	-99	259	627.922	1895.24	964.001	3674.24	667.141	1954.07	448.365	3851.68	115.161	NaN	NaN	-5.36992	0.104869	17.5	-28.6434	0							0	0.000119494		voice verse "bed" tok=e7a3c4041f9db3f1 take=0 src=tts:gpt-audio-1.5 f0=108 onset=0.303 dur=0.440 vowel=0.393-0.573 level=0.050
64	proc	44	bode	baselineGeneralize	shiftMags=0	178.674	1.5	1.5	1.5	30	16000	4	0@0.002	0.316	0.452-0.768	34.7394	957.822	31	496	631.661	1121.49	479.394	1117.82	631.661	1121.49	479.394	1117.82	112.899	NaN	NaN	-4.62947	0.104478	-11.4375	-27.6753	0							0	0.000120445		voice verse "bode" tok=e00af0ec08f2ff6d take=0 src=tts:gpt-audio-1.5 f0=117 onset=0.307 dur=0.600 vowel=0.457-0.707 level=0.050
65	proc	45	bayed	baselineGeneralize	shiftMags=0	181.349	1.5	1.5	1.5	30	16000	4	0@0.002	0.352	0.530-0.882	110.725	536.872	104	177	579.318	2073.08	424.779	3543.04	579.554	2097.05	438.299	3592.33	114.825	NaN	NaN	-4.88288	0.0845022	51.625	-28.5071	0							0	0.000122045		voice verse "bayed" tok=fbd801bc5709f0be take=0 src=tts:gpt-audio-1.5 f0=122 onset=0.365 dur=0.710 vowel=0.375-0.835 level=0.050
66	proc	46	bode	baselineGeneralize	shiftMags=0	184.255	1.5	1.5	1.5	30	16000	4	0@0.002	0.328	0.542-0.870	112.841	972.532	106	518	488.11	1050.91	395.864	1411.25	488.11	1050.91	395.864	1411.25	111.348	NaN	NaN	-4.46689	0.09745	-39.6875	-27.3776	0							0	6.09748e-05		voice verse "bode" tok=4567b75d7d574d38 take=1 src=tts:gpt-audio-1.5 f0=122 onset=0.365 dur=0.690 vowel=0.545-0.815 level=0.050
67	proc	47	bud	baselineGeneralize	shiftMags=0	186.802	1.5	1.5	1.5	30	16000	4	0@0.002	0.252	0.392-0.644	-132.203	927.067	-107	452	755.915	1163.3	393.905	1086.34	755.915	1163.3	393.905	1086.34	112.9	228.459	1220.27	-4.8685	0.0802866	-32.4375	-28.637	0							0	0.000119475		voice verse "bud" tok=fec15e26c95bac81 take=1 src=tts:gpt-audio-1.5 f0=98 onset=0.286 dur=0.530 vowel=0.396-0.736 level=0.050
68	proc	48	bid	baselineGeneralize	shiftMags=0	189.388	1.5	1.5	1.5	30	16000	4	0@0.002	0.264	0.472-0.736	80.3486	633.053	74	221	475.07	2260.81	390.925	1204.43	475.07	2260.81	390.925	1204.43	104.469	NaN	NaN	-5.01564	0.0999427	38.875	-27.5953	0							0	0.000121677		voice verse "bid" tok=94560bbf553e71e9 take=1 src=tts:gpt-audio-1.5 f0=121 onset=0.323 dur=0.610 vowel=0.483-0.703 level=0.050
69	proc	49	bayed	baselineGeneralize	shiftMags=0	192.263	1.5	1.5	1.5	30	16000	4	0@0.002	0.384	0.428-0.812	161.199	512.106	157	165	479.756	2378.05	489.622	1417.43	479.756	2378.05	489.622	1417.43	115.144	158.27	550.737	-5.85836	0.0998376	31.3125	-26.7548	0							0	0.000120949		voice verse "bayed" tok=0a928e7792ad4b13 take=1 src=tts:gpt-audio-1.5 f0=112 onset=0.371 dur=0.570 vowel=0.431-0.791 level=0.050
70	proc	50	bed	baselineGeneralize	shiftMags=0	195.241	1.5	1.5	1.5	30	16000	4	0@0.002	0.266	0.504-0.770	-116.197	694.088	-95	254	629.366	1943.81	357.358	2106.69	629.366	1943.81	357.358	2106.69	107.774	191.114	991.714	-5.09095	0.0945459	1.6875	-28.6772	0							0	0.000122067		voice verse "bed" tok=cbc533f02165b770 take=1 src=tts:gpt-audio-1.5 f0=106 onset=0.316 dur=0.580 vowel=0.506-0.726 level=0.050
71	proc	51	bayed	baselineGeneralize	shiftMags=0	197.673	1.5	1.5	1.5	30	16000	4	0@0.002	0.336	0.280-0.616	131.229	524.458	125	171	441.741	2152.08	441.338	1248.14	443.122	2266.22	458.395	1176.02	122.324	NaN	NaN	-6.77737	0.0969062	44.4375	-26.3162	0							0	0.000121216		voice verse "bayed" tok=9ac07293a111f9c3 take=2 src=tts:gpt-audio-1.5 f0=106 onset=0.295 dur=0.440 vowel=0.295-0.595 level=0.050
72	proc	52	bode	baselineGeneralize	shiftMags=0	200.471	1.5	1.5	1.5	30	16000	4	0@0.002	0.306	0.438-0.744	64.8013	959.705	59	502	564.043	1034.84	548.048	2067.27	564.043	1034.84	548.048	2067.27	115.676	236.327	1236.84	-5.99252	0.074999	-7.5	-27.0868	0							0	0.000112126		voice verse "bode" tok=04686bf53df5a1b2 take=2 src=tts:gpt-audio-1.5 f0=117 onset=0.358 dur=0.480 vowel=0.438-0.718 level=0.050
73	proc	53	bud	baselineGeneralize	shiftMags=0	202.907	1.5	1.5	1.5	30	16000	4	0@0.002	0.226	0.440-0.666	-148.193	911.176	-119	430	705.388	1058.43	438.885	1142.21	728.276	1089.31	438.885	1100.9	113.34	171.775	719.841	-4.98782	0.102383	58.125	-28.1733	0							0	0.000121844		voice verse "bud" tok=e7783b77b956db53 take=2 src=tts:gpt-audio-1.5 f0=110 onset=0.314 dur=0.500 vowel=0.444-0.644 level=0.050
74	proc	54	bed	baselineGeneralize	shiftMags=0	205.713	1.5	1.5	1.5	30	16000	4	0@0.002	0.224	0.420-0.644	-82.786	712.474	-69	265	750.105	1991.11	395.582	3577.06	750.105	1991.11	395.582	3577.06	104.283	141.678	530.544	-4.42891	0.0777895	17.25	-27.9819	0							0	0.000118588		voice verse "bed" tok=2f20e5a13c554851 take=2 src=tts:gpt-audio-1.5 f0=109 onset=0.358 dur=0.440 vowel=0.418-0.618 level=0.050
75	proc	55	bid	baselineGeneralize	shiftMags=0	207.992	1.5	1.5	1.5	30	16000	4	0@0.002	0.232	0.348-0.580	108.863	632.588	102	221	446.791	2236.35	476.398	2033.43	446.791	2236.35	476.398	2033.43	131.046	165.061	399.503	-5.1401	0.0813466	-8.9375	-27.9173	0							0	0.000122059		voice verse "bid" tok=571897c240be8641 take=2 src=tts:gpt-audio-1.5 f0=109 onset=0.324 dur=0.380 vowel=0.344-0.534 level=0.050
76	proc	56	bed	baselineGeneralize	shiftMags=0	210.622	1.5	1.5	1.5	30	16000	4	0@0.002	0.272	0.432-0.704	-137.155	677.95	-111	248	766.614	2092.97	484.158	1227.97	766.614	2092.97	484.158	1227.97	139.609	NaN	NaN	-5.39883	0.104895	8.375	-27.3363	0							0	0.000121121		voice verse "bed" tok=2ff9816abd09c79c take=3 src=tts:gpt-audio-1.5 f0=136 onset=0.317 dur=0.560 vowel=0.427-0.697 level=0.050
77	proc	57	bayed	baselineGeneralize	shiftMags=0	213.3	1.5	1.5	1.5	30	16000	4	0@0.002	0.372	0.544-0.916	142.328	548.835	137	182	NaN	NaN	NaN	NaN					110.435	NaN	NaN	-4.84874	0.0960212	-14	-28.6364	0							0	0.000121808		voice verse "bayed" tok=264d9478c3c665c0 take=3 src=tts:gpt-audio-1.5 f0=139 onset=0.346 dur=0.690 vowel=0.556-0.786 level=0.050
78	proc	58	bid	baselineGeneralize	shiftMags=0	216.074	1.5	1.5	1.5	30	16000	4	0@0.002	0.312	0.432-0.744	96.6886	616.849	90	215	455.713	2301.98	390.643	1362.76	455.713	2301.98	390.643	1362.76	127.224	197.395	760.466	-5.16666	0.0976633	30.1875	-27.0163	0							0	0.000120863		voice verse "bid" tok=b43bc1de0fb13d15 take=3 src=tts:gpt-audio-1.5 f0=156 onset=0.294 dur=0.580 vowel=0.434-0.814 level=0.050
79	proc	59	bud	baselineGeneralize	shiftMags=0	219.012	1.5	1.5	1.5	30	16000	4	0@0.002	0.222	0.414-0.636	-95.6776	905.565	-79	419	763.779	1380.37	500.53	2249.71	763.779	1380.37	500.53	2249.71	119.756	NaN	NaN	-5.63618	0.0910385	-29.6875	-27.9223	0							0	0.000121905		voice verse "bud" tok=1200db6f69f4295a take=3 src=tts:gpt-audio-1.5 f0=119 onset=0.333 dur=0.450 vowel=0.403-0.613 level=0.050
80	proc	60	bode	baselineGeneralize	shiftMags=0	221.858	1.5	1.5	1.5	30	16000	4	0@0.002	0.364	0.476-0.840	54.1817	977.127	49	529	620.227	947.624	401.055	1282.84	620.227	947.624	401.055	1282.84	149.984	237.218	793.689	-4.83173	0.0792908	38.3125	-27.2162	0							0	0.000118293		voice verse "bode" tok=69380fe4cac60bfd take=3 src=tts:gpt-audio-1.5 f0=147 onset=0.357 dur=0.600 vowel=0.477-0.807 level=0.050
81	proc	61	bid	baselineGeneralize	shiftMags=0	225.531	1.5	1.5	1.5	30	16000	4	0@0.002	0.21	0.410-0.620	92.7403	661.568	86	237	462.522	2234.79	451.91	1687.56	462.522	2234.79	451.91	1687.56	119.746	NaN	NaN	-4.48134	0.081376	8.75	-28.1317	0							0	0.000121816		voice verse "bid" tok=ed7a17d4a5c7671d take=0 src=tts:gpt-audio-1.5 f0=104 onset=0.328 dur=0.430 vowel=0.398-0.598 level=0.050
82	proc	62	bode	baselineGeneralize	shiftMags=0	228.154	1.5	1.5	1.5	30	16000	4	0@0.002	0.312	0.450-0.762	32.5101	957.918	29	496	614.266	1117.36	534.412	1492.13	614.266	1117.36	534.412	1492.13	114.227	NaN	NaN	-5.99014	0.0939448	14.4375	-27.6743	0							0	0.000120125		voice verse "bode" tok=e00af0ec08f2ff6d take=0 src=tts:gpt-audio-1.5 f0=117 onset=0.302 dur=0.600 vowel=0.452-0.702 level=0.050
83	proc	63	bud	baselineGeneralize	shiftMags=0	230.413	1.5	1.5	1.5	30	16000	4	0@0.002	0.24	0.398-0.638	-93.1448	901.945	-77	419	714.262	1157.55	486.309	1347.7	737.591	1187.88	486.309	1259	117.723	184.329	776.268	-5.86993	0.0956268	45.1875	-29.0999	0							0	0.000121602		voice verse "bud" tok=7d279bf704c7b270 take=0 src=tts:gpt-audio-1.5 f0=98 onset=0.304 dur=0.430 vowel=0.384-0.684 level=0.050
84	proc	64	bed	baselineGeneralize	shiftMags=0	233.078	1.5	1.5	1.5	30	16000	4	0@0.002	0.204	0.436-0.640	-121.352	699.913	-99	259	771.704	2063.82	398.084	1094.2	771.704	2063.82	398.084	1094.2	113.124	NaN	NaN	-5.13022	0.0840881	29.0625	-28.6442	0							0	0.000118599		voice verse "bed" tok=e7a3c4041f9db3f1 take=0 src=tts:gpt-audio-1.5 f0=108 onset=0.343 dur=0.440 vowel=0.433-0.613 level=0.050
85	proc	65	bayed	baselineGeneralize	shiftMags=0	235.75	1.5	1.5	1.5	30	16000	4	0@0.002	0.35	0.508-0.858	104.867	536.801	98	177	579.2	2117.19	453.88	3594.03	580.645	2132.63	472.066	3599.93	114.424	NaN	NaN	-4.78015	0.105159	36.5	-28.5071	0							0	0.000121727		voice verse "bayed" tok=fbd801bc5709f0be take=0 src=tts:gpt-audio-1.5 f0=122 onset=0.343 dur=0.710 vowel=0.353-0.813 level=0.050
86	proc	66	bed	baselineGeneralize	shiftMags=0	238.556	1.5	1.5	1.5	30	16000	4	0@0.002	0.266	0.556-0.822	-116.027	694.168	-95	254	679.555	2014.11	349.928	3500.5	679.555	2014.11	349.928	3500.5	106.852	160.832	707.926	-4.24881	0.097555	15.9375	-28.678	0							0	0.000120437		voice verse "bed" tok=cbc533f02165b770 take=1 src=tts:gpt-audio-1.5 f0=106 onset=0.367 dur=0.580 vowel=0.557-0.777 level=0.050
87	proc	67	bode	baselineGeneralize	shiftMags=0	240.93	1.5	1.5	1.5	30	16000	4	0@0.002	0.328	0.480-0.808	112.83	972.503	106	518	542.228	1091.74	393.044	1301.06	544.201	1092.75	368.73	1295.02	112.908	230.667	1236.81	-4.83451	0.0787511	58.875	-27.3757	0							0	6.06801e-05		voice verse "bode" tok=4567b75d7d574d38 take=1 src=tts:gpt-audio-1.5 f0=122 onset=0.303 dur=0.690 vowel=0.483-0.753 level=0.050
88	proc	68	bud	baselineGeneralize	shiftMags=0	243.622	1.5	1.5	1.5	30	16000	4	0@0.002	0.25	0.442-0.692	-137.008	926.774	-111	452	671.341	1096.74	418.069	1839.55	671.341	1096.74	418.069	1839.55	115.024	NaN	NaN	-4.22944	0.091358	9.625	-28.6361	0							0	0.000120362		voice verse "bud" tok=fec15e26c95bac81 take=1 src=tts:gpt-audio-1.5 f0=98 onset=0.333 dur=0.530 vowel=0.443-0.783 level=0.050
89	proc	69	bid	baselineGeneralize	shiftMags=0	245.91	1.5	1.5	1.5	30	16000	4	0@0.002	0.264	0.462-0.726	80.3396	633.077	74	221	508.468	2215.48	517.239	1450.91	508.468	2215.48	517.239	1450.91	103.484	NaN	NaN	-5.79766	0.090736	-45.625	-27.5953	0							0	0.000121064		voice verse "bid" tok=94560bbf553e71e9 take=1 src=tts:gpt-audio-1.5 f0=121 onset=0.313 dur=0.610 vowel=0.473-0.693 level=0.050
90	proc	70	bayed	baselineGeneralize	shiftMags=0	248.705	1.5	1.5	1.5	30	16000	4	0@0.002	0.386	0.382-0.768	161.094	512.205	157	165	479.682	2372.29	410.101	1214.13	480.566	2373.49	413.585	1216.05	115.363	NaN	NaN	-5.747	0.092253	54.375	-26.7593	0							0	0.000122023		voice verse "bayed" tok=0a928e7792ad4b13 take=1 src=tts:gpt-audio-1.5 f0=112 onset=0.326 dur=0.570 vowel=0.386-0.746 level=0.050
91	proc	71	bed	baselineGeneralize	shiftMags=0	251.571	1.5	1.5	1.5	30	16000	4	0@0.002	0.22	0.380-0.600	-85.4041	712.299	-71	265	752.491	1989.32	526.147	3678.41	752.491	1989.32	526.147	3678.41	90.3996	NaN	NaN	-4.94397	0.088996	-8.5625	-27.9825	0							0	0.000119572		voice verse "bed" tok=2f20e5a13c554851 take=2 src=tts:gpt-audio-1.5 f0=109 onset=0.317 dur=0.440 vowel=0.377-0.577 level=0.050
92	proc	72	bayed	baselineGeneralize	shiftMags=0	254.149	1.5	1.5	1.5	30	16000	4	0@0.002	0.338	0.324-0.662	131.35	524.489	125	171	446.47	2088.23	374.671	3931.38	449.41	2152.31	368.538	3329.05	116.833	NaN	NaN	-5.4923	0.1042	25.625	-26.3177	0							0	0.000121745		voice verse "bayed" tok=9ac07293a111f9c3 take=2 src=tts:gpt-audio-1.5 f0=106 onset=0.339 dur=0.440 vowel=0.339-0.639 level=0.050
93	proc	73	bid	baselineGeneralize	shiftMags=0	256.915	1.5	1.5	1.5	30	16000	4	0@0.002	0.23	0.340-0.570	108.877	632.599	102	221	447.533	2193.87	425.596	2374.83	447.533	2193.87	425.596	2374.83	128.22	175.746	545.849	-4.46193	0.106038	8.625	-27.9191	0							0	0.000120611		voice verse "bid" tok=571897c240be8641 take=2 src=tts:gpt-audio-1.5 f0=109 onset=0.316 dur=0.380 vowel=0.336-0.526 level=0.050
94	proc	74	bud	baselineGeneralize	shiftMags=0	259.662	1.5	1.5	1.5	30	16000	4	0@0.002	0.226	0.460-0.686	-148.187	911.217	-119	430	808.947	1165.66	440.705	3562.86	808.947	1165.66	440.705	3562.86	113.34	140.584	372.928	-4.54607	0.0804132	20.25	-28.1761	0							0	0.000122032		voice verse "bud" tok=e7783b77b956db53 take=2 src=tts:gpt-audio-1.5 f0=110 onset=0.334 dur=0.500 vowel=0.464-0.664 level=0.050
95	proc	75	bode	baselineGeneralize	shiftMags=0	262.14	1.5	1.5	1.5	30	16000	4	0@0.002	0.306	0.384-0.690	64.7188	960.044	59	502	545.82	1023.73	335.892	980.326	545.82	1023.73	335.892	980.326	114.578	NaN	NaN	-4.12506	0.093915	44.875	-27.0863	0							0	0.000116638		voice verse "bode" tok=04686bf53df5a1b2 take=2 src=tts:gpt-audio-1.5 f0=117 onset=0.304 dur=0.480 vowel=0.384-0.664 level=0.050
96	proc	76	booed	baselineTrain	shiftMags=0	269.459	1.5	1.5	1.5	30	16000	3	0@0.002	0.36	0.406-0.766	216.537	967.642	220	515.5	350.459	1136.36	510.14	2111.97	349.495	1142.02	510.536	2123.66	131.506	166.72	410.765	-13.6059	0.0515761	7.375	-27.6083	0							1	0.000120342	-14.5244	voice verse "booed" tok=574c639fb30ce1dd take=1 src=tts:gpt-audio-1.5 f0=139 onset=0.342 dur=0.610 vowel=0.412-0.712 level=0.050
97	proc	77	bead	baselineTrain	shiftMags=0	271.969	1.5	1.5	1.5	30	16000	3	0@0.002	0.35	0.504-0.854	244.305	444.686	255	138	272.351	2689.28	422.586	3084.42	272.351	2689.28	422.586	3084.42	118.287	195.603	870.757	-10.995	0.0915654	7.4375	-28.3704	0							1	0.000120924	-11.4937	voice verse "bead" tok=9dca03533c697cf2 take=1 src=tts:gpt-audio-1.5 f0=146 onset=0.332 dur=0.740 vowel=0.502-0.812 level=0.050
98	proc	78	bad	baselineTrain	shiftMags=0	274.598	1.5	1.5	1.5	30	16000	3	0@0.002	0.328	0.422-0.750	-308.874	779.002	-229	309	994.204	1835.82	674.51	2585.08	994.564	1831.99	679.13	2574.08	126.053	120.929	-71.8426	-3.62029	0.122188	8.3125	-27.8723	0							1	0.000118461	-3.65696	voice verse "bad" tok=bf7483341168036e take=1 src=tts:gpt-audio-1.5 f0=117 onset=0.301 dur=0.610 vowel=0.301-0.711 level=0.050
99	proc	79	bod	baselineTrain	shiftMags=0	277.456	1.5	1.5	1.5	30	16000	3	0@0.002	0.326	0.444-0.770	-147.851	949.797	-119	485	793.111	994.157	635.325	1988.59	793.755	1005.14	635.95	1990.73	100.436	113.275	208.258	-11.7125	0.0866129	8	-27.5491	0							1	0.000121463	-12.1907	voice verse "bod" tok=a803a4278759a776 take=1 src=tts:gpt-audio-1.5 f0=103 onset=0.321 dur=0.580 vowel=0.451-0.731 level=0.050
100	proc	80	bod	baselineTrain	shiftMags=0	280.355	1.5	1.5	1.5	30	16000	3	0@0.002	0.328	0.450-0.778	-157.682	952.621	-126	491	790.978	1026.36	638.791	2008.47	791.12	1028.93	638.886	2009.43	110.11	116.84	102.709	-11.5147	0.0724762	8.0625	-27.5025	0							1	0.000117456	-11.9864	voice verse "bod" tok=2d28534e2d6185c4 take=2 src=tts:gpt-audio-1.5 f0=105 onset=0.373 dur=0.490 vowel=0.443-0.743 level=0.050
101	proc	81	bead	baselineTrain	shiftMags=0	282.889	1.5	1.5	1.5	30	16000	3	0@0.002	0.306	0.442-0.748	229.188	471.334	236	149	297.573	2639.53	481.271	3105.13	299.741	2642.31	481.658	3107.19	117.047	185.667	798.76	-7.81213	0.0934246	7.6875	-27.0439	0							1	0.000122037	-7.98833	voice verse "bead" tok=8dd8d6a5ab0aa0cf take=2 src=tts:gpt-audio-1.5 f0=143 onset=0.317 dur=0.560 vowel=0.437-0.727 level=0.050
102	proc	82	bad	baselineTrain	shiftMags=0	285.846	1.5	1.5	1.5	30	16000	3	0@0.002	0.352	0.468-0.820	-308.55	782.506	-229	314	988.818	1750.77	678.376	2502.38	989.765	1750.77	678.883	2502.38	108.22	116.597	129.07	-3.72199	0.143098	8.3125	-27.6538	1	0.986+13.7ms						1	0.000120446	-3.84028	voice verse "bad" tok=20b9268207fd744c take=2 src=tts:gpt-audio-1.5 f0=108 onset=0.351 dur=0.620 vowel=0.471-0.771 level=0.050
103	proc	83	booed	baselineTrain	shiftMags=0	288.519	1.5	1.5	1.5	30	16000	3	0@0.002	0.262	0.412-0.674	175.699	940.382	173	463	386.132	1154.97	570.286	2066.84	386.132	1154.97	570.286	2066.84	128.568	132.694	54.6829	-12.5404	0.0460951	7.6875	-28.717	0							1	0.000115599	-13.4549	voice verse "booed" tok=ddc0cfd6449ecf82 take=2 src=tts:gpt-audio-1.5 f0=126 onset=0.321 dur=0.440 vowel=0.411-0.641 level=0.050
104	proc	84	bead	baselineTrain	shiftMags=0	290.907	1.5	1.5	1.5	30	16000	3	0@0.002	0.33	0.492-0.822	229.61	457.965	236	143	295.833	2645.07	470.331	3078.31	296.11	2671.95	470.552	3084.36	135.449	193.761	619.834	-8.24909	0.0933021	7.4375	-27.0246	0							1	0.000121204	-8.53654	voice verse "bead" tok=591ab66929cacfb2 take=3 src=tts:gpt-audio-1.5 f0=161 onset=0.308 dur=0.620 vowel=0.488-0.788 level=0.050
105	proc	85	booed	baselineTrain	shiftMags=0	293.534	1.5	1.5	1.5	30	16000	3	0@0.002	0.312	0.478-0.790	209.62	961.942	212	502	360.21	1080.94	546.226	2050.47	360.21	1080.94	546.226	2050.47	129.306	187.476	643.091	-12.928	0.05426	7.5625	-28.2667	0							1	0.000121647	-14.1328	voice verse "booed" tok=719b4deabe835ead take=3 src=tts:gpt-audio-1.5 f0=128 onset=0.354 dur=0.540 vowel=0.464-0.754 level=0.050
106	proc	86	bod	baselineTrain	shiftMags=0	296.294	1.5	1.5	1.5	30	16000	3	0@0.002	0.32	0.446-0.768	-168.939	957.289	-134	496	779.815	984.541	632.029	1941.81	786.827	984.541	630.925	1941.81	113.71	112.354	-20.7611	-11.2761	0.0553184	8.0625	-27.9157	0							0	0.000120479		voice verse "bod" tok=445f60323c5bc688 take=3 src=tts:gpt-audio-1.5 f0=108 onset=0.326 dur=0.580 vowel=0.456-0.726 level=0.050
107	proc	87	bad	baselineTrain	shiftMags=0	299.117	1.5	1.5	1.5	30	16000	3	0@0.002	0.39	0.332-0.722	-283.853	781.293	-213	309	955.872	1753.34	664.499	2571.19	966.671	1766.85	666.786	2608.43	127.677	117.682	-141.129	-2.94717	0.138787	8.3125	-27.324	0							1	0.000121846	-2.9771	voice verse "bad" tok=32f48aa5d63e6bab take=3 src=tts:gpt-audio-1.5 f0=110 onset=0.345 dur=0.540 vowel=0.345-0.685 level=0.050
108	proc	88	bad	baselineTrain	shiftMags=0	301.456	1.5	1.5	1.5	30	16000	3	0@0.002	0.382	0.462-0.844	-277.098	788.253	-209	314	964.064	1732.21	669.424	2434.68	964.972	1734.33	671.546	2439.07	109.728	114.005	66.1928	-3.67286	0.130195	8.3125	-27.3164	0							1	0.00012196	-3.76838	voice verse "bad" tok=f14bf2bb75ce53a1 take=0 src=tts:gpt-audio-1.5 f0=110 onset=0.307 dur=0.650 vowel=0.457-0.807 level=0.050
109	proc	89	bead	baselineTrain	shiftMags=0	304.436	1.5	1.5	1.5	30	16000	3	0@0.002	0.288	0.384-0.672	238.548	472.959	247	149	283.548	2571.89	479.06	3087.32	287.244	2588.04	481.969	3087.97	137.586	181.708	481.538	-8.00261	0.100223	7.4375	-27.4738	0							1	0.000121878	-8.2745	voice verse "bead" tok=ed777669e4d3930f take=0 src=tts:gpt-audio-1.5 f0=133 onset=0.320 dur=0.460 vowel=0.390-0.650 level=0.050
110	proc	90	bod	baselineTrain	shiftMags=0	307.103	1.5	1.5	1.5	30	16000	3	0@0.002	0.32	0.430-0.750	-151.919	958.776	-122	502	756.453	992.923	622.184	1888.27	770.653	995.275	620.334	1888.27	112.44	116.163	56.3878	-11.3823	0.095368	8.0625	-28.0429	0							1	0.000120843	-12.1357	voice verse "bod" tok=0c114da9f7b024ff take=0 src=tts:gpt-audio-1.5 f0=101 onset=0.328 dur=0.560 vowel=0.418-0.708 level=0.050
111	proc	91	booed	baselineTrain	shiftMags=0	310.357	1.5	1.5	1.5	30	16000	3	0@0.002	0.306	0.484-0.790	185.293	938.433	184	463	412.277	1180.69	549.451	2092.83	412.277	1180.69	549.451	2092.83	116.392	141.878	342.8	-12.2694	0.0711166	7.6875	-27.1883	0							0	0.0001199		voice verse "booed" tok=83922517001ee681 take=0 src=tts:gpt-audio-1.5 f0=128 onset=0.305 dur=0.580 vowel=0.485-0.745 level=0.050
112	proc	92	bead	baselineTrain	shiftMags=0	312.821	1.5	1.5	1.5	30	16000	3	0@0.002	0.35	0.482-0.832	244.191	444.608	255	138	275.103	2685.51	410.974	3104.14	275.103	2685.51	410.974	3104.14	117.106	194.892	881.832	-10.7162	0.0997983	7.4375	-28.371	0							1	0.000121756	-11.4938	voice verse "bead" tok=9dca03533c697cf2 take=1 src=tts:gpt-audio-1.5 f0=146 onset=0.310 dur=0.740 vowel=0.480-0.790 level=0.050
113	proc	93	bod	baselineTrain	shiftMags=0	315.695	1.5	1.5	1.5	30	16000	3	0@0.002	0.324	0.412-0.736	-147.914	949.832	-119	485	770.454	996.196	635.412	1968.76	781.741	998.603	633.416	1977.01	98.2172	106.32	137.245	-10.3679	0.108332	8	-27.5529	0							1	0.00012101	-10.6791	voice verse "bod" tok=a803a4278759a776 take=1 src=tts:gpt-audio-1.5 f0=103 onset=0.288 dur=0.580 vowel=0.418-0.698 level=0.050
114	proc	94	bad	baselineTrain	shiftMags=0	317.986	1.5	1.5	1.5	30	16000	3	0@0.002	0.328	0.454-0.782	-311.394	778.955	-231	309	991.173	1838.56	682.545	2598.15	992.25	1834.71	684.439	2589.67	119.308	118.616	-10.0649	-3.56994	0.128841	8.3125	-27.8727	0							1	0.000121326	-3.6111	voice verse "bad" tok=bf7483341168036e take=1 src=tts:gpt-audio-1.5 f0=117 onset=0.333 dur=0.610 vowel=0.333-0.743 level=0.050
115	proc	95	booed	baselineTrain	shiftMags=0	320.47	1.5	1.5	1.5	30	16000	3	0@0.002	0.358	0.374-0.732	216.161	965.52	220	513	350.72	1133.79	509.95	2100.7	350.72	1133.79	509.95	2100.7	130.061	167.058	433.396	-12.8563	0.0622219	7.375	-27.6092	1	1.485+15.4ms						1	0.000116976	-13.8517	voice verse "booed" tok=574c639fb30ce1dd take=1 src=tts:gpt-audio-1.5 f0=139 onset=0.309 dur=0.610 vowel=0.379-0.679 level=0.050
116	proc	96	booed	baselineTrain	shiftMags=0	323.229	1.5	1.5	1.5	30	16000	3	0@0.002	0.262	0.448-0.710	175.82	940.101	173	463	387.88	1153.49	565.049	2078.44	388.029	1154.27	563.126	2085.79	128.884	140.115	144.645	-12.2264	0.0582884	7.6875	-28.7147	0							0	0.000114666		voice verse "booed" tok=ddc0cfd6449ecf82 take=2 src=tts:gpt-audio-1.5 f0=126 onset=0.357 dur=0.440 vowel=0.447-0.677 level=0.050
117	proc	97	bod	baselineTrain	shiftMags=0	325.574	1.5	1.5	1.5	30	16000	3	0@0.002	0.326	0.404-0.730	-157.78	952.468	-126	491	788.472	1024.29	629.998	2004.57	790.891	1027.35	628.083	2011.18	109.807	113.332	54.6973	-10.8028	0.0785887	8.0625	-27.5048	0							0	0.000121525		voice verse "bod" tok=2d28534e2d6185c4 take=2 src=tts:gpt-audio-1.5 f0=105 onset=0.326 dur=0.490 vowel=0.396-0.696 level=0.050
118	proc	98	bad	baselineTrain	shiftMags=0	328.363	1.5	1.5	1.5	30	16000	3	0@0.002	0.352	0.422-0.774	-308.631	782.691	-229	314	986.15	1742.22	677.949	2502.79	986.2	1742.97	678.004	2503.03	108.305	113.809	85.8186	-3.77698	0.134472	8.3125	-27.6539	0							1	0.000122068	-3.85829	voice verse "bad" tok=20b9268207fd744c take=2 src=tts:gpt-audio-1.5 f0=108 onset=0.306 dur=0.620 vowel=0.426-0.726 level=0.050
119	proc	99	bead	baselineTrain	shiftMags=0	331.055	1.5	1.5	1.5	30	16000	3	0@0.002	0.308	0.414-0.722	231.019	471.288	238	149	296.856	2633.81	480.212	3104.53	297.35	2634.7	480.251	3107.07	123.306	187.227	723.05	-7.99102	0.0948739	7.6875	-27.0426	0							1	0.000121105	-8.14971	voice verse "bead" tok=8dd8d6a5ab0aa0cf take=2 src=tts:gpt-audio-1.5 f0=143 onset=0.290 dur=0.560 vowel=0.410-0.700 level=0.050
120	proc	100	bad	baselineTrain	shiftMags=0	333.506	1.5	1.5	1.5	30	16000	3	0@0.002	0.392	0.326-0.718	-283.823	781.168	-213	309	959.722	1745.81	668.526	2602.96	973.799	1745.81	670.102	2606.46	126.781	120.258	-91.4489	-2.90655	0.147668	8.3125	-27.3242	0							1	0.000121997	-2.97878	voice verse "bad" tok=32f48aa5d63e6bab take=3 src=tts:gpt-audio-1.5 f0=110 onset=0.339 dur=0.540 vowel=0.339-0.679 level=0.050
121	proc	101	bead	baselineTrain	shiftMags=0	336.364	1.5	1.5	1.5	30	16000	3	0@0.002	0.33	0.524-0.854	229.701	457.244	236	143	296.216	2633.26	467.078	3083.87	296.921	2652.53	469.812	3084.66	133.241	193.285	644.023	-8.59096	0.0750323	7.25	-27.025	0							1	0.000121973	-8.82397	voice verse "bead" tok=591ab66929cacfb2 take=3 src=tts:gpt-audio-1.5 f0=161 onset=0.340 dur=0.620 vowel=0.520-0.820 level=0.050
122	proc	102	bod	baselineTrain	shiftMags=0	338.669	1.5	1.5	1.5	30	16000	3	0@0.002	0.32	0.446-0.768	-168.785	957.639	-134	496	776.978	985.597	636.945	1945.27	783.119	985.597	636.945	1945.27	113.852	115.845	30.049	-11.9679	0.0561645	8.0625	-27.9154	1	0.985+15.4ms						1	0.000117498	-12.6393	voice verse "bod" tok=445f60323c5bc688 take=3 src=tts:gpt-audio-1.5 f0=108 onset=0.327 dur=0.580 vowel=0.457-0.727 level=0.050
123	proc	103	booed	baselineTrain	shiftMags=0	341.064	1.5	1.5	1.5	30	16000	3	0@0.002	0.312	0.434-0.746	209.231	961.853	212	502	360.266	1084.5	552.627	2050.6	360.266	1084.5	552.627	2050.6	132.379	174.947	482.695	-13.3265	0.0534067	7.5625	-28.2663	0							1	0.000120188	-14.2883	voice verse "booed" tok=719b4deabe835ead take=3 src=tts:gpt-audio-1.5 f0=128 onset=0.310 dur=0.540 vowel=0.420-0.710 level=0.050
124	proc	104	bead	baselineTrain	shiftMags=0	343.887	1.5	1.5	1.5	30	16000	3	0@0.002	0.286	0.432-0.718	238.352	472.922	247	149	286.555	2571.42	483.136	3086.79	292.052	2589.75	484.557	3088.57	142.783	182.296	422.942	-8.20698	0.102402	7.4375	-27.4747	0							1	0.000121845	-8.49347	voice verse "bead" tok=ed777669e4d3930f take=0 src=tts:gpt-audio-1.5 f0=133 onset=0.367 dur=0.460 vowel=0.437-0.697 level=0.050
125	proc	105	booed	baselineTrain	shiftMags=0	346.589	1.5	1.5	1.5	30	16000	3	0@0.002	0.306	0.478-0.784	184.889	938.906	184	463	412.977	1186.1	557.56	2091.99	412.977	1186.1	557.56	2091.99	116.846	140.679	321.363	-12.0195	0.0812047	7.6875	-27.1886	0							1	0.000121175	-12.6516	voice verse "booed" tok=83922517001ee681 take=0 src=tts:gpt-audio-1.5 f0=128 onset=0.299 dur=0.580 vowel=0.479-0.739 level=0.050
126	proc	106	bad	baselineTrain	shiftMags=0	349.001	1.5	1.5	1.5	30	16000	3	0@0.002	0.382	0.464-0.846	-277.098	789.693	-209	320	965.569	1724.64	670.169	2438.82	966.242	1730.72	671.517	2439.39	102.607	113.44	173.768	-3.69813	0.134783	8.3125	-27.3164	0							1	0.000121055	-3.76513	voice verse "bad" tok=f14bf2bb75ce53a1 take=0 src=tts:gpt-audio-1.5 f0=110 onset=0.309 dur=0.650 vowel=0.459-0.809 level=0.050
127	proc	107	bod	baselineTrain	shiftMags=0	351.545	1.5	1.5	1.5	30	16000	3	0@0.002	0.32	0.432-0.752	-148.326	958.525	-119	502	754.956	992.757	635.338	1903.99	754.956	992.757	625.92	1903.99	110.773	115.477	71.9985	-11.5485	0.0948527	8.125	-28.0438	0							1	0.000121755	-12.1015	voice verse "bod" tok=0c114da9f7b024ff take=0 src=tts:gpt-audio-1.5 f0=101 onset=0.330 dur=0.560 vowel=0.420-0.710 level=0.050
128	proc	108	bad	baselineTrain	shiftMags=0	354.432	1.5	1.5	1.5	30	16000	3	0@0.002	0.33	0.412-0.742	-313.891	778.909	-233	309	992.722	1837.08	680.846	2577.82	993.64	1832.92	682.441	2573.62	130.61	118.977	-161.494	-3.66358	0.123774	8.3125	-27.8717	0							1	0.000121462	-3.72987	voice verse "bad" tok=bf7483341168036e take=1 src=tts:gpt-audio-1.5 f0=117 onset=0.292 dur=0.610 vowel=0.292-0.702 level=0.050
129	proc	109	booed	baselineTrain	shiftMags=0	356.811	1.5	1.5	1.5	30	16000	3	0@0.002	0.358	0.430-0.788	216.132	966.577	220	513	350.43	1142.17	513.499	2088.16	350.43	1142.17	513.499	2088.16	130.766	167.186	425.371	-12.1281	0.0899394	7.4375	-27.6076	0							1	0.000119519	-12.781	voice verse "booed" tok=574c639fb30ce1dd take=1 src=tts:gpt-audio-1.5 f0=139 onset=0.365 dur=0.610 vowel=0.435-0.735 level=0.050
130	proc	110	bod	baselineTrain	shiftMags=0	359.11	1.5	1.5	1.5	30	16000	3	0@0.002	0.324	0.458-0.782	-147.886	949.667	-119	485	788.388	995.425	640.686	1987.12	793.23	1009.82	645.217	1987.92	99.8912	107.912	133.703	-10.7868	0.0818403	8	-27.5535	0							1	0.000120292	-11.3887	voice verse "bod" tok=a803a4278759a776 take=1 src=tts:gpt-audio-1.5 f0=103 onset=0.334 dur=0.580 vowel=0.464-0.744 level=0.050
131	proc	111	bead	baselineTrain	shiftMags=0	361.734	1.5	1.5	1.5	30	16000	3	0@0.002	0.35	0.542-0.892	244.706	444.596	255	138	275.51	2685.01	410.364	3102.79	275.51	2685.01	410.364	3102.79	119.168	195.301	855.242	-10.8848	0.0906604	7.25	-28.3703	0							1	0.000121688	-11.5381	voice verse "bead" tok=9dca03533c697cf2 take=1 src=tts:gpt-audio-1.5 f0=146 onset=0.370 dur=0.740 vowel=0.540-0.850 level=0.050
132	proc	112	bad	baselineTrain	shiftMags=0	364.137	1.5	1.5	1.5	30	16000	3	0@0.002	0.352	0.450-0.802	-308.643	782.576	-229	314	983.5	1746.36	678.203	2504.81	987.823	1746.36	679.595	2504.81	106.511	113.924	116.476	-3.8372	0.14174	8.3125	-27.6526	0							1	0.000121928	-3.85383	voice verse "bad" tok=20b9268207fd744c take=2 src=tts:gpt-audio-1.5 f0=108 onset=0.334 dur=0.620 vowel=0.454-0.754 level=0.050
133	proc	113	bead	baselineTrain	shiftMags=0	366.899	1.5	1.5	1.5	30	16000	3	0@0.002	0.306	0.446-0.752	229.532	470.767	236	149	298.693	2637.29	478.615	3110.62	299.111	2640.33	479.995	3110.97	117.605	185.752	791.312	-7.96984	0.0928365	7.6875	-27.044	0							1	0.000120763	-8.08766	voice verse "bead" tok=8dd8d6a5ab0aa0cf take=2 src=tts:gpt-audio-1.5 f0=143 onset=0.322 dur=0.560 vowel=0.442-0.732 level=0.050
134	proc	114	booed	baselineTrain	shiftMags=0	369.332	1.5	1.5	1.5	30	16000	3	0@0.002	0.262	0.466-0.728	175.695	940.5	173	469	386.745	1154.11	569.992	2076.09	387.654	1157.48	559.463	2083.56	129.799	133.563	49.4923	-12.2537	0.0524459	7.6875	-28.718	0							1	0.000119937	-13.3138	voice verse "booed" tok=ddc0cfd6449ecf82 take=2 src=tts:gpt-audio-1.5 f0=126 onset=0.375 dur=0.440 vowel=0.465-0.695 level=0.050
135	proc	115	bod	baselineTrain	shiftMags=0	371.724	1.5	1.5	1.5	30	16000	3	0@0.002	0.332	0.410-0.744	-157.639	952.228	-126	491	789.304	1025.65	638.001	2000.03	791.267	1025.67	638.064	2000.83	109.374	118.347	136.507	-11.465	0.0763633	8.0625	-27.5065	1	1.485+15.4ms						1	0.00011898	-12.0569	voice verse "bod" tok=2d28534e2d6185c4 take=2 src=tts:gpt-audio-1.5 f0=105 onset=0.334 dur=0.490 vowel=0.404-0.704 level=0.050
136	proc	116	booed	train	shiftMags=0	374.434	1.5	1.5	1.5	30	16000	3	0@0.002	0.312	0.412-0.724	209.226	961.912	212	502	361.624	1081.91	538.421	2051.62	361.624	1081.91	538.421	2051.62	129.94	169.398	459.084	-13.2577	0.055514	7.5625	-28.2658	0							1	0.00011613	-14.2475	voice verse "booed" tok=719b4deabe835ead take=3 src=tts:gpt-audio-1.5 f0=128 onset=0.288 dur=0.540 vowel=0.398-0.688 level=0.050
137	proc	117	bod	train	shiftMags=0	377.404	1.5	1.5	1.5	30	16000	3	0@0.002	0.32	0.440-0.762	-168.857	957.4	-134	496	781.638	985.966	634.278	1935.59	785.523	988.119	634.828	1937.62	110.669	117.103	97.8294	-12.0804	0.0454428	8.0625	-27.9153	0							1	0.000121825	-12.6838	voice verse "bod" tok=445f60323c5bc688 take=3 src=tts:gpt-audio-1.5 f0=108 onset=0.321 dur=0.580 vowel=0.451-0.721 level=0.050
138	proc	118	bad	train	shiftMags=0	380.065	1.5	1.5	1.5	30	16000	3	0@0.002	0.39	0.298-0.688	-283.833	781.465	-213	314	957.234	1767.72	668.052	2618.65	971.853	1767.72	672.615	2618.65	126.896	119.019	-110.95	-2.90198	0.154692	8.3125	-27.3232	0							1	0.00012006	-2.97522	voice verse "bad" tok=32f48aa5d63e6bab take=3 src=tts:gpt-audio-1.5 f0=110 onset=0.311 dur=0.540 vowel=0.311-0.651 level=0.050
139	proc	119	bead	train	shiftMags=0	383.04	1.5	1.5	1.5	30	16000	3	0@0.002	0.33	0.550-0.880	229.585	456.926	236	143	295.697	2640.04	464.051	3079.23	297.443	2647.72	464.321	3086.73	134.415	194.109	636.208	-8.10328	0.0959979	7.4375	-27.0246	0							1	0.000122052	-8.31978	voice verse "bead" tok=591ab66929cacfb2 take=3 src=tts:gpt-audio-1.5 f0=161 onset=0.366 dur=0.620 vowel=0.546-0.846 level=0.050
140	proc	120	bod	train	shiftMags=0	386.034	1.5	1.5	1.5	30	16000	3	0@0.002	0.322	0.470-0.792	-148.282	959.147	-119	502	755.598	994.124	633.112	1895.79	755.598	994.124	631.413	1895.79	110.877	118.826	119.866	-11.5323	0.0943422	8.0625	-28.0422	0							1	0.000120394	-12.3351	voice verse "bod" tok=0c114da9f7b024ff take=0 src=tts:gpt-audio-1.5 f0=101 onset=0.370 dur=0.560 vowel=0.460-0.750 level=0.050
141	proc	121	bad	train	shiftMags=0	389.847	1.5	1.5	1.5	30	16000	3	0@0.002	0.382	0.476-0.858	-277.051	788.325	-209	314	966.912	1744.9	668.86	2440.14	967.278	1744.9	672.295	2440.14	103.914	112.973	144.706	-3.60583	0.135408	8.3125	-27.3169	0							1	0.000121557	-3.78919	voice verse "bad" tok=f14bf2bb75ce53a1 take=0 src=tts:gpt-audio-1.5 f0=110 onset=0.321 dur=0.650 vowel=0.471-0.821 level=0.050
142	proc	122	bead	train	shiftMags=0	392.528	1.5	1.5	1.5	30	16000	3	0@0.002	0.286	0.356-0.642	238.384	473.012	247	149	284.318	2564.17	487.511	3090.09	284.318	2602.1	494.329	3092.34	138.709	177.025	422.272	-8.32401	0.099879	7.4375	-27.4733	1	0.985+15.4ms						1	0.000120489	-8.49826	voice verse "bead" tok=ed777669e4d3930f take=0 src=tts:gpt-audio-1.5 f0=133 onset=0.291 dur=0.460 vowel=0.361-0.621 level=0.050
143	proc	123	booed	train	shiftMags=0	395.057	1.5	1.5	1.5	30	16000	3	0@0.002	0.308	0.522-0.830	185.401	939.745	184	463	412.037	1180.44	557.887	2090.79	412.037	1180.44	557.887	2090.79	116.488	141.308	334.391	-11.7777	0.0818285	7.6875	-27.1886	0							1	0.000119733	-12.2803	voice verse "booed" tok=83922517001ee681 take=0 src=tts:gpt-audio-1.5 f0=128 onset=0.345 dur=0.580 vowel=0.525-0.785 level=0.050
144	proc	124	bead	train	shiftMags=0	397.366	1.5	1.5	1.5	30	16000	3	0@0.002	0.35	0.502-0.852	244.335	444.448	255	138	273.165	2691.17	422.722	3083.92	273.165	2691.17	422.722	3083.92	119.441	195.11	849.593	-10.9114	0.0925081	7.4375	-28.37	0							1	0.000121837	-11.2634	voice verse "bead" tok=9dca03533c697cf2 take=1 src=tts:gpt-audio-1.5 f0=146 onset=0.331 dur=0.740 vowel=0.501-0.811 level=0.050
145	proc	125	bad	train	shiftMags=0	400.012	1.5	1.5	1.5	30	16000	3	0@0.002	0.328	0.424-0.752	-311.411	779.007	-231	309	991.352	1840.24	680.616	2590.79	992.26	1835.22	683.176	2584.44	119.27	118.639	-9.19125	-3.45367	0.124998	8.3125	-27.8727	0							1	0.000121878	-3.59282	voice verse "bad" tok=bf7483341168036e take=1 src=tts:gpt-audio-1.5 f0=117 onset=0.303 dur=0.610 vowel=0.303-0.713 level=0.050
146	proc	126	booed	train	shiftMags=0	402.397	1.5	1.5	1.5	30	16000	3	0@0.002	0.358	0.414-0.772	216.273	965.726	220	513	350.925	1133.65	505.866	2097.49	350.925	1133.65	505.866	2097.49	130.106	166.437	426.344	-13.0295	0.0554428	7.4375	-27.6071	0							1	0.00011683	-14.04	voice verse "booed" tok=574c639fb30ce1dd take=1 src=tts:gpt-audio-1.5 f0=139 onset=0.349 dur=0.610 vowel=0.419-0.719 level=0.050
147	proc	127	bod	train	shiftMags=0	405.072	1.5	1.5	1.5	30	16000	3	0@0.002	0.326	0.488-0.814	-147.72	950.133	-119	485	783.996	994.523	642.276	1983.72	793.824	1008.06	649.026	1989.42	97.0009	109.782	214.279	-11.5495	0.0820039	8	-27.5545	0							1	0.000116206	-12.1044	voice verse "bod" tok=a803a4278759a776 take=1 src=tts:gpt-audio-1.5 f0=103 onset=0.365 dur=0.580 vowel=0.495-0.775 level=0.050
148	proc	128	bead	train	shiftMags=0	407.647	1.5	1.5	1.5	30	16000	3	0@0.002	0.304	0.450-0.754	227.975	471.292	234	149	297.912	2645.44	481.153	3102.87	301.331	2646.58	481.39	3105.83	119.781	185.89	760.866	-7.22594	0.122633	7.6875	-27.043	0							1	0.000121023	-7.39762	voice verse "bead" tok=8dd8d6a5ab0aa0cf take=2 src=tts:gpt-audio-1.5 f0=143 onset=0.324 dur=0.560 vowel=0.444-0.734 level=0.050
149	proc	129	bad	train	shiftMags=0	410.315	1.5	1.5	1.5	30	16000	3	0@0.002	0.352	0.454-0.806	-308.588	782.311	-229	314	986.431	1742.42	676.785	2503.02	986.891	1743.52	676.81	2503.94	109.271	113.853	71.1144	-3.81763	0.13321	8.3125	-27.6527	0							1	0.000121612	-3.81651	voice verse "bad" tok=20b9268207fd744c take=2 src=tts:gpt-audio-1.5 f0=108 onset=0.336 dur=0.620 vowel=0.456-0.756 level=0.050
150	proc	130	bod	train	shiftMags=0	412.996	1.5	1.5	1.5	30	16000	3	0@0.002	0.33	0.374-0.704	-157.634	952.338	-126	491	787.337	1024.34	631.202	2011.84	787.337	1024.34	631.202	2011.84	106.805	112.945	96.7613	-11.4246	0.0719227	8.0625	-27.5048	0							1	0.000121943	-12.0484	voice verse "bod" tok=2d28534e2d6185c4 take=2 src=tts:gpt-audio-1.5 f0=105 onset=0.297 dur=0.490 vowel=0.367-0.667 level=0.050
151	proc	131	booed	train	shiftMags=0	415.667	1.5	1.5	1.5	30	16000	3	0@0.002	0.264	0.388-0.652	175.922	939.702	173	463	387.847	1153.33	564.632	2075.57	388.006	1154.13	563.05	2080.73	128.88	190.957	680.66	-12.6622	0.0547202	7.6875	-28.7153	0							1	0.000120842	-13.4745	voice verse "booed" tok=ddc0cfd6449ecf82 take=2 src=tts:gpt-audio-1.5 f0=126 onset=0.298 dur=0.440 vowel=0.388-0.618 level=0.050
152	proc	132	bead	train	shiftMags=0	418.612	1.5	1.5	1.5	30	16000	3	0@0.002	0.33	0.520-0.850	229.445	457.546	236	143	294.733	2640.21	457.674	3077.06	296.378	2650.26	456.909	3078.75	134.516	193.932	633.335	-8.15413	0.101794	7.4375	-27.0247	0							1	0.000121861	-8.38623	voice verse "bead" tok=591ab66929cacfb2 take=3 src=tts:gpt-audio-1.5 f0=161 onset=0.336 dur=0.620 vowel=0.516-0.816 level=0.050
153	proc	133	bad	train	shiftMags=0	421.278	1.5	1.5	1.5	30	16000	3	0@0.002	0.392	0.278-0.670	-283.824	781.056	-213	309	957.666	1765.76	670.007	2615.58	972.124	1765.76	673.025	2615.58	126.185	118.988	-101.679	-2.94819	0.149247	8.3125	-27.3237	0							1	0.000122012	-2.97562	voice verse "bad" tok=32f48aa5d63e6bab take=3 src=tts:gpt-audio-1.5 f0=110 onset=0.291 dur=0.540 vowel=0.291-0.631 level=0.050
154	proc	134	bod	train	shiftMags=0	423.616	1.5	1.5	1.5	30	16000	3	0@0.002	0.32	0.492-0.814	-168.895	957.494	-134	496	783.111	977.912	632.723	1925.99	786.467	981.693	634.046	1932.9	111.345	115.607	65.0257	-11.8267	0.0517701	8.0625	-27.9153	0							1	0.00012116	-12.5093	voice verse "bod" tok=445f60323c5bc688 take=3 src=tts:gpt-audio-1.5 f0=108 onset=0.372 dur=0.580 vowel=0.502-0.772 level=0.050
155	proc	135	booed	train	shiftMags=0	426.529	1.5	1.5	1.5	30	16000	3	0@0.002	0.312	0.426-0.738	209.235	961.997	212	502	358.947	1083.59	542.323	2050.38	358.947	1083.59	542.323	2050.38	130.718	171.33	468.38	-13.1059	0.0571053	7.6875	-28.2662	1	1.485+15.4ms						1	0.00011983	-14.2499	voice verse "booed" tok=719b4deabe835ead take=3 src=tts:gpt-audio-1.5 f0=128 onset=0.302 dur=0.540 vowel=0.412-0.702 level=0.050
156	proc	136	bad	train	shiftMags=0	429.335	1.5	1.5	1.5	30	16000	3	0@0.002	0.382	0.494-0.876	-276.959	788.637	-209	314	966.019	1732.54	681.432	2439.63	966.599	1730.92	681.537	2443.55	103.915	113.698	155.77	-3.73928	0.129046	8.3125	-27.3144	0							1	0.000121615	-3.82385	voice verse "bad" tok=f14bf2bb75ce53a1 take=0 src=tts:gpt-audio-1.5 f0=110 onset=0.340 dur=0.650 vowel=0.490-0.840 level=0.050
157	proc	137	bod	train	shiftMags=0	431.861	1.5	1.5	1.5	30	16000	3	0@0.002	0.322	0.438-0.760	-151.881	959.014	-122	502	751.078	992.12	630.277	1916.82	765.131	992.78	630.277	1916.82	112.059	113.284	18.8205	-11.7263	0.0927741	8.125	-28.0435	0							1	0.00011754	-12.3024	voice verse "bod" tok=0c114da9f7b024ff take=0 src=tts:gpt-audio-1.5 f0=101 onset=0.337 dur=0.560 vowel=0.427-0.717 level=0.050
158	proc	138	booed	train	shiftMags=0	434.444	1.5	1.5	1.5	30	16000	3	0@0.002	0.306	0.532-0.838	185.192	939.815	184	463	411.774	1189.8	559.819	2088.14	411.774	1189.8	559.819	2088.14	116.987	141.125	324.75	-12.1227	0.083822	7.6875	-27.1897	0							1	0.000121674	-12.7964	voice verse "booed" tok=83922517001ee681 take=0 src=tts:gpt-audio-1.5 f0=128 onset=0.353 dur=0.580 vowel=0.533-0.793 level=0.050
159	proc	139	bead	train	shiftMags=0	437.116	1.5	1.5	1.5	30	16000	3	0@0.002	0.286	0.366-0.652	238.422	472.739	247	149	280.41	2563.73	474.598	3085.19	285.815	2602.4	479.801	3088.95	142.878	182.539	424.11	-7.98294	0.0979998	7.6875	-27.4736	0							1	0.000120115	-8.20043	voice verse "bead" tok=ed777669e4d3930f take=0 src=tts:gpt-audio-1.5 f0=133 onset=0.302 dur=0.460 vowel=0.372-0.632 level=0.050
160	proc	140	bad	train	shiftMags=0	439.659	1.5	1.5	1.5	30	16000	3	0@0.002	0.328	0.446-0.774	-311.546	779.15	-231	309	988.028	1840.43	676.291	2589.57	992.044	1836.26	678.698	2583.53	120.305	119.715	-8.51529	-3.53777	0.125777	8.3125	-27.8725	0							1	0.000120766	-3.66637	voice verse "bad" tok=bf7483341168036e take=1 src=tts:gpt-audio-1.5 f0=117 onset=0.325 dur=0.610 vowel=0.325-0.735 level=0.050
161	proc	141	bead	train	shiftMags=0	442.412	1.5	1.5	1.5	30	16000	3	0@0.002	0.352	0.542-0.894	244.239	444.54	255	138	272.85	2688.34	416.369	3093.71	272.85	2688.34	416.369	3093.71	120.581	195.776	839.037	-10.394	0.0942127	7.4375	-28.3714	0							1	0.00012196	-11.0771	voice verse "bead" tok=9dca03533c697cf2 take=1 src=tts:gpt-audio-1.5 f0=146 onset=0.372 dur=0.740 vowel=0.542-0.852 level=0.050
162	proc	142	booed	train	shiftMags=0	445.41	1.5	1.5	1.5	30	16000	3	0@0.002	0.358	0.392-0.750	216.16	966.567	220	513	350.892	1136.36	512.673	2105.79	350.892	1136.36	512.673	2105.79	129.558	166.42	433.475	-13.3251	0.052213	7.4375	-27.6075	1	0.985+15.4ms						1	0.000121257	-14.231	voice verse "booed" tok=574c639fb30ce1dd take=1 src=tts:gpt-audio-1.5 f0=139 onset=0.328 dur=0.610 vowel=0.398-0.698 level=0.050
163	proc	143	bod	train	shiftMags=0	447.699	1.5	1.5	1.5	30	16000	3	0@0.002	0.326	0.414-0.740	-147.774	949.85	-119	485	790.657	994.589	650.009	1984.98	792.879	1006.94	651.068	1981.4	100.337	110.484	166.794	-11.6621	0.0778772	8	-27.5545	0							1	0.000120237	-12.1246	voice verse "bod" tok=a803a4278759a776 take=1 src=tts:gpt-audio-1.5 f0=103 onset=0.291 dur=0.580 vowel=0.421-0.701 level=0.050
164	proc	144	bead	train	shiftMags=0	450.638	1.5	1.5	1.5	30	16000	3	0@0.002	0.304	0.424-0.728	229.548	471.62	236	149	296.824	2634.76	494.819	3103.23	297.404	2635.95	495.144	3105.38	123.302	186.026	711.967	-7.92583	0.092429	7.6875	-27.0433	0							1	0.000121444	-8.13509	voice verse "bead" tok=8dd8d6a5ab0aa0cf take=2 src=tts:gpt-audio-1.5 f0=143 onset=0.300 dur=0.560 vowel=0.420-0.710 level=0.050
165	proc	145	bad	train	shiftMags=0	453.63	1.5	1.5	1.5	30	16000	3	0@0.002	0.352	0.476-0.828	-308.579	782.44	-229	314	986.667	1750.59	678.859	2493.93	989.104	1750.59	679.702	2497.52	108.456	116.21	119.549	-3.78558	0.138314	8.3125	-27.6525	0							1	0.000121352	-3.82713	voice verse "bad" tok=20b9268207fd744c take=2 src=tts:gpt-audio-1.5 f0=108 onset=0.359 dur=0.620 vowel=0.479-0.779 level=0.050
166	proc	146	bod	train	shiftMags=0	456.527	1.5	1.5	1.5	30	16000	3	0@0.002	0.334	0.420-0.754	-157.547	952.492	-126	491	790.171	1026.88	638.077	2007.25	791.453	1027.66	637.893	2010.52	109.954	115.885	90.9495	-11.6618	0.075877	8.0625	-27.5028	0							1	0.000120376	-12.0737	voice verse "bod" tok=2d28534e2d6185c4 take=2 src=tts:gpt-audio-1.5 f0=105 onset=0.344 dur=0.490 vowel=0.414-0.714 level=0.050
167	proc	147	booed	train	shiftMags=0	459.125	1.5	1.5	1.5	30	16000	3	0@0.002	0.262	0.448-0.710	175.827	940.948	173	469	387.131	1153.64	570.247	2077.43	387.604	1154.56	568.122	2080.98	128.922	160.359	377.768	-12.7245	0.0477615	7.6875	-28.7161	0							1	0.000118892	-13.2817	voice verse "booed" tok=ddc0cfd6449ecf82 take=2 src=tts:gpt-audio-1.5 f0=126 onset=0.358 dur=0.440 vowel=0.448-0.678 level=0.050
168	proc	148	bead	train	shiftMags=0	461.872	1.5	1.5	1.5	30	16000	3	0@0.002	0.33	0.524-0.854	229.297	457.044	236	143	294.754	2632.45	456.373	3080.7	295.572	2654.81	462.963	3082.18	133.231	193.458	645.704	-8.31831	0.10014	7.4375	-27.0244	0							1	0.000121493	-8.44187	voice verse "bead" tok=591ab66929cacfb2 take=3 src=tts:gpt-audio-1.5 f0=161 onset=0.340 dur=0.620 vowel=0.520-0.820 level=0.050
169	proc	149	booed	train	shiftMags=0	464.472	1.5	1.5	1.5	30	16000	3	0@0.002	0.314	0.484-0.798	209.284	962.185	212	502	359.702	1085.3	551.369	2050.24	359.702	1085.3	551.369	2050.24	130.579	171.476	471.709	-13.4143	0.0553467	7.6875	-28.2661	0							1	0.000121617	-14.2771	voice verse "booed" tok=719b4deabe835ead take=3 src=tts:gpt-audio-1.5 f0=128 onset=0.361 dur=0.540 vowel=0.471-0.761 level=0.050
170	proc	150	bod	train	shiftMags=0	467.002	1.5	1.5	1.5	30	16000	3	0@0.002	0.32	0.408-0.730	-168.917	957.451	-134	496	778.592	987.559	637.726	1920.17	783.871	988.851	637.489	1926	112.344	116.737	66.413	-11.9411	0.053641	8.0625	-27.9164	0							1	0.000118639	-12.7853	voice verse "bod" tok=445f60323c5bc688 take=3 src=tts:gpt-audio-1.5 f0=108 onset=0.289 dur=0.580 vowel=0.419-0.689 level=0.050
171	proc	151	bad	train	shiftMags=0	470.369	1.5	1.5	1.5	30	16000	3	0@0.002	0.392	0.338-0.730	-283.89	780.563	-213	309	957.856	1759.54	662.265	2607.58	972.648	1759.54	665.696	2607.58	124.632	119.875	-67.3611	-2.93762	0.150054	8.3125	-27.3236	0							1	0.000121028	-2.97366	voice verse "bad" tok=32f48aa5d63e6bab take=3 src=tts:gpt-audio-1.5 f0=110 onset=0.350 dur=0.540 vowel=0.350-0.690 level=0.050
172	proc	152	bead	train	shiftMags=0	472.77	1.5	1.5	1.5	30	16000	3	0@0.002	0.286	0.398-0.684	238.445	473.031	247	149	284.661	2578.17	464.798	3085.57	288.758	2599.02	466.577	3085.94	143.604	181.586	406.266	-7.86674	0.0988273	7.4375	-27.4732	0							1	0.000121827	-8.20613	voice verse "bead" tok=ed777669e4d3930f take=0 src=tts:gpt-audio-1.5 f0=133 onset=0.334 dur=0.460 vowel=0.404-0.664 level=0.050
173	proc	153	bad	train	shiftMags=0	475.378	1.5	1.5	1.5	30	16000	3	0@0.002	0.382	0.478-0.860	-277.125	788.557	-209	314	965.516	1750.8	673.083	2443.5	966.38	1750.8	676.674	2443.5	103.893	113.948	159.934	-3.6923	0.136081	8.3125	-27.3158	0							1	0.000121826	-3.69521	voice verse "bad" tok=f14bf2bb75ce53a1 take=0 src=tts:gpt-audio-1.5 f0=110 onset=0.323 dur=0.650 vowel=0.473-0.823 level=0.050
174	proc	154	bod	train	shiftMags=0	477.84	1.5	1.5	1.5	30	16000	3	0@0.002	0.322	0.406-0.728	-148.265	959.103	-119	502	763.419	993.322	624.114	1918.07	778.413	994.747	620.518	1918.07	111.425	116.202	72.6784	-11.4933	0.0929096	8.0625	-28.0431	0							1	0.000121868	-12.2914	voice verse "bod" tok=0c114da9f7b024ff take=0 src=tts:gpt-audio-1.5 f0=101 onset=0.305 dur=0.560 vowel=0.395-0.685 level=0.050
175	proc	155	booed	train	shiftMags=0	480.246	1.5	1.5	1.5	30	16000	3	0@0.002	0.304	0.504-0.808	184.98	938.089	184	463	412.234	1181.1	556.801	2086.19	412.234	1181.1	556.801	2086.19	116.192	141.138	336.72	-11.9409	0.0891182	7.6875	-27.1871	1	1.485+15.4ms						1	0.000119651	-12.496	voice verse "booed" tok=83922517001ee681 take=0 src=tts:gpt-audio-1.5 f0=128 onset=0.324 dur=0.580 vowel=0.504-0.764 level=0.050
176	proc	156	booed	train	shiftMags=0	482.952	1.5	1.5	1.5	30	16000	3	0@0.002	0.358	0.420-0.778	216.026	965.92	220	513	350.909	1140.88	508.651	2095.46	350.909	1140.88	508.651	2095.46	127.682	167.089	465.678	-12.9866	0.0566573	7.375	-27.6076	0							1	0.000117731	-14.0644	voice verse "booed" tok=574c639fb30ce1dd take=1 src=tts:gpt-audio-1.5 f0=139 onset=0.355 dur=0.610 vowel=0.425-0.725 level=0.050
177	proc	157	bod	train	shiftMags=0	485.414	1.5	1.5	1.5	30	16000	3	0@0.002	0.326	0.444-0.770	-147.715	949.794	-119	485	790.746	994.289	647.312	1979.57	792.818	1007.15	646.54	1983.83	100.629	111.434	176.572	-11.3813	0.0842127	8	-27.5519	0							1	0.000118393	-11.9222	voice verse "bod" tok=a803a4278759a776 take=1 src=tts:gpt-audio-1.5 f0=103 onset=0.320 dur=0.580 vowel=0.450-0.730 level=0.050
178	proc	158	bad	train	shiftMags=0	488.289	1.5	1.5	1.5	30	16000	3	0@0.002	0.328	0.460-0.788	-311.46	778.588	-231	309	988.329	1838.96	679.989	2585.91	995.201	1827.22	681.714	2585.91	131.101	121.041	-138.219	-3.47395	0.130053	8.3125	-27.872	0							1	0.000118262	-3.57214	voice verse "bad" tok=bf7483341168036e take=1 src=tts:gpt-audio-1.5 f0=117 onset=0.338 dur=0.610 vowel=0.338-0.748 level=0.050
179	proc	159	bead	train	shiftMags=0	490.605	1.5	1.5	1.5	30	16000	3	0@0.002	0.35	0.508-0.858	244.289	444.786	255	138	269.219	2678.7	427.178	3089.28	275.553	2682.71	431.451	3089.38	115.897	197.722	924.759	-10.9416	0.0934936	7.4375	-28.3703	0							1	0.000121567	-11.5099	voice verse "bead" tok=9dca03533c697cf2 take=1 src=tts:gpt-audio-1.5 f0=146 onset=0.336 dur=0.740 vowel=0.506-0.816 level=0.050
180	proc	160	bod	train	shiftMags=0	493.025	1.5	1.5	1.5	30	16000	3	0@0.002	0.328	0.396-0.730	-157.647	952.876	-126	491	790.4	1014.67	633.127	1998.56	793.247	1021.8	637.516	2003.48	108.911	115.964	108.643	-11.4217	0.0742204	8.0625	-27.5033	0							1	0.000117756	-12.0244	voice verse "bod" tok=2d28534e2d6185c4 take=2 src=tts:gpt-audio-1.5 f0=105 onset=0.320 dur=0.490 vowel=0.390-0.690 level=0.050
181	proc	161	bead	train	shiftMags=0	495.593	1.5	1.5	1.5	30	16000	3	0@0.002	0.304	0.442-0.746	229.607	471.164	236	149	296.711	2639.26	480.557	3107.22	298.323	2642.18	485.095	3108.4	121.94	185.682	727.992	-7.92459	0.0874119	7.6875	-27.0432	0							1	0.000121948	-8.08089	voice verse "bead" tok=8dd8d6a5ab0aa0cf take=2 src=tts:gpt-audio-1.5 f0=143 onset=0.318 dur=0.560 vowel=0.438-0.728 level=0.050
182	proc	162	bad	train	shiftMags=0	498.004	1.5	1.5	1.5	30	16000	3	0@0.002	0.352	0.462-0.814	-308.634	782.621	-229	314	986.288	1742.57	680.026	2502.88	986.329	1742.99	680.295	2503.39	107.864	114.027	96.1945	-3.81382	0.137882	8.3125	-27.6524	1	0.985+15.4ms						1	0.000121349	-3.85408	voice verse "bad" tok=20b9268207fd744c take=2 src=tts:gpt-audio-1.5 f0=108 onset=0.346 dur=0.620 vowel=0.466-0.766 level=0.050
183	proc	163	booed	train	shiftMags=0	500.882	1.5	1.5	1.5	30	16000	3	0@0.002	0.262	0.410-0.672	175.757	940.245	173	469	386.011	1152.28	580.23	2079.63	386.968	1154.93	571.835	2076.56	129.13	187.565	646.28	-11.6979	0.0553533	7.6875	-28.7162	0							0	0.000119263		voice verse "booed" tok=ddc0cfd6449ecf82 take=2 src=tts:gpt-audio-1.5 f0=126 onset=0.319 dur=0.440 vowel=0.409-0.639 level=0.050
184	proc	164	booed	train	shiftMags=0	503.501	1.5	1.5	1.5	30	16000	3	0@0.002	0.314	0.454-0.768	209.862	962.48	212	502	359.864	1085.61	541.299	2054.12	359.864	1085.61	541.299	2054.12	131.462	174.239	487.699	-13.2886	0.0551817	7.5625	-28.2663	0							1	0.00011904	-14.2451	voice verse "booed" tok=719b4deabe835ead take=3 src=tts:gpt-audio-1.5 f0=128 onset=0.331 dur=0.540 vowel=0.441-0.731 level=0.050
185	proc	165	bead	train	shiftMags=0	505.797	1.5	1.5	1.5	30	16000	3	0@0.002	0.33	0.492-0.822	229.685	457.184	236	143	295.858	2647.02	454.803	3077.94	295.976	2674.48	455.564	3078.44	135.685	193.764	616.85	-8.4631	0.0840672	7.25	-27.0242	0							1	0.000121789	-8.67874	voice verse "bead" tok=591ab66929cacfb2 take=3 src=tts:gpt-audio-1.5 f0=161 onset=0.308 dur=0.620 vowel=0.488-0.788 level=0.050
186	proc	166	bod	train	shiftMags=0	508.2	1.5	1.5	1.5	30	16000	3	0@0.002	0.32	0.428-0.750	-168.821	957.728	-134	496	778.206	984.086	636.013	1918.75	778.211	984.176	634.982	1920.17	113.508	114.548	15.7906	-12.0219	0.0503107	8.0625	-27.9151	0							1	0.000116472	-12.6233	voice verse "bod" tok=445f60323c5bc688 take=3 src=tts:gpt-audio-1.5 f0=108 onset=0.309 dur=0.580 vowel=0.439-0.709 level=0.050
187	proc	167	bad	train	shiftMags=0	510.974	1.5	1.5	1.5	30	16000	3	0@0.002	0.392	0.338-0.730	-283.849	780.691	-213	309	958.027	1763.34	666.252	2609.14	972.787	1763.34	668.647	2609.14	124.653	117.845	-97.2305	-2.96992	0.144366	8.3125	-27.3238	0							1	0.000122063	-2.96929	voice verse "bad" tok=32f48aa5d63e6bab take=3 src=tts:gpt-audio-1.5 f0=110 onset=0.350 dur=0.540 vowel=0.350-0.690 level=0.050
188	proc	168	booed	train	shiftMags=0	513.456	1.5	1.5	1.5	30	16000	3	0@0.002	0.306	0.516-0.822	185.127	938.321	184	463	413.269	1183.52	563.599	2088.13	413.269	1183.52	563.599	2088.13	117.412	141.225	319.701	-12.4809	0.0774416	7.6875	-27.19	0							0	0.00012199		voice verse "booed" tok=83922517001ee681 take=0 src=tts:gpt-audio-1.5 f0=128 onset=0.337 dur=0.580 vowel=0.517-0.777 level=0.050
189	proc	169	bad	train	shiftMags=0	515.93	1.5	1.5	1.5	30	16000	3	0@0.002	0.382	0.492-0.874	-277.249	789.121	-209	320	963.6	1729.99	666.128	2432.72	964.468	1736.16	669.597	2438.35	110.547	111.854	20.3389	-3.58924	0.136572	8.3125	-27.3172	0							1	0.000121304	-3.59001	voice verse "bad" tok=f14bf2bb75ce53a1 take=0 src=tts:gpt-audio-1.5 f0=110 onset=0.336 dur=0.650 vowel=0.486-0.836 level=0.050
190	proc	170	bead	train	shiftMags=0	518.338	1.5	1.5	1.5	30	16000	3	0@0.002	0.286	0.390-0.676	238.563	473.543	247	149	285.579	2572.79	467.979	3086.94	290.365	2596.22	468.462	3088.24	141.557	181.723	432.422	-8.10965	0.0993168	7.4375	-27.474	0							1	0.00012201	-8.33688	voice verse "bead" tok=ed777669e4d3930f take=0 src=tts:gpt-audio-1.5 f0=133 onset=0.326 dur=0.460 vowel=0.396-0.656 level=0.050
191	proc	171	bod	train	shiftMags=0	520.598	1.5	1.5	1.5	30	16000	3	0@0.002	0.322	0.424-0.746	-148.316	959.571	-119	502	750.042	990.588	631.937	1913.79	751.479	991.484	629.949	1911.21	108.227	112.461	66.4497	-11.4915	0.0975378	8.125	-28.0432	0							1	0.000121103	-12.3038	voice verse "bod" tok=0c114da9f7b024ff take=0 src=tts:gpt-audio-1.5 f0=101 onset=0.322 dur=0.560 vowel=0.412-0.702 level=0.050
192	proc	172	bod	train	shiftMags=0	523.417	1.5	1.5	1.5	30	16000	3	0@0.002	0.324	0.476-0.800	-147.874	949.675	-119	485	793.981	993.927	636.643	1984.86	795.544	1013.39	626.942	1984.86	98.3625	107.808	158.743	-10.9069	0.0833461	8	-27.5532	0							1	0.000121662	-11.65	voice verse "bod" tok=a803a4278759a776 take=1 src=tts:gpt-audio-1.5 f0=103 onset=0.352 dur=0.580 vowel=0.482-0.762 level=0.050
193	proc	173	bad	train	shiftMags=0	525.911	1.5	1.5	1.5	30	16000	3	0@0.002	0.328	0.434-0.762	-314.057	778.967	-233	309	991.055	1838.63	674.95	2583.13	992.382	1834.57	680.41	2580.76	119.337	118.748	-8.57239	-3.53869	0.126367	8.3125	-27.8722	0							1	0.00012168	-3.63381	voice verse "bad" tok=bf7483341168036e take=1 src=tts:gpt-audio-1.5 f0=117 onset=0.313 dur=0.610 vowel=0.313-0.723 level=0.050
194	proc	174	bead	train	shiftMags=0	528.344	1.5	1.5	1.5	30	16000	3	0@0.002	0.352	0.512-0.864	244.328	444.797	255	138	272.873	2687.98	422.567	3096.16	272.873	2687.98	422.567	3096.16	119.819	196.565	856.985	-10.6256	0.087299	7.4375	-28.3735	0							1	0.000121924	-11.1135	voice verse "bead" tok=9dca03533c697cf2 take=1 src=tts:gpt-audio-1.5 f0=146 onset=0.341 dur=0.740 vowel=0.511-0.821 level=0.050
195	proc	175	booed	train	shiftMags=0	530.673	1.5	1.5	1.5	30	16000	3	0@0.002	0.358	0.378-0.736	216.195	968.689	220	518	349.82	1143.67	511.986	2105.28	349.82	1143.67	511.986	2105.28	131.914	167.84	416.981	-11.8563	0.0973159	7.4375	-27.6083	1	1.485+15.4ms						1	0.000121911	-12.5053	voice verse "booed" tok=574c639fb30ce1dd take=1 src=tts:gpt-audio-1.5 f0=139 onset=0.312 dur=0.610 vowel=0.382-0.682 level=0.050
196	proc	176	bod	train	shiftMags=0	533.302	1.5	1.5	1.5	30	16000	3	0@0.002	0.328	0.376-0.704	-157.798	952.519	-126	491	790.458	1013.92	634.392	2001.33	792.085	1021.27	631.643	2004.87	108.949	116.546	116.69	-11.5257	0.0825997	8.0625	-27.5024	0							1	0.000120965	-12.0536	voice verse "bod" tok=2d28534e2d6185c4 take=2 src=tts:gpt-audio-1.5 f0=105 onset=0.300 dur=0.490 vowel=0.370-0.670 level=0.050
197	proc	177	bead	train	shiftMags=0	536.106	1.5	1.5	1.5	30	16000	3	0@0.002	0.304	0.492-0.796	229.6	471.426	236	149	296.595	2638.13	474.789	3104.47	297.4	2641.33	478.732	3106.97	122.126	185.942	727.776	-7.88491	0.0879267	7.6875	-27.0426	0							1	0.000120837	-8.14733	voice verse "bead" tok=8dd8d6a5ab0aa0cf take=2 src=tts:gpt-audio-1.5 f0=143 onset=0.368 dur=0.560 vowel=0.488-0.778 level=0.050
198	proc	178	booed	train	shiftMags=0	539.066	1.5	1.5	1.5	30	16000	3	0@0.002	0.262	0.404-0.666	175.838	940.64	173	463	386.336	1154.31	570.556	2069.75	386.336	1154.31	570.556	2069.75	128.86	189.253	665.42	-12.4274	0.0584742	7.6875	-28.7149	0							1	0.000120282	-13.4784	voice verse "booed" tok=ddc0cfd6449ecf82 take=2 src=tts:gpt-audio-1.5 f0=126 onset=0.313 dur=0.440 vowel=0.403-0.633 level=0.050
199	proc	179	bad	train	shiftMags=0	542.016	1.5	1.5	1.5	30	16000	3	0@0.002	0.352	0.486-0.838	-308.587	782.277	-229	314	986.701	1747.15	676.821	2496.33	988.853	1749.35	677.578	2500.02	108.454	119.662	170.262	-3.71671	0.137951	8.3125	-27.6523	0							1	0.000121741	-3.80072	voice verse "bad" tok=20b9268207fd744c take=2 src=tts:gpt-audio-1.5 f0=108 onset=0.368 dur=0.620 vowel=0.488-0.788 level=0.050
200	proc	180	bead	train	shiftMags=0	544.278	1.5	1.5	1.5	30	16000	3	0@0.002	0.33	0.554-0.884	229.387	456.783	236	143	294.417	2635.19	465.995	3083.43	296.133	2652.33	466.126	3085	133.364	193.985	648.681	-8.948	0.0783648	7.4375	-27.0241	0							1	0.000121954	-9.14082	voice verse "bead" tok=591ab66929cacfb2 take=3 src=tts:gpt-audio-1.5 f0=161 onset=0.371 dur=0.620 vowel=0.551-0.851 level=0.050
201	proc	181	bod	train	shiftMags=0	547.9	1.5	1.5	1.5	30	16000	3	0@0.002	0.32	0.422-0.744	-168.879	957.742	-134	496	783.39	979.86	633.233	1953.26	786.676	982.591	632.725	1944.33	111.331	116.87	84.068	-11.799	0.0492514	8.0625	-27.9162	0							1	0.000117165	-12.5354	voice verse "bod" tok=445f60323c5bc688 take=3 src=tts:gpt-audio-1.5 f0=108 onset=0.302 dur=0.580 vowel=0.432-0.702 level=0.050
202	proc	182	booed	train	shiftMags=0	550.514	1.5	1.5	1.5	30	16000	3	0@0.002	0.314	0.436-0.750	209.857	962.505	212	502	359.654	1081.96	544.359	2053.05	359.654	1081.96	544.359	2053.05	129.357	140.654	144.946	-12.9879	0.0552588	7.6875	-28.266	1	0.985+15.4ms						1	0.000117623	-14.2397	voice verse "booed" tok=719b4deabe835ead take=3 src=tts:gpt-audio-1.5 f0=128 onset=0.313 dur=0.540 vowel=0.423-0.713 level=0.050
203	proc	183	bad	train	shiftMags=0	553.176	1.5	1.5	1.5	30	16000	3	0@0.002	0.392	0.346-0.738	-283.866	780.404	-213	309	960.344	1742.11	664.804	2599.45	974.041	1742.11	671.015	2601.42	126.749	119.566	-100.998	-2.93516	0.142542	8.3125	-27.3241	0							1	0.000121878	-2.97117	voice verse "bad" tok=32f48aa5d63e6bab take=3 src=tts:gpt-audio-1.5 f0=110 onset=0.358 dur=0.540 vowel=0.358-0.698 level=0.050
204	proc	184	bod	train	shiftMags=0	555.746	1.5	1.5	1.5	30	16000	3	0@0.002	0.322	0.420-0.742	-148.295	958.276	-119	502	760.51	994.969	631.776	1898.77	760.51	994.969	629.971	1898.77	110.646	112.989	36.2753	-11.6273	0.093311	8.0625	-28.0427	0							1	0.000119844	-12.3076	voice verse "bod" tok=0c114da9f7b024ff take=0 src=tts:gpt-audio-1.5 f0=101 onset=0.319 dur=0.560 vowel=0.409-0.699 level=0.050
205	proc	185	booed	train	shiftMags=0	558.692	1.5	1.5	1.5	30	16000	3	0@0.002	0.306	0.522-0.828	185.16	938.323	184	463	411.751	1181.76	556.817	2066.92	411.751	1181.76	556.817	2066.92	117.071	141.31	325.771	-12.224	0.0736622	7.6875	-27.1895	0							1	0.000121217	-12.8129	voice verse "booed" tok=83922517001ee681 take=0 src=tts:gpt-audio-1.5 f0=128 onset=0.344 dur=0.580 vowel=0.524-0.784 level=0.050
206	proc	186	bad	train	shiftMags=0	561.387	1.5	1.5	1.5	30	16000	3	0@0.002	0.382	0.470-0.852	-277.097	788.344	-209	314	963.718	1728.63	675.142	2439.13	964.324	1737.24	676.098	2441.04	111.421	114.314	44.3741	-3.70021	0.131575	8.3125	-27.3166	0							1	0.000121478	-3.77483	voice verse "bad" tok=f14bf2bb75ce53a1 take=0 src=tts:gpt-audio-1.5 f0=110 onset=0.315 dur=0.650 vowel=0.465-0.815 level=0.050
207	proc	187	bead	train	shiftMags=0	563.964	1.5	1.5	1.5	30	16000	3	0@0.002	0.286	0.414-0.700	238.553	473.365	247	149	282.751	2576.82	487.102	3075.45	288.092	2590.27	491.717	3082.82	136.699	181.41	489.902	-8.36004	0.0903397	7.4375	-27.4739	0							1	0.000120576	-8.45421	voice verse "bead" tok=ed777669e4d3930f take=0 src=tts:gpt-audio-1.5 f0=133 onset=0.349 dur=0.460 vowel=0.419-0.679 level=0.050
208	proc	188	bod	train	shiftMags=0	566.936	1.5	1.5	1.5	30	16000	3	0@0.002	0.324	0.412-0.736	-147.881	949.772	-119	485	769.395	995.409	646.435	1968.53	781.073	997.904	645.691	1969.57	98.2016	106.054	133.177	-10.2427	0.105954	8.125	-27.5487	0							1	0.000119149	-10.8231	voice verse "bod" tok=a803a4278759a776 take=1 src=tts:gpt-audio-1.5 f0=103 onset=0.288 dur=0.580 vowel=0.418-0.698 level=0.050
209	proc	189	bead	train	shiftMags=0	569.575	1.5	1.5	1.5	30	16000	3	0@0.002	0.352	0.530-0.882	244.372	444.565	255	138	275.876	2686.26	406.028	3091.26	275.876	2686.26	406.028	3091.26	114.649	196.137	929.564	-10.5662	0.0907933	7.4375	-28.3713	0							1	0.000122049	-11.0246	voice verse "bead" tok=9dca03533c697cf2 take=1 src=tts:gpt-audio-1.5 f0=146 onset=0.360 dur=0.740 vowel=0.530-0.840 level=0.050
210	proc	190	bad	train	shiftMags=0	571.831	1.5	1.5	1.5	30	16000	3	0@0.002	0.33	0.412-0.742	-314.003	779.959	-233	309	992.79	1836.2	682.569	2580.12	993.786	1832.2	683.606	2578.61	129.461	120.163	-129.036	-3.51358	0.129288	8.3125	-27.8727	0							1	0.000119273	-3.71174	voice verse "bad" tok=bf7483341168036e take=1 src=tts:gpt-audio-1.5 f0=117 onset=0.292 dur=0.610 vowel=0.292-0.702 level=0.050
211	proc	191	booed	train	shiftMags=0	574.551	1.5	1.5	1.5	30	16000	3	0@0.002	0.358	0.376-0.734	216.351	965.412	220	513	351.902	1140.33	511.43	2102.73	350.495	1143	512.445	2120.53	130.859	167.351	425.835	-13.1316	0.0613758	7.4375	-27.6084	0							1	0.000121899	-13.8481	voice verse "booed" tok=574c639fb30ce1dd take=1 src=tts:gpt-audio-1.5 f0=139 onset=0.311 dur=0.610 vowel=0.381-0.681 level=0.050
212	proc	192	bad	train	shiftMags=0	577.525	1.5	1.5	1.5	30	16000	3	0@0.002	0.35	0.474-0.824	-308.622	782.172	-229	314	986.287	1742.14	678.998	2496.26	986.64	1743.48	679.205	2500.81	108.853	111.388	39.8634	-3.6171	0.13877	8.3125	-27.6531	0							1	0.00012087	-3.77726	voice verse "bad" tok=20b9268207fd744c take=2 src=tts:gpt-audio-1.5 f0=108 onset=0.356 dur=0.620 vowel=0.476-0.776 level=0.050
213	proc	193	bead	train	shiftMags=0	580.265	1.5	1.5	1.5	30	16000	3	0@0.002	0.306	0.456-0.762	229.526	470.709	236	149	297.972	2634.42	475.84	3105.99	298.358	2638.85	477.171	3107.18	119.651	185.922	763.036	-7.75225	0.0937365	7.6875	-27.0426	0							1	0.000120212	-8.01508	voice verse "bead" tok=8dd8d6a5ab0aa0cf take=2 src=tts:gpt-audio-1.5 f0=143 onset=0.331 dur=0.560 vowel=0.451-0.741 level=0.050
214	proc	194	bod	train	shiftMags=0	582.665	1.5	1.5	1.5	30	16000	3	0@0.002	0.328	0.452-0.784	-157.735	952.72	-126	491	789.347	1026.22	635.715	2007.86	791.482	1027.36	635.72	2012.68	109.295	117.018	118.206	-10.8194	0.076445	8.0625	-27.5063	0							1	0.000121525	-11.3526	voice verse "bod" tok=2d28534e2d6185c4 take=2 src=tts:gpt-audio-1.5 f0=105 onset=0.374 dur=0.490 vowel=0.444-0.744 level=0.050
215	proc	195	booed	train	shiftMags=0	585.543	1.5	1.5	1.5	30	16000	3	0@0.002	0.262	0.416-0.678	175.669	940.371	173	469	386.755	1154.13	577.462	2070.99	387.677	1157.62	568.112	2073.12	129.691	180.745	574.654	-12.3745	0.0482668	7.6875	-28.7161	1	1.485+15.4ms						1	0.00012143	-13.4054	voice verse "booed" tok=ddc0cfd6449ecf82 take=2 src=tts:gpt-audio-1.5 f0=126 onset=0.325 dur=0.440 vowel=0.415-0.645 level=0.050
216	proc	196	bead	train	shiftMags=0	587.82	1.5	1.5	1.5	30	16000	3	0@0.002	0.33	0.516-0.846	229.374	456.412	236	143	297.06	2652.23	469.725	3074.49	296.073	2655.97	469.76	3078.19	131.817	192.75	657.833	-8.84133	0.0757425	7.4375	-27.0243	0							1	0.000121348	-9.11712	voice verse "bead" tok=591ab66929cacfb2 take=3 src=tts:gpt-audio-1.5 f0=161 onset=0.333 dur=0.620 vowel=0.513-0.813 level=0.050
217	proc	197	bad	train	shiftMags=0	590.705	1.5	1.5	1.5	30	16000	3	0@0.002	0.394	0.358-0.752	-283.805	780.86	-213	309	957.098	1771.87	661.652	2630.78	971.486	1771.87	662.966	2630.78	126.206	118.97	-102.222	-2.91891	0.146773	8.3125	-27.3232	0							1	0.000121632	-2.98785	voice verse "bad" tok=32f48aa5d63e6bab take=3 src=tts:gpt-audio-1.5 f0=110 onset=0.371 dur=0.540 vowel=0.371-0.711 level=0.050
218	proc	198	bod	train	shiftMags=0	593.057	1.5	1.5	1.5	30	16000	3	0@0.002	0.32	0.454-0.776	-168.852	957.677	-134	496	784.754	980.36	633.07	1925.85	785.642	982.077	632.776	1921.07	112.322	114.191	28.5756	-11.5926	0.0637861	8.0625	-27.9164	0							0	0.000121496		voice verse "bod" tok=445f60323c5bc688 take=3 src=tts:gpt-audio-1.5 f0=108 onset=0.334 dur=0.580 vowel=0.464-0.734 level=0.050
219	proc	199	booed	train	shiftMags=0	595.938	1.5	1.5	1.5	30	16000	3	0@0.002	0.312	0.486-0.798	209.163	961.557	212	502	359.059	1083.12	557.871	2054.49	359.059	1083.12	557.871	2054.49	130.647	174.232	498.407	-13.12	0.057988	7.6875	-28.2668	0							1	0.000121927	-14.293	voice verse "booed" tok=719b4deabe835ead take=3 src=tts:gpt-audio-1.5 f0=128 onset=0.362 dur=0.540 vowel=0.472-0.762 level=0.050
220	proc	200	bad	train	shiftMags=0	598.321	1.5	1.5	1.5	30	16000	3	0@0.002	0.382	0.464-0.846	-277.099	788.278	-209	314	965.448	1724.3	674.46	2442.94	966.175	1730.36	675.261	2444.53	102.869	114.247	181.616	-3.74541	0.131095	8.3125	-27.317	0							1	0.000121163	-3.78199	voice verse "bad" tok=f14bf2bb75ce53a1 take=0 src=tts:gpt-audio-1.5 f0=110 onset=0.309 dur=0.650 vowel=0.459-0.809 level=0.050
221	proc	201	bead	train	shiftMags=0	600.681	1.5	1.5	1.5	30	16000	3	0@0.002	0.286	0.354-0.640	238.412	472.891	247	149	284.006	2569.26	476.674	3088.34	286.333	2586.32	484.687	3089.91	138.062	181.7	475.501	-8.05264	0.0983734	7.6875	-27.4735	0							1	0.000121907	-8.2832	voice verse "bead" tok=ed777669e4d3930f take=0 src=tts:gpt-audio-1.5 f0=133 onset=0.290 dur=0.460 vowel=0.360-0.620 level=0.050
222	proc	202	bod	train	shiftMags=0	603.12	1.5	1.5	1.5	30	16000	3	0@0.002	0.322	0.438-0.760	-151.958	958.813	-122	502	762.096	993.258	626.313	1894.43	774.074	994.672	625.378	1894.43	110.604	113.253	40.96	-11.5177	0.0947621	8.0625	-28.0435	1	0.985+15.4ms						1	0.000121656	-12.2875	voice verse "bod" tok=0c114da9f7b024ff take=0 src=tts:gpt-audio-1.5 f0=101 onset=0.336 dur=0.560 vowel=0.426-0.716 level=0.050
223	proc	203	booed	train	shiftMags=0	605.748	1.5	1.5	1.5	30	16000	3	0@0.002	0.304	0.550-0.854	185.05	938.371	184	463	410.892	1185.62	557.858	2080.82	410.892	1185.62	557.858	2080.82	116.106	141.267	339.574	-12.0758	0.0821233	7.6875	-27.1881	0							1	0.000114808	-12.6201	voice verse "booed" tok=83922517001ee681 take=0 src=tts:gpt-audio-1.5 f0=128 onset=0.370 dur=0.580 vowel=0.550-0.810 level=0.050
224	proc	204	bead	train	shiftMags=0	608.517	1.5	1.5	1.5	30	16000	3	0@0.002	0.35	0.466-0.816	244.292	444.76	255	138	274.501	2679.23	418.149	3096.15	274.742	2685.21	417.437	3099.86	113.95	194.848	928.743	-10.9902	0.0899436	7.4375	-28.3729	0							1	0.000120193	-11.5026	voice verse "bead" tok=9dca03533c697cf2 take=1 src=tts:gpt-audio-1.5 f0=146 onset=0.294 dur=0.740 vowel=0.464-0.774 level=0.050
225	proc	205	bad	train	shiftMags=0	611.151	1.5	1.5	1.5	30	16000	3	0@0.002	0.328	0.440-0.768	-311.461	778.762	-231	309	993.294	1828.98	675.05	2585.29	995.357	1828.62	675.843	2581.85	129.585	124.236	-72.985	-3.53271	0.123442	8.3125	-27.8726	0							1	0.000121988	-3.65916	voice verse "bad" tok=bf7483341168036e take=1 src=tts:gpt-audio-1.5 f0=117 onset=0.319 dur=0.610 vowel=0.319-0.729 level=0.050
226	proc	206	booed	train	shiftMags=0	613.455	1.5	1.5	1.5	30	16000	3	0@0.002	0.36	0.390-0.750	216.367	967.896	220	515.5	351.06	1139.45	513.484	2100.21	351.06	1139.45	513.484	2100.21	127.574	166.64	462.474	-13.8183	0.046453	7.375	-27.6082	0							1	0.000121247	-14.6352	voice verse "booed" tok=574c639fb30ce1dd take=1 src=tts:gpt-audio-1.5 f0=139 onset=0.326 dur=0.610 vowel=0.396-0.696 level=0.050
227	proc	207	bod	train	shiftMags=0	616.415	1.5	1.5	1.5	30	16000	3	0@0.002	0.326	0.464-0.790	-147.761	949.81	-119	485	790.733	994.469	631.867	1981.31	792.98	1007.58	626.208	1985.88	101.05	112.068	179.164	-11.4984	0.0855067	8	-27.5475	0							1	0.000121824	-11.8672	voice verse "bod" tok=a803a4278759a776 take=1 src=tts:gpt-audio-1.5 f0=103 onset=0.340 dur=0.580 vowel=0.470-0.750 level=0.050
228	proc	208	bod	train	shiftMags=0	619.294	1.5	1.5	1.5	30	16000	3	0@0.002	0.332	0.372-0.706	-157.652	952.04	-126	491	788.473	1024.4	636.049	2001.85	791.392	1027.57	636.254	2001.9	109.727	109.892	2.59821	-11.3651	0.0801455	8.0625	-27.5048	0							1	0.000120687	-12.0552	voice verse "bod" tok=2d28534e2d6185c4 take=2 src=tts:gpt-audio-1.5 f0=105 onset=0.296 dur=0.490 vowel=0.366-0.666 level=0.050
229	proc	209	booed	train	shiftMags=0	621.819	1.5	1.5	1.5	30	16000	3	0@0.002	0.262	0.388-0.650	175.664	940.278	173	463	387.419	1154.26	570.059	2083.83	387.881	1156.41	564.09	2087.05	130.098	137.312	93.4386	-12.3084	0.0493106	7.6875	-28.7175	0							1	0.00012182	-13.1927	voice verse "booed" tok=ddc0cfd6449ecf82 take=2 src=tts:gpt-audio-1.5 f0=126 onset=0.296 dur=0.440 vowel=0.386-0.616 level=0.050
230	proc	210	bad	train	shiftMags=0	624.097	1.5	1.5	1.5	30	16000	3	0@0.002	0.352	0.452-0.804	-308.552	782.409	-229	314	984.756	1742.42	681.762	2497.32	986.907	1742.42	682.623	2500.91	108.676	115.702	108.463	-3.77099	0.13254	8.3125	-27.6532	0							1	0.000121875	-3.84331	voice verse "bad" tok=20b9268207fd744c take=2 src=tts:gpt-audio-1.5 f0=108 onset=0.335 dur=0.620 vowel=0.455-0.755 level=0.050
231	proc	211	bead	train	shiftMags=0	627.654	1.5	1.5	1.5	30	16000	3	0@0.002	0.304	0.444-0.748	229.275	471.348	236	149	296.368	2636.36	469.157	3102.76	296.843	2639.18	470.905	3104.02	123.433	185.996	709.858	-7.66795	0.0924557	7.6875	-27.043	0							1	0.000119619	-7.90274	voice verse "bead" tok=8dd8d6a5ab0aa0cf take=2 src=tts:gpt-audio-1.5 f0=143 onset=0.319 dur=0.560 vowel=0.439-0.729 level=0.050
232	proc	212	bod	train	shiftMags=0	630.626	1.5	1.5	1.5	30	16000	3	0@0.002	0.32	0.456-0.778	-168.888	957.406	-134	496	776.099	985.558	637.312	1941.82	786.186	985.558	636.575	1941.82	113.748	121.158	109.267	-11.8545	0.0554124	8.125	-27.9156	0							1	0.00011904	-12.6932	voice verse "bod" tok=445f60323c5bc688 take=3 src=tts:gpt-audio-1.5 f0=108 onset=0.337 dur=0.580 vowel=0.467-0.737 level=0.050
233	proc	213	bead	train	shiftMags=0	633.592	1.5	1.5	1.5	30	16000	3	0@0.002	0.33	0.498-0.828	229.466	456.335	236	143	296.525	2651.2	472.854	3079.82	295.277	2658.1	473.265	3086.23	132.148	193.98	664.506	-8.10911	0.0974592	7.4375	-27.024	0							1	0.000121866	-8.2501	voice verse "bead" tok=591ab66929cacfb2 take=3 src=tts:gpt-audio-1.5 f0=161 onset=0.313 dur=0.620 vowel=0.493-0.793 level=0.050
234	proc	214	booed	train	shiftMags=0	635.968	1.5	1.5	1.5	30	16000	3	0@0.002	0.312	0.496-0.808	209.237	961.738	212	502	359.257	1083.88	550.305	2050.98	359.257	1083.88	550.305	2050.98	130.726	179.514	549.068	-13.0326	0.0634009	7.6875	-28.2668	0							0	0.000114151		voice verse "booed" tok=719b4deabe835ead take=3 src=tts:gpt-audio-1.5 f0=128 onset=0.372 dur=0.540 vowel=0.482-0.772 level=0.050
235	proc	215	bad	train	shiftMags=0	638.366	1.5	1.5	1.5	30	16000	3	0@0.002	0.392	0.354-0.746	-283.847	779.71	-213	309	959.326	1738.03	670.576	2610.21	968.878	1758.8	672.74	2624.48	126.576	119.556	-98.7784	-2.85268	0.148282	8.3125	-27.3235	1	1.485+15.4ms						1	0.000121994	-2.97951	voice verse "bad" tok=32f48aa5d63e6bab take=3 src=tts:gpt-audio-1.5 f0=110 onset=0.367 dur=0.540 vowel=0.367-0.707 level=0.050
236	proc	216	booed	train	shiftMags=0	641.349	1.5	1.5	1.5	30	16000	3	0@0.002	0.308	0.510-0.818	185.38	939.592	184	463	411.968	1190.01	556.613	2094.25	411.968	1190.01	556.613	2094.25	116.955	140.562	318.306	-11.8265	0.0766606	7.6875	-27.191	0							1	0.000121424	-12.2766	voice verse "booed" tok=83922517001ee681 take=0 src=tts:gpt-audio-1.5 f0=128 onset=0.333 dur=0.580 vowel=0.513-0.773 level=0.050
237	proc	217	bead	train	shiftMags=0	643.853	1.5	1.5	1.5	30	16000	3	0@0.002	0.286	0.362-0.648	238.356	473.28	247	149	281.653	2581.49	482.598	3086.15	287.309	2593.42	486.574	3086.7	139.78	182.138	458.246	-8.15458	0.0940587	7.4375	-27.4737	0							1	0.0001213	-8.30158	voice verse "bead" tok=ed777669e4d3930f take=0 src=tts:gpt-audio-1.5 f0=133 onset=0.298 dur=0.460 vowel=0.368-0.628 level=0.050
238	proc	218	bod	train	shiftMags=0	646.625	1.5	1.5	1.5	30	16000	3	0@0.002	0.322	0.388-0.710	-148.316	958.639	-119	502	750.479	992.433	632.412	1901.25	768.611	993.848	630.381	1901.25	112.423	115.296	43.6911	-12.1199	0.0884111	8.125	-28.0422	0							0	0.000121679		voice verse "bod" tok=0c114da9f7b024ff take=0 src=tts:gpt-audio-1.5 f0=101 onset=0.287 dur=0.560 vowel=0.377-0.667 level=0.050
239	proc	219	bad	train	shiftMags=0	649.572	1.5	1.5	1.5	30	16000	3	0@0.002	0.382	0.446-0.828	-276.964	788.28	-209	314	966.42	1747.2	668.348	2439.65	967.019	1747.2	672.904	2439.65	103.371	114.894	182.955	-3.68068	0.129773	8.3125	-27.317	0							1	0.000121392	-3.82174	voice verse "bad" tok=f14bf2bb75ce53a1 take=0 src=tts:gpt-audio-1.5 f0=110 onset=0.292 dur=0.650 vowel=0.442-0.792 level=0.050
240	proc	220	booed	train	shiftMags=0	652.441	1.5	1.5	1.5	30	16000	3	0@0.002	0.358	0.408-0.766	216.154	965.752	220	513	350.028	1145.38	515.274	2103.77	350.028	1145.38	515.274	2103.77	127.706	167.975	474.507	-13.2532	0.0525254	7.4375	-27.6071	0							1	0.000119055	-13.9059	voice verse "booed" tok=574c639fb30ce1dd take=1 src=tts:gpt-audio-1.5 f0=139 onset=0.343 dur=0.610 vowel=0.413-0.713 level=0.050
241	proc	221	bad	train	shiftMags=0	655.294	1.5	1.5	1.5	30	16000	3	0@0.002	0.328	0.460-0.788	-314.054	779.207	-233	309	993.415	1829.31	679.94	2576.06	995.176	1829.17	681.248	2573.89	129.773	120.225	-132.298	-3.58442	0.12773	8.3125	-27.8723	0							1	0.000120518	-3.70506	voice verse "bad" tok=bf7483341168036e take=1 src=tts:gpt-audio-1.5 f0=117 onset=0.339 dur=0.610 vowel=0.339-0.749 level=0.050
242	proc	222	bead	train	shiftMags=0	658.004	1.5	1.5	1.5	30	16000	3	0@0.002	0.35	0.464-0.814	244.4	444.723	255	138	273.379	2690.59	419.536	3079.24	273.379	2690.59	419.536	3079.24	118.342	194.936	864.043	-11.1918	0.0882048	7.5625	-28.3708	0							1	0.000121862	-11.5372	voice verse "bead" tok=9dca03533c697cf2 take=1 src=tts:gpt-audio-1.5 f0=146 onset=0.292 dur=0.740 vowel=0.462-0.772 level=0.050
243	proc	223	bod	train	shiftMags=0	660.859	1.5	1.5	1.5	30	16000	3	0@0.002	0.326	0.474-0.800	-147.752	949.831	-119	485	790.867	994.732	635.123	1974.18	792.848	1007.04	637.662	1982.77	100.141	111.327	183.326	-11.7596	0.0776391	8	-27.5531	0							1	0.000121553	-12.1279	voice verse "bod" tok=a803a4278759a776 take=1 src=tts:gpt-audio-1.5 f0=103 onset=0.351 dur=0.580 vowel=0.481-0.761 level=0.050
244	proc	224	bead	train	shiftMags=0	663.286	1.5	1.5	1.5	30	16000	3	0@0.002	0.306	0.434-0.740	229.586	471.356	236	149	296.794	2635.32	470.982	3102.7	297.604	2636.71	476.062	3103.33	123.289	185.918	711.149	-7.87236	0.0878897	7.6875	-27.0433	0							1	0.000121668	-8.09386	voice verse "bead" tok=8dd8d6a5ab0aa0cf take=2 src=tts:gpt-audio-1.5 f0=143 onset=0.310 dur=0.560 vowel=0.430-0.720 level=0.050
245	proc	225	bod	train	shiftMags=0	666.214	1.5	1.5	1.5	30	16000	3	0@0.002	0.328	0.410-0.738	-157.64	952.523	-126	491	790.294	1026.34	633.674	2002.1	790.576	1028.18	634.82	2003.74	109.679	115.775	93.6383	-11.4593	0.0786123	8.125	-27.5041	0							1	0.000121873	-12.0496	voice verse "bod" tok=2d28534e2d6185c4 take=2 src=tts:gpt-audio-1.5 f0=105 onset=0.333 dur=0.490 vowel=0.403-0.703 level=0.050
246	proc	226	bad	train	shiftMags=0	668.624	1.5	1.5	1.5	30	16000	3	0@0.002	0.35	0.418-0.768	-308.686	782.078	-229	314	986.457	1750.99	677.885	2503.38	989.462	1750.99	679.264	2503.38	108.88	114.183	82.3307	-3.61012	0.140561	8.3125	-27.6531	0							1	0.000120744	-3.74577	voice verse "bad" tok=20b9268207fd744c take=2 src=tts:gpt-audio-1.5 f0=108 onset=0.300 dur=0.620 vowel=0.420-0.720 level=0.050
247	proc	227	booed	train	shiftMags=0	670.966	1.5	1.5	1.5	30	16000	3	0@0.002	0.262	0.446-0.708	175.645	940.446	173	469	386.819	1154.15	566.65	2070.62	387.635	1157.71	562.912	2071.89	129.724	157.1	331.492	-12.6575	0.0514295	7.6875	-28.7144	0							1	0.000121792	-13.3881	voice verse "booed" tok=ddc0cfd6449ecf82 take=2 src=tts:gpt-audio-1.5 f0=126 onset=0.355 dur=0.440 vowel=0.445-0.675 level=0.050
248	proc	228	bad	train	shiftMags=0	673.793	1.5	1.5	1.5	30	16000	3	0@0.002	0.392	0.324-0.716	-283.862	781.02	-213	309	955.55	1740.82	663.83	2620.92	963.973	1772.79	667.692	2634.35	125.415	120.081	-75.2555	-2.95169	0.151045	8.3125	-27.3234	0							1	0.000121127	-2.97242	voice verse "bad" tok=32f48aa5d63e6bab take=3 src=tts:gpt-audio-1.5 f0=110 onset=0.336 dur=0.540 vowel=0.336-0.676 level=0.050
249	proc	229	booed	train	shiftMags=0	676.787	1.5	1.5	1.5	30	16000	3	0@0.002	0.312	0.454-0.766	209.252	961.749	212	502	360.352	1084.58	547.955	2057.82	360.352	1084.58	547.955	2057.82	132.38	185.367	582.831	-13.329	0.0503209	7.5625	-28.2664	0							1	0.000108194	-14.2903	voice verse "booed" tok=719b4deabe835ead take=3 src=tts:gpt-audio-1.5 f0=128 onset=0.330 dur=0.540 vowel=0.440-0.730 level=0.050
250	proc	230	bead	train	shiftMags=0	679.606	1.5	1.5	1.5	30	16000	3	0@0.002	0.33	0.482-0.812	229.63	456.986	236	143	295.807	2645.01	467.142	3080.9	296.087	2674.04	467.576	3085.76	135.697	193.76	616.663	-8.42677	0.0855519	7.4375	-27.0236	0							1	0.000121811	-8.68251	voice verse "bead" tok=591ab66929cacfb2 take=3 src=tts:gpt-audio-1.5 f0=161 onset=0.298 dur=0.620 vowel=0.478-0.778 level=0.050
251	proc	231	bod	train	shiftMags=0	682.324	1.5	1.5	1.5	30	16000	3	0@0.002	0.32	0.468-0.790	-168.906	957.73	-134	496	774.837	987.332	633.588	1929.71	775.84	987.332	633.303	1929.71	113.418	121.414	117.949	-11.2354	0.0650487	8.0625	-27.9158	0							1	0.000117991	-11.8204	voice verse "bod" tok=445f60323c5bc688 take=3 src=tts:gpt-audio-1.5 f0=108 onset=0.348 dur=0.580 vowel=0.478-0.748 level=0.050
252	proc	232	booed	train	shiftMags=0	684.64	1.5	1.5	1.5	30	16000	3	0@0.002	0.304	0.536-0.840	185.331	938.374	184	463	413.148	1185.33	559.596	2092.5	413.148	1185.33	559.596	2092.5	117.058	138.117	286.398	-11.7554	0.0868717	7.6875	-27.1903	0							1	0.000120668	-12.4511	voice verse "booed" tok=83922517001ee681 take=0 src=tts:gpt-audio-1.5 f0=128 onset=0.356 dur=0.580 vowel=0.536-0.796 level=0.050
253	proc	233	bod	train	shiftMags=0	687.287	1.5	1.5	1.5	30	16000	3	0@0.002	0.322	0.452-0.774	-151.895	958.408	-122	502	748.744	993.375	623.93	1915.56	748.744	993.375	623.32	1901.89	106.927	121.412	219.938	-11.8121	0.0888319	8.0625	-28.0431	0							1	0.000121807	-12.2958	voice verse "bod" tok=0c114da9f7b024ff take=0 src=tts:gpt-audio-1.5 f0=101 onset=0.351 dur=0.560 vowel=0.441-0.731 level=0.050
254	proc	234	bad	train	shiftMags=0	689.67	1.5	1.5	1.5	30	16000	3	0@0.002	0.382	0.480-0.862	-277.231	789.309	-209	320	963.661	1738.93	668.788	2440.44	965.023	1738.93	673.694	2440.44	110.491	114.347	59.3962	-3.52483	0.142129	8.3125	-27.3168	0							1	0.000121721	-3.59734	voice verse "bad" tok=f14bf2bb75ce53a1 take=0 src=tts:gpt-audio-1.5 f0=110 onset=0.324 dur=0.650 vowel=0.474-0.824 level=0.050
255	proc	235	bead	train	shiftMags=0	692.326	1.5	1.5	1.5	30	16000	3	0@0.002	0.286	0.384-0.670	238.407	473.182	247	149	283.607	2571.53	469.052	3086.6	286.937	2587.39	469.909	3087.7	137.627	182.813	491.534	-8.06693	0.0995319	7.4375	-27.4741	1	1.485+15.4ms						1	0.000121431	-8.22606	voice verse "bead" tok=ed777669e4d3930f take=0 src=tts:gpt-audio-1.5 f0=133 onset=0.320 dur=0.460 vowel=0.390-0.650 level=0.050
256	proc	236	booed	train	shiftMags=0	694.883	1.5	1.5	1.5	30	16000	3	0@0.002	0.36	0.398-0.758	216.41	967.274	220	515.5	350.566	1142.7	512.798	2077.23	350.566	1142.7	512.798	2077.23	125.904	165.171	469.956	-13.9461	0.0523224	7.375	-27.6075	0							1	0.000116204	-14.6915	voice verse "booed" tok=574c639fb30ce1dd take=1 src=tts:gpt-audio-1.5 f0=139 onset=0.334 dur=0.610 vowel=0.404-0.704 level=0.050
257	proc	237	bad	train	shiftMags=0	697.239	1.5	1.5	1.5	30	16000	3	0@0.002	0.328	0.452-0.780	-311.6	778.985	-231	309	994.223	1835.15	673.014	2582.45	994.616	1831.57	675.408	2574.04	126.048	119.584	-91.1443	-3.62897	0.122357	8.3125	-27.8725	0							1	0.000120183	-3.65758	voice verse "bad" tok=bf7483341168036e take=1 src=tts:gpt-audio-1.5 f0=117 onset=0.331 dur=0.610 vowel=0.331-0.741 level=0.050
258	proc	238	bead	train	shiftMags=0	699.897	1.5	1.5	1.5	30	16000	3	0@0.002	0.352	0.468-0.820	244.476	444.687	255	138	275.742	2685.68	414.462	3085.76	276.307	2687.29	417.44	3086.84	114.354	195.709	930.247	-10.5472	0.0890382	7.5625	-28.3711	0							1	0.000121291	-11.0531	voice verse "bead" tok=9dca03533c697cf2 take=1 src=tts:gpt-audio-1.5 f0=146 onset=0.297 dur=0.740 vowel=0.467-0.777 level=0.050
259	proc	239	bod	train	shiftMags=0	702.74	1.5	1.5	1.5	30	16000	3	0@0.002	0.324	0.444-0.768	-147.877	949.342	-119	485	790.391	993.761	635.451	1985.28	792.97	1008.3	636.461	1987.04	100.262	114.968	236.945	-10.6527	0.0823249	8	-27.5521	0							1	0.000118248	-11.2402	voice verse "bod" tok=a803a4278759a776 take=1 src=tts:gpt-audio-1.5 f0=103 onset=0.320 dur=0.580 vowel=0.450-0.730 level=0.050
260	proc	240	bod	train	shiftMags=0	705.526	1.5	1.5	1.5	30	16000	3	0@0.002	0.328	0.370-0.698	-157.707	952.657	-126	491	790.571	1026.48	622.039	2010.58	790.799	1028.75	625.18	2013.55	110.069	117.999	120.436	-11.5125	0.076849	8.0625	-27.5076	0							1	0.000120125	-12.0141	voice verse "bod" tok=2d28534e2d6185c4 take=2 src=tts:gpt-audio-1.5 f0=105 onset=0.293 dur=0.490 vowel=0.363-0.663 level=0.050
261	proc	241	bead	train	shiftMags=0	708.881	1.5	1.5	1.5	30	16000	3	0@0.002	0.306	0.416-0.722	229.624	471.236	236	149	298.918	2641.78	474.943	3107.37	299.034	2642.2	479.344	3109.32	117.555	185.935	793.752	-7.86028	0.0869288	7.6875	-27.0432	0							1	0.000120891	-8.12861	voice verse "bead" tok=8dd8d6a5ab0aa0cf take=2 src=tts:gpt-audio-1.5 f0=143 onset=0.292 dur=0.560 vowel=0.412-0.702 level=0.050
262	proc	242	bad	train	shiftMags=0	711.834	1.5	1.5	1.5	30	16000	3	0@0.002	0.352	0.420-0.772	-308.596	782.37	-229	314	985.565	1747.06	679.379	2502.34	988.959	1747.06	680.735	2504	105.964	113.636	121.02	-3.79305	0.133821	8.3125	-27.6521	1	0.985+15.4ms						1	0.000121798	-3.80145	voice verse "bad" tok=20b9268207fd744c take=2 src=tts:gpt-audio-1.5 f0=108 onset=0.302 dur=0.620 vowel=0.422-0.722 level=0.050
263	proc	243	booed	train	shiftMags=0	714.783	1.5	1.5	1.5	30	16000	3	0@0.002	0.262	0.462-0.724	175.825	940.928	173	469	386.261	1155.57	559.647	2074.01	386.261	1155.57	559.647	2074.01	128.256	188.746	668.912	-12.0752	0.054763	7.6875	-28.7164	0							0	0.000121469		voice verse "booed" tok=ddc0cfd6449ecf82 take=2 src=tts:gpt-audio-1.5 f0=126 onset=0.372 dur=0.440 vowel=0.462-0.692 level=0.050
264	proc	244	booed	train	shiftMags=0	717.302	1.5	1.5	1.5	30	16000	3	0@0.002	0.312	0.420-0.732	209.221	961.699	212	502	367.252	1088.79	550.086	2062.78	367.252	1088.79	550.086	2062.78	131.569	176.006	503.769	-13.5418	0.0508929	7.6875	-28.2665	0							1	0.000120556	-14.2619	voice verse "booed" tok=719b4deabe835ead take=3 src=tts:gpt-audio-1.5 f0=128 onset=0.296 dur=0.540 vowel=0.406-0.696 level=0.050
265	proc	245	bod	train	shiftMags=0	720.285	1.5	1.5	1.5	30	16000	3	0@0.002	0.318	0.406-0.726	-169.007	957.564	-134	496	782.281	983.789	636.646	1922.04	786.358	983.789	636.383	1922.04	112.963	113.385	6.44738	-10.8786	0.0807663	8.0625	-27.915	0							1	0.000121251	-11.2431	voice verse "bod" tok=445f60323c5bc688 take=3 src=tts:gpt-audio-1.5 f0=108 onset=0.286 dur=0.580 vowel=0.416-0.686 level=0.050
266	proc	246	bead	train	shiftMags=0	722.678	1.5	1.5	1.5	30	16000	3	0@0.002	0.33	0.556-0.886	229.633	456.78	236	143	297.01	2652.21	467.71	3079.51	295.975	2652.97	469.856	3086.53	134.845	193.472	624.986	-8.62889	0.0758501	7.5625	-27.0244	0							1	0.000121642	-8.93187	voice verse "bead" tok=591ab66929cacfb2 take=3 src=tts:gpt-audio-1.5 f0=161 onset=0.372 dur=0.620 vowel=0.552-0.852 level=0.050
267	proc	247	bad	train	shiftMags=0	725.228	1.5	1.5	1.5	30	16000	3	0@0.002	0.392	0.278-0.670	-283.829	781.033	-213	311.5	957.785	1766.62	666.103	2618.39	971.958	1766.62	668.312	2618.39	125.412	116.766	-123.669	-2.9205	0.144072	8.3125	-27.3231	0							1	0.000122018	-2.97454	voice verse "bad" tok=32f48aa5d63e6bab take=3 src=tts:gpt-audio-1.5 f0=110 onset=0.291 dur=0.540 vowel=0.291-0.631 level=0.050
268	proc	248	bead	train	shiftMags=0	728.109	1.5	1.5	1.5	30	16000	3	0@0.002	0.288	0.356-0.644	239.649	473.233	249	149	283.17	2582.5	465.028	3091.2	286.061	2601.6	466.784	3091.71	143.012	182.325	420.452	-7.90977	0.091236	7.6875	-27.473	0							1	0.000121338	-8.29166	voice verse "bead" tok=ed777669e4d3930f take=0 src=tts:gpt-audio-1.5 f0=133 onset=0.293 dur=0.460 vowel=0.363-0.623 level=0.050
269	proc	249	bad	train	shiftMags=0	730.423	1.5	1.5	1.5	30	16000	3	0@0.002	0.382	0.506-0.888	-277.006	788.377	-209	314	966.7	1745.95	676.769	2438.83	967.093	1745.95	677.375	2438.83	103.64	112.97	149.243	-3.83206	0.134942	8.3125	-27.3157	0							1	0.000121826	-3.81667	voice verse "bad" tok=f14bf2bb75ce53a1 take=0 src=tts:gpt-audio-1.5 f0=110 onset=0.351 dur=0.650 vowel=0.501-0.851 level=0.050
270	proc	250	booed	train	shiftMags=0	732.969	1.5	1.5	1.5	30	16000	3	0@0.002	0.304	0.516-0.820	184.977	938.392	184	463	412.966	1185.12	561.241	2083.42	412.966	1185.12	561.241	2083.42	117.193	138.291	286.589	-12.0238	0.0768431	7.6875	-27.1886	0							1	0.000118895	-12.5221	voice verse "booed" tok=83922517001ee681 take=0 src=tts:gpt-audio-1.5 f0=128 onset=0.336 dur=0.580 vowel=0.516-0.776 level=0.050
271	proc	251	bod	train	shiftMags=0	735.226	1.5	1.5	1.5	30	16000	3	0@0.002	0.322	0.418-0.740	-151.876	959.343	-122	502	762.394	994.161	629.032	1909.37	773.888	996.255	626.326	1909.37	111.845	113.955	32.355	-11.6189	0.090801	8.0625	-28.0429	0							1	0.00011673	-12.3011	voice verse "bod" tok=0c114da9f7b024ff take=0 src=tts:gpt-audio-1.5 f0=101 onset=0.316 dur=0.560 vowel=0.406-0.696 level=0.050
272	proc	252	booed	train	shiftMags=0	737.635	1.5	1.5	1.5	30	16000	3	0@0.002	0.358	0.370-0.728	216.144	966.229	220	513	350.853	1140.57	515.105	2103.46	350.853	1140.57	515.105	2103.46	127.669	168.225	477.573	-13.2001	0.0479937	7.375	-27.6075	0							0	0.000122034		voice verse "booed" tok=574c639fb30ce1dd take=1 src=tts:gpt-audio-1.5 f0=139 onset=0.305 dur=0.610 vowel=0.375-0.675 level=0.050
273	proc	253	bod	train	shiftMags=0	740.152	1.5	1.5	1.5	30	16000	3	0@0.002	0.326	0.486-0.812	-147.791	950.138	-119	485	791.978	993.763	638.952	1981.83	793.859	1010.33	635.293	1986.71	99.2796	111.481	200.67	-11.5363	0.0825481	8	-27.5459	0							1	0.000120797	-12.1856	voice verse "bod" tok=a803a4278759a776 take=1 src=tts:gpt-audio-1.5 f0=103 onset=0.363 dur=0.580 vowel=0.493-0.773 level=0.050
274	proc	254	bead	train	shiftMags=0	743.028	1.5	1.5	1.5	30	16000	3	0@0.002	0.352	0.466-0.818	244.332	444.74	255	138	269.873	2677.04	403.176	3084.61	276.116	2678.86	402.912	3089.66	118.553	195.319	864.361	-10.4344	0.0940337	7.4375	-28.3684	0							1	0.00012179	-11.0868	voice verse "bead" tok=9dca03533c697cf2 take=1 src=tts:gpt-audio-1.5 f0=146 onset=0.296 dur=0.740 vowel=0.466-0.776 level=0.050
275	proc	255	bad	train	shiftMags=0	745.747	1.5	1.5	1.5	30	16000	3	0@0.002	0.33	0.464-0.794	-313.955	778.896	-233	309	989.834	1838.08	677.14	2585.33	991.209	1836.71	681.004	2581.98	123.816	118.724	-72.6995	-3.64046	0.129227	8.3125	-27.8724	1	1.485+15.4ms						1	0.000121685	-3.72713	voice verse "bad" tok=bf7483341168036e take=1 src=tts:gpt-audio-1.5 f0=117 onset=0.344 dur=0.610 vowel=0.344-0.754 level=0.050
276	proc	256	bod	train	shiftMags=0	748.068	1.5	1.5	1.5	30	16000	3	0@0.002	0.334	0.384-0.718	-157.48	952.175	-126	491	787.829	1025.31	628.06	2005.05	787.829	1025.31	628.06	2005.05	108.371	114.544	95.9181	-11.3869	0.075973	8.0625	-27.5035	0							1	0.000117399	-12.0543	voice verse "bod" tok=2d28534e2d6185c4 take=2 src=tts:gpt-audio-1.5 f0=105 onset=0.307 dur=0.490 vowel=0.377-0.677 level=0.050
277	proc	257	bead	train	shiftMags=0	750.915	1.5	1.5	1.5	30	16000	3	0@0.002	0.306	0.430-0.736	229.442	470.759	236	149	297.637	2644.21	474.414	3103.24	301.068	2644.64	475.946	3109.52	117.998	185.928	787.185	-7.63007	0.0912457	7.6875	-27.0432	0							1	0.00012088	-7.83455	voice verse "bead" tok=8dd8d6a5ab0aa0cf take=2 src=tts:gpt-audio-1.5 f0=143 onset=0.305 dur=0.560 vowel=0.425-0.715 level=0.050
278	proc	258	booed	train	shiftMags=0	753.734	1.5	1.5	1.5	30	16000	3	0@0.002	0.262	0.382-0.644	175.743	940.539	173	469	386.16	1154.42	564.995	2075.91	386.16	1154.42	564.995	2075.91	128.925	158.545	358.034	-12.2633	0.051035	7.6875	-28.7173	0							1	0.000119797	-13.2083	voice verse "booed" tok=ddc0cfd6449ecf82 take=2 src=tts:gpt-audio-1.5 f0=126 onset=0.290 dur=0.440 vowel=0.380-0.610 level=0.050
279	proc	259	bad	train	shiftMags=0	756.214	1.5	1.5	1.5	30	16000	3	0@0.002	0.352	0.468-0.820	-308.601	782.538	-229	314	988.353	1751.66	676.596	2505.06	990.013	1751.66	677.439	2505.06	106.36	116.717	160.86	-3.70842	0.141329	8.3125	-27.6533	0							1	0.000121629	-3.84705	voice verse "bad" tok=20b9268207fd744c take=2 src=tts:gpt-audio-1.5 f0=108 onset=0.351 dur=0.620 vowel=0.471-0.771 level=0.050
280	proc	260	bead	train	shiftMags=0	758.594	1.5	1.5	1.5	30	16000	3	0@0.002	0.33	0.548-0.878	229.732	456.834	236	143	295.537	2639.82	478.772	3079.32	296.932	2642.37	479.59	3081.36	134.481	194.035	634.699	-8.97755	0.0790595	7.25	-27.0239	0							1	0.000121876	-9.17641	voice verse "bead" tok=591ab66929cacfb2 take=3 src=tts:gpt-audio-1.5 f0=161 onset=0.365 dur=0.620 vowel=0.545-0.845 level=0.050
281	proc	261	bad	train	shiftMags=0	761.396	1.5	1.5	1.5	30	16000	3	0@0.002	0.392	0.292-0.684	-283.802	781.159	-213	311.5	956.112	1750.28	663.1	2608.41	966.362	1768.34	668.52	2615.68	127.163	117.618	-135.089	-2.87052	0.143529	8.3125	-27.3233	0							1	0.000121248	-2.97922	voice verse "bad" tok=32f48aa5d63e6bab take=3 src=tts:gpt-audio-1.5 f0=110 onset=0.305 dur=0.540 vowel=0.305-0.645 level=0.050
282	proc	262	bod	train	shiftMags=0	764.349	1.5	1.5	1.5	30	16000	3	0@0.002	0.32	0.410-0.732	-168.888	957.707	-134	496	779.783	985.326	636.933	1939.5	784.561	986.447	636.917	1944.18	112.339	114.274	29.5584	-11.2048	0.0633624	8.0625	-27.9156	1	0.985+15.4ms						1	0.000119449	-11.7341	voice verse "bod" tok=445f60323c5bc688 take=3 src=tts:gpt-audio-1.5 f0=108 onset=0.290 dur=0.580 vowel=0.420-0.690 level=0.050
283	proc	263	booed	train	shiftMags=0	766.763	1.5	1.5	1.5	30	16000	3	0@0.002	0.314	0.438-0.752	209.553	960.789	212	502	360.828	1079.38	546.5	2054.58	360.828	1079.38	546.5	2054.58	128.947	158.977	362.442	-13.1361	0.0556103	7.5625	-28.2667	0							1	0.000118306	-14.2915	voice verse "booed" tok=719b4deabe835ead take=3 src=tts:gpt-audio-1.5 f0=128 onset=0.314 dur=0.540 vowel=0.424-0.714 level=0.050
284	proc	264	bead	train	shiftMags=0	769.261	1.5	1.5	1.5	30	16000	3	0@0.002	0.286	0.394-0.680	238.577	473	247	149	283.418	2573.76	479.745	3087.9	287.427	2588.68	479.849	3089.1	137.262	182.211	490.416	-8.12387	0.0974881	7.4375	-27.4745	0							1	0.000120798	-8.24823	voice verse "bead" tok=ed777669e4d3930f take=0 src=tts:gpt-audio-1.5 f0=133 onset=0.330 dur=0.460 vowel=0.400-0.660 level=0.050
285	proc	265	bod	train	shiftMags=0	771.76	1.5	1.5	1.5	30	16000	3	0@0.002	0.322	0.408-0.730	-148.273	958.387	-119	502	755.719	992.846	643.257	1908.8	768.516	995.429	640.728	1908.8	112.958	112.895	-0.95937	-11.768	0.0928389	8.0625	-28.0429	0							1	0.000118541	-12.3128	voice verse "bod" tok=0c114da9f7b024ff take=0 src=tts:gpt-audio-1.5 f0=101 onset=0.308 dur=0.560 vowel=0.398-0.688 level=0.050
286	proc	266	booed	train	shiftMags=0	774.735	1.5	1.5	1.5	30	16000	3	0@0.002	0.306	0.494-0.800	185.283	939.739	184	463	412.927	1186.35	555.51	2091.02	412.927	1186.35	555.51	2091.02	116.503	138.409	298.288	-12.1508	0.0828449	7.6875	-27.1892	0							1	0.000120999	-12.7925	voice verse "booed" tok=83922517001ee681 take=0 src=tts:gpt-audio-1.5 f0=128 onset=0.315 dur=0.580 vowel=0.495-0.755 level=0.050
287	proc	267	bad	train	shiftMags=0	777.023	1.5	1.5	1.5	30	16000	3	0@0.002	0.382	0.480-0.862	-277.087	789.734	-209	320	963.736	1728.53	679.834	2436.84	964.33	1737.39	679.928	2438.32	111.42	114.294	44.0847	-3.72492	0.134083	8.3125	-27.3169	0							1	0.000122057	-3.77731	voice verse "bad" tok=f14bf2bb75ce53a1 take=0 src=tts:gpt-audio-1.5 f0=110 onset=0.325 dur=0.650 vowel=0.475-0.825 level=0.050
288	proc	268	bead	train	shiftMags=0	779.287	1.5	1.5	1.5	30	16000	3	0@0.002	0.352	0.532-0.884	244.494	444.129	255	138	272.093	2687	423.628	3104.98	272.093	2687	423.628	3104.98	120.353	195.578	840.563	-10.5263	0.0959531	7.4375	-28.3701	0							1	0.000121538	-11.023	voice verse "bead" tok=9dca03533c697cf2 take=1 src=tts:gpt-audio-1.5 f0=146 onset=0.361 dur=0.740 vowel=0.531-0.841 level=0.050
289	proc	269	bad	train	shiftMags=0	781.674	1.5	1.5	1.5	30	16000	3	0@0.002	0.328	0.458-0.786	-311.514	778.862	-231	309	985.984	1850.47	676.23	2596.26	991.994	1833.43	677.226	2584.24	121.074	122.21	16.1681	-3.55634	0.130071	8.3125	-27.8723	0							1	0.000120656	-3.62767	voice verse "bad" tok=bf7483341168036e take=1 src=tts:gpt-audio-1.5 f0=117 onset=0.337 dur=0.610 vowel=0.337-0.747 level=0.050
290	proc	270	bod	train	shiftMags=0	784.271	1.5	1.5	1.5	30	16000	3	0@0.002	0.324	0.486-0.810	-147.891	949.78	-119	485	792.544	995.277	639.068	1989.36	794.077	1015.21	642.998	1993.03	100.489	102.852	40.2465	-10.5883	0.0974459	8	-27.5521	0							1	0.000119519	-11.073	voice verse "bod" tok=a803a4278759a776 take=1 src=tts:gpt-audio-1.5 f0=103 onset=0.362 dur=0.580 vowel=0.492-0.772 level=0.050
291	proc	271	booed	train	shiftMags=0	788.245	1.5	1.5	1.5	30	16000	3	0@0.002	0.358	0.402-0.760	216.203	967.056	220	513	351.205	1137.99	516.386	2093.4	351.205	1137.99	516.386	2093.4	129.332	168.032	453.179	-12.0561	0.08782	7.4375	-27.6075	0							1	0.000117197	-12.7742	voice verse "booed" tok=574c639fb30ce1dd take=1 src=tts:gpt-audio-1.5 f0=139 onset=0.337 dur=0.610 vowel=0.407-0.707 level=0.050
292	proc	272	bod	train	shiftMags=0	790.523	1.5	1.5	1.5	30	16000	3	0@0.002	0.334	0.398-0.732	-157.516	951.944	-126	491	784.826	1012.92	636.996	2005.53	791.328	1021.14	636.641	2003.11	110.102	126.542	240.926	-11.4908	0.0763141	8.0625	-27.5019	0							1	0.000117317	-12.0502	voice verse "bod" tok=2d28534e2d6185c4 take=2 src=tts:gpt-audio-1.5 f0=105 onset=0.322 dur=0.490 vowel=0.392-0.692 level=0.050
293	proc	273	booed	train	shiftMags=0	793.371	1.5	1.5	1.5	30	16000	3	0@0.002	0.262	0.402-0.664	175.86	940.972	173	469	386.186	1155.72	568.171	2066.86	386.186	1155.72	568.171	2066.86	128.157	125.752	-32.8097	-12.5343	0.0510302	7.6875	-28.7145	0							1	0.000121903	-13.4246	voice verse "booed" tok=ddc0cfd6449ecf82 take=2 src=tts:gpt-audio-1.5 f0=126 onset=0.312 dur=0.440 vowel=0.402-0.632 level=0.050
294	proc	274	bead	train	shiftMags=0	796.015	1.5	1.5	1.5	30	16000	3	0@0.002	0.304	0.490-0.794	229.293	470.67	236	149	296.906	2642.02	467.913	3105.32	300.371	2642.54	468.553	3108.55	116.391	186.109	812.601	-7.78859	0.092237	7.6875	-27.0443	0							1	0.000121208	-8.0448	voice verse "bead" tok=8dd8d6a5ab0aa0cf take=2 src=tts:gpt-audio-1.5 f0=143 onset=0.365 dur=0.560 vowel=0.485-0.775 level=0.050
295	proc	275	bad	train	shiftMags=0	798.932	1.5	1.5	1.5	30	16000	3	0@0.002	0.352	0.410-0.762	-308.647	782.378	-229	314	983.458	1746.25	680.184	2503.79	987.778	1746.25	680.252	2503.79	106.512	113.844	115.264	-3.73328	0.146194	8.3125	-27.6525	1	1.485+15.4ms						1	0.000122065	-3.85114	voice verse "bad" tok=20b9268207fd744c take=2 src=tts:gpt-audio-1.5 f0=108 onset=0.294 dur=0.620 vowel=0.414-0.714 level=0.050
296	proc	276	bad	train	shiftMags=0	801.905	1.5	1.5	1.5	30	16000	3	0@0.002	0.392	0.316-0.708	-283.887	781.697	-213	311.5	961.538	1739.58	665.231	2602.72	974.465	1739.58	674.23	2612.57	127.425	119.198	-115.546	-2.92915	0.153191	8.3125	-27.3235	0							1	0.00012165	-2.97959	voice verse "bad" tok=32f48aa5d63e6bab take=3 src=tts:gpt-audio-1.5 f0=110 onset=0.328 dur=0.540 vowel=0.328-0.668 level=0.050
297	proc	277	bead	train	shiftMags=0	804.694	1.5	1.5	1.5	30	16000	3	0@0.002	0.33	0.508-0.838	229.733	456.69	236	143	295.46	2641.35	473.634	3076.52	296.999	2644.65	473.909	3079.53	133.536	193.232	639.727	-8.79784	0.0771211	7.4375	-27.0247	0							1	0.000121528	-8.94213	voice verse "bead" tok=591ab66929cacfb2 take=3 src=tts:gpt-audio-1.5 f0=161 onset=0.325 dur=0.620 vowel=0.505-0.805 level=0.050
298	proc	278	booed	train	shiftMags=0	807.131	1.5	1.5	1.5	30	16000	3	0@0.002	0.314	0.494-0.808	209.726	961.372	212	502	360.073	1085.4	553.595	2055.71	360.073	1085.4	553.595	2055.71	131.209	174.633	494.956	-13.5696	0.0518074	7.6875	-28.2663	0							1	0.000121682	-14.232	voice verse "booed" tok=719b4deabe835ead take=3 src=tts:gpt-audio-1.5 f0=128 onset=0.371 dur=0.540 vowel=0.481-0.771 level=0.050
299	proc	279	bod	train	shiftMags=0	810.064	1.5	1.5	1.5	30	16000	3	0@0.002	0.32	0.434-0.756	-168.916	957.854	-134	496	784.896	978.993	639.948	1932.74	785.699	981.364	638.492	1932.53	113.247	123.147	145.084	-11.2637	0.0543168	8.0625	-27.9154	0							1	0.000121798	-11.8325	voice verse "bod" tok=445f60323c5bc688 take=3 src=tts:gpt-audio-1.5 f0=108 onset=0.314 dur=0.580 vowel=0.444-0.714 level=0.050
300	proc	280	booed	train	shiftMags=0	812.323	1.5	1.5	1.5	30	16000	3	0@0.002	0.306	0.496-0.802	185.157	938.281	184	463	413.284	1183.81	553.165	2085.88	413.284	1183.81	553.165	2085.88	117.401	141.197	319.524	-12.2148	0.0846037	7.6875	-27.1882	0							1	0.000121586	-12.8132	voice verse "booed" tok=83922517001ee681 take=0 src=tts:gpt-audio-1.5 f0=128 onset=0.317 dur=0.580 vowel=0.497-0.757 level=0.050
301	proc	281	bad	train	shiftMags=0	815.314	1.5	1.5	1.5	30	16000	3	0@0.002	0.382	0.516-0.898	-277.163	789.453	-209	320	966.653	1741.38	664.627	2448.7	967.34	1741.38	671.852	2448.7	104.829	112.764	126.325	-3.43886	0.138112	8.3125	-27.3172	0							1	0.000122047	-3.65507	voice verse "bad" tok=f14bf2bb75ce53a1 take=0 src=tts:gpt-audio-1.5 f0=110 onset=0.360 dur=0.650 vowel=0.510-0.860 level=0.050
302	proc	282	bead	train	shiftMags=0	817.874	1.5	1.5	1.5	30	16000	3	0@0.002	0.286	0.424-0.710	238.504	472.767	247	149	284.254	2568.38	490.968	3076.62	286.389	2585.77	492.585	3082.8	138.361	181.702	471.758	-8.06524	0.0980694	7.4375	-27.4735	1	0.985+15.4ms						1	0.00012169	-8.2922	voice verse "bead" tok=ed777669e4d3930f take=0 src=tts:gpt-audio-1.5 f0=133 onset=0.360 dur=0.460 vowel=0.430-0.690 level=0.050
303	proc	283	bod	train	shiftMags=0	820.326	1.5	1.5	1.5	30	16000	3	0@0.002	0.322	0.420-0.742	-151.872	958.825	-122	502	756.364	992.733	622.545	1920.35	771.105	995.086	622.141	1920.35	112.45	116.832	66.1801	-11.6967	0.080456	8.0625	-28.0436	0							1	0.00012063	-12.1722	voice verse "bod" tok=0c114da9f7b024ff take=0 src=tts:gpt-audio-1.5 f0=101 onset=0.318 dur=0.560 vowel=0.408-0.698 level=0.050
304	proc	284	bad	train	shiftMags=0	823.239	1.5	1.5	1.5	30	16000	3	0@0.002	0.328	0.442-0.770	-308.873	778.884	-229	309	994.47	1834.95	679.761	2580.13	994.592	1831.19	680.299	2573.16	125.955	118.969	-98.7803	-3.44803	0.130906	8.3125	-27.8725	0							1	0.000121333	-3.62439	voice verse "bad" tok=bf7483341168036e take=1 src=tts:gpt-audio-1.5 f0=117 onset=0.321 dur=0.610 vowel=0.321-0.731 level=0.050
305	proc	285	booed	train	shiftMags=0	825.862	1.5	1.5	1.5	30	16000	3	0@0.002	0.36	0.364-0.724	216.36	967.529	220	515.5	351.878	1135.99	510.328	2134.4	351.878	1135.99	510.328	2134.4	130.531	167.137	427.97	-13.9457	0.0446942	7.375	-27.6087	0							1	0.000111482	-14.7496	voice verse "booed" tok=574c639fb30ce1dd take=1 src=tts:gpt-audio-1.5 f0=139 onset=0.300 dur=0.610 vowel=0.370-0.670 level=0.050
306	proc	286	bead	train	shiftMags=0	828.402	1.5	1.5	1.5	30	16000	3	0@0.002	0.352	0.526-0.878	244.36	444.37	255	138	269.875	2677.49	414.152	3090.07	276.367	2680.02	414.579	3090.79	118.694	195.053	859.951	-10.6317	0.0911927	7.4375	-28.3717	0							1	0.000121436	-11.0855	voice verse "bead" tok=9dca03533c697cf2 take=1 src=tts:gpt-audio-1.5 f0=146 onset=0.356 dur=0.740 vowel=0.526-0.836 level=0.050
307	proc	287	bod	train	shiftMags=0	830.881	1.5	1.5	1.5	30	16000	3	0@0.002	0.326	0.460-0.786	-147.763	950.002	-119	485	773.55	996.057	642.6	1968.69	782.544	999.289	635.989	1972.1	98.3157	108.3	167.443	-11.7535	0.0808048	8	-27.5516	0							1	0.000120399	-12.1489	voice verse "bod" tok=a803a4278759a776 take=1 src=tts:gpt-audio-1.5 f0=103 onset=0.337 dur=0.580 vowel=0.467-0.747 level=0.050
308	proc	288	bead	train	shiftMags=0	833.445	1.5	1.5	1.5	30	16000	3	0@0.002	0.304	0.454-0.758	229.387	471.022	236	149	296.528	2634.78	470.888	3102.19	296.803	2635.96	472.318	3103.48	123.284	185.882	710.886	-7.97114	0.088095	7.6875	-27.0442	0							1	0.000121357	-8.11209	voice verse "bead" tok=8dd8d6a5ab0aa0cf take=2 src=tts:gpt-audio-1.5 f0=143 onset=0.330 dur=0.560 vowel=0.450-0.740 level=0.050
309	proc	289	bod	train	shiftMags=0	835.881	1.5	1.5	1.5	30	16000	3	0@0.002	0.326	0.406-0.734	-157.821	952.714	-126	491	790.336	1014.24	636.072	2005.87	791.78	1022	636.144	2007.66	108.932	114.782	90.5717	-11.4779	0.0718231	8.125	-27.5001	0							1	0.000113749	-12.0101	voice verse "bod" tok=2d28534e2d6185c4 take=2 src=tts:gpt-audio-1.5 f0=105 onset=0.330 dur=0.490 vowel=0.400-0.700 level=0.050
310	proc	290	bad	train	shiftMags=0	838.52	1.5	1.5	1.5	30	16000	3	0@0.002	0.352	0.486-0.838	-308.555	782.405	-229	314	986.663	1750.64	677.315	2498.62	989.18	1750.64	678.019	2498.62	108.469	114.227	89.539	-3.69637	0.135061	8.3125	-27.653	0							1	0.000121684	-3.83482	voice verse "bad" tok=20b9268207fd744c take=2 src=tts:gpt-audio-1.5 f0=108 onset=0.369 dur=0.620 vowel=0.489-0.789 level=0.050
311	proc	291	booed	train	shiftMags=0	841.097	1.5	1.5	1.5	30	16000	3	0@0.002	0.264	0.388-0.652	175.893	940.561	173	463	387.032	1153.74	575.201	2081.8	387.572	1154.53	569.475	2082.06	128.917	178.037	558.884	-12.4209	0.0586912	7.6875	-28.7163	0							1	0.000120844	-13.2569	voice verse "booed" tok=ddc0cfd6449ecf82 take=2 src=tts:gpt-audio-1.5 f0=126 onset=0.298 dur=0.440 vowel=0.388-0.618 level=0.050
312	proc	292	bead	train	shiftMags=0	843.545	1.5	1.5	1.5	30	16000	3	0@0.002	0.33	0.518-0.848	229.734	457.027	236	143	294.983	2640.33	456.643	3080.33	296.33	2643.15	459.051	3091.64	134.445	193.68	631.991	-8.87677	0.0706045	7.25	-27.0241	0							1	0.00012138	-9.20446	voice verse "bead" tok=591ab66929cacfb2 take=3 src=tts:gpt-audio-1.5 f0=161 onset=0.335 dur=0.620 vowel=0.515-0.815 level=0.050
313	proc	293	bad	train	shiftMags=0	845.799	1.5	1.5	1.5	30	16000	3	0@0.002	0.392	0.352-0.744	-283.843	781.31	-213	309	955.708	1760.73	667.751	2615.83	967.686	1765.46	668.13	2617.42	127.497	119.584	-110.934	-2.95857	0.152188	8.3125	-27.3245	0							1	0.000121941	-2.97338	voice verse "bad" tok=32f48aa5d63e6bab take=3 src=tts:gpt-audio-1.5 f0=110 onset=0.364 dur=0.540 vowel=0.364-0.704 level=0.050
314	proc	294	bod	train	shiftMags=0	848.163	1.5	1.5	1.5	30	16000	3	0@0.002	0.32	0.440-0.762	-168.886	957.909	-134	496	781.005	988.795	637.34	1934.45	785.283	989.025	636.818	1934.8	111.65	116.421	72.4423	-11.8024	0.0474569	8.0625	-27.9159	0							1	0.000121106	-12.4721	voice verse "bod" tok=445f60323c5bc688 take=3 src=tts:gpt-audio-1.5 f0=108 onset=0.320 dur=0.580 vowel=0.450-0.720 level=0.050
315	proc	295	booed	train	shiftMags=0	850.999	1.5	1.5	1.5	30	16000	3	0@0.002	0.312	0.444-0.756	209.289	962.342	212	502	360.485	1084.72	552.276	2053.89	360.485	1084.72	552.276	2053.89	132.41	171.281	445.621	-13.0451	0.0593528	7.5625	-28.2665	1	1.485+15.4ms						1	0.000117827	-14.2822	voice verse "booed" tok=719b4deabe835ead take=3 src=tts:gpt-audio-1.5 f0=128 onset=0.320 dur=0.540 vowel=0.430-0.720 level=0.050
316	proc	296	booed	train	shiftMags=0	853.78	1.5	1.5	1.5	30	16000	3	0@0.002	0.304	0.484-0.788	185.278	938.337	184	463	411.885	1181.79	558.585	2098.6	411.885	1181.79	558.585	2098.6	116.492	141.384	335.274	-12.109	0.0783278	7.6875	-27.1878	0							0	0.00011924		voice verse "booed" tok=83922517001ee681 take=0 src=tts:gpt-audio-1.5 f0=128 onset=0.304 dur=0.580 vowel=0.484-0.744 level=0.050
317	proc	297	bod	train	shiftMags=0	856.723	1.5	1.5	1.5	30	16000	3	0@0.002	0.322	0.442-0.764	-151.899	958.918	-122	502	754.03	992.188	642.543	1932.63	754.03	992.188	638.312	1914.58	108.335	115.37	108.923	-11.929	0.0883241	8.125	-28.0437	0							1	0.000115371	-12.303	voice verse "bod" tok=0c114da9f7b024ff take=0 src=tts:gpt-audio-1.5 f0=101 onset=0.341 dur=0.560 vowel=0.431-0.721 level=0.050
318	proc	298	bad	train	shiftMags=0	859.085	1.5	1.5	1.5	30	16000	3	0@0.002	0.382	0.518-0.900	-277.219	789.294	-209	320	965.917	1748.53	671.163	2442.07	966.654	1748.53	672.608	2442.07	103.099	117.506	226.447	-3.57667	0.138903	8.3125	-27.3176	0							1	0.000121935	-3.60194	voice verse "bad" tok=f14bf2bb75ce53a1 take=0 src=tts:gpt-audio-1.5 f0=110 onset=0.362 dur=0.650 vowel=0.512-0.862 level=0.050
319	proc	299	bead	train	shiftMags=0	862.03	1.5	1.5	1.5	30	16000	3	0@0.002	0.288	0.386-0.674	238.457	473.23	247	149	284.199	2563.99	480.228	3088.82	285.17	2602.05	480.849	3090.54	139.055	182.028	466.206	-8.22426	0.0963496	7.4375	-27.4731	0							1	0.000121215	-8.4133	voice verse "bead" tok=ed777669e4d3930f take=0 src=tts:gpt-audio-1.5 f0=133 onset=0.321 dur=0.460 vowel=0.391-0.651 level=0.050
320	proc	300	booed	train	shiftMags=0	864.945	1.5	1.5	1.5	30	16000	3	0@0.002	0.36	0.362-0.722	216.341	967.937	220	515.5	350.907	1136.12	509.061	2111.7	350.907	1136.12	509.061	2111.7	128.032	168.608	476.596	-13.7617	0.0485931	7.375	-27.6087	0							1	0.000114051	-14.657	voice verse "booed" tok=574c639fb30ce1dd take=1 src=tts:gpt-audio-1.5 f0=139 onset=0.298 dur=0.610 vowel=0.368-0.668 level=0.050
321	proc	301	bad	train	shiftMags=0	868.458	1.5	1.5	1.5	30	16000	3	0@0.002	0.328	0.454-0.782	-311.425	779.171	-231	309	990.698	1837.93	681.396	2581.22	991.924	1835.11	681.418	2580.96	123.932	122.595	-18.7824	-3.46956	0.132179	8.3125	-27.8727	0							1	0.000121874	-3.67854	voice verse "bad" tok=bf7483341168036e take=1 src=tts:gpt-audio-1.5 f0=117 onset=0.333 dur=0.610 vowel=0.333-0.743 level=0.050
322	proc	302	bead	train	shiftMags=0	871.423	1.5	1.5	1.5	30	16000	3	0@0.002	0.352	0.492-0.844	244.796	444.653	255	138	272.312	2689.6	419.859	3085.02	272.312	2689.6	419.859	3085.02	121.126	194.828	822.828	-10.9148	0.0890599	7.25	-28.3728	0							0	0.000121546		voice verse "bead" tok=9dca03533c697cf2 take=1 src=tts:gpt-audio-1.5 f0=146 onset=0.322 dur=0.740 vowel=0.492-0.802 level=0.050
323	proc	303	bod	train	shiftMags=0	874.411	1.5	1.5	1.5	30	16000	3	0@0.002	0.326	0.494-0.820	-147.777	949.912	-119	485	790.489	994.475	638.352	1978.82	792.914	1007.6	638.277	1981.32	101.042	107.127	101.243	-11.1447	0.0736133	8	-27.5539	0							1	0.000119601	-11.825	voice verse "bod" tok=a803a4278759a776 take=1 src=tts:gpt-audio-1.5 f0=103 onset=0.370 dur=0.580 vowel=0.500-0.780 level=0.050
324	proc	304	bad	train	shiftMags=0	877.296	1.5	1.5	1.5	30	16000	3	0@0.002	0.352	0.444-0.796	-308.658	782.599	-229	314	986.753	1743.11	678.397	2502.12	988.153	1743.77	678.591	2501.07	109.007	118.269	141.18	-3.76688	0.13403	8.3125	-27.6532	0							1	0.000121913	-3.85214	voice verse "bad" tok=20b9268207fd744c take=2 src=tts:gpt-audio-1.5 f0=108 onset=0.327 dur=0.620 vowel=0.447-0.747 level=0.050
325	proc	305	bod	train	shiftMags=0	879.963	1.5	1.5	1.5	30	16000	3	0@0.002	0.332	0.446-0.778	-157.576	952.363	-126	491	789.877	1017.56	633.554	2003.25	792.78	1022.96	634.052	2004.34	108.849	117.741	135.958	-11.3076	0.0763572	8.0625	-27.5026	0							1	0.000121977	-12.0314	voice verse "bod" tok=2d28534e2d6185c4 take=2 src=tts:gpt-audio-1.5 f0=105 onset=0.369 dur=0.490 vowel=0.439-0.739 level=0.050
326	proc	306	booed	train	shiftMags=0	882.867	1.5	1.5	1.5	30	16000	3	0@0.002	0.262	0.420-0.682	175.702	940.302	173	463	384.828	1151.38	566.412	2085.47	386.364	1154.56	566.368	2083.82	130.816	183.049	581.625	-12.6214	0.0525613	7.6875	-28.7169	0							1	0.000122029	-13.4633	voice verse "booed" tok=ddc0cfd6449ecf82 take=2 src=tts:gpt-audio-1.5 f0=126 onset=0.329 dur=0.440 vowel=0.419-0.649 level=0.050
327	proc	307	bead	train	shiftMags=0	885.232	1.5	1.5	1.5	30	16000	3	0@0.002	0.306	0.430-0.736	229.653	471.189	236	149	297.72	2640.89	486.999	3104.08	300.891	2641.15	490.358	3106.5	116.481	185.829	808.655	-8.01923	0.0869104	7.6875	-27.0439	0							1	0.00012131	-8.12679	voice verse "bead" tok=8dd8d6a5ab0aa0cf take=2 src=tts:gpt-audio-1.5 f0=143 onset=0.306 dur=0.560 vowel=0.426-0.716 level=0.050
328	proc	308	booed	train	shiftMags=0	887.582	1.5	1.5	1.5	30	16000	3	0@0.002	0.312	0.422-0.734	209.637	962.242	212	502	362.002	1081.26	548.108	2050.61	362.002	1081.26	548.108	2050.61	130.093	188.439	641.467	-13.2595	0.0525403	7.6875	-28.2666	0							1	0.000121115	-14.0916	voice verse "booed" tok=719b4deabe835ead take=3 src=tts:gpt-audio-1.5 f0=128 onset=0.298 dur=0.540 vowel=0.408-0.698 level=0.050
329	proc	309	bod	train	shiftMags=0	889.936	1.5	1.5	1.5	30	16000	3	0@0.002	0.32	0.440-0.762	-168.912	957.797	-134	496	781.807	985.486	631.275	1939.37	785.816	987.648	629.723	1939.9	110.798	116.236	82.9433	-12.0906	0.0502545	8.0625	-27.9151	0							1	0.000121905	-12.7883	voice verse "bod" tok=445f60323c5bc688 take=3 src=tts:gpt-audio-1.5 f0=108 onset=0.321 dur=0.580 vowel=0.451-0.721 level=0.050
330	proc	310	bead	train	shiftMags=0	892.707	1.5	1.5	1.5	30	16000	3	0@0.002	0.33	0.500-0.830	229.635	456.684	236	143	296.459	2640.8	466.367	3081.61	297.13	2657.54	470.714	3083.4	135.185	193.775	623.336	-8.56498	0.0772293	7.5625	-27.0246	0							1	0.000120621	-8.91629	voice verse "bead" tok=591ab66929cacfb2 take=3 src=tts:gpt-audio-1.5 f0=161 onset=0.316 dur=0.620 vowel=0.496-0.796 level=0.050
331	proc	311	bad	train	shiftMags=0	895.677	1.5	1.5	1.5	30	16000	3	0@0.002	0.394	0.324-0.718	-283.838	781.221	-213	309	959.146	1738.19	662.285	2598.6	968.711	1759.08	668.218	2610.6	126.735	120.76	-83.6031	-2.9794	0.143452	8.3125	-27.3243	0							1	0.000121672	-2.97684	voice verse "bad" tok=32f48aa5d63e6bab take=3 src=tts:gpt-audio-1.5 f0=110 onset=0.337 dur=0.540 vowel=0.337-0.677 level=0.050
332	proc	312	bad	train	shiftMags=0	898.073	1.5	1.5	1.5	30	16000	3	0@0.002	0.382	0.444-0.826	-277.052	788.243	-209	314	965.647	1725.26	667.92	2438.04	966.318	1730.33	671.286	2440.49	103.012	114.216	178.743	-3.66212	0.139343	8.3125	-27.3167	0							1	0.000121653	-3.78595	voice verse "bad" tok=f14bf2bb75ce53a1 take=0 src=tts:gpt-audio-1.5 f0=110 onset=0.289 dur=0.650 vowel=0.439-0.789 level=0.050
333	proc	313	bead	train	shiftMags=0	900.426	1.5	1.5	1.5	30	16000	3	0@0.002	0.288	0.392-0.680	240.927	473.438	251	149	282.359	2579	470.308	3088.05	287.803	2591.95	473.986	3088.82	136.59	182.419	500.888	-8.25735	0.0896702	7.4375	-27.4742	0							1	0.000121243	-8.45312	voice verse "bead" tok=ed777669e4d3930f take=0 src=tts:gpt-audio-1.5 f0=133 onset=0.329 dur=0.460 vowel=0.399-0.659 level=0.050
334	proc	314	bod	train	shiftMags=0	903.34	1.5	1.5	1.5	30	16000	3	0@0.002	0.322	0.446-0.768	-148.326	958.121	-119	502	763.331	991.964	629.682	1903.9	777.09	993.635	628.085	1903.9	110.578	114.573	61.4426	-11.6543	0.094585	8.0625	-28.0431	0							1	0.000121838	-12.2947	voice verse "bod" tok=0c114da9f7b024ff take=0 src=tts:gpt-audio-1.5 f0=101 onset=0.345 dur=0.560 vowel=0.435-0.725 level=0.050
335	proc	315	booed	train	shiftMags=0	906.248	1.5	1.5	1.5	30	16000	3	0@0.002	0.306	0.530-0.836	185.146	938.989	184	463	412.631	1193.17	560.145	2079.32	412.631	1193.17	560.145	2079.32	116.276	140.096	322.637	-12.1631	0.0853075	7.6875	-27.1887	1	1.485+15.4ms						1	0.000120797	-12.8011	voice verse "booed" tok=83922517001ee681 take=0 src=tts:gpt-audio-1.5 f0=128 onset=0.351 dur=0.580 vowel=0.531-0.791 level=0.050
336	proc	316	bad	train	shiftMags=0	908.594	1.5	1.5	1.5	30	16000	3	0@0.002	0.328	0.452-0.780	-311.467	778.922	-231	309	994.245	1835.41	674.768	2583.03	994.674	1831.68	677.138	2573.9	126.053	121.257	-67.1541	-3.72683	0.13008	8.3125	-27.8732	0							1	0.00012106	-3.65336	voice verse "bad" tok=bf7483341168036e take=1 src=tts:gpt-audio-1.5 f0=117 onset=0.331 dur=0.610 vowel=0.331-0.741 level=0.050
337	proc	317	booed	train	shiftMags=0	910.869	1.5	1.5	1.5	30	16000	3	0@0.002	0.358	0.406-0.764	216.118	968.115	220	518	351.905	1137.55	513.024	2089.21	350.537	1140.84	511.915	2089.87	130.6	164.781	402.48	-12.1555	0.0886475	7.4375	-27.6081	0							1	0.000111459	-12.8739	voice verse "booed" tok=574c639fb30ce1dd take=1 src=tts:gpt-audio-1.5 f0=139 onset=0.341 dur=0.610 vowel=0.411-0.711 level=0.050
338	proc	318	bod	train	shiftMags=0	913.327	1.5	1.5	1.5	30	16000	3	0@0.002	0.326	0.486-0.812	-147.81	950.082	-119	485	791.998	993.364	643.523	1987.46	794.193	1008.95	636.573	1987.46	99.2979	105.032	97.1902	-11.6254	0.0795706	8	-27.5523	0							1	0.00012109	-12.1802	voice verse "bod" tok=a803a4278759a776 take=1 src=tts:gpt-audio-1.5 f0=103 onset=0.363 dur=0.580 vowel=0.493-0.773 level=0.050
339	proc	319	bead	train	shiftMags=0	915.782	1.5	1.5	1.5	30	16000	3	0@0.002	0.352	0.512-0.864	244.256	444.596	255	138	273.037	2688.89	414.752	3077.07	273.037	2688.89	414.752	3077.07	120.61	196.603	845.918	-10.4629	0.0881592	7.4375	-28.3697	0							1	0.000120536	-11.0278	voice verse "bead" tok=9dca03533c697cf2 take=1 src=tts:gpt-audio-1.5 f0=146 onset=0.341 dur=0.740 vowel=0.511-0.821 level=0.050
340	proc	320	booed	train	shiftMags=0	918.038	1.5	1.5	1.5	30	16000	3	0@0.002	0.262	0.408-0.670	175.612	940.475	173	469	387.636	1154.26	573.278	2074.2	388.019	1156.16	570.373	2085.15	130.284	134.809	59.104	-12.2151	0.0554152	7.6875	-28.7178	0							1	0.000121731	-13.4168	voice verse "booed" tok=ddc0cfd6449ecf82 take=2 src=tts:gpt-audio-1.5 f0=126 onset=0.317 dur=0.440 vowel=0.407-0.637 level=0.050
341	proc	321	bad	train	shiftMags=0	920.397	1.5	1.5	1.5	30	16000	3	0@0.002	0.352	0.442-0.794	-308.648	782.219	-229	314	986.152	1742.34	679.313	2503.77	986.204	1743.03	679.402	2504.1	107.857	114.111	97.5834	-3.76803	0.140295	8.3125	-27.6527	0							1	0.000122036	-3.85422	voice verse "bad" tok=20b9268207fd744c take=2 src=tts:gpt-audio-1.5 f0=108 onset=0.326 dur=0.620 vowel=0.446-0.746 level=0.050
342	proc	322	bead	train	shiftMags=0	923.273	1.5	1.5	1.5	30	16000	3	0@0.002	0.306	0.486-0.792	228.943	471.127	236	149	297.168	2632.25	467.868	3104.2	298.254	2635.96	474.925	3106.9	119.751	185.716	759.674	-7.4501	0.0986791	7.6875	-27.0439	1	0.985+15.4ms						1	0.000121048	-7.65489	voice verse "bead" tok=8dd8d6a5ab0aa0cf take=2 src=tts:gpt-audio-1.5 f0=143 onset=0.361 dur=0.560 vowel=0.481-0.771 level=0.050
343	proc	323	bod	train	shiftMags=0	925.571	1.5	1.5	1.5	30	16000	3	0@0.002	0.332	0.392-0.724	-157.603	952.459	-126	491	787.205	1024.46	634.509	2013.69	790.419	1027.31	636.897	2013.1	111.663	115.821	63.2944	-11.5858	0.0748089	8.0625	-27.5041	0							1	0.000121457	-12.0015	voice verse "bod" tok=2d28534e2d6185c4 take=2 src=tts:gpt-audio-1.5 f0=105 onset=0.315 dur=0.490 vowel=0.385-0.685 level=0.050
344	proc	324	bead	train	shiftMags=0	928.163	1.5	1.5	1.5	30	16000	3	0@0.002	0.33	0.506-0.836	229.651	457.135	236	143	296.284	2654.22	445.341	3081.52	295.852	2656.29	445.361	3084.46	134.831	193.736	627.527	-8.64142	0.0784236	7.4375	-27.0239	0							1	0.000121048	-8.93199	voice verse "bead" tok=591ab66929cacfb2 take=3 src=tts:gpt-audio-1.5 f0=161 onset=0.323 dur=0.620 vowel=0.503-0.803 level=0.050
345	proc	325	booed	train	shiftMags=0	930.95	1.5	1.5	1.5	30	16000	3	0@0.002	0.312	0.418-0.730	209.218	962.554	212	502	360.328	1080.67	550.972	2053.29	360.328	1080.67	550.972	2053.29	129.198	189.608	664.125	-13.3148	0.055369	7.6875	-28.2666	0							1	0.000119411	-14.2207	voice verse "booed" tok=719b4deabe835ead take=3 src=tts:gpt-audio-1.5 f0=128 onset=0.294 dur=0.540 vowel=0.404-0.694 level=0.050
346	proc	326	bad	train	shiftMags=0	933.736	1.5	1.5	1.5	30	16000	3	0@0.002	0.392	0.300-0.692	-283.883	781.091	-213	309	956.619	1769.26	668.017	2618.68	970.865	1769.26	668.968	2618.68	125.474	118.745	-95.4201	-2.89481	0.157566	8.3125	-27.3239	0							1	0.000121838	-2.97136	voice verse "bad" tok=32f48aa5d63e6bab take=3 src=tts:gpt-audio-1.5 f0=110 onset=0.312 dur=0.540 vowel=0.312-0.652 level=0.050
347	proc	327	bod	train	shiftMags=0	936.218	1.5	1.5	1.5	30	16000	3	0@0.002	0.32	0.492-0.814	-168.794	957.616	-134	496	783.462	979.247	630.843	1925.58	786.448	982.367	628.229	1924.25	112.583	116.472	58.7919	-11.9189	0.0505924	8.125	-27.9154	0							1	0.000118876	-12.6247	voice verse "bod" tok=445f60323c5bc688 take=3 src=tts:gpt-audio-1.5 f0=108 onset=0.373 dur=0.580 vowel=0.503-0.773 level=0.050
348	proc	328	booed	train	shiftMags=0	938.568	1.5	1.5	1.5	30	16000	3	0@0.002	0.306	0.552-0.858	185.173	938.361	184	463	411.714	1181.77	554.665	2094.08	411.714	1181.77	554.665	2094.08	117.073	141.036	322.389	-12.2871	0.079018	7.6875	-27.1901	0							1	0.000121256	-12.8213	voice verse "booed" tok=83922517001ee681 take=0 src=tts:gpt-audio-1.5 f0=128 onset=0.374 dur=0.580 vowel=0.554-0.814 level=0.050
349	proc	329	bad	train	shiftMags=0	941.138	1.5	1.5	1.5	30	16000	3	0@0.002	0.382	0.440-0.822	-277.008	788.229	-209	314	963.152	1729.02	675.683	2435.67	964.131	1736.71	675.874	2436.93	111.429	113.248	28.0228	-3.69511	0.131877	8.3125	-27.3161	0							1	0.000121706	-3.81757	voice verse "bad" tok=f14bf2bb75ce53a1 take=0 src=tts:gpt-audio-1.5 f0=110 onset=0.285 dur=0.650 vowel=0.435-0.785 level=0.050
350	proc	330	bod	train	shiftMags=0	943.658	1.5	1.5	1.5	30	16000	3	0@0.002	0.322	0.430-0.752	-148.315	958.277	-119	502	758.352	995.022	625.702	1875.22	758.352	995.022	625.558	1875.22	110.924	113.313	36.9012	-11.6295	0.0924064	8.0625	-28.0424	0							1	0.000121773	-12.3102	voice verse "bod" tok=0c114da9f7b024ff take=0 src=tts:gpt-audio-1.5 f0=101 onset=0.329 dur=0.560 vowel=0.419-0.709 level=0.050
351	proc	331	bead	train	shiftMags=0	947.244	1.5	1.5	1.5	30	16000	3	0@0.002	0.286	0.364-0.650	238.569	473.584	247	149	282.79	2575.21	480.382	3090.76	287.615	2589.49	481.057	3090.9	137.02	182.44	495.639	-8.18447	0.098962	7.6875	-27.4736	0							1	0.000121275	-8.36893	voice verse "bead" tok=ed777669e4d3930f take=0 src=tts:gpt-audio-1.5 f0=133 onset=0.300 dur=0.460 vowel=0.370-0.630 level=0.050
352	proc	332	bod	train	shiftMags=0	949.713	1.5	1.5	1.5	30	16000	3	0@0.002	0.324	0.436-0.760	-147.882	949.722	-119	485	794.327	994.376	637.979	1986.79	794.328	1014.52	638.864	1990.84	99.3712	103.78	75.1598	-10.8859	0.0801235	8	-27.5455	0							1	0.000118336	-11.4254	voice verse "bod" tok=a803a4278759a776 take=1 src=tts:gpt-audio-1.5 f0=103 onset=0.312 dur=0.580 vowel=0.442-0.722 level=0.050
353	proc	333	bad	train	shiftMags=0	952.319	1.5	1.5	1.5	30	16000	3	0@0.002	0.328	0.424-0.752	-311.537	779.25	-231	309	990.346	1838.05	675.887	2602.56	991.609	1835.46	679.353	2590.06	120.424	118.65	-25.6961	-3.60133	0.131994	8.3125	-27.8719	0							1	0.000121687	-3.70457	voice verse "bad" tok=bf7483341168036e take=1 src=tts:gpt-audio-1.5 f0=117 onset=0.303 dur=0.610 vowel=0.303-0.713 level=0.050
354	proc	334	bead	train	shiftMags=0	955.3	1.5	1.5	1.5	30	16000	3	0@0.002	0.352	0.504-0.856	244.336	444.671	255	138	273.024	2684.79	410.283	3088.38	273.024	2684.79	410.283	3088.38	113.734	197.781	957.897	-10.4508	0.088282	7.5625	-28.3697	0							1	0.000121919	-11.0173	voice verse "bead" tok=9dca03533c697cf2 take=1 src=tts:gpt-audio-1.5 f0=146 onset=0.333 dur=0.740 vowel=0.503-0.813 level=0.050
355	proc	335	booed	train	shiftMags=0	957.556	1.5	1.5	1.5	30	16000	3	0@0.002	0.36	0.410-0.770	216.329	967.034	220	515.5	350.795	1139.65	510.863	2101.8	350.795	1139.65	510.863	2101.8	127.675	168.234	477.601	-13.3773	0.0540065	7.375	-27.6088	1	1.485+15.4ms						1	0.000118421	-14.4292	voice verse "booed" tok=574c639fb30ce1dd take=1 src=tts:gpt-audio-1.5 f0=139 onset=0.346 dur=0.610 vowel=0.416-0.716 level=0.050
356	proc	336	bead	train	shiftMags=0	959.979	1.5	1.5	1.5	30	16000	3	0@0.002	0.304	0.432-0.736	229.405	471.291	236	149	297.147	2638.89	479.426	3105	299.248	2641.64	480.918	3105.6	118.814	141.186	298.659	-7.75827	0.0887037	7.6875	-27.0439	0							1	0.000121725	-8.034	voice verse "bead" tok=8dd8d6a5ab0aa0cf take=2 src=tts:gpt-audio-1.5 f0=143 onset=0.307 dur=0.560 vowel=0.427-0.717 level=0.050
357	proc	337	bod	train	shiftMags=0	962.866	1.5	1.5	1.5	30	16000	3	0@0.002	0.328	0.450-0.778	-157.671	952.519	-126	491	790.174	1026.3	636.137	2003.15	790.214	1027.81	637.063	2005.99	110.012	118.178	123.952	-11.6479	0.0745813	8.0625	-27.5041	0							1	0.000121148	-12.0416	voice verse "bod" tok=2d28534e2d6185c4 take=2 src=tts:gpt-audio-1.5 f0=105 onset=0.373 dur=0.490 vowel=0.443-0.743 level=0.050
358	proc	338	booed	train	shiftMags=0	965.49	1.5	1.5	1.5	30	16000	3	0@0.002	0.262	0.376-0.638	175.836	941.047	173	469	387.318	1154.41	568.591	2074.81	387.808	1156.94	563.566	2083.08	129.84	192.436	681.176	-12.887	0.0500692	7.6875	-28.7187	0							0	0.000120667		voice verse "booed" tok=ddc0cfd6449ecf82 take=2 src=tts:gpt-audio-1.5 f0=126 onset=0.286 dur=0.440 vowel=0.376-0.606 level=0.050
359	proc	339	bad	train	shiftMags=0	968.328	1.5	1.5	1.5	30	16000	3	0@0.002	0.352	0.488-0.840	-308.608	782.111	-229	314	987.252	1750.75	676.763	2503.56	989.501	1750.75	676.868	2504.78	108.117	116.716	132.481	-3.76786	0.137679	8.3125	-27.6522	0							1	0.000121855	-3.78888	voice verse "bad" tok=20b9268207fd744c take=2 src=tts:gpt-audio-1.5 f0=108 onset=0.370 dur=0.620 vowel=0.490-0.790 level=0.050
360	proc	340	bod	train	shiftMags=0	970.637	1.5	1.5	1.5	30	16000	3	0@0.002	0.32	0.476-0.798	-168.916	957.409	-134	496	775.201	985.326	636.454	1945.26	785.526	985.326	638.497	1945.26	113.738	115.414	25.3269	-12.0993	0.0513657	8.0625	-27.9162	0							1	0.000118616	-12.753	voice verse "bod" tok=445f60323c5bc688 take=3 src=tts:gpt-audio-1.5 f0=108 onset=0.357 dur=0.580 vowel=0.487-0.757 level=0.050
361	proc	341	bead	train	shiftMags=0	973.63	1.5	1.5	1.5	30	16000	3	0@0.002	0.33	0.480-0.810	229.438	456.89	236	143	295.032	2640.98	467.112	3081.38	297	2648.02	468.544	3085.91	134.411	194.07	635.908	-8.02358	0.101117	7.4375	-27.0241	0							1	0.000120114	-8.22581	voice verse "bead" tok=591ab66929cacfb2 take=3 src=tts:gpt-audio-1.5 f0=161 onset=0.295 dur=0.620 vowel=0.475-0.775 level=0.050
362	proc	342	booed	train	shiftMags=0	975.882	1.5	1.5	1.5	30	16000	3	0@0.002	0.314	0.482-0.796	209.601	960.806	212	502	361.283	1082.96	548.996	2056.12	361.283	1082.96	548.996	2056.12	131.948	140.639	110.424	-13.3446	0.0508053	7.6875	-28.2665	1	0.985+15.4ms						1	0.000112597	-14.2703	voice verse "booed" tok=719b4deabe835ead take=3 src=tts:gpt-audio-1.5 f0=128 onset=0.359 dur=0.540 vowel=0.469-0.759 level=0.050
363	proc	343	bad	train	shiftMags=0	978.721	1.5	1.5	1.5	30	16000	3	0@0.002	0.388	0.290-0.680	-283.852	780.765	-213	309	956.037	1765.14	667.553	2610.9	969.776	1765.14	667.555	2625.82	126.359	117.573	-124.763	-2.87075	0.151735	8.3125	-27.3233	0							1	0.000120691	-2.97843	voice verse "bad" tok=32f48aa5d63e6bab take=3 src=tts:gpt-audio-1.5 f0=110 onset=0.303 dur=0.540 vowel=0.303-0.643 level=0.050
364	proc	344	booed	train	shiftMags=0	981.155	1.5	1.5	1.5	30	16000	3	0@0.002	0.306	0.532-0.838	184.904	938.74	184	463	412.165	1190.64	564.414	2082.56	412.165	1190.64	564.414	2082.56	116.86	141.014	325.268	-12.0433	0.0842329	7.6875	-27.19	0							1	0.0001214	-12.6432	voice verse "booed" tok=83922517001ee681 take=0 src=tts:gpt-audio-1.5 f0=128 onset=0.353 dur=0.580 vowel=0.533-0.793 level=0.050
365	proc	345	bod	train	shiftMags=0	983.939	1.5	1.5	1.5	30	16000	3	0@0.002	0.322	0.470-0.792	-148.295	958.521	-119	502	754.076	994.523	640.95	1929.74	754.076	994.523	636.301	1929.74	110.785	115.5	72.1567	-11.3976	0.0931219	8.0625	-28.0421	0							1	0.000117672	-12.2661	voice verse "bod" tok=0c114da9f7b024ff take=0 src=tts:gpt-audio-1.5 f0=101 onset=0.370 dur=0.560 vowel=0.460-0.750 level=0.050
366	proc	346	bead	train	shiftMags=0	986.793	1.5	1.5	1.5	30	16000	3	0@0.002	0.286	0.396-0.682	238.559	473.575	247	149	282.047	2564.56	480.628	3084.9	285.668	2601.94	482.976	3088.87	143.02	182.048	417.726	-7.9843	0.0997817	7.4375	-27.4728	0							1	0.000121131	-8.22375	voice verse "bead" tok=ed777669e4d3930f take=0 src=tts:gpt-audio-1.5 f0=133 onset=0.332 dur=0.460 vowel=0.402-0.662 level=0.050
367	proc	347	bad	train	shiftMags=0	989.594	1.5	1.5	1.5	30	16000	3	0@0.002	0.384	0.476-0.860	-277.032	789.856	-209	320	966.073	1748.29	665.745	2440.28	966.786	1748.29	668.156	2440.28	103.134	115.82	200.845	-3.6998	0.133306	8.3125	-27.3167	0							1	0.00012181	-3.83815	voice verse "bad" tok=f14bf2bb75ce53a1 take=0 src=tts:gpt-audio-1.5 f0=110 onset=0.322 dur=0.650 vowel=0.472-0.822 level=0.050
368	proc	348	bead	train	shiftMags=0	992.56	1.5	1.5	1.5	30	16000	3	0@0.002	0.35	0.476-0.826	244.323	444.738	255	138	270.594	2677.38	424.764	3091.18	275.856	2678.77	425.976	3097.14	114.122	195.218	929.407	-10.8857	0.0909238	7.5625	-28.3738	0							1	0.00012179	-11.4298	voice verse "bead" tok=9dca03533c697cf2 take=1 src=tts:gpt-audio-1.5 f0=146 onset=0.305 dur=0.740 vowel=0.475-0.785 level=0.050
369	proc	349	bod	train	shiftMags=0	994.977	1.5	1.5	1.5	30	16000	3	0@0.002	0.324	0.462-0.786	-147.878	949.744	-119	485	767.009	996.06	640.143	1960.22	779.536	996.729	641.765	1965.34	97.5844	111.004	223.068	-10.798	0.0848381	8	-27.5471	0							1	0.000122006	-11.5928	voice verse "bod" tok=a803a4278759a776 take=1 src=tts:gpt-audio-1.5 f0=103 onset=0.338 dur=0.580 vowel=0.468-0.748 level=0.050
370	proc	350	booed	train	shiftMags=0	997.866	1.5	1.5	1.5	30	16000	3	0@0.002	0.358	0.408-0.766	216.073	967.05	220	513	350.247	1145.58	510.011	2102.68	350.247	1145.58	510.011	2102.68	129.885	167.541	440.733	-12.5403	0.0621715	7.4375	-27.6068	0							1	0.000121401	-13.4343	voice verse "booed" tok=574c639fb30ce1dd take=1 src=tts:gpt-audio-1.5 f0=139 onset=0.343 dur=0.610 vowel=0.413-0.713 level=0.050
371	proc	351	bad	train	shiftMags=0	1000.58	1.5	1.5	1.5	30	16000	3	0@0.002	0.328	0.466-0.794	-314.046	779.212	-233	309	987.982	1841.73	673.554	2611.72	992.074	1836.17	675.483	2581.41	120.758	120.81	0.744528	-3.57793	0.127924	8.3125	-27.8725	0							1	0.000121076	-3.70397	voice verse "bad" tok=bf7483341168036e take=1 src=tts:gpt-audio-1.5 f0=117 onset=0.345 dur=0.610 vowel=0.345-0.755 level=0.050
372	proc	352	bod	train	shiftMags=0	1002.97	1.5	1.5	1.5	30	16000	3	0@0.002	0.326	0.426-0.752	-157.777	952.912	-126	491	788.861	1022.01	638.385	2007.62	791.85	1024.75	638.144	2009.47	108.609	123.539	222.982	-10.7459	0.0756124	8.0625	-27.5072	0							1	0.000114486	-11.4827	voice verse "bod" tok=2d28534e2d6185c4 take=2 src=tts:gpt-audio-1.5 f0=105 onset=0.348 dur=0.490 vowel=0.418-0.718 level=0.050
373	proc	353	bead	train	shiftMags=0	1005.38	1.5	1.5	1.5	30	16000	3	0@0.002	0.306	0.414-0.720	229.207	471.002	236	149	296.809	2637.61	473.969	3103.04	296.818	2640.7	474.394	3103.72	123.189	185.738	710.875	-7.36103	0.104697	7.6875	-27.0433	0							1	0.000121423	-7.55428	voice verse "bead" tok=8dd8d6a5ab0aa0cf take=2 src=tts:gpt-audio-1.5 f0=143 onset=0.289 dur=0.560 vowel=0.409-0.699 level=0.050
374	proc	354	bad	train	shiftMags=0	1007.7	1.5	1.5	1.5	30	16000	3	0@0.002	0.35	0.404-0.754	-308.625	782.119	-229	314	986.281	1742.24	677.85	2496.74	986.565	1743.41	678.076	2502.11	108.84	113.802	77.1832	-3.67084	0.138394	8.3125	-27.6529	0							1	0.000121967	-3.78013	voice verse "bad" tok=20b9268207fd744c take=2 src=tts:gpt-audio-1.5 f0=108 onset=0.286 dur=0.620 vowel=0.406-0.706 level=0.050
375	proc	355	booed	train	shiftMags=0	1010.62	1.5	1.5	1.5	30	16000	3	0@0.002	0.26	0.382-0.642	175.728	940.335	173	466	384.785	1151.76	571.754	2081.91	386.075	1154.13	567.406	2079.73	129.051	183.101	605.64	-11.5813	0.0594213	7.6875	-28.7164	1	1.485+15.4ms						0	0.000119245		voice verse "booed" tok=ddc0cfd6449ecf82 take=2 src=tts:gpt-audio-1.5 f0=126 onset=0.290 dur=0.440 vowel=0.380-0.610 level=0.050
376	proc	356	booed	train	shiftMags=0	1013.12	1.5	1.5	1.5	30	16000	3	0@0.002	0.314	0.450-0.764	209.89	963.231	212	502	365.972	1087.3	560.598	2062.79	365.972	1087.3	560.598	2062.79	131.634	140.702	115.332	-12.8336	0.0586042	7.6875	-28.2667	0							0	0.000118315		voice verse "booed" tok=719b4deabe835ead take=3 src=tts:gpt-audio-1.5 f0=128 onset=0.327 dur=0.540 vowel=0.437-0.727 level=0.050
377	proc	357	bod	train	shiftMags=0	1015.63	1.5	1.5	1.5	30	16000	3	0@0.002	0.32	0.418-0.740	-168.88	957.544	-134	496	777.527	985.548	624.547	1924.75	778.209	987.179	626.294	1924.8	113.54	116.508	44.6689	-11.6508	0.0501537	8.125	-27.9155	0							1	0.000121359	-12.3651	voice verse "bod" tok=445f60323c5bc688 take=3 src=tts:gpt-audio-1.5 f0=108 onset=0.298 dur=0.580 vowel=0.428-0.698 level=0.050
378	proc	358	bead	train	shiftMags=0	1017.97	1.5	1.5	1.5	30	16000	3	0@0.002	0.33	0.470-0.800	229.33	457.16	236	143	296.148	2641.93	451.596	3080.16	297.384	2657.27	457.152	3082.01	135.014	193.191	620.304	-8.61841	0.0793071	7.4375	-27.0239	0							1	0.00012187	-8.75055	voice verse "bead" tok=591ab66929cacfb2 take=3 src=tts:gpt-audio-1.5 f0=161 onset=0.286 dur=0.620 vowel=0.466-0.766 level=0.050
379	proc	359	bad	train	shiftMags=0	1020.83	1.5	1.5	1.5	30	16000	3	0@0.002	0.394	0.336-0.730	-283.8	781.213	-213	309	958.977	1754.27	662.259	2603.85	973.439	1754.27	672.219	2612.94	126.794	120.316	-90.7772	-2.8993	0.15577	8.3125	-27.3241	0							1	0.000115592	-2.9813	voice verse "bad" tok=32f48aa5d63e6bab take=3 src=tts:gpt-audio-1.5 f0=110 onset=0.350 dur=0.540 vowel=0.350-0.690 level=0.050
380	proc	360	bead	train	shiftMags=0	1023.49	1.5	1.5	1.5	30	16000	3	0@0.002	0.286	0.408-0.694	238.375	473.032	247	149	284.816	2578.84	476.113	3088.58	288.879	2600.06	477.048	3089.75	143.485	182.13	412.882	-7.95298	0.0968869	7.4375	-27.4742	0							1	0.000121974	-8.16235	voice verse "bead" tok=ed777669e4d3930f take=0 src=tts:gpt-audio-1.5 f0=133 onset=0.344 dur=0.460 vowel=0.414-0.674 level=0.050
381	proc	361	bod	train	shiftMags=0	1026.9	1.5	1.5	1.5	30	16000	3	0@0.002	0.322	0.476-0.798	-151.906	958.415	-122	502	761.356	992.82	625.131	1914.63	778.91	993.334	623.537	1914.63	110.032	114.622	70.7491	-11.4863	0.0938032	8.0625	-28.043	0							1	0.000120432	-12.2507	voice verse "bod" tok=0c114da9f7b024ff take=0 src=tts:gpt-audio-1.5 f0=101 onset=0.374 dur=0.560 vowel=0.464-0.754 level=0.050
382	proc	362	bad	train	shiftMags=0	1029.74	1.5	1.5	1.5	30	16000	3	0@0.002	0.382	0.500-0.882	-277.058	788.249	-209	314	963.512	1729.14	673.399	2436.87	964.212	1737.6	673.983	2437.98	111.42	116.123	71.5741	-3.69346	0.131879	8.3125	-27.3153	0							1	0.000120896	-3.77996	voice verse "bad" tok=f14bf2bb75ce53a1 take=0 src=tts:gpt-audio-1.5 f0=110 onset=0.345 dur=0.650 vowel=0.495-0.845 level=0.050
383	proc	363	booed	train	shiftMags=0	1032.4	1.5	1.5	1.5	30	16000	3	0@0.002	0.306	0.474-0.780	185.163	938.562	184	463	412.859	1186	552.885	2087.46	412.859	1186	552.885	2087.46	116.275	138.358	301.04	-12.2927	0.0835595	7.6875	-27.1895	0							1	0.000120834	-12.8193	voice verse "booed" tok=83922517001ee681 take=0 src=tts:gpt-audio-1.5 f0=128 onset=0.296 dur=0.580 vowel=0.476-0.736 level=0.050
384	proc	364	bead	train	shiftMags=0	1035.24	1.5	1.5	1.5	30	16000	3	0@0.002	0.352	0.542-0.894	244.336	444.742	255	138	273.868	2689.04	419.951	3082.51	273.868	2689.04	419.951	3082.51	119.592	194.793	844.588	-10.7169	0.0874559	7.4375	-28.3733	0							1	0.000120689	-11.148	voice verse "bead" tok=9dca03533c697cf2 take=1 src=tts:gpt-audio-1.5 f0=146 onset=0.371 dur=0.740 vowel=0.541-0.851 level=0.050
385	proc	365	bod	train	shiftMags=0	1038.02	1.5	1.5	1.5	30	16000	3	0@0.002	0.326	0.422-0.748	-147.81	950.111	-119	485	790.352	995.45	641.693	1970.31	793.88	1010.87	641.415	1977.76	96.1011	103.165	122.795	-11.7505	0.0834661	8	-27.5529	0							1	0.000121007	-12.1531	voice verse "bod" tok=a803a4278759a776 take=1 src=tts:gpt-audio-1.5 f0=103 onset=0.299 dur=0.580 vowel=0.429-0.709 level=0.050
386	proc	366	bad	train	shiftMags=0	1040.59	1.5	1.5	1.5	30	16000	3	0@0.002	0.328	0.484-0.812	-313.972	779.001	-233	309	990.364	1838.34	680.318	2578.98	991.767	1836.12	681.854	2575.29	120.385	119.229	-16.7028	-3.62582	0.125904	8.3125	-27.8732	0							1	0.000120499	-3.70476	voice verse "bad" tok=bf7483341168036e take=1 src=tts:gpt-audio-1.5 f0=117 onset=0.363 dur=0.610 vowel=0.363-0.773 level=0.050
387	proc	367	booed	train	shiftMags=0	1043.11	1.5	1.5	1.5	30	16000	3	0@0.002	0.358	0.426-0.784	216.421	968.272	220	513	351.72	1138.29	512.142	2470.82	350.36	1141.27	512.707	2478	126.704	167.141	479.521	-12.5807	0.08053	7.4375	-27.6089	0							1	0.000121563	-13.2065	voice verse "booed" tok=574c639fb30ce1dd take=1 src=tts:gpt-audio-1.5 f0=139 onset=0.361 dur=0.610 vowel=0.431-0.731 level=0.050
388	proc	368	booed	train	shiftMags=0	1046.03	1.5	1.5	1.5	30	16000	3	0@0.002	0.262	0.428-0.690	175.855	940.923	173	469	387.598	1154.01	565.459	2079.49	387.826	1154.55	562.592	2084.73	128.892	191.144	682.194	-12.2729	0.0547494	7.6875	-28.7194	0							1	0.000121934	-13.2078	voice verse "booed" tok=ddc0cfd6449ecf82 take=2 src=tts:gpt-audio-1.5 f0=126 onset=0.338 dur=0.440 vowel=0.428-0.658 level=0.050
389	proc	369	bod	train	shiftMags=0	1048.42	1.5	1.5	1.5	30	16000	3	0@0.002	0.332	0.366-0.700	-155.134	952.294	-124	491	789.704	1015.06	632.416	1989.45	791.929	1021.97	634.827	1994.48	108.882	127.283	270.33	-11.4891	0.0718528	8.0625	-27.5017	0							1	0.000119975	-12.047	voice verse "bod" tok=2d28534e2d6185c4 take=2 src=tts:gpt-audio-1.5 f0=105 onset=0.289 dur=0.490 vowel=0.359-0.659 level=0.050
390	proc	370	bead	train	shiftMags=0	1050.74	1.5	1.5	1.5	30	16000	3	0@0.002	0.306	0.418-0.724	229.4	471.121	236	149	298.438	2644.31	477.865	3106.3	299.351	2646.94	481.816	3107.52	119.669	185.836	761.971	-7.54238	0.0915951	7.6875	-27.0435	0							1	0.000121419	-7.73302	voice verse "bead" tok=8dd8d6a5ab0aa0cf take=2 src=tts:gpt-audio-1.5 f0=143 onset=0.293 dur=0.560 vowel=0.413-0.703 level=0.050
391	proc	371	bad	train	shiftMags=0	1053.64	1.5	1.5	1.5	30	16000	3	0@0.002	0.352	0.414-0.766	-308.66	782.346	-229	314	986.625	1742.96	676.565	2502.46	987.956	1743.77	676.753	2499.49	108.98	115.928	107.001	-3.78048	0.139407	8.3125	-27.6524	0							1	0.000121858	-3.85429	voice verse "bad" tok=20b9268207fd744c take=2 src=tts:gpt-audio-1.5 f0=108 onset=0.297 dur=0.620 vowel=0.417-0.717 level=0.050
392	proc	372	bad	train	shiftMags=0	1056.4	1.5	1.5	1.5	30	16000	3	0@0.002	0.392	0.296-0.688	-283.86	780.873	-213	309	960.227	1745.47	666.533	2598.87	974.33	1745.47	667.138	2601.23	127.909	120.272	-106.588	-2.89652	0.146638	8.3125	-27.3237	0							1	0.000120655	-2.98003	voice verse "bad" tok=32f48aa5d63e6bab take=3 src=tts:gpt-audio-1.5 f0=110 onset=0.308 dur=0.540 vowel=0.308-0.648 level=0.050
393	proc	373	bead	train	shiftMags=0	1059.35	1.5	1.5	1.5	30	16000	3	0@0.002	0.33	0.502-0.832	229.648	456.867	236	143	295.705	2634.69	469.601	3079.47	295.933	2656.36	471.171	3080.91	136.29	193.936	610.678	-8.86171	0.0826226	7.25	-27.0247	0							1	0.000121173	-9.13346	voice verse "bead" tok=591ab66929cacfb2 take=3 src=tts:gpt-audio-1.5 f0=161 onset=0.319 dur=0.620 vowel=0.499-0.799 level=0.050
394	proc	374	booed	train	shiftMags=0	1062.05	1.5	1.5	1.5	30	16000	3	0@0.002	0.314	0.444-0.758	209.728	961.045	212	502	360.041	1085.05	555.195	2054.85	360.041	1085.05	555.195	2054.85	131.055	151	245.255	-13.2595	0.0560779	7.6875	-28.2665	0							1	0.000120324	-14.2371	voice verse "booed" tok=719b4deabe835ead take=3 src=tts:gpt-audio-1.5 f0=128 onset=0.321 dur=0.540 vowel=0.431-0.721 level=0.050
395	proc	375	bod	train	shiftMags=0	1065.05	1.5	1.5	1.5	30	16000	3	0@0.002	0.32	0.464-0.786	-168.854	957.558	-134	496	785.06	983.62	636.981	1925.41	785.296	983.987	636.775	1922.86	113.115	117.095	59.8583	-11.504	0.0510396	8.0625	-27.9165	1	1.485+15.4ms						1	0.000121976	-12.5621	voice verse "bod" tok=445f60323c5bc688 take=3 src=tts:gpt-audio-1.5 f0=108 onset=0.344 dur=0.580 vowel=0.474-0.744 level=0.050
396	proc	376	bad	train	shiftMags=0	1067.63	1.5	1.5	1.5	30	16000	3	0@0.002	0.382	0.446-0.828	-277	788.387	-209	314	966.579	1746.25	679.188	2439.37	967.065	1746.25	679.614	2439.37	103.597	113.617	159.844	-3.67379	0.12804	8.3125	-27.317	0							1	0.00012151	-3.82087	voice verse "bad" tok=f14bf2bb75ce53a1 take=0 src=tts:gpt-audio-1.5 f0=110 onset=0.292 dur=0.650 vowel=0.442-0.792 level=0.050
397	proc	377	booed	train	shiftMags=0	1069.92	1.5	1.5	1.5	30	16000	3	0@0.002	0.306	0.470-0.776	185.138	938.675	184	463	411.129	1185.89	558.876	2089.47	411.129	1185.89	558.876	2089.47	116.966	139.718	307.714	-12.3501	0.0782397	7.6875	-27.19	0							1	0.000118824	-12.8189	voice verse "booed" tok=83922517001ee681 take=0 src=tts:gpt-audio-1.5 f0=128 onset=0.292 dur=0.580 vowel=0.472-0.732 level=0.050
398	proc	378	bead	train	shiftMags=0	1072.67	1.5	1.5	1.5	30	16000	3	0@0.002	0.286	0.380-0.666	238.287	472.953	247	149	285.082	2573	480.766	3085.6	289.239	2596.23	482.285	3086.02	141.673	181.952	433.19	-8.2678	0.0973701	7.4375	-27.4733	0							1	0.000119921	-8.39866	voice verse "bead" tok=ed777669e4d3930f take=0 src=tts:gpt-audio-1.5 f0=133 onset=0.315 dur=0.460 vowel=0.385-0.645 level=0.050
399	proc	379	bod	train	shiftMags=0	1075.11	1.5	1.5	1.5	30	16000	3	0@0.002	0.322	0.434-0.756	-151.941	958.599	-122	502	748.095	991.653	631.996	1905.51	748.172	991.659	629.65	1900.53	108.104	118.292	155.906	-11.5313	0.084474	8.125	-28.0424	0							1	0.000120092	-12.1646	voice verse "bod" tok=0c114da9f7b024ff take=0 src=tts:gpt-audio-1.5 f0=101 onset=0.332 dur=0.560 vowel=0.422-0.712 level=0.050
400	proc	380	bead	train	shiftMags=0	1077.66	1.5	1.5	1.5	30	16000	3	0@0.002	0.352	0.470-0.822	244.732	444.643	255	138	275.598	2685.24	415.983	3089.12	275.598	2685.24	415.983	3089.12	119.156	195.079	853.449	-10.5724	0.0951128	7.4375	-28.3709	0							1	0.000121522	-11.2158	voice verse "bead" tok=9dca03533c697cf2 take=1 src=tts:gpt-audio-1.5 f0=146 onset=0.300 dur=0.740 vowel=0.470-0.780 level=0.050
401	proc	381	bad	train	shiftMags=0	1080.18	1.5	1.5	1.5	30	16000	3	0@0.002	0.328	0.472-0.800	-311.49	779.187	-231	309	994.393	1835.46	678.675	2580.75	994.726	1831.69	680.78	2573.16	126.022	121.914	-57.3629	-3.50129	0.130241	8.3125	-27.8721	0							1	0.000121932	-3.64938	voice verse "bad" tok=bf7483341168036e take=1 src=tts:gpt-audio-1.5 f0=117 onset=0.351 dur=0.610 vowel=0.351-0.761 level=0.050
402	proc	382	booed	train	shiftMags=0	1082.68	1.5	1.5	1.5	30	16000	3	0@0.002	0.358	0.406-0.764	216.297	966.793	220	513	351.841	1137.47	511.45	2099.57	350.586	1140.68	512.193	2113.99	130.6	167.138	427.064	-12.2341	0.0827219	7.4375	-27.609	1	0.994+5.8ms						1	0.000121674	-12.8813	voice verse "booed" tok=574c639fb30ce1dd take=1 src=tts:gpt-audio-1.5 f0=139 onset=0.341 dur=0.610 vowel=0.411-0.711 level=0.050
403	proc	383	bod	train	shiftMags=0	1085.32	1.5	1.5	1.5	30	16000	3	0@0.002	0.324	0.438-0.762	-147.888	949.646	-119	485	790.649	995.58	630.655	1982.86	793.608	1009.94	636.559	1987.3	99.9258	107.833	131.851	-10.6129	0.0925359	8	-27.5528	0							1	0.000121963	-11.0239	voice verse "bod" tok=a803a4278759a776 take=1 src=tts:gpt-audio-1.5 f0=103 onset=0.314 dur=0.580 vowel=0.444-0.724 level=0.050
404	proc	384	bad	train	shiftMags=0	1088.01	1.5	1.5	1.5	30	16000	3	0@0.002	0.352	0.472-0.824	-308.656	782.368	-229	314	985.467	1742.69	677.919	2493.82	986.528	1742.69	679.017	2500.89	108.44	113.478	78.6298	-3.76201	0.135848	8.3125	-27.6521	0							1	0.000121347	-3.85363	voice verse "bad" tok=20b9268207fd744c take=2 src=tts:gpt-audio-1.5 f0=108 onset=0.355 dur=0.620 vowel=0.475-0.775 level=0.050
405	proc	385	booed	train	shiftMags=0	1090.32	1.5	1.5	1.5	30	16000	3	0@0.002	0.262	0.414-0.676	175.706	940.36	173	463	386.35	1156.5	568.356	2073.93	386.35	1156.5	568.356	2073.93	128.6	191.812	692.166	-12.2212	0.0559286	7.6875	-28.72	0							0	0.000114416		voice verse "booed" tok=ddc0cfd6449ecf82 take=2 src=tts:gpt-audio-1.5 f0=126 onset=0.323 dur=0.440 vowel=0.413-0.643 level=0.050
406	proc	386	bod	train	shiftMags=0	1093.24	1.5	1.5	1.5	30	16000	3	0@0.002	0.328	0.446-0.774	-157.7	952.966	-126	491	789.521	1019.69	638.281	2007.36	792.688	1023.86	637.174	2008.44	108.735	111.643	45.6905	-11.2809	0.0748865	8.0625	-27.505	0							1	0.000119951	-11.8923	voice verse "bod" tok=2d28534e2d6185c4 take=2 src=tts:gpt-audio-1.5 f0=105 onset=0.369 dur=0.490 vowel=0.439-0.739 level=0.050
407	proc	387	bead	train	shiftMags=0	1095.75	1.5	1.5	1.5	30	16000	3	0@0.002	0.304	0.418-0.722	229.2	470.439	236	149	300.436	2644.49	480.004	3105.01	300.635	2646.84	481.71	3106.83	119.71	185.968	762.608	-7.80691	0.0922247	7.6875	-27.0436	0							1	0.00012077	-7.88837	voice verse "bead" tok=8dd8d6a5ab0aa0cf take=2 src=tts:gpt-audio-1.5 f0=143 onset=0.293 dur=0.560 vowel=0.413-0.703 level=0.050
408	proc	388	bead	train	shiftMags=0	1098.55	1.5	1.5	1.5	30	16000	3	0@0.002	0.33	0.512-0.842	229.74	456.519	236	143	295.541	2647.89	475.149	3078.26	296.145	2677.65	475.77	3080.93	136.257	193.755	609.484	-8.75785	0.0826233	7.25	-27.0243	0							1	0.00012194	-8.97437	voice verse "bead" tok=591ab66929cacfb2 take=3 src=tts:gpt-audio-1.5 f0=161 onset=0.329 dur=0.620 vowel=0.509-0.809 level=0.050
409	proc	389	booed	train	shiftMags=0	1101.06	1.5	1.5	1.5	30	16000	3	0@0.002	0.312	0.412-0.724	209.198	961.525	212	502	361.577	1082.53	552.604	2053.34	361.577	1082.53	552.604	2053.34	129.842	158.38	343.97	-12.9831	0.0587558	7.6875	-28.266	0							0	0.000108375		voice verse "booed" tok=719b4deabe835ead take=3 src=tts:gpt-audio-1.5 f0=128 onset=0.288 dur=0.540 vowel=0.398-0.688 level=0.050
410	proc	390	bod	train	shiftMags=0	1103.4	1.5	1.5	1.5	30	16000	3	0@0.002	0.322	0.432-0.754	-168.721	957.71	-134	496	782.487	985.387	629.61	1921.44	786.131	985.785	629.602	1926.45	110.383	118.665	125.244	-10.8536	0.0721084	8.125	-27.9162	0							1	0.000121936	-11.3673	voice verse "bod" tok=445f60323c5bc688 take=3 src=tts:gpt-audio-1.5 f0=108 onset=0.312 dur=0.580 vowel=0.442-0.712 level=0.050
411	proc	391	bad	train	shiftMags=0	1106.9	1.5	1.5	1.5	30	16000	3	0@0.002	0.392	0.342-0.734	-283.874	781.873	-213	311.5	956.1	1763.29	664.389	2602.13	968.041	1764.97	666.032	2610.37	126.709	118.857	-110.746	-2.93895	0.145133	8.3125	-27.3237	0							1	0.000122033	-2.97498	voice verse "bad" tok=32f48aa5d63e6bab take=3 src=tts:gpt-audio-1.5 f0=110 onset=0.354 dur=0.540 vowel=0.354-0.694 level=0.050
412	proc	392	bad	train	shiftMags=0	1109.32	1.5	1.5	1.5	30	16000	3	0@0.002	0.382	0.514-0.896	-277.049	788.293	-209	314	965.653	1726.1	675.331	2438.03	966.348	1729.91	676.686	2438.91	102.963	113.638	170.78	-3.71353	0.134089	8.3125	-27.3168	0							1	0.000121727	-3.78782	voice verse "bad" tok=f14bf2bb75ce53a1 take=0 src=tts:gpt-audio-1.5 f0=110 onset=0.359 dur=0.650 vowel=0.509-0.859 level=0.050
413	proc	393	bod	train	shiftMags=0	1111.79	1.5	1.5	1.5	30	16000	3	0@0.002	0.322	0.428-0.750	-151.909	959.354	-122	502	762.851	993.456	631.333	1903.3	774.741	995.154	630.855	1903.3	110.567	111.885	20.5145	-11.6423	0.0894455	8.0625	-28.0428	0							1	0.000118197	-12.2667	voice verse "bod" tok=0c114da9f7b024ff take=0 src=tts:gpt-audio-1.5 f0=101 onset=0.326 dur=0.560 vowel=0.416-0.706 level=0.050
414	proc	394	bead	train	shiftMags=0	1114.55	1.5	1.5	1.5	30	16000	3	0@0.002	0.284	0.426-0.710	238.321	473.288	247	149	284.542	2564.99	469.35	3089.06	284.542	2602.86	472.316	3092.94	138.77	181.439	464.15	-8.23069	0.103198	7.6875	-27.4736	0							1	0.000121899	-8.50962	voice verse "bead" tok=ed777669e4d3930f take=0 src=tts:gpt-audio-1.5 f0=133 onset=0.361 dur=0.460 vowel=0.431-0.691 level=0.050
415	proc	395	booed	train	shiftMags=0	1117.3	1.5	1.5	1.5	30	16000	3	0@0.002	0.306	0.540-0.846	185.141	937.888	184	463	411.005	1185.63	557.668	2076.95	411.005	1185.63	557.668	2076.95	116.942	140.397	316.469	-12.2643	0.080758	7.6875	-27.1887	1	1.485+15.4ms						1	0.000118607	-12.8144	voice verse "booed" tok=83922517001ee681 take=0 src=tts:gpt-audio-1.5 f0=128 onset=0.362 dur=0.580 vowel=0.542-0.802 level=0.050
416	proc	396	bed	generalization	shiftMags=0	1124.7	1.5	1.5	1.5	30	16000	4	0@0.002	0.274	0.408-0.682	-137.038	678.081	-111	248	761.581	2093.58	429.642	1448.5	761.581	2093.58	429.642	1448.5	140.311	NaN	NaN	-5.10905	0.0814625	6.9375	-27.3365	0							0	0.00012099		voice verse "bed" tok=2ff9816abd09c79c take=3 src=tts:gpt-audio-1.5 f0=136 onset=0.293 dur=0.560 vowel=0.403-0.673 level=0.050
417	proc	397	bid	generalization	shiftMags=0	1127.25	1.5	1.5	1.5	30	16000	4	0@0.002	0.318	0.452-0.770	96.766	617.279	90	215	459.706	2309.34	532.973	1577.53	459.706	2309.34	532.973	1577.53	127.36	NaN	NaN	-6.73946	0.097834	-14.625	-27.0161	0							0	0.000121522		voice verse "bid" tok=b43bc1de0fb13d15 take=3 src=tts:gpt-audio-1.5 f0=156 onset=0.313 dur=0.580 vowel=0.453-0.833 level=0.050
418	proc	398	bayed	generalization	shiftMags=0	1129.85	1.5	1.5	1.5	30	16000	4	0@0.002	0.372	0.554-0.926	142.415	546.612	137	182	NaN	NaN	NaN	NaN					111.525	190.101	923.272	-5.30609	0.0788712	10.5	-28.6363	0							0	0.0001211		voice verse "bayed" tok=264d9478c3c665c0 take=3 src=tts:gpt-audio-1.5 f0=139 onset=0.355 dur=0.690 vowel=0.565-0.795 level=0.050
419	proc	399	bode	generalization	shiftMags=0	1132.25	1.5	1.5	1.5	30	16000	4	0@0.002	0.364	0.456-0.820	54.2071	977.141	49	529	607.783	929.156	414.204	1188.52	607.783	929.156	414.204	1188.52	149.648	NaN	NaN	-5.31987	0.0975202	-39.375	-27.2207	0							0	0.000120007		voice verse "bode" tok=69380fe4cac60bfd take=3 src=tts:gpt-audio-1.5 f0=147 onset=0.336 dur=0.600 vowel=0.456-0.786 level=0.050
420	proc	400	bud	generalization	shiftMags=0	1134.72	1.5	1.5	1.5	30	16000	4	0@0.002	0.224	0.448-0.672	-98.0573	901.209	-81	419	770.761	1327.54	409.832	1687.2	770.761	1327.54	409.832	1687.2	117.277	NaN	NaN	-4.65405	0.105878	-20.375	-27.9233	0							0	0.000120458		voice verse "bud" tok=1200db6f69f4295a take=3 src=tts:gpt-audio-1.5 f0=119 onset=0.368 dur=0.450 vowel=0.438-0.648 level=0.050
421	proc	401	bud	generalization	shiftMags=0	1137.14	1.5	1.5	1.5	30	16000	4	0@0.002	0.248	0.384-0.632	-87.8824	894.561	-73	411	596.953	1042.69	354.684	1886.49	596.953	1042.69	354.684	1886.49	117.162	141.21	323.199	-4.54739	0.0822595	29	-29.0987	0							0	0.000121866		voice verse "bud" tok=7d279bf704c7b270 take=0 src=tts:gpt-audio-1.5 f0=98 onset=0.290 dur=0.430 vowel=0.370-0.670 level=0.050
422	proc	402	bid	generalization	shiftMags=0	1139.5	1.5	1.5	1.5	30	16000	4	0@0.002	0.212	0.386-0.598	94.7013	666.633	88	240	422.021	2063.86	623.416	2756.99	422.021	2145.8	623.416	3554.46	119.504	NaN	NaN	-5.31608	0.0815273	49.9375	-28.1307	0							0	0.000121417		voice verse "bid" tok=ed7a17d4a5c7671d take=0 src=tts:gpt-audio-1.5 f0=104 onset=0.304 dur=0.430 vowel=0.374-0.574 level=0.050
423	proc	403	bed	generalization	shiftMags=0	1142	1.5	1.5	1.5	30	16000	4	0@0.002	0.202	0.454-0.656	-121.386	699.755	-99	259	616.094	1860.99	394.739	2465.06	616.094	1860.99	394.739	2465.06	113.794	168.39	678.454	-4.63721	0.0856765	24.9375	-28.6437	0							0	0.000121789		voice verse "bed" tok=e7a3c4041f9db3f1 take=0 src=tts:gpt-audio-1.5 f0=108 onset=0.360 dur=0.440 vowel=0.450-0.630 level=0.050
424	proc	404	bayed	generalization	shiftMags=0	1144.91	1.5	1.5	1.5	30	16000	4	0@0.002	0.352	0.454-0.806	108.757	537.068	102	177	520.897	2409.17	405.637	1395.27	520.897	2409.17	405.637	1395.27	113.048	NaN	NaN	-5.55155	0.101338	-15.625	-28.5066	0							0	0.000122028		voice verse "bayed" tok=fbd801bc5709f0be take=0 src=tts:gpt-audio-1.5 f0=122 onset=0.289 dur=0.710 vowel=0.299-0.759 level=0.050
425	proc	405	bode	generalization	shiftMags=0	1147.81	1.5	1.5	1.5	30	16000	4	0@0.002	0.324	0.450-0.774	36.8688	955.265	33	496	658.988	1149.33	409.26	1278.88	658.988	1149.33	409.26	1278.88	112.4	192.209	928.837	-4.98779	0.0899612	-4.125	-27.6733	0							0	0.00012192		voice verse "bode" tok=e00af0ec08f2ff6d take=0 src=tts:gpt-audio-1.5 f0=117 onset=0.314 dur=0.600 vowel=0.464-0.714 level=0.050
426	proc	406	bid	generalization	shiftMags=0	1150.47	1.5	1.5	1.5	30	16000	4	0@0.002	0.262	0.524-0.786	80.3659	632.887	74	221	454.494	2247.05	490.874	3502.63	465.443	2252.43	486.313	2380.9	103.785	197.911	1117.51	-4.97411	0.0821503	33.875	-27.596	0							0	0.000121445		voice verse "bid" tok=94560bbf553e71e9 take=1 src=tts:gpt-audio-1.5 f0=121 onset=0.375 dur=0.610 vowel=0.535-0.755 level=0.050
427	proc	407	bode	generalization	shiftMags=0	1153.23	1.5	1.5	1.5	30	16000	4	0@0.002	0.328	0.530-0.858	112.793	972.78	106	518	498.295	1064.27	480.833	2073.68	498.295	1064.27	480.833	2073.68	112.659	235.93	1279.67	-5.30191	0.0818678	-17.0625	-27.3773	0							0	6.08433e-05		voice verse "bode" tok=4567b75d7d574d38 take=1 src=tts:gpt-audio-1.5 f0=122 onset=0.353 dur=0.690 vowel=0.533-0.803 level=0.050
428	proc	408	bud	generalization	shiftMags=0	1155.93	1.5	1.5	1.5	30	16000	4	0@0.002	0.252	0.438-0.690	-132.229	926.993	-107	452	710.382	1106.97	426.76	1131.47	710.382	1106.97	426.76	1131.47	115.257	211.524	1051.16	-4.71067	0.101282	35.75	-28.6368	0							0	0.000121498		voice verse "bud" tok=fec15e26c95bac81 take=1 src=tts:gpt-audio-1.5 f0=98 onset=0.332 dur=0.530 vowel=0.442-0.782 level=0.050
429	proc	409	bayed	generalization	shiftMags=0	1158.62	1.5	1.5	1.5	30	16000	4	0@0.002	0.384	0.352-0.736	161.232	512.115	157	165	481.308	2387.92	506.691	2896.39	481.308	2387.92	506.691	2896.39	114.705	140.639	352.891	-5.35176	0.0872252	-9.8125	-26.7555	0							0	0.000119417		voice verse "bayed" tok=0a928e7792ad4b13 take=1 src=tts:gpt-audio-1.5 f0=112 onset=0.295 dur=0.570 vowel=0.355-0.715 level=0.050
430	proc	410	bed	generalization	shiftMags=0	1161.21	1.5	1.5	1.5	30	16000	4	0@0.002	0.266	0.550-0.816	-116.068	694.221	-95	254	NaN	NaN	NaN	NaN					106.459	NaN	NaN	-3.97304	0.0997283	-2	-28.6809	0							0	0.0001207		voice verse "bed" tok=cbc533f02165b770 take=1 src=tts:gpt-audio-1.5 f0=106 onset=0.363 dur=0.580 vowel=0.553-0.773 level=0.050
431	proc	411	bud	generalization	shiftMags=0	1163.96	1.5	1.5	1.5	30	16000	4	0@0.002	0.228	0.458-0.686	-145.413	911.527	-117	430	753.787	1161.03	482.505	2967.72	764.196	1161.29	493.425	3759.33	114.842	NaN	NaN	-4.60352	0.101125	24.5625	-28.1752	0							0	0.0001205		voice verse "bud" tok=e7783b77b956db53 take=2 src=tts:gpt-audio-1.5 f0=110 onset=0.332 dur=0.500 vowel=0.462-0.662 level=0.050
432	proc	412	bed	generalization	shiftMags=0	1166.49	1.5	1.5	1.5	30	16000	4	0@0.002	0.222	0.390-0.612	-85.3321	711.499	-71	265	766.181	2040.23	297.997	1311.66	766.181	2040.23	297.997	1311.66	89.8425	NaN	NaN	-3.05147	0.106289	42.125	-27.9819	0							0	0.000121733		voice verse "bed" tok=2f20e5a13c554851 take=2 src=tts:gpt-audio-1.5 f0=109 onset=0.328 dur=0.440 vowel=0.388-0.588 level=0.050
433	proc	413	bid	generalization	shiftMags=0	1168.98	1.5	1.5	1.5	30	16000	4	0@0.002	0.232	0.374-0.606	110.72	633.166	104	221	447.025	2204.43	387.979	1444.04	447.025	2204.43	387.979	1444.04	118.242	NaN	NaN	-4.86952	0.0963403	41.8125	-27.9171	0							0	0.000120163		voice verse "bid" tok=571897c240be8641 take=2 src=tts:gpt-audio-1.5 f0=109 onset=0.351 dur=0.380 vowel=0.371-0.561 level=0.050
434	proc	414	bayed	generalization	shiftMags=0	1171.4	1.5	1.5	1.5	30	16000	4	0@0.002	0.338	0.270-0.608	134.807	524.538	129	171	413.219	2011.12	461.778	2277.15					114.524	236.673	1256.69	-6.17404	0.117969	41.625	-26.3174	0							0	0.000121434		voice verse "bayed" tok=9ac07293a111f9c3 take=2 src=tts:gpt-audio-1.5 f0=106 onset=0.285 dur=0.440 vowel=0.285-0.585 level=0.050
435	proc	415	bode	generalization	shiftMags=0	1173.95	1.5	1.5	1.5	30	16000	4	0@0.002	0.306	0.454-0.760	67.9945	960.113	62	502	564.248	1015.85	432.657	1252.12	564.248	1015.85	432.657	1252.12	114.545	231.753	1220.01	-3.92202	0.10794	15.3125	-27.0868	0							0	0.000120444		voice verse "bode" tok=04686bf53df5a1b2 take=2 src=tts:gpt-audio-1.5 f0=117 onset=0.374 dur=0.480 vowel=0.454-0.734 level=0.050
436	proc	416	bode	generalization	shiftMags=0	1176.75	1.5	1.5	1.5	30	16000	4	0@0.002	0.364	0.476-0.840	54.2301	976.98	49	529	613.69	927.34	523.884	1441.65	620.023	929.03	511.465	1433.29	149.393	202.571	527.184	-5.0136	0.081715	48.9375	-27.2193	0							0	0.00011515		voice verse "bode" tok=69380fe4cac60bfd take=3 src=tts:gpt-audio-1.5 f0=147 onset=0.356 dur=0.600 vowel=0.476-0.806 level=0.050
437	proc	417	bid	generalization	shiftMags=0	1179.03	1.5	1.5	1.5	30	16000	4	0@0.002	0.318	0.442-0.760	96.7226	617.505	90	215	458.011	2304.32	534.792	1776.07	458.011	2304.32	534.792	1776.07	129.666	232.716	1012.52	-6.72226	0.0971207	-6	-27.0157	0							0	0.000121913		voice verse "bid" tok=b43bc1de0fb13d15 take=3 src=tts:gpt-audio-1.5 f0=156 onset=0.304 dur=0.580 vowel=0.444-0.824 level=0.050
438	proc	418	bayed	generalization	shiftMags=0	1181.87	1.5	1.5	1.5	30	16000	4	0@0.002	0.372	0.570-0.942	142.347	543.632	137	179.5	NaN	NaN	NaN	NaN					111.64	191.803	936.918	-5.12445	0.0824559	9.5625	-28.6372	0							0	0.000121995		voice verse "bayed" tok=264d9478c3c665c0 take=3 src=tts:gpt-audio-1.5 f0=139 onset=0.371 dur=0.690 vowel=0.581-0.811 level=0.050
439	proc	419	bud	generalization	shiftMags=0	1184.72	1.5	1.5	1.5	30	16000	4	0@0.002	0.224	0.410-0.634	-98.0278	901.673	-81	419	748.985	1193.9	414.548	1109.79	759.771	1203.82	413.735	1089.36	116.235	218.722	1094.47	-4.42017	0.0999171	41.0625	-27.9227	0							0	0.000120484		voice verse "bud" tok=1200db6f69f4295a take=3 src=tts:gpt-audio-1.5 f0=119 onset=0.330 dur=0.450 vowel=0.400-0.610 level=0.050
440	proc	420	bed	generalization	shiftMags=0	1187.48	1.5	1.5	1.5	30	16000	4	0@0.002	0.274	0.420-0.694	-137.058	678.84	-111	248	768.957	2098.96	452.694	2427.41	770.743	2101.63	448.559	3470.86	142.195	NaN	NaN	-5.63598	0.0967556	56.3125	-27.3386	0							0	0.000122063		voice verse "bed" tok=2ff9816abd09c79c take=3 src=tts:gpt-audio-1.5 f0=136 onset=0.306 dur=0.560 vowel=0.416-0.686 level=0.050
441	proc	421	bud	generalization	shiftMags=0	1191.22	1.5	1.5	1.5	30	16000	4	0@0.002	0.244	0.452-0.696	-90.5276	892.584	-75	411	658.441	1120.6	492.805	2616.96	741.867	1199.35	670.644	1515.41	116.705	NaN	NaN	-4.88614	0.0718692	47.6875	-29.1004	0							0	0.000119583		voice verse "bud" tok=7d279bf704c7b270 take=0 src=tts:gpt-audio-1.5 f0=98 onset=0.357 dur=0.430 vowel=0.437-0.737 level=0.050
442	proc	422	bode	generalization	shiftMags=0	1193.57	1.5	1.5	1.5	30	16000	4	0@0.002	0.314	0.496-0.810	34.7123	957.685	31	496	638.679	1124.57	395.623	1273.88	638.679	1124.57	395.623	1273.88	111.66	229.406	1246.55	-5.02759	0.0815527	-35.625	-27.6749	0							0	0.000118952		voice verse "bode" tok=e00af0ec08f2ff6d take=0 src=tts:gpt-audio-1.5 f0=117 onset=0.350 dur=0.600 vowel=0.500-0.750 level=0.050
443	proc	423	bed	generalization	shiftMags=0	1196.09	1.5	1.5	1.5	30	16000	4	0@0.002	0.204	0.400-0.604	-119.004	700.478	-97	259	669.816	1968.18	456.339	2261.57	669.816	1968.18	456.339	2261.57	116.568	NaN	NaN	-3.88002	0.112278	8.8125	-28.6429	0							0	0.000120639		voice verse "bed" tok=e7a3c4041f9db3f1 take=0 src=tts:gpt-audio-1.5 f0=108 onset=0.307 dur=0.440 vowel=0.397-0.577 level=0.050
444	proc	424	bayed	generalization	shiftMags=0	1198.45	1.5	1.5	1.5	30	16000	4	0@0.002	0.35	0.512-0.862	104.882	538.15	98	177	579.119	2186.42	394.749	1214.98	579.119	2186.42	394.749	1214.98	114.055	NaN	NaN	-5.24047	0.0838759	14.8125	-28.506	0							0	0.000121548		voice verse "bayed" tok=fbd801bc5709f0be take=0 src=tts:gpt-audio-1.5 f0=122 onset=0.347 dur=0.710 vowel=0.357-0.817 level=0.050
445	proc	425	bid	generalization	shiftMags=0	1201.07	1.5	1.5	1.5	30	16000	4	0@0.002	0.212	0.388-0.600	92.6674	666.576	86	240	446.084	2196.99	416.464	1278.11	466.118	2209.5	395.03	1622.27	117.249	NaN	NaN	-5.29448	0.0762619	37.25	-28.1309	0							0	0.000121206		voice verse "bid" tok=ed7a17d4a5c7671d take=0 src=tts:gpt-audio-1.5 f0=104 onset=0.307 dur=0.430 vowel=0.377-0.577 level=0.050
446	proc	426	bed	generalization	shiftMags=0	1203.66	1.5	1.5	1.5	30	16000	4	0@0.002	0.268	0.502-0.770	-113.674	693.919	-93	254	615.274	1931.13	518.953	2526.49	615.274	1931.13	518.953	2526.49	107.369	198.159	1060.9	-5.05089	0.0765026	13.0625	-28.676	0							0	0.000120852		voice verse "bed" tok=cbc533f02165b770 take=1 src=tts:gpt-audio-1.5 f0=106 onset=0.315 dur=0.580 vowel=0.505-0.725 level=0.050
447	proc	427	bud	generalization	shiftMags=0	1206.21	1.5	1.5	1.5	30	16000	4	0@0.002	0.25	0.402-0.652	-137.015	926.737	-111	452	772.998	1148.34	518.134	1365.12	772.998	1148.34	518.134	1365.12	114.975	235.682	1242.63	-5.79814	0.0653793	11.6875	-28.6356	0							0	0.000120694		voice verse "bud" tok=fec15e26c95bac81 take=1 src=tts:gpt-audio-1.5 f0=98 onset=0.293 dur=0.530 vowel=0.403-0.743 level=0.050
448	proc	428	bid	generalization	shiftMags=0	1209.19	1.5	1.5	1.5	30	16000	4	0@0.002	0.262	0.474-0.736	80.3635	633.208	74	221	476.899	2261.64	442.786	1140.4	476.899	2261.64	442.786	1140.4	104.401	NaN	NaN	-4.79046	0.092749	26.375	-27.5963	0							0	0.000120142		voice verse "bid" tok=94560bbf553e71e9 take=1 src=tts:gpt-audio-1.5 f0=121 onset=0.324 dur=0.610 vowel=0.484-0.704 level=0.050
449	proc	429	bayed	generalization	shiftMags=0	1211.76	1.5	1.5	1.5	30	16000	4	0@0.002	0.382	0.352-0.734	161.139	512.195	157	165	491.228	2369.39	487.704	1348.53	491.228	2369.39	487.704	1348.53	114.815	137.764	315.465	-5.22951	0.0918835	-8.6875	-26.7568	0							0	0.000121809		voice verse "bayed" tok=0a928e7792ad4b13 take=1 src=tts:gpt-audio-1.5 f0=112 onset=0.294 dur=0.570 vowel=0.354-0.714 level=0.050
450	proc	430	bode	generalization	shiftMags=0	1214.65	1.5	1.5	1.5	30	16000	4	0@0.002	0.33	0.510-0.840	112.96	972.542	106	518	NaN	NaN	NaN	NaN					109.96	166.332	716.506	-4.0521	0.109635	44.5	-27.376	0							0	6.04594e-05		voice verse "bode" tok=4567b75d7d574d38 take=1 src=tts:gpt-audio-1.5 f0=122 onset=0.334 dur=0.690 vowel=0.514-0.784 level=0.050
451	proc	431	bayed	generalization	shiftMags=0	1217.14	1.5	1.5	1.5	30	16000	4	0@0.002	0.338	0.302-0.640	131.274	524.27	125	171	376.305	1982.27	376.687	3720.13					116.54	NaN	NaN	-6.25973	0.0912204	39.5	-26.3177	0							0	0.000120633		voice verse "bayed" tok=9ac07293a111f9c3 take=2 src=tts:gpt-audio-1.5 f0=106 onset=0.317 dur=0.440 vowel=0.317-0.617 level=0.050
452	proc	432	bode	generalization	shiftMags=0	1219.55	1.5	1.5	1.5	30	16000	4	0@0.002	0.304	0.390-0.694	62.6295	959.078	57	502	572.833	1047.56	357.027	1177.96	572.833	1047.56	357.027	1177.96	114.39	196.533	936.971	-3.47182	0.112129	-0.625	-27.0873	0							0	0.000119858		voice verse "bode" tok=04686bf53df5a1b2 take=2 src=tts:gpt-audio-1.5 f0=117 onset=0.309 dur=0.480 vowel=0.389-0.669 level=0.050
453	proc	433	bed	generalization	shiftMags=0	1222.09	1.5	1.5	1.5	30	16000	4	0@0.002	0.222	0.374-0.596	-85.2642	711.921	-71	265	648.359	1959.18	374.059	1150.3	697.505	1968.29	370.225	1123.96	94.9929	NaN	NaN	-4.66194	0.104351	59.375	-27.9819	0							0	0.000121593		voice verse "bed" tok=2f20e5a13c554851 take=2 src=tts:gpt-audio-1.5 f0=109 onset=0.312 dur=0.440 vowel=0.372-0.572 level=0.050
454	proc	434	bud	generalization	shiftMags=0	1224.64	1.5	1.5	1.5	30	16000	4	0@0.002	0.226	0.476-0.702	-148.232	911.305	-119	430	773.259	1157.1	499.375	1471.62	804.891	1164.23	499.375	1471.62	112.899	144.426	426.365	-5.4392	0.103066	59.9375	-28.1759	0							0	0.000119503		voice verse "bud" tok=e7783b77b956db53 take=2 src=tts:gpt-audio-1.5 f0=110 onset=0.350 dur=0.500 vowel=0.480-0.680 level=0.050
455	proc	435	bid	generalization	shiftMags=0	1227.27	1.5	1.5	1.5	30	16000	4	0@0.002	0.23	0.358-0.588	108.868	631.969	102	221	448.143	2176.61	482.368	3574.86	448.143	2176.61	482.368	3574.86	124.571	NaN	NaN	-4.14456	0.0975302	17	-27.918	0							0	0.000121092		voice verse "bid" tok=571897c240be8641 take=2 src=tts:gpt-audio-1.5 f0=109 onset=0.334 dur=0.380 vowel=0.354-0.544 level=0.050
456	proc	436	bud	generalization	shiftMags=0	1229.59	1.5	1.5	1.5	30	16000	4	0@0.002	0.22	0.408-0.628	-98.2603	906.751	-81	422	714.01	1143.27	522.466	1756.25	714.01	1143.27	522.466	1756.25	117.121	NaN	NaN	-4.32849	0.0870933	41.375	-27.924	0							0	0.000121827		voice verse "bud" tok=1200db6f69f4295a take=3 src=tts:gpt-audio-1.5 f0=119 onset=0.327 dur=0.450 vowel=0.397-0.607 level=0.050
457	proc	437	bid	generalization	shiftMags=0	1232.32	1.5	1.5	1.5	30	16000	4	0@0.002	0.318	0.454-0.772	96.7877	616.885	90	215	463.467	2313.01	527.584	1988.23	463.467	2313.01	527.584	1988.23	121.34	232.345	1124.65	-6.73055	0.0980546	-17.125	-27.0172	0							0	0.000121988		voice verse "bid" tok=b43bc1de0fb13d15 take=3 src=tts:gpt-audio-1.5 f0=156 onset=0.316 dur=0.580 vowel=0.456-0.836 level=0.050
458	proc	438	bode	generalization	shiftMags=0	1235.29	1.5	1.5	1.5	30	16000	4	0@0.002	0.364	0.416-0.780	54.1564	977.067	49	529	623.031	938.702	469.938	1336.68	623.031	938.702	469.938	1336.68	149.619	183.25	351.029	-6.32531	0.0751351	-46.3125	-27.2155	0							0	0.000115543		voice verse "bode" tok=69380fe4cac60bfd take=3 src=tts:gpt-audio-1.5 f0=147 onset=0.296 dur=0.600 vowel=0.416-0.746 level=0.050
459	proc	439	bed	generalization	shiftMags=0	1237.63	1.5	1.5	1.5	30	16000	4	0@0.002	0.274	0.436-0.710	-137.03	678.747	-111	248	786.2	2107.91	418.188	1194	786.2	2107.91	418.188	1194	143.607	246.221	933.398	-5.10526	0.0957157	19.875	-27.3326	0							0	0.000121187		voice verse "bed" tok=2ff9816abd09c79c take=3 src=tts:gpt-audio-1.5 f0=136 onset=0.322 dur=0.560 vowel=0.432-0.702 level=0.050
460	proc	440	bayed	generalization	shiftMags=0	1240.49	1.5	1.5	1.5	30	16000	4	0@0.002	0.37	0.546-0.916	142.391	548.399	137	182	NaN	NaN	NaN	NaN					110.409	NaN	NaN	-4.78114	0.0790308	-2	-28.6364	0							0	0.000121254		voice verse "bayed" tok=264d9478c3c665c0 take=3 src=tts:gpt-audio-1.5 f0=139 onset=0.346 dur=0.690 vowel=0.556-0.786 level=0.050
461	proc	441	bud	generalization	shiftMags=0	1243.02	1.5	1.5	1.5	30	16000	4	0@0.002	0.246	0.382-0.628	-90.2996	894.419	-75	414	583.343	1047.59	364.572	1537.41	601.655	1047.31	336.869	1888.79	116.054	142.233	352.154	-4.56187	0.0841436	30.875	-29.1006	0							0	0.000121933		voice verse "bud" tok=7d279bf704c7b270 take=0 src=tts:gpt-audio-1.5 f0=98 onset=0.289 dur=0.430 vowel=0.369-0.669 level=0.050
462	proc	442	bayed	generalization	shiftMags=0	1245.35	1.5	1.5	1.5	30	16000	4	0@0.002	0.354	0.472-0.826	112.787	537.979	106	177	575.339	2192.11	380.05	1263.01	575.339	2192.11	380.05	1263.01	112.332	223.02	1187.28	-4.8026	0.079188	20.125	-28.5062	0							0	0.000121983		voice verse "bayed" tok=fbd801bc5709f0be take=0 src=tts:gpt-audio-1.5 f0=122 onset=0.308 dur=0.710 vowel=0.318-0.778 level=0.050
463	proc	443	bid	generalization	shiftMags=0	1248.18	1.5	1.5	1.5	30	16000	4	0@0.002	0.212	0.424-0.636	92.8266	666.298	86	240	411.632	2046.17	1821.56	2754.93	423.872	2107.51	401.566	1329.23	123.22	NaN	NaN	-4.5831	0.0935506	43.4375	-28.132	0							0	0.000119905		voice verse "bid" tok=ed7a17d4a5c7671d take=0 src=tts:gpt-audio-1.5 f0=104 onset=0.343 dur=0.430 vowel=0.413-0.613 level=0.050
464	proc	444	bed	generalization	shiftMags=0	1251.16	1.5	1.5	1.5	30	16000	4	0@0.002	0.204	0.408-0.620	-121.348	699.927	-99	259	585.784	1845.7	418.697	1170.95	619.232	1857.5	454.594	1281.35	114.468	243.981	1310.2	-5.24654	0.0850145	21.875	-28.6435	0							0	0.000121783		voice verse "bed" tok=e7a3c4041f9db3f1 take=0 src=tts:gpt-audio-1.5 f0=108 onset=0.314 dur=0.440 vowel=0.404-0.584 level=0.050
465	proc	445	bode	generalization	shiftMags=0	1253.95	1.5	1.5	1.5	30	16000	4	0@0.002	0.316	0.450-0.766	34.7172	956.64	31	496	653.146	1142.08	398.244	1698.08	653.146	1142.08	398.244	1698.08	112.724	191.199	914.737	-4.95361	0.0895431	3.625	-27.6746	0							0	0.000121927		voice verse "bode" tok=e00af0ec08f2ff6d take=0 src=tts:gpt-audio-1.5 f0=117 onset=0.307 dur=0.600 vowel=0.457-0.707 level=0.050
