k	mode	itrial	word	cond	shiftInfo	t0	dur	pumped_s	rec_s	rec_limit_s	sr	fb	ost	shift_s	shift_span	shift_F1_Hz	shift_F2_Hz	shift_F1_mel	shift_F2_mel	in_F1	in_F2	out_F1	out_F2	span_in_F1	span_in_F2	span_out_F1	span_out_F2	in_f0	out_f0	pitch_cents	gain_dB	heard_peak	lag_ms	in_rms_dB	noise_zero_runs	noise_zero_at	play_s	play_rms_dB	play_peak	read_s	lost_s	input
1	proc	1	bead	baselineTrain	shiftMags=0	6.003	1.5	1.5	1.5	30	16000	3	0@0.002 1@0.478 2@0.528 3@0.596 4@0.708	0		0	0	0	0	280.575	2517.05	275.966	2531.44					96.4275	113.298	279.128	-1.91809	0.128847	8	-26.986	0							voice echo "bead" tok=1541b7e052a6b1b3 take=0 src=tts:gpt-audio-1.5 f0=98 onset=0.357 dur=0.580 vowel=0.457-0.877 level=0.050
2	proc	2	booed	baselineTrain	shiftMags=0	8.59016	1.5	1.5	1.5	30	16000	3	0@0.002 1@0.348 2@0.398 3@0.452 4@0.576	0		0	0	0	0	NaN	NaN	NaN	NaN					107.769	109.583	28.9005	-1.93435	0.094213	8	-27.9871	0							voice echo "booed" tok=b939e88715e9db1e take=0 src=tts:gpt-audio-1.5 f0=102 onset=0.332 dur=0.460 vowel=0.332-0.652 level=0.050
3	proc	3	bad	baselineTrain	shiftMags=0	11.0688	1.5	1.5	1.5	30	16000	3	0@0.002 1@0.316 2@0.366 3@0.404 4@0.504	0		0	0	0	0	940.841	1772.92	938.783	1771.46					85.8313	92.7787	134.747	-1.9382	0.231154	8	-25.1065	0							voice echo "bad" tok=f87c088ba55beb5d take=0 src=tts:gpt-audio-1.5 f0=84 onset=0.330 dur=0.430 vowel=0.330-0.630 level=0.050
4	proc	4	bod	baselineTrain	shiftMags=0	13.6183	1.5	1.5	1.5	30	16000	3	0@0.002 1@0.426 2@0.476 3@0.522 4@0.610	0		0	0	0	0	897.126	1163	892.102	1152.32					82.078	79.9404	-45.6852	-1.95441	0.137753	8	-28.2795	0							voice echo "bod" tok=02fe6d4edf3f298e take=0 src=tts:gpt-audio-1.5 f0=83 onset=0.323 dur=0.540 vowel=0.403-0.693 level=0.050
5	proc	5	booed	baselineTrain	shiftMags=0	16.4556	1.5	1.5	1.5	30	16000	3	0@0.002 1@0.392 2@0.442 3@0.474 2@0.526 3@0.644 4@0.742	0		0	0	0	0	NaN	NaN	NaN	NaN					95.9665	97.2273	22.5958	-1.95506	0.099239	8	-28.4113	0							voice echo "booed" tok=390305f87b033965 take=1 src=tts:gpt-audio-1.5 f0=94 onset=0.328 dur=0.740 vowel=0.358-0.878 level=0.050
6	proc	6	bod	baselineTrain	shiftMags=0	19.2182	1.5	1.5	1.5	30	16000	3	0@0.002 1@0.388 2@0.438 3@0.500 4@0.596	0		0	0	0	0	937.182	1205.01	927.393	1203.73					111.784	117.968	93.2271	-1.94486	0.138106	8	-27.325	0							voice echo "bod" tok=910700843b817ff5 take=1 src=tts:gpt-audio-1.5 f0=92 onset=0.316 dur=0.460 vowel=0.366-0.676 level=0.050
7	proc	7	bead	baselineTrain	shiftMags=0	21.8374	1.5	1.5	1.5	30	16000	3	0@0.002 1@0.476 2@0.526 3@0.602 4@0.694	0		0	0	0	0	258.911	2599.92	220.333	2620.9					101.055	124.576	362.263	-1.94747	0.0961764	8	-27.2656	1	0.985+15.4ms						voice echo "bead" tok=6e4c8354f990c436 take=1 src=tts:gpt-audio-1.5 f0=100 onset=0.362 dur=0.570 vowel=0.452-0.752 level=0.050
8	proc	8	bad	baselineTrain	shiftMags=0	24.5732	1.5	1.5	1.5	30	16000	3	0@0.002 1@0.428 2@0.478 3@0.524 2@0.526 3@0.530 4@0.644	0		0	0	0	0	977.983	1781.39	977.706	1781.48					85.4174	83.7667	-33.7835	-1.93511	0.157176	8	-28.4202	0							voice echo "bad" tok=501dd06862356e7f take=2 src=tts:gpt-audio-1.5 f0=86 onset=0.332 dur=0.500 vowel=0.422-0.732 level=0.050
9	proc	9	booed	baselineTrain	shiftMags=0	27.1063	1.5	1.5	1.5	30	16000	3	0@0.002 1@0.292 2@0.342 3@0.394 4@0.478	0		0	0	0	0	NaN	NaN	NaN	NaN					122.94	132.508	129.757	-1.85434	0.0925737	8	-28.5317	0							voice echo "booed" tok=ad77a8a33e088b2a take=2 src=tts:gpt-audio-1.5 f0=106 onset=0.301 dur=0.420 vowel=0.301-0.481 level=0.050
10	proc	10	bad	baselineTrain	shiftMags=0	29.5093	1.5	1.5	1.5	30	16000	3	0@0.002 1@0.424 2@0.474 3@0.540 4@0.636	0		0	0	0	0	1009.7	1819.53	1009.5	1818.88					119.041	119.273	3.37444	-1.93211	0.162187	8	-27.8391	0							voice echo "bad" tok=dd833772bca6cde5 take=3 src=tts:gpt-audio-1.5 f0=110 onset=0.345 dur=0.480 vowel=0.385-0.665 level=0.050
11	proc	11	bod	baselineTrain	shiftMags=0	31.7622	1.5	1.5	1.5	30	16000	3	0@0.002 1@0.412 2@0.462 3@0.530 4@0.630	0		0	0	0	0	900.345	1140.39	900.465	1135.24					105.846	110.105	68.2865	-1.96	0.147792	8	-27.6939	0							voice echo "bod" tok=fccd724314e4c1c5 take=2 src=tts:gpt-audio-1.5 f0=94 onset=0.318 dur=0.490 vowel=0.388-0.698 level=0.050
12	proc	12	bead	baselineTrain	shiftMags=0	34.2204	1.5	1.5	1.5	30	16000	3	0@0.002 1@0.412 2@0.462 3@0.502 4@0.586	0		0	0	0	0	261.845	2540.39	246.964	2553.12					105.706	104.977	-11.9732	-2.01923	0.0991354	8	-29.2185	0							voice echo "bead" tok=6b84e5f1a56ad803 take=2 src=tts:gpt-audio-1.5 f0=103 onset=0.315 dur=0.490 vowel=0.315-0.675 level=0.050
13	proc	13	booed	baselineTrain	shiftMags=0	36.919	1.5	1.5	1.5	30	16000	3	0@0.002 1@0.474 2@0.524 3@0.604 4@0.712	0		0	0	0	0	333.452	1355.77	343.321	1354.69					106.536	115.824	144.711	-1.93952	0.0977238	8	-27.4921	0							voice echo "booed" tok=85296114975a57f8 take=3 src=tts:gpt-audio-1.5 f0=103 onset=0.366 dur=0.540 vowel=0.456-0.766 level=0.050
14	proc	14	bod	baselineTrain	shiftMags=0	39.8303	1.5	1.5	1.5	30	16000	3	0@0.002 1@0.446 2@0.496 3@0.572 4@0.656	0		0	0	0	0	896.665	1153.26	896.822	1142.02					124.381	136.236	157.605	-1.91736	0.118814	8	-28.3186	0							voice echo "bod" tok=c7377566b0b94f28 take=3 src=tts:gpt-audio-1.5 f0=112 onset=0.331 dur=0.540 vowel=0.331-0.661 level=0.050
15	proc	15	bad	baselineTrain	shiftMags=0	42.7023	1.5	1.5	1.5	30	16000	3	0@0.002 1@0.280 2@0.330 3@0.368 4@0.466	0		0	0	0	0	947.974	1761.54	947.653	1762.79					86.2871	88.4866	43.5774	-1.95332	0.231948	8	-25.1062	0							voice echo "bad" tok=f87c088ba55beb5d take=0 src=tts:gpt-audio-1.5 f0=84 onset=0.294 dur=0.430 vowel=0.294-0.594 level=0.050
16	proc	16	bead	baselineTrain	shiftMags=0	45.3355	1.5	1.5	1.5	30	16000	3	0@0.002 1@0.446 2@0.496 3@0.584 4@0.716	0		0	0	0	0	284.767	2481.71	273.64	2509.68					104.503	121.329	258.446	-1.83201	0.119412	8	-27.0958	0							voice echo "bead" tok=a6ffb7d8c3b45ccc take=3 src=tts:gpt-audio-1.5 f0=108 onset=0.318 dur=0.630 vowel=0.428-0.778 level=0.050
17	proc	17	booed	baselineTrain	shiftMags=0	48.3258	1.5	1.5	1.5	30	16000	3	0@0.002 1@0.344 2@0.394 3@0.448 4@0.572	0		0	0	0	0	NaN	NaN	NaN	NaN					107.377	108.141	12.2697	-1.92959	0.0977953	8	-27.9882	0							voice echo "booed" tok=b939e88715e9db1e take=0 src=tts:gpt-audio-1.5 f0=102 onset=0.328 dur=0.460 vowel=0.328-0.648 level=0.050
18	proc	18	bead	baselineTrain	shiftMags=0	50.922	1.5	1.5	1.5	30	16000	3	0@0.002 1@0.442 2@0.492 3@0.560 4@0.674	0		0	0	0	0	282.976	2517.72	273.832	2528.62					96.412	110.068	229.33	-1.82355	0.132382	8	-26.9861	0							voice echo "bead" tok=1541b7e052a6b1b3 take=0 src=tts:gpt-audio-1.5 f0=98 onset=0.320 dur=0.580 vowel=0.420-0.840 level=0.050
19	proc	19	bod	baselineTrain	shiftMags=0	53.7979	1.5	1.5	1.5	30	16000	3	0@0.002 1@0.392 2@0.442 3@0.486 4@0.574	0		0	0	0	0	886.413	1159.81	874.883	1153.64					81.9025	80.7044	-25.5112	-1.90381	0.135809	8	-28.2794	0							voice echo "bod" tok=02fe6d4edf3f298e take=0 src=tts:gpt-audio-1.5 f0=83 onset=0.288 dur=0.540 vowel=0.368-0.658 level=0.050
20	proc	20	bad	baselineTrain	shiftMags=0	56.3547	1.5	1.5	1.5	30	16000	3	0@0.002 1@0.392 2@0.442 3@0.494 4@0.610	0		0	0	0	0	982.307	1765.45	983.013	1764.78					90.1487	92.8972	51.9943	-1.86358	0.1661	8	-28.4211	1	1.485+15.4ms						voice echo "bad" tok=501dd06862356e7f take=2 src=tts:gpt-audio-1.5 f0=86 onset=0.295 dur=0.500 vowel=0.385-0.695 level=0.050
21	proc	1	bid	baselineGeneralize	shiftMags=0	66.1661	1.5	1.5	1.5	30	16000	4	0@0.002	0.242	0.434-0.680	60.6345	790.827	55	287	456.65	2128.6	402.247	1731.48	483.232	2138.29	408.077	2017.8	93.3426	NaN	NaN	-5.35414	0.0876909	57.5625	-27.5718	0							voice echo "bid" tok=f414548c45260df7 take=0 src=tts:gpt-audio-1.5 f0=94 onset=0.333 dur=0.510 vowel=0.423-0.643 level=0.050
22	proc	2	bud	baselineGeneralize	shiftMags=0	68.4554	1.5	1.5	1.5	30	16000	4	0@0.002	0.318	0.362-0.716	-80.2872	893.217	-67	358	804.98	1418.58	525.895	1573.59	804.98	1418.58	525.895	1573.59	101.994	NaN	NaN	-5.99208	0.0855922	35.5625	-28.8913	0							voice echo "bud" tok=2d4b419862f9712f take=0 src=tts:gpt-audio-1.5 f0=101 onset=0.297 dur=0.430 vowel=0.297-0.687 level=0.050
23	proc	3	bayed	baselineGeneralize	shiftMags=0	70.9805	1.5	1.5	1.5	30	16000	4	0@0.002	0.296	0.392-0.688	76.2701	688.045	70	229	548.252	2306.47	433.098	1382.23	548.252	2306.47	433.098	1382.23	99.7376	NaN	NaN	-5.5784	0.0943369	-20.8125	-27.4818	0							voice echo "bayed" tok=1fc3b02fa708d9ea take=0 src=tts:gpt-audio-1.5 f0=102 onset=0.329 dur=0.430 vowel=0.369-0.659 level=0.050
24	proc	4	bode	baselineGeneralize	shiftMags=0	73.6499	1.5	1.5	1.5	30	16000	4	0@0.002	0.29	0.522-0.812	52.0772	1012.56	47	485	664.222	1268.55	348.793	1166.93	664.222	1268.55	348.793	1166.93	104.558	152.089	648.738	-4.88505	0.0954224	23.6875	-28.4964	0							voice echo "bode" tok=e6d7a31b83677097 take=0 src=tts:gpt-audio-1.5 f0=101 onset=0.357 dur=0.630 vowel=0.387-0.867 level=0.050
25	proc	5	bed	baselineGeneralize	shiftMags=0	76.0015	1.5	1.5	1.5	30	16000	4	0@0.002	0.268	0.358-0.650	-56.8581	810.853	-48	298	721.018	2000.12	421.504	1338.63	722.674	2001.69	423.763	1378.68	103.501	NaN	NaN	-5.06954	0.100773	39.5	-27.1008	0							voice echo "bed" tok=79b8acda9c385e72 take=0 src=tts:gpt-audio-1.5 f0=99 onset=0.304 dur=0.360 vowel=0.334-0.604 level=0.050
26	proc	6	bed	baselineGeneralize	shiftMags=0	78.3027	1.5	1.5	1.5	30	16000	4	0@0.002	0.29	0.412-0.702	-163.001	791.451	-130	287	NaN	NaN	NaN	NaN					126.597	184.061	647.932	-4.91787	0.07528	14.8125	-28.0148	0							voice echo "bed" tok=6232dd768c0e224d take=1 src=tts:gpt-audio-1.5 f0=111 onset=0.287 dur=0.570 vowel=0.397-0.667 level=0.050
27	proc	7	bode	baselineGeneralize	shiftMags=0	80.7919	1.5	1.5	1.5	30	16000	4	0@0.002	0.324	0.334-0.658	32.5392	1014.04	29	485	592.683	1169.82	442.173	2753.79	592.683	1169.82	442.173	2753.79	108.643	226.541	1272.21	-5.00316	0.0814027	-29.6875	-26.9338	0							voice echo "bode" tok=c15c61d82fdebff2 take=1 src=tts:gpt-audio-1.5 f0=104 onset=0.287 dur=0.520 vowel=0.317-0.647 level=0.050
28	proc	8	bud	baselineGeneralize	shiftMags=0	83.598	1.5	1.5	1.5	30	16000	4	0@0.002	0.272	0.496-0.768	-121.473	963.589	-99	422	732.251	1142.72	531.093	1573.67	732.251	1142.72	531.093	1573.67	85.758	NaN	NaN	-5.64919	0.0904967	55.25	-28.1932	0							voice echo "bud" tok=158fecf187767308 take=1 src=tts:gpt-audio-1.5 f0=98 onset=0.327 dur=0.640 vowel=0.477-0.737 level=0.050
29	proc	9	bayed	baselineGeneralize	shiftMags=0	86.2734	1.5	1.5	1.5	30	16000	4	0@0.002	0.376	0.388-0.764	88.6066	650.727	82	210	658.737	2091.81	473.469	2454.96	658.737	2091.81	473.469	2454.96	99.0687	NaN	NaN	-5.3869	0.0996199	24.5	-27.1083	0							voice echo "bayed" tok=0eb1260ea1fe298a take=1 src=tts:gpt-audio-1.5 f0=96 onset=0.339 dur=0.580 vowel=0.369-0.749 level=0.050
30	proc	10	bid	baselineGeneralize	shiftMags=0	89.271	1.5	1.5	1.5	30	16000	4	0@0.002	0.24	0.466-0.706	32.4905	777.694	29	276	486.483	2130.13	404.259	1267.21	486.483	2130.13	404.259	1267.21	92.4295	NaN	NaN	-4.5601	0.0938973	15.3125	-27.9169	0							voice echo "bid" tok=c119b434c076614d take=1 src=tts:gpt-audio-1.5 f0=92 onset=0.371 dur=0.460 vowel=0.441-0.671 level=0.050
31	proc	11	bud	baselineGeneralize	shiftMags=0	91.9748	1.5	1.5	1.5	30	16000	4	0@0.002	0.22	0.358-0.588	-123.992	974.372	-101	433	785.882	1327.23	524.29	3662.24	785.882	1327.23	524.29	3662.24	91.2602	NaN	NaN	-5.62434	0.0722142	4.75	-28.026	0							voice echo "bud" tok=f61498642769fa87 take=2 src=tts:gpt-audio-1.5 f0=96 onset=0.348 dur=0.360 vowel=0.348-0.658 level=0.050
32	proc	12	bed	baselineGeneralize	shiftMags=0	94.8926	1.5	1.5	1.5	30	16000	4	0@0.002	0.252	0.308-0.560	-90.4632	812.489	-75	298	517.17	2004.97	420.132	3922.09	564.983	2004.97	363.162	1166.84	103.421	NaN	NaN	-5.15949	0.152539	34.4375	-27.1106	0							voice echo "bed" tok=49eae8e85483d239 take=2 src=tts:gpt-audio-1.5 f0=87 onset=0.320 dur=0.380 vowel=0.320-0.630 level=0.050
33	proc	13	bid	baselineGeneralize	shiftMags=0	97.5723	1.5	1.5	1.5	30	16000	4	0@0.002	0.244	0.448-0.700	52.1108	767.008	47	270	517.246	2175.68	435.128	1121.41	517.246	2175.68	435.128	1121.41	107.49	171.757	811.403	-4.79606	0.104303	38.25	-28.4237	0							voice echo "bid" tok=f1e7ea1f3cda358f take=2 src=tts:gpt-audio-1.5 f0=102 onset=0.371 dur=0.420 vowel=0.431-0.631 level=0.050
34	proc	14	bode	baselineGeneralize	shiftMags=0	100.183	1.5	1.5	1.5	30	16000	4	0@0.002	0.33	0.408-0.738	56.2789	1025.73	51	507	668.668	1223.21	390.813	3545.24	668.668	1223.21	390.813	3545.24	94.1658	139.012	674.325	-4.9401	0.0745207	-20.9375	-27.8968	0							voice echo "bode" tok=c3bef5813330696d take=2 src=tts:gpt-audio-1.5 f0=92 onset=0.359 dur=0.490 vowel=0.389-0.709 level=0.050
35	proc	15	bayed	baselineGeneralize	shiftMags=0	102.745	1.5	1.5	1.5	30	16000	4	0@0.002	0.322	0.454-0.776	112.948	671.979	106	221	NaN	NaN	NaN	NaN					94.2783	166.659	986.28	-4.49852	0.1023	21.125	-27.7403	0							voice echo "bayed" tok=3cf8e6b105a18b98 take=2 src=tts:gpt-audio-1.5 f0=95 onset=0.353 dur=0.540 vowel=0.433-0.753 level=0.050
36	proc	16	bode	baselineGeneralize	shiftMags=0	105.048	1.5	1.5	1.5	30	16000	4	0@0.002	0.318	0.452-0.770	3.42126	1021.95	2.99998	502	640.947	1170.86	482.826	2195.33	640.947	1170.86	482.826	2195.33	117.717	NaN	NaN	-5.42771	0.112567	-15.5625	-26.456	0							voice echo "bode" tok=697aea8db4d6770a take=3 src=tts:gpt-audio-1.5 f0=120 onset=0.322 dur=0.580 vowel=0.452-0.742 level=0.050
37	proc	17	bayed	baselineGeneralize	shiftMags=0	107.345	1.5	1.5	1.5	30	16000	4	0@0.002	0.392	0.280-0.706	68.0471	680.351	62	226	558.002	2324.07	435.91	1366.44	558.002	2324.07	435.91	1366.44	104.685	NaN	NaN	-3.89935	0.119343	12.875	-27.2273	0							voice echo "bayed" tok=c67857a28e63d1d3 take=3 src=tts:gpt-audio-1.5 f0=95 onset=0.293 dur=0.430 vowel=0.293-0.683 level=0.050
38	proc	18	bud	baselineGeneralize	shiftMags=0	110.089	1.5	1.5	1.5	30	16000	4	0@0.002	0.254	0.416-0.670	-142.739	959.471	-115	419	779.044	1356.45	393.219	2318.36	779.044	1356.45	393.219	2318.36	89.3954	198.664	1382.47	-5.42068	0.10289	41.1875	-27.0585	0							voice echo "bud" tok=f2585ff2e7006aff take=3 src=tts:gpt-audio-1.5 f0=95 onset=0.295 dur=0.510 vowel=0.415-0.665 level=0.050
39	proc	19	bed	baselineGeneralize	shiftMags=0	112.984	1.5	1.5	1.5	30	16000	4	0@0.002	0.274	0.400-0.814	-126.628	796.252	-103	287	676.324	2000.07	403.973	4026.49	676.324	2000.07	403.973	4026.49	82.4108	142.087	943.048	-5.95035	0.0749573	12.3125	-28.3238	0							voice echo "bed" tok=4c425856e032c672 take=3 src=tts:gpt-audio-1.5 f0=94 onset=0.346 dur=0.520 vowel=0.396-0.806 level=0.050
40	proc	20	bid	baselineGeneralize	shiftMags=0	115.248	1.5	1.5	1.5	30	16000	4	0@0.002	0.222	0.368-0.590	52.1198	743.418	47	259	NaN	NaN	NaN	NaN					153.202	140.559	-149.108	-4.48868	0.0913179	29.3125	-27.2083	0							voice echo "bid" tok=44eaf08c8f1fc283 take=3 src=tts:gpt-audio-1.5 f0=118 onset=0.312 dur=0.410 vowel=0.352-0.542 level=0.050
41	proc	21	bid	baselineGeneralize	shiftMags=0	117.633	1.5	1.5	1.5	30	16000	4	0@0.002	0.248	0.426-0.674	60.6814	790.476	55	287	503.564	2151.74	384.406	1362.47	503.564	2151.74	384.406	1362.47	94.0845	NaN	NaN	-4.7228	0.0858713	-6.75	-27.57	0							voice echo "bid" tok=f414548c45260df7 take=0 src=tts:gpt-audio-1.5 f0=94 onset=0.325 dur=0.510 vowel=0.415-0.635 level=0.050
42	proc	22	bode	baselineGeneralize	shiftMags=0	120.129	1.5	1.5	1.5	30	16000	4	0@0.002	0.29	0.472-0.762	47.7267	1013.29	43	485	652.83	1268.1	534.849	1531.56	652.83	1268.1	534.849	1531.56	102.692	159.791	765.436	-6.45954	0.0936261	-32.875	-28.4964	0							voice echo "bode" tok=e6d7a31b83677097 take=0 src=tts:gpt-audio-1.5 f0=101 onset=0.307 dur=0.630 vowel=0.337-0.817 level=0.050
43	proc	23	bud	baselineGeneralize	shiftMags=0	122.613	1.5	1.5	1.5	30	16000	4	0@0.002	0.304	0.436-0.790	-88.068	906.631	-73	369	802.467	1386.85	449.541	1285.92	802.467	1386.85	449.541	1285.92	102.521	185.493	1026.52	-5.0488	0.0799971	31.625	-28.8918	0							voice echo "bud" tok=2d4b419862f9712f take=0 src=tts:gpt-audio-1.5 f0=101 onset=0.371 dur=0.430 vowel=0.371-0.761 level=0.050
44	proc	24	bayed	baselineGeneralize	shiftMags=0	125.489	1.5	1.5	1.5	30	16000	4	0@0.002	0.292	0.420-0.716	76.2627	680.67	70	226	581.101	2231.33	404.959	1083.72	581.101	2231.33	404.959	1083.72	99.4512	220.509	1378.53	-5.21993	0.0969708	50.5	-27.4816	0							voice echo "bayed" tok=1fc3b02fa708d9ea take=0 src=tts:gpt-audio-1.5 f0=102 onset=0.357 dur=0.430 vowel=0.397-0.687 level=0.050
45	proc	25	bed	baselineGeneralize	shiftMags=0	127.928	1.5	1.5	1.5	30	16000	4	0@0.002	0.268	0.422-0.714	-56.8727	812.341	-48	298	737.484	1994.08	435.223	1394.81	737.484	1994.08	435.223	1394.81	100.341	NaN	NaN	-5.04154	0.0981679	9.6875	-27.101	0							voice echo "bed" tok=79b8acda9c385e72 take=0 src=tts:gpt-audio-1.5 f0=99 onset=0.368 dur=0.360 vowel=0.398-0.668 level=0.050
46	proc	26	bed	baselineGeneralize	shiftMags=0	130.408	1.5	1.5	1.5	30	16000	4	0@0.002	0.29	0.450-0.740	-163.091	791.736	-130	287	NaN	NaN	NaN	NaN					125.999	145.991	254.96	-5.41076	0.0745161	52.1875	-28.0152	0							voice echo "bed" tok=6232dd768c0e224d take=1 src=tts:gpt-audio-1.5 f0=111 onset=0.327 dur=0.570 vowel=0.437-0.707 level=0.050
47	proc	27	bayed	baselineGeneralize	shiftMags=0	133.024	1.5	1.5	1.5	30	16000	4	0@0.002	0.374	0.340-0.714	84.6748	649.926	78	210	631.547	2135.7	451.846	2404.72	641.56	2177.19	477.958	1411.82	97.3548	223.795	1441.02	-5.55426	0.0868917	58.1875	-27.1089	0							voice echo "bayed" tok=0eb1260ea1fe298a take=1 src=tts:gpt-audio-1.5 f0=96 onset=0.292 dur=0.580 vowel=0.322-0.702 level=0.050
48	proc	28	bid	baselineGeneralize	shiftMags=0	135.987	1.5	1.5	1.5	30	16000	4	0@0.002	0.24	0.404-0.644	32.5089	777.715	29	276	484.715	2126.66	1941.05	3807.66	484.715	2126.66	1941.05	3807.66	92.2992	NaN	NaN	-4.01059	0.101489	26	-27.9175	0							voice echo "bid" tok=c119b434c076614d take=1 src=tts:gpt-audio-1.5 f0=92 onset=0.309 dur=0.460 vowel=0.379-0.609 level=0.050
49	proc	29	bode	baselineGeneralize	shiftMags=0	138.458	1.5	1.5	1.5	30	16000	4	0@0.002	0.324	0.422-0.746	34.6792	1014.17	31	485	640.734	1294.82	494.581	2670.4	640.734	1294.82	494.581	2670.4	105.188	NaN	NaN	-5.52007	0.101277	14.125	-26.9336	0							voice echo "bode" tok=c15c61d82fdebff2 take=1 src=tts:gpt-audio-1.5 f0=104 onset=0.375 dur=0.520 vowel=0.405-0.735 level=0.050
50	proc	30	bud	baselineGeneralize	shiftMags=0	141.183	1.5	1.5	1.5	30	16000	4	0@0.002	0.274	0.482-0.756	-121.306	965.376	-99	425	701.988	1116.79	410.711	2122.5	701.988	1116.79	410.711	2122.5	85.7514	190.154	1378.72	-4.95853	0.0873789	12.625	-28.1929	0							voice echo "bud" tok=158fecf187767308 take=1 src=tts:gpt-audio-1.5 f0=98 onset=0.314 dur=0.640 vowel=0.464-0.724 level=0.050
51	proc	31	bayed	baselineGeneralize	shiftMags=0	144.47	1.5	1.5	1.5	30	16000	4	0@0.002	0.324	0.388-0.712	110.859	672.313	104	221	579.502	2178.12	494.325	3447.05	599.423	2197.09	511.662	3447.05	96.495	197.417	1239.26	-6.12914	0.0830948	56.625	-27.7435	0							voice echo "bayed" tok=3cf8e6b105a18b98 take=2 src=tts:gpt-audio-1.5 f0=95 onset=0.289 dur=0.540 vowel=0.369-0.689 level=0.050
52	proc	32	bid	baselineGeneralize	shiftMags=0	147.043	1.5	1.5	1.5	30	16000	4	0@0.002	0.234	0.446-0.698	52.046	765.203	47	270	577.917	2172.23	555.875	2153.59	577.917	2172.23	555.875	2153.59	106.689	238.823	1395.03	-5.81776	0.0703906	10.875	-28.4237	0							voice echo "bid" tok=f1e7ea1f3cda358f take=2 src=tts:gpt-audio-1.5 f0=102 onset=0.369 dur=0.420 vowel=0.429-0.629 level=0.050
53	proc	33	bed	baselineGeneralize	shiftMags=0	149.988	1.5	1.5	1.5	30	16000	4	0@0.002	0.254	0.340-0.594	-90.338	810.268	-75	298	553.038	2001.98	412.241	2376.76	597.085	1994.62	480.519	1331.8	100.899	177.363	976.546	-4.75691	0.145669	26.9375	-27.1113	0							voice echo "bed" tok=49eae8e85483d239 take=2 src=tts:gpt-audio-1.5 f0=87 onset=0.353 dur=0.380 vowel=0.353-0.663 level=0.050
54	proc	34	bode	baselineGeneralize	shiftMags=0	152.402	1.5	1.5	1.5	30	16000	4	0@0.002	0.332	0.344-0.676	56.3867	1021.44	51	504.5	661.502	1212.65	524.997	1350.79	661.502	1212.65	524.997	1350.79	93.933	139.168	680.544	-5.16981	0.0799704	-20.6875	-27.897	0							voice echo "bode" tok=c3bef5813330696d take=2 src=tts:gpt-audio-1.5 f0=92 onset=0.296 dur=0.490 vowel=0.326-0.646 level=0.050
55	proc	35	bud	baselineGeneralize	shiftMags=0	154.919	1.5	1.5	1.5	30	16000	4	0@0.002	0.224	0.302-0.532	-118.955	973.657	-97	433	611.395	1210.13	460.596	1673.69	635.793	1237.44	444.407	1189.11	91.0628	NaN	NaN	-5.56394	0.103165	38	-28.0285	0							voice echo "bud" tok=f61498642769fa87 take=2 src=tts:gpt-audio-1.5 f0=96 onset=0.293 dur=0.360 vowel=0.293-0.603 level=0.050
56	proc	36	bid	baselineGeneralize	shiftMags=0	157.659	1.5	1.5	1.5	30	16000	4	0@0.002	0.222	0.350-0.572	52.176	741.874	47	259	496.573	2244.2	517.732	1471	496.573	2244.2	517.732	1471	162.13	NaN	NaN	-5.88833	0.0802563	24.5	-27.2085	0							voice echo "bid" tok=44eaf08c8f1fc283 take=3 src=tts:gpt-audio-1.5 f0=118 onset=0.295 dur=0.410 vowel=0.335-0.525 level=0.050
57	proc	37	bud	baselineGeneralize	shiftMags=0	160.334	1.5	1.5	1.5	30	16000	4	0@0.002	0.248	0.482-0.730	-142.883	960.508	-115	419	715.426	1244.03	1133.73	4014	715.426	1244.03	1133.73	4014	90.1701	NaN	NaN	-4.23565	0.11109	27.1875	-27.0593	0							voice echo "bud" tok=f2585ff2e7006aff take=3 src=tts:gpt-audio-1.5 f0=95 onset=0.360 dur=0.510 vowel=0.480-0.730 level=0.050
58	proc	38	bode	baselineGeneralize	shiftMags=0	163.016	1.5	1.5	1.5	30	16000	4	0@0.002	0.32	0.440-0.760	3.42325	1021.01	2.99998	502	657.464	1192.16	444.824	2836.77	663.763	1196.49	470.692	2194.16	117.713	NaN	NaN	-5.25309	0.0909422	42	-26.4555	0							voice echo "bode" tok=697aea8db4d6770a take=3 src=tts:gpt-audio-1.5 f0=120 onset=0.312 dur=0.580 vowel=0.442-0.732 level=0.050
59	proc	39	bayed	baselineGeneralize	shiftMags=0	165.722	1.5	1.5	1.5	30	16000	4	0@0.002	0.39	0.278-0.702	72.1295	674.893	66	221	504.07	2366.8	460.373	1412.46	504.07	2366.8	460.373	1412.46	105.85	236.253	1389.98	-5.22774	0.08624	-35.375	-27.2276	0							voice echo "bayed" tok=c67857a28e63d1d3 take=3 src=tts:gpt-audio-1.5 f0=95 onset=0.289 dur=0.430 vowel=0.289-0.679 level=0.050
60	proc	40	bed	baselineGeneralize	shiftMags=0	168.479	1.5	1.5	1.5	30	16000	4	0@0.002	0.266	0.362-0.774	-131.756	795.274	-107	287	NaN	NaN	NaN	NaN					83.3697	213.574	1628.57	-5.00142	0.0935593	-2.3125	-28.3239	0							voice echo "bed" tok=4c425856e032c672 take=3 src=tts:gpt-audio-1.5 f0=94 onset=0.307 dur=0.520 vowel=0.357-0.767 level=0.050
61	proc	41	bud	baselineGeneralize	shiftMags=0	170.971	1.5	1.5	1.5	30	16000	4	0@0.002	0.304	0.398-0.752	-90.6642	907.873	-75	369	780.584	1362.92	421.881	2607.98	780.584	1362.92	421.881	2607.98	102.658	191.045	1075.29	-3.96045	0.0912042	43.625	-28.8916	0							voice echo "bud" tok=2d4b419862f9712f take=0 src=tts:gpt-audio-1.5 f0=101 onset=0.333 dur=0.430 vowel=0.333-0.723 level=0.050
62	proc	42	bid	baselineGeneralize	shiftMags=0	173.484	1.5	1.5	1.5	30	16000	4	0@0.002	0.25	0.398-0.648	60.6623	790.042	55	287	494.606	2133.42	520.214	1483.22	501.141	2137.72	524.444	1499.37	93.9255	NaN	NaN	-6.76559	0.0902068	18.4375	-27.5705	0							voice echo "bid" tok=f414548c45260df7 take=0 src=tts:gpt-audio-1.5 f0=94 onset=0.295 dur=0.510 vowel=0.385-0.605 level=0.050
63	proc	43	bed	baselineGeneralize	shiftMags=0	176.032	1.5	1.5	1.5	30	16000	4	0@0.002	0.278	0.356-0.648	-51.8633	812.945	-44	298	721.343	2004.66	485.785	1811.69	728.024	2010.8	485.785	1811.69	101.733	184.396	1029.62	-5.72096	0.0899232	35.875	-27.1005	0							voice echo "bed" tok=79b8acda9c385e72 take=0 src=tts:gpt-audio-1.5 f0=99 onset=0.303 dur=0.360 vowel=0.333-0.603 level=0.050
64	proc	44	bode	baselineGeneralize	shiftMags=0	178.674	1.5	1.5	1.5	30	16000	4	0@0.002	0.29	0.472-0.762	43.35	1010.05	39	485	661.971	1272.44	410.052	1090.13	661.971	1272.44	410.052	1090.13	103.579	196.508	1108.63	-4.76058	0.101517	9.9375	-28.4963	0							voice echo "bode" tok=e6d7a31b83677097 take=0 src=tts:gpt-audio-1.5 f0=101 onset=0.307 dur=0.630 vowel=0.337-0.817 level=0.050
65	proc	45	bayed	baselineGeneralize	shiftMags=0	181.349	1.5	1.5	1.5	30	16000	4	0@0.002	0.296	0.428-0.724	78.415	688.042	72	229	573.99	2243	458.72	1391.43	573.99	2243	458.72	1391.43	99.6335	NaN	NaN	-4.85284	0.103689	36.875	-27.4826	0							voice echo "bayed" tok=1fc3b02fa708d9ea take=0 src=tts:gpt-audio-1.5 f0=102 onset=0.365 dur=0.430 vowel=0.405-0.695 level=0.050
66	proc	46	bode	baselineGeneralize	shiftMags=0	184.255	1.5	1.5	1.5	30	16000	4	0@0.002	0.324	0.412-0.736	34.6845	1012.94	31	485	641.223	1229.11	587.681	2276.89	641.223	1229.11	587.681	2276.89	105.276	NaN	NaN	-4.92863	0.0850405	45.8125	-26.9342	0							voice echo "bode" tok=c15c61d82fdebff2 take=1 src=tts:gpt-audio-1.5 f0=104 onset=0.365 dur=0.520 vowel=0.395-0.725 level=0.050
67	proc	47	bud	baselineGeneralize	shiftMags=0	186.802	1.5	1.5	1.5	30	16000	4	0@0.002	0.272	0.456-0.728	-121.438	963.982	-99	422	765.763	1176.9	390.04	1284.8	765.763	1176.9	390.04	1284.8	85.8513	219.913	1628.42	-5.12927	0.067459	13.9375	-28.1938	0							voice echo "bud" tok=158fecf187767308 take=1 src=tts:gpt-audio-1.5 f0=98 onset=0.286 dur=0.640 vowel=0.436-0.696 level=0.050
68	proc	48	bid	baselineGeneralize	shiftMags=0	189.388	1.5	1.5	1.5	30	16000	4	0@0.002	0.24	0.418-0.658	32.5262	777.849	29	276	481.843	2104.09	1943.18	3815.13	481.843	2104.09	1943.18	3815.13	91.677	NaN	NaN	-4.1018	0.0992433	15.375	-27.9214	0							voice echo "bid" tok=c119b434c076614d take=1 src=tts:gpt-audio-1.5 f0=92 onset=0.323 dur=0.460 vowel=0.393-0.623 level=0.050
69	proc	49	bayed	baselineGeneralize	shiftMags=0	192.263	1.5	1.5	1.5	30	16000	4	0@0.002	0.378	0.418-0.796	88.3872	650.54	82	210	653.7	2145.97	511.35	2676.5	654.042	2183.82	513.035	1639.36	99.2104	NaN	NaN	-5.96362	0.0998194	37.5625	-27.1093	0							voice echo "bayed" tok=0eb1260ea1fe298a take=1 src=tts:gpt-audio-1.5 f0=96 onset=0.371 dur=0.580 vowel=0.401-0.781 level=0.050
70	proc	50	bed	baselineGeneralize	shiftMags=0	195.241	1.5	1.5	1.5	30	16000	4	0@0.002	0.292	0.440-0.732	-160.546	791.523	-128	287	719.387	2048.22	376.153	1278.37	740.252	2061.84	392.897	1690.85	125.865	192.62	736.651	-5.65309	0.0817974	46.5625	-28.0143	0							voice echo "bed" tok=6232dd768c0e224d take=1 src=tts:gpt-audio-1.5 f0=111 onset=0.316 dur=0.570 vowel=0.426-0.696 level=0.050
71	proc	51	bayed	baselineGeneralize	shiftMags=0	197.673	1.5	1.5	1.5	30	16000	4	0@0.002	0.324	0.394-0.718	110.834	672.094	104	221	584.444	2200.34	479.111	3498.6	595.043	2219.55	498.514	3464.7	96.3128	197.804	1245.92	-6.12563	0.0823469	50.8125	-27.7419	0							voice echo "bayed" tok=3cf8e6b105a18b98 take=2 src=tts:gpt-audio-1.5 f0=95 onset=0.295 dur=0.540 vowel=0.375-0.695 level=0.050
72	proc	52	bode	baselineGeneralize	shiftMags=0	200.471	1.5	1.5	1.5	30	16000	4	0@0.002	0.332	0.406-0.738	54.1443	1024.81	49	507	651.128	1287.4	514.879	1260.24	651.128	1287.4	514.879	1260.24	94.2007	234.611	1579.75	-6.09113	0.0614285	3.9375	-27.8973	0							voice echo "bode" tok=c3bef5813330696d take=2 src=tts:gpt-audio-1.5 f0=92 onset=0.358 dur=0.490 vowel=0.388-0.708 level=0.050
73	proc	53	bud	baselineGeneralize	shiftMags=0	202.907	1.5	1.5	1.5	30	16000	4	0@0.002	0.222	0.322-0.554	-121.46	974.904	-99	436	729.149	1284.59	1904.54	4861.41	729.149	1284.59	1904.54	4861.41	94.8334	NaN	NaN	-4.61364	0.106501	3.6875	-28.0296	0							voice echo "bud" tok=f61498642769fa87 take=2 src=tts:gpt-audio-1.5 f0=96 onset=0.314 dur=0.360 vowel=0.314-0.624 level=0.050
74	proc	54	bed	baselineGeneralize	shiftMags=0	205.713	1.5	1.5	1.5	30	16000	4	0@0.002	0.252	0.346-0.598	-90.4658	811.085	-75	298	708.806	2022.73	477.357	1369.46	708.806	2022.73	477.357	1369.46	91.9027	117.821	430.101	-5.17396	0.0885384	6.3125	-27.1099	0							voice echo "bed" tok=49eae8e85483d239 take=2 src=tts:gpt-audio-1.5 f0=87 onset=0.358 dur=0.380 vowel=0.358-0.668 level=0.050
75	proc	55	bid	baselineGeneralize	shiftMags=0	207.992	1.5	1.5	1.5	30	16000	4	0@0.002	0.244	0.400-0.652	54.1636	766.471	49	270	560.146	2214.1	386.916	1288.13	560.146	2214.1	386.916	1288.13	106.661	NaN	NaN	-4.61816	0.086695	-21.25	-28.4234	0							voice echo "bid" tok=f1e7ea1f3cda358f take=2 src=tts:gpt-audio-1.5 f0=102 onset=0.324 dur=0.420 vowel=0.384-0.584 level=0.050
76	proc	56	bed	baselineGeneralize	shiftMags=0	210.622	1.5	1.5	1.5	30	16000	4	0@0.002	0.266	0.372-0.784	-131.757	792.511	-107	287	672.24	1997.76	551.524	1431.72	672.24	1997.76	551.524	1431.72	83.184	NaN	NaN	-5.96296	0.0806771	10.25	-28.3248	0							voice echo "bed" tok=4c425856e032c672 take=3 src=tts:gpt-audio-1.5 f0=94 onset=0.317 dur=0.520 vowel=0.367-0.777 level=0.050
77	proc	57	bayed	baselineGeneralize	shiftMags=0	213.3	1.5	1.5	1.5	30	16000	4	0@0.002	0.38	0.334-0.758	72.1307	680.058	66	226	544.999	2290.84	386.591	1274.22	544.999	2290.84	386.591	1274.22	101.26	NaN	NaN	-3.79444	0.105122	22.4375	-27.2268	0							voice echo "bayed" tok=c67857a28e63d1d3 take=3 src=tts:gpt-audio-1.5 f0=95 onset=0.346 dur=0.430 vowel=0.346-0.736 level=0.050
78	proc	58	bid	baselineGeneralize	shiftMags=0	216.074	1.5	1.5	1.5	30	16000	4	0@0.002	0.222	0.348-0.570	56.3386	744.195	51	259	495.834	2211.21	680.156	1551.9	495.834	2211.21	680.156	1551.9	159.154	NaN	NaN	-5.45738	0.0869589	55.8125	-27.2081	0							voice echo "bid" tok=44eaf08c8f1fc283 take=3 src=tts:gpt-audio-1.5 f0=118 onset=0.294 dur=0.410 vowel=0.334-0.524 level=0.050
79	proc	59	bud	baselineGeneralize	shiftMags=0	219.012	1.5	1.5	1.5	30	16000	4	0@0.002	0.252	0.456-0.708	-142.804	958.916	-115	416.5	812.974	1382.22	419.553	1424.55	827.418	1420.58	353.732	1379.57	89.5408	146.779	855.634	-6.02657	0.095781	35.3125	-27.0601	0							voice echo "bud" tok=f2585ff2e7006aff take=3 src=tts:gpt-audio-1.5 f0=95 onset=0.333 dur=0.510 vowel=0.453-0.703 level=0.050
80	proc	60	bode	baselineGeneralize	shiftMags=0	221.858	1.5	1.5	1.5	30	16000	4	0@0.002	0.318	0.486-0.804	3.42737	1021.6	3	502	662.511	1199.99	409.372	1284.76	665.085	1215.8	400.548	1273.35	117.613	220.938	1091.51	-5.03841	0.0817814	42.3125	-26.4563	0							voice echo "bode" tok=697aea8db4d6770a take=3 src=tts:gpt-audio-1.5 f0=120 onset=0.357 dur=0.580 vowel=0.487-0.777 level=0.050
81	proc	61	bid	baselineGeneralize	shiftMags=0	225.531	1.5	1.5	1.5	30	16000	4	0@0.002	0.24	0.430-0.672	60.5589	790.235	55	287	466.593	2145.47	592.036	1447.49	479.736	2145.53	612.152	1743.88	92.87	NaN	NaN	-5.35948	0.0852328	59.5	-27.5713	0							voice echo "bid" tok=f414548c45260df7 take=0 src=tts:gpt-audio-1.5 f0=94 onset=0.328 dur=0.510 vowel=0.418-0.638 level=0.050
82	proc	62	bode	baselineGeneralize	shiftMags=0	228.154	1.5	1.5	1.5	30	16000	4	0@0.002	0.288	0.468-0.756	49.9716	1013.72	45	485	631.531	1257.84	528.393	1538.28	631.531	1257.84	528.393	1538.28	104.788	232.302	1378.24	-6.58718	0.0913784	-27.5	-28.4964	0							voice echo "bode" tok=e6d7a31b83677097 take=0 src=tts:gpt-audio-1.5 f0=101 onset=0.302 dur=0.630 vowel=0.332-0.812 level=0.050
83	proc	63	bud	baselineGeneralize	shiftMags=0	230.413	1.5	1.5	1.5	30	16000	4	0@0.002	0.304	0.370-0.724	-88.0621	906.777	-73	369	799.751	1585.12	432.301	3518.19	799.751	1585.12	432.301	3518.19	103.005	NaN	NaN	-5.10812	0.0960455	-59.9375	-28.8909	0							voice echo "bud" tok=2d4b419862f9712f take=0 src=tts:gpt-audio-1.5 f0=101 onset=0.304 dur=0.430 vowel=0.304-0.694 level=0.050
84	proc	64	bed	baselineGeneralize	shiftMags=0	233.078	1.5	1.5	1.5	30	16000	4	0@0.002	0.268	0.398-0.688	-56.8709	812.433	-48	298	691.959	1996.26	428.976	1300.24	742.3	2004.61	473.71	1144.53	101.736	130.345	429.006	-5.04692	0.0940101	37.5	-27.1014	0							voice echo "bed" tok=79b8acda9c385e72 take=0 src=tts:gpt-audio-1.5 f0=99 onset=0.343 dur=0.360 vowel=0.373-0.643 level=0.050
85	proc	65	bayed	baselineGeneralize	shiftMags=0	235.75	1.5	1.5	1.5	30	16000	4	0@0.002	0.292	0.406-0.702	76.2624	681.532	70	226	574.918	2215.63	437.817	1782.47	574.918	2215.63	437.817	1782.47	100.906	NaN	NaN	-5.5412	0.0969826	59.375	-27.4824	0							voice echo "bayed" tok=1fc3b02fa708d9ea take=0 src=tts:gpt-audio-1.5 f0=102 onset=0.343 dur=0.430 vowel=0.383-0.673 level=0.050
86	proc	66	bed	baselineGeneralize	shiftMags=0	238.556	1.5	1.5	1.5	30	16000	4	0@0.002	0.29	0.492-0.782	-163.013	791.201	-130	287	NaN	NaN	NaN	NaN					123.813	218.301	981.789	-5.00016	0.0791504	31.1875	-28.0147	0							voice echo "bed" tok=6232dd768c0e224d take=1 src=tts:gpt-audio-1.5 f0=111 onset=0.367 dur=0.570 vowel=0.477-0.747 level=0.050
87	proc	67	bode	baselineGeneralize	shiftMags=0	240.93	1.5	1.5	1.5	30	16000	4	0@0.002	0.324	0.350-0.674	34.6921	1014.4	31	485	655.383	1227.22	366.609	1346.07	655.383	1227.22	366.609	1346.07	104.825	231.917	1374.75	-5.15852	0.0790425	-45.875	-26.9336	0							voice echo "bode" tok=c15c61d82fdebff2 take=1 src=tts:gpt-audio-1.5 f0=104 onset=0.303 dur=0.520 vowel=0.333-0.663 level=0.050
88	proc	68	bud	baselineGeneralize	shiftMags=0	243.622	1.5	1.5	1.5	30	16000	4	0@0.002	0.272	0.502-0.774	-121.443	964.492	-99	422	702.813	1117.62	529.241	2325.07	735.897	1146.02	512.615	1941.76	85.3581	NaN	NaN	-5.76256	0.0895902	58.875	-28.1936	0							voice echo "bud" tok=158fecf187767308 take=1 src=tts:gpt-audio-1.5 f0=98 onset=0.333 dur=0.640 vowel=0.483-0.743 level=0.050
89	proc	69	bid	baselineGeneralize	shiftMags=0	245.91	1.5	1.5	1.5	30	16000	4	0@0.002	0.24	0.408-0.648	32.502	777.61	29	276	460.194	2062.69	472.114	4918.94	476.117	2086.66	464.454	6111.23	91.5905	243.332	1691.59	-5.98832	0.0874461	38.5	-27.9216	0							voice echo "bid" tok=c119b434c076614d take=1 src=tts:gpt-audio-1.5 f0=92 onset=0.313 dur=0.460 vowel=0.383-0.613 level=0.050
90	proc	70	bayed	baselineGeneralize	shiftMags=0	248.705	1.5	1.5	1.5	30	16000	4	0@0.002	0.378	0.374-0.752	88.5185	651.026	82	210	628.1	2330.68	410.567	1268.95	628.1	2330.68	410.567	1268.95	98.8867	NaN	NaN	-5.13623	0.0897108	-39.875	-27.1082	0							voice echo "bayed" tok=0eb1260ea1fe298a take=1 src=tts:gpt-audio-1.5 f0=96 onset=0.326 dur=0.580 vowel=0.356-0.736 level=0.050
91	proc	71	bed	baselineGeneralize	shiftMags=0	251.571	1.5	1.5	1.5	30	16000	4	0@0.002	0.25	0.306-0.556	-90.5999	812.532	-75	298	526.431	1999.16	548.475	3399.66	577.72	1999.1	733.667	3332.38	91.0716	NaN	NaN	-7.10806	0.105365	60	-27.1105	0							voice echo "bed" tok=49eae8e85483d239 take=2 src=tts:gpt-audio-1.5 f0=87 onset=0.317 dur=0.380 vowel=0.317-0.627 level=0.050
92	proc	72	bayed	baselineGeneralize	shiftMags=0	254.149	1.5	1.5	1.5	30	16000	4	0@0.002	0.322	0.438-0.760	108.875	672.485	102	221	570.575	2257.43	531.285	2106.89	580.69	2277.89	549.151	2134.06	96.4789	174.082	1021.78	-6.28758	0.0715188	18.3125	-27.7423	0							voice echo "bayed" tok=3cf8e6b105a18b98 take=2 src=tts:gpt-audio-1.5 f0=95 onset=0.339 dur=0.540 vowel=0.419-0.739 level=0.050
93	proc	73	bid	baselineGeneralize	shiftMags=0	256.915	1.5	1.5	1.5	30	16000	4	0@0.002	0.236	0.392-0.644	52.0834	764.968	47	270	579.916	2170.5	438.193	1108.06	579.916	2170.5	438.193	1108.06	107.528	NaN	NaN	-5.20671	0.0932639	40.25	-28.4242	0							voice echo "bid" tok=f1e7ea1f3cda358f take=2 src=tts:gpt-audio-1.5 f0=102 onset=0.316 dur=0.420 vowel=0.376-0.576 level=0.050
94	proc	74	bud	baselineGeneralize	shiftMags=0	259.662	1.5	1.5	1.5	30	16000	4	0@0.002	0.228	0.342-0.576	-116.249	973.377	-95	430	752.424	1296.32	486.362	2286.33	765.346	1312.68	495.105	2917.42	94.8325	138.865	660.281	-5.29914	0.0781576	28.1875	-28.0276	0							voice echo "bud" tok=f61498642769fa87 take=2 src=tts:gpt-audio-1.5 f0=96 onset=0.334 dur=0.360 vowel=0.334-0.644 level=0.050
95	proc	75	bode	baselineGeneralize	shiftMags=0	262.14	1.5	1.5	1.5	30	16000	4	0@0.002	0.332	0.352-0.684	56.3528	1025.36	51	504.5	682.623	1259.71	516.364	1780.98	682.623	1259.71	516.364	1780.98	92.3301	NaN	NaN	-4.6992	0.0828881	-19.4375	-27.8973	0							voice echo "bode" tok=c3bef5813330696d take=2 src=tts:gpt-audio-1.5 f0=92 onset=0.304 dur=0.490 vowel=0.334-0.654 level=0.050
96	proc	76	booed	baselineTrain	shiftMags=0	269.459	1.5	1.5	1.5	30	16000	3	0@0.002	0.398	0.526-0.924	244.422	1021.25	255	496	NaN	NaN	NaN	NaN					96.6427	95.2272	-25.5434	-11.9371	0.0476847	7.5625	-28.4121	0							voice echo "booed" tok=390305f87b033965 take=1 src=tts:gpt-audio-1.5 f0=94 onset=0.342 dur=0.740 vowel=0.372-0.892 level=0.050
97	proc	77	bead	baselineTrain	shiftMags=0	271.969	1.5	1.5	1.5	30	16000	3	0@0.002	0.306	0.446-0.752	247.25	596.397	259	187	257.293	2597.71	413.172	3084.6	257.293	2597.71	413.172	3084.6	101.507	150.751	684.703	-11.0503	0.0785216	7.5625	-27.2654	0							voice echo "bead" tok=6e4c8354f990c436 take=1 src=tts:gpt-audio-1.5 f0=100 onset=0.332 dur=0.570 vowel=0.422-0.722 level=0.050
98	proc	78	bad	baselineTrain	shiftMags=0	274.598	1.5	1.5	1.5	30	16000	3	0@0.002	0.296	0.380-0.676	-311.435	865.003	-231	336	1013.03	1823.88	726.828	2705	1013.39	1797.36	730.32	2705	118.315	105.768	-194.076	-2.78943	0.138213	8.3125	-27.8398	0							voice echo "bad" tok=dd833772bca6cde5 take=3 src=tts:gpt-audio-1.5 f0=110 onset=0.301 dur=0.480 vowel=0.341-0.621 level=0.050
99	proc	79	bod	baselineTrain	shiftMags=0	277.456	1.5	1.5	1.5	30	16000	3	0@0.002	0.318	0.394-0.712	-264.722	1003.67	-201	474	939.062	1194.59	700.415	2108.47	941.245	1195.84	700.599	2111.62	106.622	108.514	30.4473	-8.73689	0.0556975	8.1875	-27.3248	0							voice echo "bod" tok=910700843b817ff5 take=1 src=tts:gpt-audio-1.5 f0=92 onset=0.321 dur=0.460 vowel=0.371-0.681 level=0.050
100	proc	80	bod	baselineTrain	shiftMags=0	280.355	1.5	1.5	1.5	30	16000	3	0@0.002	0.326	0.466-0.792	-208.059	1014.64	-162	496	878.003	1113.44	670.593	2080.92	880.767	1113.48	670.593	2084.14	101.467	104.877	57.2275	-9.40734	0.0695015	8.1875	-27.6946	0							voice echo "bod" tok=fccd724314e4c1c5 take=2 src=tts:gpt-audio-1.5 f0=94 onset=0.373 dur=0.490 vowel=0.443-0.753 level=0.050
101	proc	81	bead	baselineTrain	shiftMags=0	282.889	1.5	1.5	1.5	30	16000	3	0@0.002	0.292	0.410-0.702	222.955	611	228	193	263.961	2550.76	476.446	3047.28	263.961	2550.76	476.446	3047.28	106.483	109.619	50.2552	-7.4988	0.0798004	7.5625	-29.2176	0							voice echo "bead" tok=6b84e5f1a56ad803 take=2 src=tts:gpt-audio-1.5 f0=103 onset=0.317 dur=0.490 vowel=0.317-0.677 level=0.050
102	proc	82	bad	baselineTrain	shiftMags=0	285.846	1.5	1.5	1.5	30	16000	3	0@0.002	0.364	0.336-0.726	-277.319	876.406	-209	342	939.229	1771.11	700.727	2668.39	960.672	1758.68	704.884	2665.9	87.6091	91.9963	84.5947	-2.71356	0.338203	8.3125	-25.1068	1	0.985+15.4ms						voice echo "bad" tok=f87c088ba55beb5d take=0 src=tts:gpt-audio-1.5 f0=84 onset=0.351 dur=0.430 vowel=0.351-0.651 level=0.050
103	proc	83	booed	baselineTrain	shiftMags=0	288.519	1.5	1.5	1.5	30	16000	3	0@0.002	0.276	0.310-0.608	211.19	995.822	214	458	NaN	NaN	NaN	NaN					127.813	142.426	187.415	-11.2173	0.0661747	7.6875	-28.5332	0							voice echo "booed" tok=ad77a8a33e088b2a take=2 src=tts:gpt-audio-1.5 f0=106 onset=0.321 dur=0.420 vowel=0.321-0.501 level=0.050
104	proc	84	bead	baselineTrain	shiftMags=0	290.907	1.5	1.5	1.5	30	16000	3	0@0.002	0.362	0.434-0.796	225.849	618.113	232	198	285.335	2517.81	450.973	3046.54	285.335	2517.81	450.973	3046.54	104.5	126.595	332.06	-8.12472	0.123157	7.5625	-27.0951	0							voice echo "bead" tok=a6ffb7d8c3b45ccc take=3 src=tts:gpt-audio-1.5 f0=108 onset=0.308 dur=0.630 vowel=0.418-0.768 level=0.050
105	proc	85	booed	baselineTrain	shiftMags=0	293.534	1.5	1.5	1.5	30	16000	3	0@0.002	0.31	0.460-0.770	153.792	999.948	149	469	331.617	1353.25	431.833	2360.29	331.617	1353.25	431.833	2360.29	105.887	127.944	327.585	-13.4508	0.0532395	7.75	-27.4922	0							voice echo "booed" tok=85296114975a57f8 take=3 src=tts:gpt-audio-1.5 f0=103 onset=0.354 dur=0.540 vowel=0.444-0.754 level=0.050
106	proc	86	bod	baselineTrain	shiftMags=0	296.294	1.5	1.5	1.5	30	16000	3	0@0.002	0.26	0.438-0.698	-231.129	1018.5	-178	496	890.028	1134.51	660.446	2066.99	892.168	1137.15	660.446	2102.29	123.284	129.262	81.972	-9.63958	0.0748949	8.1875	-28.3202	0							voice echo "bod" tok=c7377566b0b94f28 take=3 src=tts:gpt-audio-1.5 f0=112 onset=0.326 dur=0.540 vowel=0.326-0.656 level=0.050
107	proc	87	bad	baselineTrain	shiftMags=0	299.117	1.5	1.5	1.5	30	16000	3	0@0.002	0.316	0.440-0.774	-283.271	869.995	-213	339	973.668	1819.62	690.154	2699.26	976.385	1806.25	694.644	2701.28	81.6205	85.5059	80.5111	-3.17353	0.137077	8.3125	-28.421	0							voice echo "bad" tok=501dd06862356e7f take=2 src=tts:gpt-audio-1.5 f0=86 onset=0.345 dur=0.500 vowel=0.435-0.745 level=0.050
108	proc	88	bad	baselineTrain	shiftMags=0	301.456	1.5	1.5	1.5	30	16000	3	0@0.002	0.296	0.386-0.682	-308.78	864.692	-229	336	1007.79	1824.47	722.758	2714.83	1012.67	1818.62	725.394	2714.83	118.493	100.653	-282.496	-2.79189	0.140954	8.3125	-27.8392	0							voice echo "bad" tok=dd833772bca6cde5 take=3 src=tts:gpt-audio-1.5 f0=110 onset=0.307 dur=0.480 vowel=0.347-0.627 level=0.050
109	proc	89	bead	baselineTrain	shiftMags=0	304.436	1.5	1.5	1.5	30	16000	3	0@0.002	0.318	0.440-0.758	233.11	619.772	240	198	282.485	2518.29	470.32	3083.64	282.485	2518.29	470.32	3083.64	97.6611	285.507	1857.2	-7.94832	0.104304	7.5625	-26.9857	0							voice echo "bead" tok=1541b7e052a6b1b3 take=0 src=tts:gpt-audio-1.5 f0=98 onset=0.320 dur=0.580 vowel=0.420-0.840 level=0.050
110	proc	90	bod	baselineTrain	shiftMags=0	307.103	1.5	1.5	1.5	30	16000	3	0@0.002	0.286	0.432-0.718	-208.022	1015.4	-162	491	876.864	1159.43	654.68	2114.63	879.654	1161.52	657.471	2115.53	83.1469	85.3815	45.9136	-9.19089	0.0783345	8.125	-28.2792	0							voice echo "bod" tok=02fe6d4edf3f298e take=0 src=tts:gpt-audio-1.5 f0=83 onset=0.328 dur=0.540 vowel=0.408-0.698 level=0.050
111	proc	91	booed	baselineTrain	shiftMags=0	310.357	1.5	1.5	1.5	30	16000	3	0@0.002	0.336	0.320-0.656	179.479	990.309	177	452	NaN	NaN	NaN	NaN					108.738	113.111	68.2519	-12.5978	0.0553067	7.625	-27.9875	0							voice echo "booed" tok=b939e88715e9db1e take=0 src=tts:gpt-audio-1.5 f0=102 onset=0.305 dur=0.460 vowel=0.305-0.625 level=0.050
112	proc	92	bead	baselineTrain	shiftMags=0	312.821	1.5	1.5	1.5	30	16000	3	0@0.002	0.306	0.424-0.730	247.236	596.517	259	187	261.657	2599.07	407.16	3099.82	261.657	2599.07	407.16	3099.82	99.2921	152.204	739.51	-10.8889	0.0691474	7.5625	-27.2659	0							voice echo "bead" tok=6e4c8354f990c436 take=1 src=tts:gpt-audio-1.5 f0=100 onset=0.310 dur=0.570 vowel=0.400-0.700 level=0.050
113	proc	93	bod	baselineTrain	shiftMags=0	315.695	1.5	1.5	1.5	30	16000	3	0@0.002	0.318	0.360-0.678	-259.857	1003.43	-197	474	938.116	1194.47	709.668	2119.67	938.928	1194.68	709.681	2128.05	110.603	105.71	-78.3343	-8.79134	0.0575654	8.1875	-27.3249	0							voice echo "bod" tok=910700843b817ff5 take=1 src=tts:gpt-audio-1.5 f0=92 onset=0.288 dur=0.460 vowel=0.338-0.648 level=0.050
114	proc	94	bad	baselineTrain	shiftMags=0	317.986	1.5	1.5	1.5	30	16000	3	0@0.002	0.378	0.318-0.708	-276.805	875.763	-209	342	950.777	1761.86	698.263	2667.6	962.113	1759.01	699.366	2662.86	85.8856	93.4462	146.065	-2.70435	0.335559	8.3125	-25.1053	0							voice echo "bad" tok=f87c088ba55beb5d take=0 src=tts:gpt-audio-1.5 f0=84 onset=0.333 dur=0.430 vowel=0.333-0.633 level=0.050
115	proc	95	booed	baselineTrain	shiftMags=0	320.47	1.5	1.5	1.5	30	16000	3	0@0.002	0.396	0.494-0.890	244.217	1024.31	255	502	NaN	NaN	NaN	NaN					96.0421	95.4308	-11.0548	-11.5683	0.0734528	7.5	-28.4113	1	1.485+15.4ms						voice echo "booed" tok=390305f87b033965 take=1 src=tts:gpt-audio-1.5 f0=94 onset=0.309 dur=0.740 vowel=0.339-0.859 level=0.050
116	proc	96	booed	baselineTrain	shiftMags=0	323.229	1.5	1.5	1.5	30	16000	3	0@0.002	0.276	0.346-0.644	205.736	992.11	208	458	NaN	NaN	NaN	NaN					122.951	140.888	235.754	-11.9398	0.0629777	7.6875	-28.5316	0							voice echo "booed" tok=ad77a8a33e088b2a take=2 src=tts:gpt-audio-1.5 f0=106 onset=0.357 dur=0.420 vowel=0.357-0.537 level=0.050
117	proc	97	bod	baselineTrain	shiftMags=0	325.574	1.5	1.5	1.5	30	16000	3	0@0.002	0.32	0.420-0.746	-208.209	1015.53	-162	496	880.367	1120.56	671.881	2094.33	885.453	1122.57	675.399	2099.58	101.86	98.3461	-60.7788	-9.0734	0.086732	8.1875	-27.6961	0							voice echo "bod" tok=fccd724314e4c1c5 take=2 src=tts:gpt-audio-1.5 f0=94 onset=0.326 dur=0.490 vowel=0.396-0.706 level=0.050
118	proc	98	bad	baselineTrain	shiftMags=0	328.363	1.5	1.5	1.5	30	16000	3	0@0.002	0.324	0.400-0.736	-280.124	871.685	-211	342	972.355	1813.67	697.664	2688.1	976.445	1811.38	697.794	2690.49	89.657	90.7077	20.1711	-3.06666	0.143033	8.3125	-28.4206	0							voice echo "bad" tok=501dd06862356e7f take=2 src=tts:gpt-audio-1.5 f0=86 onset=0.306 dur=0.500 vowel=0.396-0.706 level=0.050
119	proc	99	bead	baselineTrain	shiftMags=0	331.055	1.5	1.5	1.5	30	16000	3	0@0.002	0.292	0.384-0.676	220.971	610.984	226	193	264.108	2548.38	445.361	3038.72	264.108	2548.38	445.361	3038.72	105.166	110.242	81.6107	-7.25665	0.0807289	7.5625	-29.2172	0							voice echo "bead" tok=6b84e5f1a56ad803 take=2 src=tts:gpt-audio-1.5 f0=103 onset=0.290 dur=0.490 vowel=0.290-0.650 level=0.050
120	proc	100	bad	baselineTrain	shiftMags=0	333.506	1.5	1.5	1.5	30	16000	3	0@0.002	0.296	0.418-0.714	-307.927	864.052	-229	336	1013.1	1822.49	721.254	2680.8	1014.06	1794.53	730.383	2680.8	118.096	111.785	-95.071	-2.72273	0.137398	8.3125	-27.8402	0							voice echo "bad" tok=dd833772bca6cde5 take=3 src=tts:gpt-audio-1.5 f0=110 onset=0.339 dur=0.480 vowel=0.379-0.659 level=0.050
121	proc	101	bead	baselineTrain	shiftMags=0	336.364	1.5	1.5	1.5	30	16000	3	0@0.002	0.364	0.466-0.830	226.059	615.755	232	195.5	294.291	2495.93	459.842	3065.06	301.09	2510.03	459.705	3104.04	106.587	142.224	499.366	-8.16364	0.111686	7.5625	-27.0958	0							voice echo "bead" tok=a6ffb7d8c3b45ccc take=3 src=tts:gpt-audio-1.5 f0=108 onset=0.340 dur=0.630 vowel=0.450-0.800 level=0.050
122	proc	102	bod	baselineTrain	shiftMags=0	338.669	1.5	1.5	1.5	30	16000	3	0@0.002	0.262	0.438-0.700	-235.235	1019.55	-181	496	889.259	1133.44	661.858	2107.09	893.302	1143.57	661.858	2107.09	123.541	130.829	99.2303	-9.62945	0.075367	8.1875	-28.3217	1	0.985+15.4ms						voice echo "bod" tok=c7377566b0b94f28 take=3 src=tts:gpt-audio-1.5 f0=112 onset=0.327 dur=0.540 vowel=0.327-0.657 level=0.050
123	proc	103	booed	baselineTrain	shiftMags=0	341.064	1.5	1.5	1.5	30	16000	3	0@0.002	0.308	0.418-0.726	153.661	1001.59	149	469	331.167	1351.48	448.67	2369.84	331.167	1351.48	448.67	2369.84	108.543	126.584	266.192	-12.7324	0.065776	7.75	-27.4937	0							voice echo "booed" tok=85296114975a57f8 take=3 src=tts:gpt-audio-1.5 f0=103 onset=0.310 dur=0.540 vowel=0.400-0.710 level=0.050
124	proc	104	bead	baselineTrain	shiftMags=0	343.887	1.5	1.5	1.5	30	16000	3	0@0.002	0.32	0.486-0.806	233.727	619.89	241.5	198	280.202	2517.66	452.479	3072.26	281.747	2522.2	460.526	3083.58	96.6759	268.557	1768.8	-8.57478	0.106445	7.5625	-26.9851	0							voice echo "bead" tok=1541b7e052a6b1b3 take=0 src=tts:gpt-audio-1.5 f0=98 onset=0.367 dur=0.580 vowel=0.467-0.887 level=0.050
125	proc	105	booed	baselineTrain	shiftMags=0	346.589	1.5	1.5	1.5	30	16000	3	0@0.002	0.336	0.314-0.650	179.246	990.413	177	452	NaN	NaN	NaN	NaN					107.325	107.115	-3.38781	-12.755	0.0532241	7.625	-27.9873	0							voice echo "booed" tok=b939e88715e9db1e take=0 src=tts:gpt-audio-1.5 f0=102 onset=0.299 dur=0.460 vowel=0.299-0.619 level=0.050
126	proc	106	bad	baselineTrain	shiftMags=0	349.001	1.5	1.5	1.5	30	16000	3	0@0.002	0.38	0.294-0.684	-274.336	875.326	-207	342	941.385	1771.78	692.105	2673.5	955.769	1763.05	693.822	2669.68	85.8603	91.9345	118.338	-2.69933	0.340258	8.3125	-25.1068	0							voice echo "bad" tok=f87c088ba55beb5d take=0 src=tts:gpt-audio-1.5 f0=84 onset=0.309 dur=0.430 vowel=0.309-0.609 level=0.050
127	proc	107	bod	baselineTrain	shiftMags=0	351.545	1.5	1.5	1.5	30	16000	3	0@0.002	0.286	0.434-0.720	-208.002	1013.78	-162	491	879.929	1158.97	658.647	2112.83	880.732	1160.24	659.025	2113.69	82.2259	81.9403	-6.0241	-9.3133	0.0777089	8.125	-28.28	0							voice echo "bod" tok=02fe6d4edf3f298e take=0 src=tts:gpt-audio-1.5 f0=83 onset=0.330 dur=0.540 vowel=0.410-0.700 level=0.050
128	proc	108	bad	baselineTrain	shiftMags=0	354.432	1.5	1.5	1.5	30	16000	3	0@0.002	0.326	0.386-0.722	-277.432	872.263	-209	342	977.87	1792.3	702.027	2691.49	978.095	1769.35	702.751	2691.49	89.4218	89.1039	-6.1647	-3.07389	0.140393	8.3125	-28.4206	0							voice echo "bad" tok=501dd06862356e7f take=2 src=tts:gpt-audio-1.5 f0=86 onset=0.292 dur=0.500 vowel=0.382-0.692 level=0.050
129	proc	109	booed	baselineTrain	shiftMags=0	356.811	1.5	1.5	1.5	30	16000	3	0@0.002	0.396	0.548-0.946	244.339	1023.12	255	502	NaN	NaN	NaN	NaN					97.5172	94.0372	-62.9112	-12.0092	0.0459205	7.4375	-28.4121	0							voice echo "booed" tok=390305f87b033965 take=1 src=tts:gpt-audio-1.5 f0=94 onset=0.365 dur=0.740 vowel=0.395-0.915 level=0.050
130	proc	110	bod	baselineTrain	shiftMags=0	359.11	1.5	1.5	1.5	30	16000	3	0@0.002	0.318	0.406-0.724	-259.833	1003.89	-197	474	934.818	1194.36	697.957	2119.4	939.117	1195.23	702.729	2119.55	102.294	109.304	114.748	-8.40197	0.0590601	8.1875	-27.3251	0							voice echo "bod" tok=910700843b817ff5 take=1 src=tts:gpt-audio-1.5 f0=92 onset=0.334 dur=0.460 vowel=0.384-0.694 level=0.050
131	proc	111	bead	baselineTrain	shiftMags=0	361.734	1.5	1.5	1.5	30	16000	3	0@0.002	0.306	0.484-0.790	247.266	596.568	259	187	261.839	2597.77	401.793	3106.44	261.839	2597.77	401.793	3106.44	99.2708	153.873	758.755	-11.0329	0.0657878	7.5625	-27.2655	0							voice echo "bead" tok=6e4c8354f990c436 take=1 src=tts:gpt-audio-1.5 f0=100 onset=0.370 dur=0.570 vowel=0.460-0.760 level=0.050
132	proc	112	bad	baselineTrain	shiftMags=0	364.137	1.5	1.5	1.5	30	16000	3	0@0.002	0.298	0.412-0.710	-308.508	863.306	-229	336	1009.03	1829.59	718.662	2698.38	1012.58	1805.21	719.254	2701.74	118.34	101.821	-260.294	-2.8231	0.134276	8.3125	-27.8391	0							voice echo "bad" tok=dd833772bca6cde5 take=3 src=tts:gpt-audio-1.5 f0=110 onset=0.334 dur=0.480 vowel=0.374-0.654 level=0.050
133	proc	113	bead	baselineTrain	shiftMags=0	366.899	1.5	1.5	1.5	30	16000	3	0@0.002	0.29	0.416-0.706	222.263	610.953	228	193	263.741	2544.62	467.745	3020.78	264.188	2547.14	472.56	3041.74	106.223	110.26	64.5722	-6.8738	0.0924651	7.5625	-29.2183	0							voice echo "bead" tok=6b84e5f1a56ad803 take=2 src=tts:gpt-audio-1.5 f0=103 onset=0.322 dur=0.490 vowel=0.322-0.682 level=0.050
134	proc	114	booed	baselineTrain	shiftMags=0	369.332	1.5	1.5	1.5	30	16000	3	0@0.002	0.278	0.364-0.662	209.55	996.331	212	458	NaN	NaN	NaN	NaN					125.288	133.584	110.995	-11.5773	0.0603298	7.6875	-28.5332	0							voice echo "booed" tok=ad77a8a33e088b2a take=2 src=tts:gpt-audio-1.5 f0=106 onset=0.375 dur=0.420 vowel=0.375-0.555 level=0.050
135	proc	115	bod	baselineTrain	shiftMags=0	371.724	1.5	1.5	1.5	30	16000	3	0@0.002	0.32	0.426-0.752	-210.705	1016.14	-164	496	882.74	1115.51	670.961	2108.36	886.889	1121.55	670.961	2108.36	102.277	105.946	61.025	-9.48876	0.0523678	8.25	-27.6946	1	1.485+15.4ms						voice echo "bod" tok=fccd724314e4c1c5 take=2 src=tts:gpt-audio-1.5 f0=94 onset=0.334 dur=0.490 vowel=0.404-0.714 level=0.050
136	proc	116	booed	train	shiftMags=0	374.434	1.5	1.5	1.5	30	16000	3	0@0.002	0.308	0.396-0.704	150.216	1001.64	145	469	335.648	1351.3	454.418	2360.93	335.648	1351.3	454.418	2360.93	105.297	126.884	322.863	-12.6877	0.0569693	7.75	-27.4918	0							voice echo "booed" tok=85296114975a57f8 take=3 src=tts:gpt-audio-1.5 f0=103 onset=0.288 dur=0.540 vowel=0.378-0.688 level=0.050
137	proc	117	bod	train	shiftMags=0	377.404	1.5	1.5	1.5	30	16000	3	0@0.002	0.264	0.432-0.696	-236.117	1018.12	-181	496	884.81	1136.21	662.088	2101.7	887.794	1136.73	666.118	2105.43	122.42	128.936	89.7846	-9.84453	0.0677341	8.1875	-28.3212	0							voice echo "bod" tok=c7377566b0b94f28 take=3 src=tts:gpt-audio-1.5 f0=112 onset=0.321 dur=0.540 vowel=0.321-0.651 level=0.050
138	proc	118	bad	train	shiftMags=0	380.065	1.5	1.5	1.5	30	16000	3	0@0.002	0.37	0.296-0.686	-277.022	874.73	-209	342	939.136	1774.53	696.232	2668.94	959.921	1758.99	701.956	2665.89	91.9253	88.7511	-60.8354	-2.6632	0.33705	8.3125	-25.1052	0							voice echo "bad" tok=f87c088ba55beb5d take=0 src=tts:gpt-audio-1.5 f0=84 onset=0.311 dur=0.430 vowel=0.311-0.611 level=0.050
139	proc	119	bead	train	shiftMags=0	383.04	1.5	1.5	1.5	30	16000	3	0@0.002	0.362	0.492-0.854	226.236	612.97	232	193	289.827	2489.4	442.937	3050.87	289.827	2489.4	442.937	3050.87	102.911	163.719	803.8	-8.17972	0.110318	7.5625	-27.0949	0							voice echo "bead" tok=a6ffb7d8c3b45ccc take=3 src=tts:gpt-audio-1.5 f0=108 onset=0.366 dur=0.630 vowel=0.476-0.826 level=0.050
140	proc	120	bod	train	shiftMags=0	386.034	1.5	1.5	1.5	30	16000	3	0@0.002	0.284	0.474-0.758	-208.08	1014.62	-162	491	874.393	1158.07	663.406	2134.76	880.396	1159.07	663.679	2142.44	82.3944	84.7709	49.2277	-8.92169	0.0797486	8.125	-28.2792	0							voice echo "bod" tok=02fe6d4edf3f298e take=0 src=tts:gpt-audio-1.5 f0=83 onset=0.370 dur=0.540 vowel=0.450-0.740 level=0.050
141	proc	121	bad	train	shiftMags=0	389.847	1.5	1.5	1.5	30	16000	3	0@0.002	0.318	0.416-0.752	-283.023	871.731	-213	342	978.105	1793.38	701.335	2686.23	978.496	1768.03	702.209	2689.55	85.7366	89.1432	67.4572	-3.10819	0.141823	8.3125	-28.4213	0							voice echo "bad" tok=501dd06862356e7f take=2 src=tts:gpt-audio-1.5 f0=86 onset=0.321 dur=0.500 vowel=0.411-0.721 level=0.050
142	proc	122	bead	train	shiftMags=0	392.528	1.5	1.5	1.5	30	16000	3	0@0.002	0.324	0.410-0.736	234.346	619.975	243	198	281.743	2521.46	473.455	3073.73	281.743	2521.46	473.455	3073.73	96.2886	141.59	667.536	-8.48503	0.0932134	7.5625	-26.9857	1	0.985+15.4ms						voice echo "bead" tok=1541b7e052a6b1b3 take=0 src=tts:gpt-audio-1.5 f0=98 onset=0.291 dur=0.580 vowel=0.391-0.811 level=0.050
143	proc	123	booed	train	shiftMags=0	395.057	1.5	1.5	1.5	30	16000	3	0@0.002	0.336	0.360-0.696	179.257	990.082	177	452	NaN	NaN	NaN	NaN					108.636	117.063	129.334	-12.6552	0.0626613	7.625	-27.9879	0							voice echo "booed" tok=b939e88715e9db1e take=0 src=tts:gpt-audio-1.5 f0=102 onset=0.345 dur=0.460 vowel=0.345-0.665 level=0.050
144	proc	124	bead	train	shiftMags=0	397.366	1.5	1.5	1.5	30	16000	3	0@0.002	0.308	0.444-0.752	247.351	596.925	259	187	259.716	2598.29	383.615	3106.34	259.716	2598.29	383.615	3106.34	103.81	150.559	643.657	-10.7826	0.073783	7.5625	-27.2654	0							voice echo "bead" tok=6e4c8354f990c436 take=1 src=tts:gpt-audio-1.5 f0=100 onset=0.331 dur=0.570 vowel=0.421-0.721 level=0.050
145	proc	125	bad	train	shiftMags=0	400.012	1.5	1.5	1.5	30	16000	3	0@0.002	0.296	0.382-0.678	-308.499	864.501	-229	336	1010.69	1827.14	716.725	2705.49	1012.45	1801.77	721.13	2708.59	118.871	99.0836	-315.214	-2.8338	0.135326	8.3125	-27.8394	0							voice echo "bad" tok=dd833772bca6cde5 take=3 src=tts:gpt-audio-1.5 f0=110 onset=0.303 dur=0.480 vowel=0.343-0.623 level=0.050
146	proc	126	booed	train	shiftMags=0	402.397	1.5	1.5	1.5	30	16000	3	0@0.002	0.396	0.534-0.930	244.354	1020.59	255	502	NaN	NaN	NaN	NaN					96.0518	95.6807	-6.7024	-11.8567	0.0590781	7.5	-28.4119	0							voice echo "booed" tok=390305f87b033965 take=1 src=tts:gpt-audio-1.5 f0=94 onset=0.349 dur=0.740 vowel=0.379-0.899 level=0.050
147	proc	127	bod	train	shiftMags=0	405.072	1.5	1.5	1.5	30	16000	3	0@0.002	0.318	0.436-0.754	-264.84	1004	-201	474	939.966	1195.17	700.075	2115.89	941.519	1195.61	701.992	2118.5	101.823	110.002	133.753	-8.89355	0.0538562	8.1875	-27.3248	0							voice echo "bod" tok=910700843b817ff5 take=1 src=tts:gpt-audio-1.5 f0=92 onset=0.365 dur=0.460 vowel=0.415-0.725 level=0.050
148	proc	128	bead	train	shiftMags=0	407.647	1.5	1.5	1.5	30	16000	3	0@0.002	0.29	0.418-0.708	222.606	611.678	228	193	259.314	2534.14	459.657	3027.01	260.389	2541.71	464.656	3042.31	104.71	111.738	112.464	-7.35037	0.077727	7.5625	-29.2177	0							voice echo "bead" tok=6b84e5f1a56ad803 take=2 src=tts:gpt-audio-1.5 f0=103 onset=0.324 dur=0.490 vowel=0.324-0.684 level=0.050
149	proc	129	bad	train	shiftMags=0	410.315	1.5	1.5	1.5	30	16000	3	0@0.002	0.366	0.322-0.712	-277.305	876.411	-209	342	944.916	1765.38	702.12	2673.36	956.255	1761.07	703.452	2669.6	88.4646	89.227	14.8555	-2.70157	0.325356	8.3125	-25.1064	0							voice echo "bad" tok=f87c088ba55beb5d take=0 src=tts:gpt-audio-1.5 f0=84 onset=0.336 dur=0.430 vowel=0.336-0.636 level=0.050
150	proc	130	bod	train	shiftMags=0	412.996	1.5	1.5	1.5	30	16000	3	0@0.002	0.32	0.390-0.716	-208.089	1015.16	-162	496	885.623	1118.27	681.685	2084.96	885.755	1119.13	678.279	2091.52	104.608	103.315	-21.5423	-9.43465	0.0609033	8.25	-27.6949	0							voice echo "bod" tok=fccd724314e4c1c5 take=2 src=tts:gpt-audio-1.5 f0=94 onset=0.297 dur=0.490 vowel=0.367-0.677 level=0.050
151	proc	131	booed	train	shiftMags=0	415.667	1.5	1.5	1.5	30	16000	3	0@0.002	0.276	0.286-0.584	206.418	992.934	208	458	NaN	NaN	NaN	NaN					122.965	141.036	237.384	-11.9944	0.0594527	7.6875	-28.5317	0							voice echo "booed" tok=ad77a8a33e088b2a take=2 src=tts:gpt-audio-1.5 f0=106 onset=0.298 dur=0.420 vowel=0.298-0.478 level=0.050
152	proc	132	bead	train	shiftMags=0	418.612	1.5	1.5	1.5	30	16000	3	0@0.002	0.362	0.462-0.824	225.999	613.134	232	193	289.923	2489.25	410.462	3055.52	289.923	2489.25	410.462	3055.52	103.014	138.932	517.837	-7.93223	0.125414	7.5625	-27.0951	0							voice echo "bead" tok=a6ffb7d8c3b45ccc take=3 src=tts:gpt-audio-1.5 f0=108 onset=0.336 dur=0.630 vowel=0.446-0.796 level=0.050
153	proc	133	bad	train	shiftMags=0	421.278	1.5	1.5	1.5	30	16000	3	0@0.002	0.316	0.386-0.720	-283.237	871.342	-213	342	979.263	1794.03	699.572	2682.7	979.377	1767.4	703.102	2688.06	85.92	90.49	89.7172	-3.20067	0.13606	8.3125	-28.4207	0							voice echo "bad" tok=501dd06862356e7f take=2 src=tts:gpt-audio-1.5 f0=86 onset=0.291 dur=0.500 vowel=0.381-0.691 level=0.050
154	proc	134	bod	train	shiftMags=0	423.616	1.5	1.5	1.5	30	16000	3	0@0.002	0.262	0.484-0.746	-235.277	1019.48	-181	496	885.639	1135.27	661.299	2087.22	887.19	1142.48	668.768	2092.99	132.448	127.745	-62.5844	-9.70632	0.068976	8.1875	-28.3176	0							voice echo "bod" tok=c7377566b0b94f28 take=3 src=tts:gpt-audio-1.5 f0=112 onset=0.372 dur=0.540 vowel=0.372-0.702 level=0.050
155	proc	135	booed	train	shiftMags=0	426.529	1.5	1.5	1.5	30	16000	3	0@0.002	0.308	0.410-0.718	150.059	1000.54	145	469	329.94	1353.79	432.848	2379.45	329.94	1353.79	432.848	2379.45	107.759	127.466	290.754	-12.6343	0.0577167	7.75	-27.4948	1	1.485+15.4ms						voice echo "booed" tok=85296114975a57f8 take=3 src=tts:gpt-audio-1.5 f0=103 onset=0.302 dur=0.540 vowel=0.392-0.702 level=0.050
156	proc	136	bad	train	shiftMags=0	429.335	1.5	1.5	1.5	30	16000	3	0@0.002	0.298	0.418-0.716	-308.349	865.04	-229	336	1013.1	1822.79	720.508	2684.91	1013.21	1795.55	720.648	2684.91	117.813	100.706	-271.624	-2.81014	0.137836	8.3125	-27.8392	0							voice echo "bad" tok=dd833772bca6cde5 take=3 src=tts:gpt-audio-1.5 f0=110 onset=0.340 dur=0.480 vowel=0.380-0.660 level=0.050
157	proc	137	bod	train	shiftMags=0	431.861	1.5	1.5	1.5	30	16000	3	0@0.002	0.286	0.440-0.726	-208.048	1016.24	-162	491	870.731	1158.25	656.366	2087.78	878.151	1160.1	656.839	2104.64	81.9515	84.1463	45.7545	-9.26497	0.0755029	8.125	-28.2796	0							voice echo "bod" tok=02fe6d4edf3f298e take=0 src=tts:gpt-audio-1.5 f0=83 onset=0.337 dur=0.540 vowel=0.417-0.707 level=0.050
158	proc	138	booed	train	shiftMags=0	434.444	1.5	1.5	1.5	30	16000	3	0@0.002	0.336	0.368-0.704	179.333	989.994	177	452	NaN	NaN	NaN	NaN					108.503	108.435	-1.09276	-13.4293	0.0526058	7.625	-27.9873	0							voice echo "booed" tok=b939e88715e9db1e take=0 src=tts:gpt-audio-1.5 f0=102 onset=0.353 dur=0.460 vowel=0.353-0.673 level=0.050
159	proc	139	bead	train	shiftMags=0	437.116	1.5	1.5	1.5	30	16000	3	0@0.002	0.324	0.422-0.746	233.626	620.067	241.5	198	281.287	2522.77	453.37	3083.2	281.287	2522.77	453.37	3083.2	96.528	162.336	899.956	-7.94575	0.0991909	7.5625	-26.9857	0							voice echo "bead" tok=1541b7e052a6b1b3 take=0 src=tts:gpt-audio-1.5 f0=98 onset=0.302 dur=0.580 vowel=0.402-0.822 level=0.050
160	proc	140	bad	train	shiftMags=0	439.659	1.5	1.5	1.5	30	16000	3	0@0.002	0.376	0.310-0.700	-277.037	875.489	-209	342	946.712	1763.53	698.093	2671.97	957.415	1760.62	704.33	2669.32	83.7359	93.7752	196.031	-2.65095	0.318183	8.3125	-25.1064	0							voice echo "bad" tok=f87c088ba55beb5d take=0 src=tts:gpt-audio-1.5 f0=84 onset=0.325 dur=0.430 vowel=0.325-0.625 level=0.050
161	proc	141	bead	train	shiftMags=0	442.412	1.5	1.5	1.5	30	16000	3	0@0.002	0.306	0.486-0.792	247.221	596.866	259	187	257.89	2597.88	434.702	3091.41	257.89	2597.88	434.702	3091.41	100.499	152.246	719.071	-10.8505	0.0756417	7.5625	-27.2652	0							voice echo "bead" tok=6e4c8354f990c436 take=1 src=tts:gpt-audio-1.5 f0=100 onset=0.372 dur=0.570 vowel=0.462-0.762 level=0.050
162	proc	142	booed	train	shiftMags=0	445.41	1.5	1.5	1.5	30	16000	3	0@0.002	0.396	0.512-0.908	244.196	1021.25	255	499	NaN	NaN	NaN	NaN					97.717	95.2124	-44.9528	-12.1757	0.0523648	7.5	-28.4115	0							voice echo "booed" tok=390305f87b033965 take=1 src=tts:gpt-audio-1.5 f0=94 onset=0.328 dur=0.740 vowel=0.358-0.878 level=0.050
163	proc	143	bod	train	shiftMags=0	447.699	1.5	1.5	1.5	30	16000	3	0@0.002	0.318	0.362-0.680	-259.738	1003.51	-197	474	941.267	1195.3	703.667	2119.85	942.886	1195.65	704.799	2125.91	107.246	108.943	27.191	-8.83819	0.0588156	8.1875	-27.3258	0							voice echo "bod" tok=910700843b817ff5 take=1 src=tts:gpt-audio-1.5 f0=92 onset=0.291 dur=0.460 vowel=0.341-0.651 level=0.050
164	proc	144	bead	train	shiftMags=0	450.638	1.5	1.5	1.5	30	16000	3	0@0.002	0.288	0.394-0.682	221.108	611.415	226	193	264.822	2549.02	458.145	3038.45	264.822	2549.02	458.145	3038.45	105.009	111.755	107.795	-7.16624	0.0804877	7.5625	-29.2187	0							voice echo "bead" tok=6b84e5f1a56ad803 take=2 src=tts:gpt-audio-1.5 f0=103 onset=0.300 dur=0.490 vowel=0.300-0.660 level=0.050
165	proc	145	bad	train	shiftMags=0	453.63	1.5	1.5	1.5	30	16000	3	0@0.002	0.324	0.452-0.788	-277.815	871.148	-209	342	981.141	1799.73	697.632	2688.71	981.594	1784.72	699.339	2680.24	89.6728	86.4866	-62.6336	-3.15773	0.143008	8.3125	-28.4206	0							voice echo "bad" tok=501dd06862356e7f take=2 src=tts:gpt-audio-1.5 f0=86 onset=0.359 dur=0.500 vowel=0.449-0.759 level=0.050
166	proc	146	bod	train	shiftMags=0	456.527	1.5	1.5	1.5	30	16000	3	0@0.002	0.32	0.436-0.762	-213.123	1016.3	-166	496	882.65	1116.19	670.968	2073.54	887.035	1120.78	675.837	2076.72	102.2	104.237	34.1594	-9.55018	0.0612998	8.1875	-27.6944	0							voice echo "bod" tok=fccd724314e4c1c5 take=2 src=tts:gpt-audio-1.5 f0=94 onset=0.344 dur=0.490 vowel=0.414-0.724 level=0.050
167	proc	147	booed	train	shiftMags=0	459.125	1.5	1.5	1.5	30	16000	3	0@0.002	0.278	0.348-0.644	206.341	991.844	208	458	NaN	NaN	NaN	NaN					122.945	135.205	164.557	-11.5057	0.0777213	7.6875	-28.5322	0							voice echo "booed" tok=ad77a8a33e088b2a take=2 src=tts:gpt-audio-1.5 f0=106 onset=0.358 dur=0.420 vowel=0.358-0.538 level=0.050
168	proc	148	bead	train	shiftMags=0	461.872	1.5	1.5	1.5	30	16000	3	0@0.002	0.364	0.466-0.830	225.932	615.218	232	195.5	294.288	2496.34	419.47	3064.19	300.378	2511.87	418.78	3096.88	106.536	139.488	466.547	-8.12639	0.11847	7.5625	-27.095	0							voice echo "bead" tok=a6ffb7d8c3b45ccc take=3 src=tts:gpt-audio-1.5 f0=108 onset=0.340 dur=0.630 vowel=0.450-0.800 level=0.050
169	proc	149	booed	train	shiftMags=0	464.472	1.5	1.5	1.5	30	16000	3	0@0.002	0.31	0.468-0.778	153.526	999.535	149	469	330.175	1352.48	460.527	2373.28	330.175	1352.48	460.527	2373.28	109.385	134.115	352.876	-13.7982	0.0541525	7.8125	-27.4949	0							voice echo "booed" tok=85296114975a57f8 take=3 src=tts:gpt-audio-1.5 f0=103 onset=0.361 dur=0.540 vowel=0.451-0.761 level=0.050
170	proc	150	bod	train	shiftMags=0	467.002	1.5	1.5	1.5	30	16000	3	0@0.002	0.262	0.400-0.662	-231.551	1019.45	-178	496	894.287	1136.92	670.723	2104.32	896.479	1139.12	671.524	2106.73	122.556	127.713	71.3545	-9.87193	0.0679157	8.1875	-28.3228	0							voice echo "bod" tok=c7377566b0b94f28 take=3 src=tts:gpt-audio-1.5 f0=112 onset=0.289 dur=0.540 vowel=0.289-0.619 level=0.050
171	proc	151	bad	train	shiftMags=0	470.369	1.5	1.5	1.5	30	16000	3	0@0.002	0.296	0.430-0.726	-307.984	864.963	-229	336	1013.43	1823.23	719.03	2703.31	1013.76	1796.06	722.663	2703.31	118.074	115.149	-43.4296	-2.82172	0.141651	8.3125	-27.84	0							voice echo "bad" tok=dd833772bca6cde5 take=3 src=tts:gpt-audio-1.5 f0=110 onset=0.350 dur=0.480 vowel=0.390-0.670 level=0.050
172	proc	152	bead	train	shiftMags=0	472.77	1.5	1.5	1.5	30	16000	3	0@0.002	0.32	0.454-0.774	233.733	619.929	241.5	198	282.38	2515.78	465.925	3079.63	282.38	2515.78	465.925	3079.63	97.154	128.625	485.791	-8.1181	0.11721	7.5625	-26.9851	0							voice echo "bead" tok=1541b7e052a6b1b3 take=0 src=tts:gpt-audio-1.5 f0=98 onset=0.334 dur=0.580 vowel=0.434-0.854 level=0.050
173	proc	153	bad	train	shiftMags=0	475.378	1.5	1.5	1.5	30	16000	3	0@0.002	0.372	0.308-0.698	-277.225	874.55	-209	342	950.863	1762.09	693.929	2669.58	961.775	1759.2	698.864	2660.38	85.8757	90.3452	87.8375	-2.69053	0.336456	8.3125	-25.1052	0							voice echo "bad" tok=f87c088ba55beb5d take=0 src=tts:gpt-audio-1.5 f0=84 onset=0.323 dur=0.430 vowel=0.323-0.623 level=0.050
174	proc	154	bod	train	shiftMags=0	477.84	1.5	1.5	1.5	30	16000	3	0@0.002	0.288	0.408-0.696	-207.978	1015.64	-162	491	871.437	1159.34	667.893	2105.58	878.763	1161.51	668.724	2120.8	82.032	86.2118	86.0376	-9.24617	0.0768984	8.1875	-28.279	0							voice echo "bod" tok=02fe6d4edf3f298e take=0 src=tts:gpt-audio-1.5 f0=83 onset=0.305 dur=0.540 vowel=0.385-0.675 level=0.050
175	proc	155	booed	train	shiftMags=0	480.246	1.5	1.5	1.5	30	16000	3	0@0.002	0.338	0.338-0.676	179.409	990.21	177	452	NaN	NaN	NaN	NaN					108.828	115.171	98.0711	-12.8015	0.0568528	7.625	-27.9873	1	1.485+15.4ms						voice echo "booed" tok=b939e88715e9db1e take=0 src=tts:gpt-audio-1.5 f0=102 onset=0.324 dur=0.460 vowel=0.324-0.644 level=0.050
176	proc	156	booed	train	shiftMags=0	482.952	1.5	1.5	1.5	30	16000	3	0@0.002	0.396	0.540-0.936	244.532	1021.42	255	502	NaN	NaN	NaN	NaN					98.1896	95.4546	-48.9072	-11.8352	0.0608199	7.4375	-28.4114	0							voice echo "booed" tok=390305f87b033965 take=1 src=tts:gpt-audio-1.5 f0=94 onset=0.355 dur=0.740 vowel=0.385-0.905 level=0.050
177	proc	157	bod	train	shiftMags=0	485.414	1.5	1.5	1.5	30	16000	3	0@0.002	0.318	0.392-0.710	-259.832	1003.34	-197	474	941.248	1194.77	706.812	2102.29	946.664	1195.19	709.726	2102.6	107.64	109.721	33.1384	-8.85085	0.054716	8.1875	-27.3247	0							voice echo "bod" tok=910700843b817ff5 take=1 src=tts:gpt-audio-1.5 f0=92 onset=0.320 dur=0.460 vowel=0.370-0.680 level=0.050
178	proc	158	bad	train	shiftMags=0	488.289	1.5	1.5	1.5	30	16000	3	0@0.002	0.316	0.432-0.768	-283.264	870.582	-213	342	980.739	1800.07	698.954	2687.48	981.432	1784.24	700.127	2676	89.6643	89.1857	-9.26458	-3.18555	0.141448	8.25	-28.4207	0							voice echo "bad" tok=501dd06862356e7f take=2 src=tts:gpt-audio-1.5 f0=86 onset=0.338 dur=0.500 vowel=0.428-0.738 level=0.050
179	proc	159	bead	train	shiftMags=0	490.605	1.5	1.5	1.5	30	16000	3	0@0.002	0.306	0.450-0.756	245.029	596.613	255	187	259.77	2602.99	404.144	3075.23	259.77	2602.99	404.144	3075.23	105.861	153.444	642.65	-10.8891	0.0743698	7.5625	-27.2658	0							voice echo "bead" tok=6e4c8354f990c436 take=1 src=tts:gpt-audio-1.5 f0=100 onset=0.336 dur=0.570 vowel=0.426-0.726 level=0.050
180	proc	160	bod	train	shiftMags=0	493.025	1.5	1.5	1.5	30	16000	3	0@0.002	0.318	0.412-0.738	-213.234	1016.61	-166	496	885.379	1117.33	671.958	2093.85	888.363	1118.81	670.148	2099.64	107.484	102.819	-76.8296	-9.5507	0.0527449	8.1875	-27.6954	0							voice echo "bod" tok=fccd724314e4c1c5 take=2 src=tts:gpt-audio-1.5 f0=94 onset=0.320 dur=0.490 vowel=0.390-0.700 level=0.050
181	proc	161	bead	train	shiftMags=0	495.593	1.5	1.5	1.5	30	16000	3	0@0.002	0.29	0.412-0.702	222.277	611.062	228	193	264.257	2550.72	459.992	3045.43	264.257	2550.72	459.992	3045.43	105.818	110.019	67.4093	-6.89072	0.0827937	7.875	-29.2187	0							voice echo "bead" tok=6b84e5f1a56ad803 take=2 src=tts:gpt-audio-1.5 f0=103 onset=0.318 dur=0.490 vowel=0.318-0.678 level=0.050
182	proc	162	bad	train	shiftMags=0	498.004	1.5	1.5	1.5	30	16000	3	0@0.002	0.298	0.424-0.722	-308.003	863.783	-229	336	1011.47	1819.8	726.656	2708	1012.53	1812.99	728.182	2711.61	118.664	103.047	-244.289	-2.7772	0.135263	8.3125	-27.84	1	0.985+15.4ms						voice echo "bad" tok=dd833772bca6cde5 take=3 src=tts:gpt-audio-1.5 f0=110 onset=0.346 dur=0.480 vowel=0.386-0.666 level=0.050
183	proc	163	booed	train	shiftMags=0	500.882	1.5	1.5	1.5	30	16000	3	0@0.002	0.28	0.308-0.606	206.494	991.963	208	458	NaN	NaN	NaN	NaN					120.817	142.019	279.916	-11.5356	0.0646355	7.6875	-28.5318	0							voice echo "booed" tok=ad77a8a33e088b2a take=2 src=tts:gpt-audio-1.5 f0=106 onset=0.319 dur=0.420 vowel=0.319-0.499 level=0.050
184	proc	164	booed	train	shiftMags=0	503.501	1.5	1.5	1.5	30	16000	3	0@0.002	0.31	0.438-0.748	153.506	998.765	149	463	330.59	1352.15	433.087	2366.4	330.59	1352.15	433.087	2366.4	109.032	126.476	256.933	-13.8961	0.0540035	7.75	-27.4954	0							voice echo "booed" tok=85296114975a57f8 take=3 src=tts:gpt-audio-1.5 f0=103 onset=0.331 dur=0.540 vowel=0.421-0.731 level=0.050
185	proc	165	bead	train	shiftMags=0	505.797	1.5	1.5	1.5	30	16000	3	0@0.002	0.364	0.434-0.798	225.766	618.328	232	198	293.045	2499.51	439.244	3067.65	293.045	2499.51	439.244	3067.65	104.79	140.147	503.323	-8.23912	0.116204	7.5625	-27.0959	0							voice echo "bead" tok=a6ffb7d8c3b45ccc take=3 src=tts:gpt-audio-1.5 f0=108 onset=0.308 dur=0.630 vowel=0.418-0.768 level=0.050
186	proc	166	bod	train	shiftMags=0	508.2	1.5	1.5	1.5	30	16000	3	0@0.002	0.262	0.420-0.682	-231.332	1018.43	-178	496	894.275	1141.47	666.583	2112.85	897.019	1142.21	665.81	2112.66	122.63	124.091	20.5092	-9.91817	0.0694792	8.1875	-28.3234	0							voice echo "bod" tok=c7377566b0b94f28 take=3 src=tts:gpt-audio-1.5 f0=112 onset=0.309 dur=0.540 vowel=0.309-0.639 level=0.050
187	proc	167	bad	train	shiftMags=0	510.974	1.5	1.5	1.5	30	16000	3	0@0.002	0.364	0.336-0.726	-277.469	874.724	-209	342	939.709	1773.54	693.256	2670.67	960.981	1759.13	698.213	2664.84	91.986	88.9537	-58.0328	-2.68913	0.324121	8.3125	-25.1056	0							voice echo "bad" tok=f87c088ba55beb5d take=0 src=tts:gpt-audio-1.5 f0=84 onset=0.350 dur=0.430 vowel=0.350-0.650 level=0.050
188	proc	168	booed	train	shiftMags=0	513.456	1.5	1.5	1.5	30	16000	3	0@0.002	0.336	0.352-0.688	179.187	990.25	177	452	NaN	NaN	NaN	NaN					108.421	114.651	96.7303	-12.9799	0.0554761	7.625	-27.9872	0							voice echo "booed" tok=b939e88715e9db1e take=0 src=tts:gpt-audio-1.5 f0=102 onset=0.337 dur=0.460 vowel=0.337-0.657 level=0.050
189	proc	169	bad	train	shiftMags=0	515.93	1.5	1.5	1.5	30	16000	3	0@0.002	0.318	0.430-0.766	-283.218	871.693	-213	342	971.947	1812.13	682.211	2686.47	976.036	1813.47	688.401	2692.35	89.745	89.1632	-11.2601	-3.16891	0.136104	8.3125	-28.421	0							voice echo "bad" tok=501dd06862356e7f take=2 src=tts:gpt-audio-1.5 f0=86 onset=0.336 dur=0.500 vowel=0.426-0.736 level=0.050
190	proc	170	bead	train	shiftMags=0	518.338	1.5	1.5	1.5	30	16000	3	0@0.002	0.32	0.446-0.766	233.074	619.569	240	198	282.435	2515.37	460.158	3080.19	283.418	2515.8	460.492	3080.3	97.9263	122.162	382.828	-7.94437	0.10768	7.5625	-26.9852	0							voice echo "bead" tok=1541b7e052a6b1b3 take=0 src=tts:gpt-audio-1.5 f0=98 onset=0.326 dur=0.580 vowel=0.426-0.846 level=0.050
191	proc	171	bod	train	shiftMags=0	520.598	1.5	1.5	1.5	30	16000	3	0@0.002	0.286	0.426-0.712	-208.049	1014.97	-162	491	877.498	1162.33	655.614	2127.94	887.658	1162.34	662.612	2130.49	81.2981	85.6553	90.3845	-9.2096	0.0754072	8.125	-28.28	0							voice echo "bod" tok=02fe6d4edf3f298e take=0 src=tts:gpt-audio-1.5 f0=83 onset=0.322 dur=0.540 vowel=0.402-0.692 level=0.050
192	proc	172	bod	train	shiftMags=0	523.417	1.5	1.5	1.5	30	16000	3	0@0.002	0.318	0.424-0.742	-264.893	1003.4	-201	474	938.215	1195	696.656	2110.11	940.168	1195.41	696.762	2117.12	102.644	111.346	140.884	-8.48589	0.055744	8.1875	-27.3253	0							voice echo "bod" tok=910700843b817ff5 take=1 src=tts:gpt-audio-1.5 f0=92 onset=0.352 dur=0.460 vowel=0.402-0.712 level=0.050
193	proc	173	bad	train	shiftMags=0	525.911	1.5	1.5	1.5	30	16000	3	0@0.002	0.296	0.392-0.688	-308.069	864.44	-229	336	1010.59	1827.56	721.936	2696.41	1012.47	1801.76	723.465	2708.14	118.308	104.434	-215.941	-2.80083	0.135924	8.3125	-27.8397	0							voice echo "bad" tok=dd833772bca6cde5 take=3 src=tts:gpt-audio-1.5 f0=110 onset=0.313 dur=0.480 vowel=0.353-0.633 level=0.050
194	proc	174	bead	train	shiftMags=0	528.344	1.5	1.5	1.5	30	16000	3	0@0.002	0.308	0.454-0.762	247.261	596.616	259	187	258.599	2597.86	404.926	3101.51	258.599	2597.86	404.926	3101.51	104.05	151.513	650.601	-10.939	0.0736171	7.5625	-27.2652	0							voice echo "bead" tok=6e4c8354f990c436 take=1 src=tts:gpt-audio-1.5 f0=100 onset=0.341 dur=0.570 vowel=0.431-0.731 level=0.050
195	proc	175	booed	train	shiftMags=0	530.673	1.5	1.5	1.5	30	16000	3	0@0.002	0.396	0.496-0.894	244.201	1021.79	255	502	NaN	NaN	NaN	NaN					95.9344	95.0731	-15.6143	-11.7891	0.052034	7.625	-28.4112	1	1.485+15.4ms						voice echo "booed" tok=390305f87b033965 take=1 src=tts:gpt-audio-1.5 f0=94 onset=0.312 dur=0.740 vowel=0.342-0.862 level=0.050
196	proc	176	bod	train	shiftMags=0	533.302	1.5	1.5	1.5	30	16000	3	0@0.002	0.326	0.392-0.718	-208.181	1014.6	-162	496	891.728	1118.44	666.51	2105.94	894.536	1119.62	666.373	2109.04	106.68	104.924	-28.728	-9.59214	0.0558393	8.1875	-27.6939	0							voice echo "bod" tok=fccd724314e4c1c5 take=2 src=tts:gpt-audio-1.5 f0=94 onset=0.300 dur=0.490 vowel=0.370-0.680 level=0.050
197	proc	177	bead	train	shiftMags=0	536.106	1.5	1.5	1.5	30	16000	3	0@0.002	0.29	0.462-0.752	219.914	610.701	224	193	264.125	2550.94	450.382	3051.6	264.125	2550.94	450.382	3051.6	105.282	113.707	133.284	-7.04913	0.0798299	7.5625	-29.2167	0							voice echo "bead" tok=6b84e5f1a56ad803 take=2 src=tts:gpt-audio-1.5 f0=103 onset=0.368 dur=0.490 vowel=0.368-0.728 level=0.050
198	proc	178	booed	train	shiftMags=0	539.066	1.5	1.5	1.5	30	16000	3	0@0.002	0.274	0.302-0.600	209.243	991.321	212	458	NaN	NaN	NaN	NaN					124.726	141.146	214.105	-11.6251	0.0633156	7.6875	-28.5322	0							voice echo "booed" tok=ad77a8a33e088b2a take=2 src=tts:gpt-audio-1.5 f0=106 onset=0.313 dur=0.420 vowel=0.313-0.493 level=0.050
199	proc	179	bad	train	shiftMags=0	542.016	1.5	1.5	1.5	30	16000	3	0@0.002	0.378	0.352-0.744	-276.821	875.114	-209	342	942.535	1770.38	696.355	2671.21	956.258	1762.64	699.668	2667.28	85.8746	92.0646	120.498	-2.72541	0.330203	8.3125	-25.1063	0							voice echo "bad" tok=f87c088ba55beb5d take=0 src=tts:gpt-audio-1.5 f0=84 onset=0.368 dur=0.430 vowel=0.368-0.668 level=0.050
200	proc	180	bead	train	shiftMags=0	544.278	1.5	1.5	1.5	30	16000	3	0@0.002	0.364	0.498-0.862	226.117	615.583	232	195.5	294.597	2494.58	447.197	3061.47	300.758	2507.99	455.39	3102.58	105.07	142.555	528.203	-8.22957	0.116386	7.5625	-27.0948	0							voice echo "bead" tok=a6ffb7d8c3b45ccc take=3 src=tts:gpt-audio-1.5 f0=108 onset=0.371 dur=0.630 vowel=0.481-0.831 level=0.050
201	proc	181	bod	train	shiftMags=0	547.9	1.5	1.5	1.5	30	16000	3	0@0.002	0.262	0.414-0.676	-231.531	1019.09	-178	496	890.369	1143.49	686.294	2102.82	890.728	1146.48	681.95	2100.11	132.446	133.597	14.9795	-9.64395	0.0674953	8.1875	-28.3215	0							voice echo "bod" tok=c7377566b0b94f28 take=3 src=tts:gpt-audio-1.5 f0=112 onset=0.302 dur=0.540 vowel=0.302-0.632 level=0.050
202	proc	182	booed	train	shiftMags=0	550.514	1.5	1.5	1.5	30	16000	3	0@0.002	0.31	0.420-0.730	153.707	1000.58	149	469	330.339	1352.79	451.3	2351.12	330.339	1352.79	451.3	2351.12	105.845	126.899	314.078	-13.8047	0.0534602	7.8125	-27.4942	1	0.985+15.4ms						voice echo "booed" tok=85296114975a57f8 take=3 src=tts:gpt-audio-1.5 f0=103 onset=0.313 dur=0.540 vowel=0.403-0.713 level=0.050
203	proc	183	bad	train	shiftMags=0	553.176	1.5	1.5	1.5	30	16000	3	0@0.002	0.312	0.452-0.788	-283.348	870.455	-213	342	976.069	1802.18	693.661	2690.42	980.55	1803.49	697.224	2687.95	89.5895	87.8419	-34.1041	-3.08717	0.145074	8.25	-28.4208	0							voice echo "bad" tok=501dd06862356e7f take=2 src=tts:gpt-audio-1.5 f0=86 onset=0.358 dur=0.500 vowel=0.448-0.758 level=0.050
204	proc	184	bod	train	shiftMags=0	555.746	1.5	1.5	1.5	30	16000	3	0@0.002	0.284	0.424-0.708	-207.883	1015.72	-162	491	874.892	1157.84	658.668	2108.54	876.727	1158.43	661.581	2114.79	81.9782	85.2282	67.31	-8.97549	0.08346	8.125	-28.2791	0							voice echo "bod" tok=02fe6d4edf3f298e take=0 src=tts:gpt-audio-1.5 f0=83 onset=0.319 dur=0.540 vowel=0.399-0.689 level=0.050
205	proc	185	booed	train	shiftMags=0	558.692	1.5	1.5	1.5	30	16000	3	0@0.002	0.336	0.358-0.694	179.563	990.577	177	452	NaN	NaN	NaN	NaN					109.465	108.426	-16.5004	-12.8257	0.0561771	7.625	-27.9873	0							voice echo "booed" tok=b939e88715e9db1e take=0 src=tts:gpt-audio-1.5 f0=102 onset=0.344 dur=0.460 vowel=0.344-0.664 level=0.050
206	proc	186	bad	train	shiftMags=0	561.387	1.5	1.5	1.5	30	16000	3	0@0.002	0.296	0.394-0.690	-305.214	864.115	-227	336	1010.35	1819.3	718.529	2704.19	1012.43	1810.86	719.807	2710.13	119.152	113.804	-79.5009	-2.87849	0.136589	8.3125	-27.84	0							voice echo "bad" tok=dd833772bca6cde5 take=3 src=tts:gpt-audio-1.5 f0=110 onset=0.315 dur=0.480 vowel=0.355-0.635 level=0.050
207	proc	187	bead	train	shiftMags=0	563.964	1.5	1.5	1.5	30	16000	3	0@0.002	0.32	0.468-0.788	234.335	619.844	243	198	282.667	2518.52	480.947	3075.68	282.824	2519.04	481.749	3084.78	97.9724	126.898	447.861	-8.53721	0.0995784	7.5625	-26.9848	0							voice echo "bead" tok=1541b7e052a6b1b3 take=0 src=tts:gpt-audio-1.5 f0=98 onset=0.349 dur=0.580 vowel=0.449-0.869 level=0.050
208	proc	188	bod	train	shiftMags=0	566.936	1.5	1.5	1.5	30	16000	3	0@0.002	0.318	0.360-0.678	-259.794	1003.25	-197	474	940.83	1195.97	692.479	2123.53	941.807	1196.18	694.254	2125.19	110.63	109.744	-13.9255	-8.68686	0.056061	8.1875	-27.3259	0							voice echo "bod" tok=910700843b817ff5 take=1 src=tts:gpt-audio-1.5 f0=92 onset=0.288 dur=0.460 vowel=0.338-0.648 level=0.050
209	proc	189	bead	train	shiftMags=0	569.575	1.5	1.5	1.5	30	16000	3	0@0.002	0.306	0.474-0.780	247.221	596.615	259	187	260.724	2597.68	367.177	3118.4	260.724	2597.68	367.177	3118.4	99.2444	151.586	733.298	-10.6401	0.0808527	7.5625	-27.2655	0							voice echo "bead" tok=6e4c8354f990c436 take=1 src=tts:gpt-audio-1.5 f0=100 onset=0.360 dur=0.570 vowel=0.450-0.750 level=0.050
210	proc	190	bad	train	shiftMags=0	571.831	1.5	1.5	1.5	30	16000	3	0@0.002	0.38	0.276-0.666	-276.92	874.995	-209	342	937.935	1761.93	697.525	2669.09	958.756	1759.18	702.664	2667.28	90.2059	91.6276	27.0708	-2.69119	0.344817	8.3125	-25.1052	0							voice echo "bad" tok=f87c088ba55beb5d take=0 src=tts:gpt-audio-1.5 f0=84 onset=0.292 dur=0.430 vowel=0.292-0.592 level=0.050
211	proc	191	booed	train	shiftMags=0	574.551	1.5	1.5	1.5	30	16000	3	0@0.002	0.396	0.496-0.892	244.437	1021.39	255	499	NaN	NaN	NaN	NaN					95.9602	94.5305	-25.9872	-11.3622	0.072497	7.375	-28.4115	0							voice echo "booed" tok=390305f87b033965 take=1 src=tts:gpt-audio-1.5 f0=94 onset=0.311 dur=0.740 vowel=0.341-0.861 level=0.050
212	proc	192	bad	train	shiftMags=0	577.525	1.5	1.5	1.5	30	16000	3	0@0.002	0.316	0.450-0.786	-283.273	871.882	-213	342	972.599	1811.97	694.984	2687.21	976.672	1814	697.398	2692.65	89.7297	89.4187	-6.01154	-2.98694	0.13985	8.3125	-28.4208	0							voice echo "bad" tok=501dd06862356e7f take=2 src=tts:gpt-audio-1.5 f0=86 onset=0.356 dur=0.500 vowel=0.446-0.756 level=0.050
213	proc	193	bead	train	shiftMags=0	580.265	1.5	1.5	1.5	30	16000	3	0@0.002	0.292	0.424-0.716	222.414	611.161	228	193	263.302	2546.03	456.458	3030.63	263.302	2546.03	456.458	3030.63	106.48	110.468	63.6615	-7.54801	0.0871094	7.5625	-29.2169	0							voice echo "bead" tok=6b84e5f1a56ad803 take=2 src=tts:gpt-audio-1.5 f0=103 onset=0.331 dur=0.490 vowel=0.331-0.691 level=0.050
214	proc	194	bod	train	shiftMags=0	582.665	1.5	1.5	1.5	30	16000	3	0@0.002	0.324	0.466-0.794	-208.035	1015.51	-162	496	881.956	1115.79	656.994	2078.91	884.276	1122.85	656.994	2087.62	102.319	104.216	31.804	-9.78128	0.0478471	8.1875	-27.6947	0							voice echo "bod" tok=fccd724314e4c1c5 take=2 src=tts:gpt-audio-1.5 f0=94 onset=0.374 dur=0.490 vowel=0.444-0.754 level=0.050
215	proc	195	booed	train	shiftMags=0	585.543	1.5	1.5	1.5	30	16000	3	0@0.002	0.278	0.314-0.612	209.546	993.155	212	458	NaN	NaN	NaN	NaN					125.527	142.338	217.585	-11.5111	0.0671156	7.6875	-28.5322	1	1.485+15.4ms						voice echo "booed" tok=ad77a8a33e088b2a take=2 src=tts:gpt-audio-1.5 f0=106 onset=0.325 dur=0.420 vowel=0.325-0.505 level=0.050
216	proc	196	bead	train	shiftMags=0	587.82	1.5	1.5	1.5	30	16000	3	0@0.002	0.362	0.460-0.822	225.872	613.231	232	193	295.24	2500.37	437.418	3091.92	295.24	2500.37	437.418	3091.92	105.151	141.608	515.328	-8.08622	0.114585	7.5625	-27.0943	0							voice echo "bead" tok=a6ffb7d8c3b45ccc take=3 src=tts:gpt-audio-1.5 f0=108 onset=0.333 dur=0.630 vowel=0.443-0.793 level=0.050
217	proc	197	bad	train	shiftMags=0	590.705	1.5	1.5	1.5	30	16000	3	0@0.002	0.296	0.450-0.746	-305.319	863.372	-227	336	1012.4	1824.72	719.95	2699.76	1012.43	1798.96	723.14	2699.76	118.307	103.116	-237.915	-2.81173	0.139156	8.3125	-27.8393	0							voice echo "bad" tok=dd833772bca6cde5 take=3 src=tts:gpt-audio-1.5 f0=110 onset=0.371 dur=0.480 vowel=0.411-0.691 level=0.050
218	proc	198	bod	train	shiftMags=0	593.057	1.5	1.5	1.5	30	16000	3	0@0.002	0.26	0.446-0.706	-233.368	1019.69	-179.5	496	891.846	1145.7	677.514	2099.69	891.846	1145.7	679.305	2100.64	131.333	132.14	10.6126	-9.60457	0.0829218	8.1875	-28.3225	0							voice echo "bod" tok=c7377566b0b94f28 take=3 src=tts:gpt-audio-1.5 f0=112 onset=0.334 dur=0.540 vowel=0.334-0.664 level=0.050
219	proc	199	booed	train	shiftMags=0	595.938	1.5	1.5	1.5	30	16000	3	0@0.002	0.308	0.470-0.778	150.254	1000.17	145	469	329.349	1352.81	417.622	2351.98	329.349	1352.81	417.622	2351.98	107.775	128.097	299.07	-13.1691	0.0556549	7.75	-27.4923	0							voice echo "booed" tok=85296114975a57f8 take=3 src=tts:gpt-audio-1.5 f0=103 onset=0.362 dur=0.540 vowel=0.452-0.762 level=0.050
220	proc	200	bad	train	shiftMags=0	598.321	1.5	1.5	1.5	30	16000	3	0@0.002	0.38	0.294-0.684	-276.978	874.711	-209	342	941.537	1772.1	694.119	2674.84	955.649	1762.78	696.793	2671.83	85.8616	93.9491	155.84	-2.70129	0.344334	8.3125	-25.1052	0							voice echo "bad" tok=f87c088ba55beb5d take=0 src=tts:gpt-audio-1.5 f0=84 onset=0.309 dur=0.430 vowel=0.309-0.609 level=0.050
221	proc	201	bead	train	shiftMags=0	600.681	1.5	1.5	1.5	30	16000	3	0@0.002	0.324	0.410-0.734	234.323	620.089	243	198	282.442	2520.37	467.594	3083.14	282.442	2520.37	467.594	3083.14	97.6612	286.26	1861.76	-8.24549	0.0977372	7.5625	-26.9861	0							voice echo "bead" tok=1541b7e052a6b1b3 take=0 src=tts:gpt-audio-1.5 f0=98 onset=0.290 dur=0.580 vowel=0.390-0.810 level=0.050
222	proc	202	bod	train	shiftMags=0	603.12	1.5	1.5	1.5	30	16000	3	0@0.002	0.286	0.440-0.726	-208.136	1015.17	-162	491	872.337	1159.13	655.841	2096.84	880.826	1159.59	656.469	2112.03	82.3423	99.3738	325.479	-9.42466	0.0759431	8.125	-28.2796	1	0.985+15.4ms						voice echo "bod" tok=02fe6d4edf3f298e take=0 src=tts:gpt-audio-1.5 f0=83 onset=0.336 dur=0.540 vowel=0.416-0.706 level=0.050
223	proc	203	booed	train	shiftMags=0	605.748	1.5	1.5	1.5	30	16000	3	0@0.002	0.336	0.386-0.722	179.09	990.17	177	452	NaN	NaN	NaN	NaN					107.272	110.654	53.7363	-12.5836	0.0576902	7.625	-27.9878	0							voice echo "booed" tok=b939e88715e9db1e take=0 src=tts:gpt-audio-1.5 f0=102 onset=0.370 dur=0.460 vowel=0.370-0.690 level=0.050
224	proc	204	bead	train	shiftMags=0	608.517	1.5	1.5	1.5	30	16000	3	0@0.002	0.306	0.408-0.714	247.326	596.613	259	187	259.406	2585.6	421.902	3079.18	259.406	2585.6	421.902	3079.18	108.607	151.681	578.304	-10.8707	0.0830588	7.5625	-27.2662	0							voice echo "bead" tok=6e4c8354f990c436 take=1 src=tts:gpt-audio-1.5 f0=100 onset=0.294 dur=0.570 vowel=0.384-0.684 level=0.050
225	proc	205	bad	train	shiftMags=0	611.151	1.5	1.5	1.5	30	16000	3	0@0.002	0.314	0.414-0.748	-283.349	870.513	-213	342	980.371	1798.95	699.461	2684.02	980.755	1785.23	699.933	2686.4	89.7195	87.8372	-36.7066	-3.21356	0.14569	8.3125	-28.4211	0							voice echo "bad" tok=501dd06862356e7f take=2 src=tts:gpt-audio-1.5 f0=86 onset=0.319 dur=0.500 vowel=0.409-0.719 level=0.050
226	proc	206	booed	train	shiftMags=0	613.455	1.5	1.5	1.5	30	16000	3	0@0.002	0.396	0.510-0.908	244.404	1022.33	255	502	NaN	NaN	NaN	NaN					98.175	95.4662	-48.439	-12.1697	0.054583	7.4375	-28.4109	0							voice echo "booed" tok=390305f87b033965 take=1 src=tts:gpt-audio-1.5 f0=94 onset=0.326 dur=0.740 vowel=0.356-0.876 level=0.050
227	proc	207	bod	train	shiftMags=0	616.415	1.5	1.5	1.5	30	16000	3	0@0.002	0.318	0.412-0.730	-259.81	1003.74	-197	474	940.928	1195.39	708.859	2109.52	944.68	1195.81	709.054	2114.1	107.712	110.381	42.3824	-8.8391	0.0566617	8.1875	-27.3249	0							voice echo "bod" tok=910700843b817ff5 take=1 src=tts:gpt-audio-1.5 f0=92 onset=0.340 dur=0.460 vowel=0.390-0.700 level=0.050
228	proc	208	bod	train	shiftMags=0	619.294	1.5	1.5	1.5	30	16000	3	0@0.002	0.326	0.388-0.714	-208.191	1015.8	-162	496	879.622	1118.31	670.22	2089.24	884.449	1121.39	670.22	2089.24	101.923	103.542	27.2873	-9.74763	0.0505435	8.1875	-27.696	0							voice echo "bod" tok=fccd724314e4c1c5 take=2 src=tts:gpt-audio-1.5 f0=94 onset=0.296 dur=0.490 vowel=0.366-0.676 level=0.050
229	proc	209	booed	train	shiftMags=0	621.819	1.5	1.5	1.5	30	16000	3	0@0.002	0.28	0.286-0.584	212.767	991.92	216	458	NaN	NaN	NaN	NaN					122.212	142.132	261.419	-11.735	0.0687751	7.6875	-28.5316	0							voice echo "booed" tok=ad77a8a33e088b2a take=2 src=tts:gpt-audio-1.5 f0=106 onset=0.296 dur=0.420 vowel=0.296-0.476 level=0.050
230	proc	210	bad	train	shiftMags=0	624.097	1.5	1.5	1.5	30	16000	3	0@0.002	0.296	0.414-0.710	-308.053	864.738	-229	336	1009.41	1819.26	728.008	2710.55	1012.23	1810.08	728.085	2710.77	119.004	103.068	-248.896	-2.78001	0.135039	8.3125	-27.8403	0							voice echo "bad" tok=dd833772bca6cde5 take=3 src=tts:gpt-audio-1.5 f0=110 onset=0.335 dur=0.480 vowel=0.375-0.655 level=0.050
231	proc	211	bead	train	shiftMags=0	627.654	1.5	1.5	1.5	30	16000	3	0@0.002	0.292	0.412-0.704	222.896	611.475	228	193	263.804	2550.1	457.788	3039.8	263.804	2550.1	457.788	3039.8	105.054	152.554	645.815	-7.54057	0.0873149	7.5625	-29.2179	0							voice echo "bead" tok=6b84e5f1a56ad803 take=2 src=tts:gpt-audio-1.5 f0=103 onset=0.319 dur=0.490 vowel=0.319-0.679 level=0.050
232	proc	212	bod	train	shiftMags=0	630.626	1.5	1.5	1.5	30	16000	3	0@0.002	0.264	0.448-0.712	-235.281	1019.81	-181	496	891.053	1136.41	674.419	2106.54	896.108	1137.55	675.144	2108.33	124.769	129.68	66.8413	-9.81802	0.0720654	8.1875	-28.3204	0							voice echo "bod" tok=c7377566b0b94f28 take=3 src=tts:gpt-audio-1.5 f0=112 onset=0.337 dur=0.540 vowel=0.337-0.667 level=0.050
233	proc	213	bead	train	shiftMags=0	633.592	1.5	1.5	1.5	30	16000	3	0@0.002	0.362	0.440-0.802	226.037	612.731	232	193	294.802	2498.15	434.479	3084.41	294.802	2498.15	434.479	3084.41	105.183	145.822	565.564	-8.22081	0.108274	7.5625	-27.0962	0							voice echo "bead" tok=a6ffb7d8c3b45ccc take=3 src=tts:gpt-audio-1.5 f0=108 onset=0.313 dur=0.630 vowel=0.423-0.773 level=0.050
234	proc	214	booed	train	shiftMags=0	635.968	1.5	1.5	1.5	30	16000	3	0@0.002	0.308	0.480-0.788	151.729	1000.73	147	469	330.577	1353.57	415.893	2388.26	330.577	1353.57	415.893	2388.26	107.758	126.637	279.482	-12.8844	0.0646372	7.75	-27.4952	0							voice echo "booed" tok=85296114975a57f8 take=3 src=tts:gpt-audio-1.5 f0=103 onset=0.372 dur=0.540 vowel=0.462-0.772 level=0.050
235	proc	215	bad	train	shiftMags=0	638.366	1.5	1.5	1.5	30	16000	3	0@0.002	0.374	0.352-0.742	-277.206	874.625	-209	342	944.194	1766.43	697.374	2675.75	956.139	1761.69	700.729	2673	87.3785	91.9666	88.5993	-2.7486	0.309429	8.3125	-25.1062	1	1.485+15.4ms						voice echo "bad" tok=f87c088ba55beb5d take=0 src=tts:gpt-audio-1.5 f0=84 onset=0.367 dur=0.430 vowel=0.367-0.667 level=0.050
236	proc	216	booed	train	shiftMags=0	641.349	1.5	1.5	1.5	30	16000	3	0@0.002	0.336	0.348-0.684	179.443	990.369	177	452	NaN	NaN	NaN	NaN					108.445	112.995	71.1566	-12.8164	0.05698	7.625	-27.9873	0							voice echo "booed" tok=b939e88715e9db1e take=0 src=tts:gpt-audio-1.5 f0=102 onset=0.333 dur=0.460 vowel=0.333-0.653 level=0.050
237	proc	217	bead	train	shiftMags=0	643.853	1.5	1.5	1.5	30	16000	3	0@0.002	0.32	0.418-0.738	232.895	620.097	240	198	282.247	2517.3	458.383	3073.01	282.572	2519.49	466.17	3084.17	98.8836	239.131	1528.8	-8.3287	0.106616	7.5625	-26.9848	0							voice echo "bead" tok=1541b7e052a6b1b3 take=0 src=tts:gpt-audio-1.5 f0=98 onset=0.298 dur=0.580 vowel=0.398-0.818 level=0.050
238	proc	218	bod	train	shiftMags=0	646.625	1.5	1.5	1.5	30	16000	3	0@0.002	0.286	0.392-0.678	-208.074	1014.41	-162	491	874.134	1160.89	658.679	2098.12	877.914	1161.38	658.991	2112.35	85.6435	81.6626	-82.4009	-8.84996	0.082433	8.125	-28.2791	0							voice echo "bod" tok=02fe6d4edf3f298e take=0 src=tts:gpt-audio-1.5 f0=83 onset=0.287 dur=0.540 vowel=0.367-0.657 level=0.050
239	proc	219	bad	train	shiftMags=0	649.572	1.5	1.5	1.5	30	16000	3	0@0.002	0.318	0.386-0.722	-283.159	870.77	-213	342	977.942	1793.4	698.628	2688.97	978.037	1768.92	699.058	2688.97	89.4209	91.0223	30.7299	-3.26449	0.133216	8.3125	-28.4208	0							voice echo "bad" tok=501dd06862356e7f take=2 src=tts:gpt-audio-1.5 f0=86 onset=0.292 dur=0.500 vowel=0.382-0.692 level=0.050
240	proc	220	booed	train	shiftMags=0	652.441	1.5	1.5	1.5	30	16000	3	0@0.002	0.396	0.528-0.924	244.158	1021.52	255	496	NaN	NaN	NaN	NaN					96.372	94.6899	-30.4834	-11.5773	0.0584338	7.5625	-28.4115	0							voice echo "booed" tok=390305f87b033965 take=1 src=tts:gpt-audio-1.5 f0=94 onset=0.343 dur=0.740 vowel=0.373-0.893 level=0.050
241	proc	221	bad	train	shiftMags=0	655.294	1.5	1.5	1.5	30	16000	3	0@0.002	0.296	0.418-0.714	-308.183	863.941	-229	336	1013.14	1822.73	727.997	2685.23	1013.48	1795	728.855	2685.23	118.214	115.356	-42.3801	-2.83073	0.136956	8.3125	-27.839	0							voice echo "bad" tok=dd833772bca6cde5 take=3 src=tts:gpt-audio-1.5 f0=110 onset=0.339 dur=0.480 vowel=0.379-0.659 level=0.050
242	proc	222	bead	train	shiftMags=0	658.004	1.5	1.5	1.5	30	16000	3	0@0.002	0.306	0.406-0.712	247.242	596.708	259	187	257.943	2598.39	362.979	3081.29	257.943	2598.39	362.979	3081.29	101.194	150.736	689.877	-10.9789	0.0696311	7.5625	-27.2658	1	0.985+15.4ms						voice echo "bead" tok=6e4c8354f990c436 take=1 src=tts:gpt-audio-1.5 f0=100 onset=0.292 dur=0.570 vowel=0.382-0.682 level=0.050
243	proc	223	bod	train	shiftMags=0	660.859	1.5	1.5	1.5	30	16000	3	0@0.002	0.318	0.422-0.740	-259.655	1003.72	-197	474	939.659	1194.74	700.115	2118.82	944.352	1195.06	703.395	2126.37	107.234	106.691	-8.79158	-8.72199	0.0616367	8.1875	-27.3248	0							voice echo "bod" tok=910700843b817ff5 take=1 src=tts:gpt-audio-1.5 f0=92 onset=0.351 dur=0.460 vowel=0.401-0.711 level=0.050
244	proc	224	bead	train	shiftMags=0	663.286	1.5	1.5	1.5	30	16000	3	0@0.002	0.29	0.404-0.694	222.642	611.085	228	193	264.669	2549.15	457.131	3037.98	264.669	2549.15	457.131	3037.98	104.785	111.335	104.978	-7.03666	0.0900494	7.5625	-29.217	0							voice echo "bead" tok=6b84e5f1a56ad803 take=2 src=tts:gpt-audio-1.5 f0=103 onset=0.310 dur=0.490 vowel=0.310-0.670 level=0.050
245	proc	225	bod	train	shiftMags=0	666.214	1.5	1.5	1.5	30	16000	3	0@0.002	0.32	0.426-0.752	-208.244	1015.43	-162	496	882.812	1115.36	676.699	2079.74	886.059	1119.82	676.699	2092.73	100.643	100.656	0.226887	-9.51072	0.0626047	8.1875	-27.696	0							voice echo "bod" tok=fccd724314e4c1c5 take=2 src=tts:gpt-audio-1.5 f0=94 onset=0.333 dur=0.490 vowel=0.403-0.713 level=0.050
246	proc	226	bad	train	shiftMags=0	668.624	1.5	1.5	1.5	30	16000	3	0@0.002	0.368	0.284-0.674	-277.29	875.566	-209	342	940.421	1773.13	699.525	2670.69	954.521	1762.53	702.671	2667.73	88.3348	91.7183	65.0716	-2.69115	0.349476	8.3125	-25.1052	0							voice echo "bad" tok=f87c088ba55beb5d take=0 src=tts:gpt-audio-1.5 f0=84 onset=0.300 dur=0.430 vowel=0.300-0.600 level=0.050
247	proc	227	booed	train	shiftMags=0	670.966	1.5	1.5	1.5	30	16000	3	0@0.002	0.278	0.344-0.642	212.772	992.709	216	458	NaN	NaN	NaN	NaN					125.451	140.752	199.242	-11.3185	0.0728657	7.8125	-28.5315	0							voice echo "booed" tok=ad77a8a33e088b2a take=2 src=tts:gpt-audio-1.5 f0=106 onset=0.355 dur=0.420 vowel=0.355-0.535 level=0.050
248	proc	228	bad	train	shiftMags=0	673.793	1.5	1.5	1.5	30	16000	3	0@0.002	0.32	0.430-0.766	-283.012	871.8	-213	342	972.04	1811.95	694.038	2687.99	976.068	1813.86	695.877	2695.6	89.73	87.0957	-51.5854	-3.08965	0.140369	8.3125	-28.4207	0							voice echo "bad" tok=501dd06862356e7f take=2 src=tts:gpt-audio-1.5 f0=86 onset=0.336 dur=0.500 vowel=0.426-0.736 level=0.050
249	proc	229	booed	train	shiftMags=0	676.787	1.5	1.5	1.5	30	16000	3	0@0.002	0.308	0.438-0.746	149.924	1000.27	145	469	330.145	1351.76	463.959	2361.56	330.145	1351.76	463.959	2361.56	108.544	133.603	359.613	-13.2677	0.0564155	7.8125	-27.494	0							voice echo "booed" tok=85296114975a57f8 take=3 src=tts:gpt-audio-1.5 f0=103 onset=0.330 dur=0.540 vowel=0.420-0.730 level=0.050
250	proc	230	bead	train	shiftMags=0	679.606	1.5	1.5	1.5	30	16000	3	0@0.002	0.364	0.424-0.788	225.994	615.823	232	195.5	293.852	2499.79	436.828	3061.27	293.852	2499.79	436.828	3061.27	104.77	137.872	475.329	-8.22665	0.10545	7.5625	-27.095	0							voice echo "bead" tok=a6ffb7d8c3b45ccc take=3 src=tts:gpt-audio-1.5 f0=108 onset=0.298 dur=0.630 vowel=0.408-0.758 level=0.050
251	proc	231	bod	train	shiftMags=0	682.324	1.5	1.5	1.5	30	16000	3	0@0.002	0.26	0.460-0.720	-233.39	1019.24	-179.5	496	887.302	1135.69	679.426	2092.54	893.501	1140.63	681.423	2100.85	122.387	127.185	66.57	-9.54815	0.079451	8.1875	-28.3213	0							voice echo "bod" tok=c7377566b0b94f28 take=3 src=tts:gpt-audio-1.5 f0=112 onset=0.348 dur=0.540 vowel=0.348-0.678 level=0.050
252	proc	232	booed	train	shiftMags=0	684.64	1.5	1.5	1.5	30	16000	3	0@0.002	0.338	0.370-0.708	182.802	990.223	181	452	NaN	NaN	NaN	NaN					108.882	110.561	26.5037	-12.8513	0.0429415	7.5625	-27.9874	0							voice echo "booed" tok=b939e88715e9db1e take=0 src=tts:gpt-audio-1.5 f0=102 onset=0.356 dur=0.460 vowel=0.356-0.676 level=0.050
253	proc	233	bod	train	shiftMags=0	687.287	1.5	1.5	1.5	30	16000	3	0@0.002	0.288	0.454-0.742	-207.781	1014.28	-162	491	876.378	1161.26	658.724	2117.97	881.797	1161.72	660.025	2124.45	82.036	92.7615	212.723	-9.31329	0.0821328	8.125	-28.28	0							voice echo "bod" tok=02fe6d4edf3f298e take=0 src=tts:gpt-audio-1.5 f0=83 onset=0.351 dur=0.540 vowel=0.431-0.721 level=0.050
254	proc	234	bad	train	shiftMags=0	689.67	1.5	1.5	1.5	30	16000	3	0@0.002	0.296	0.404-0.700	-305.111	864.545	-227	336	1008.04	1828.85	716.044	2700.5	1012.15	1806.67	726.09	2709.87	118.384	101.824	-260.876	-2.78936	0.133935	8.3125	-27.8396	0							voice echo "bad" tok=dd833772bca6cde5 take=3 src=tts:gpt-audio-1.5 f0=110 onset=0.324 dur=0.480 vowel=0.364-0.644 level=0.050
255	proc	235	bead	train	shiftMags=0	692.326	1.5	1.5	1.5	30	16000	3	0@0.002	0.318	0.440-0.758	234.409	619.722	243	198	282.793	2518	470.262	3080.29	282.793	2518	470.262	3080.29	98.1909	122.139	377.841	-7.95491	0.107518	7.5625	-26.9852	1	1.485+15.4ms						voice echo "bead" tok=1541b7e052a6b1b3 take=0 src=tts:gpt-audio-1.5 f0=98 onset=0.320 dur=0.580 vowel=0.420-0.840 level=0.050
256	proc	236	booed	train	shiftMags=0	694.883	1.5	1.5	1.5	30	16000	3	0@0.002	0.396	0.518-0.916	244.145	1021.51	255	499	NaN	NaN	NaN	NaN					97.4164	96.8091	-10.8264	-12.0682	0.050069	7.5	-28.4108	0							voice echo "booed" tok=390305f87b033965 take=1 src=tts:gpt-audio-1.5 f0=94 onset=0.334 dur=0.740 vowel=0.364-0.884 level=0.050
257	proc	237	bad	train	shiftMags=0	697.239	1.5	1.5	1.5	30	16000	3	0@0.002	0.376	0.316-0.706	-277.01	875.044	-209	342	939.241	1772.38	696.23	2668.9	960.085	1758.8	698.441	2665.77	87.6656	91.4645	73.4426	-2.73243	0.321152	8.3125	-25.1063	0							voice echo "bad" tok=f87c088ba55beb5d take=0 src=tts:gpt-audio-1.5 f0=84 onset=0.331 dur=0.430 vowel=0.331-0.631 level=0.050
258	proc	238	bead	train	shiftMags=0	699.897	1.5	1.5	1.5	30	16000	3	0@0.002	0.308	0.410-0.718	247.489	596.788	259	187	261.219	2602.28	378.062	3073.75	261.219	2602.28	378.062	3073.75	102.782	150.921	665.044	-10.8266	0.0758808	7.5625	-27.2655	0							voice echo "bead" tok=6e4c8354f990c436 take=1 src=tts:gpt-audio-1.5 f0=100 onset=0.297 dur=0.570 vowel=0.387-0.687 level=0.050
259	proc	239	bod	train	shiftMags=0	702.74	1.5	1.5	1.5	30	16000	3	0@0.002	0.318	0.392-0.710	-264.722	1003.59	-201	474	942.503	1195.2	703.355	2126.1	948.406	1196	705.787	2133.4	108.591	112.443	60.342	-8.65302	0.0603129	8.1875	-27.3249	0							voice echo "bod" tok=910700843b817ff5 take=1 src=tts:gpt-audio-1.5 f0=92 onset=0.320 dur=0.460 vowel=0.370-0.680 level=0.050
260	proc	240	bod	train	shiftMags=0	705.526	1.5	1.5	1.5	30	16000	3	0@0.002	0.326	0.386-0.712	-208.147	1014.54	-162	496	881.194	1114.62	666.031	2095.59	884.179	1119.09	662.302	2095.59	101.58	102.642	18.0044	-9.41011	0.0719169	8.25	-27.6954	0							voice echo "bod" tok=fccd724314e4c1c5 take=2 src=tts:gpt-audio-1.5 f0=94 onset=0.293 dur=0.490 vowel=0.363-0.673 level=0.050
261	proc	241	bead	train	shiftMags=0	708.881	1.5	1.5	1.5	30	16000	3	0@0.002	0.29	0.386-0.676	223.346	611.537	228	193	264.903	2543.61	473.463	3031.74	265.381	2546.62	476.238	3046.14	105.236	111.416	98.7941	-7.08182	0.0811289	7.5625	-29.2183	0							voice echo "bead" tok=6b84e5f1a56ad803 take=2 src=tts:gpt-audio-1.5 f0=103 onset=0.292 dur=0.490 vowel=0.292-0.652 level=0.050
262	proc	242	bad	train	shiftMags=0	711.834	1.5	1.5	1.5	30	16000	3	0@0.002	0.324	0.396-0.732	-277.846	871.879	-209	342	976.223	1792.16	693.338	2693.89	976.94	1770.68	696.863	2693.89	89.3259	92.0551	52.1026	-3.22583	0.146194	8.3125	-28.4209	1	0.985+15.4ms						voice echo "bad" tok=501dd06862356e7f take=2 src=tts:gpt-audio-1.5 f0=86 onset=0.302 dur=0.500 vowel=0.392-0.702 level=0.050
263	proc	243	booed	train	shiftMags=0	714.783	1.5	1.5	1.5	30	16000	3	0@0.002	0.278	0.362-0.658	209.559	991.862	212	458	NaN	NaN	NaN	NaN					128.202	141.937	176.195	-11.1566	0.072771	7.6875	-28.5314	0							voice echo "booed" tok=ad77a8a33e088b2a take=2 src=tts:gpt-audio-1.5 f0=106 onset=0.372 dur=0.420 vowel=0.372-0.552 level=0.050
264	proc	244	booed	train	shiftMags=0	717.302	1.5	1.5	1.5	30	16000	3	0@0.002	0.308	0.404-0.712	153.587	1001.59	149	469	334.626	1355.12	432.231	2369.03	334.626	1355.12	432.231	2369.03	106.28	130.835	359.854	-13.1891	0.0589023	7.75	-27.4916	0							voice echo "booed" tok=85296114975a57f8 take=3 src=tts:gpt-audio-1.5 f0=103 onset=0.296 dur=0.540 vowel=0.386-0.696 level=0.050
265	proc	245	bod	train	shiftMags=0	720.285	1.5	1.5	1.5	30	16000	3	0@0.002	0.262	0.398-0.662	-235.406	1019	-181	496	887.335	1143.85	680.301	2107.92	894.198	1143.85	691.222	2108.84	131.451	128.751	-35.9277	-9.13652	0.0752891	8.1875	-28.3208	0							voice echo "bod" tok=c7377566b0b94f28 take=3 src=tts:gpt-audio-1.5 f0=112 onset=0.286 dur=0.540 vowel=0.286-0.616 level=0.050
266	proc	246	bead	train	shiftMags=0	722.678	1.5	1.5	1.5	30	16000	3	0@0.002	0.362	0.500-0.862	226.159	617.954	232	198	296.763	2500.87	437.092	3091.36	296.763	2500.87	437.092	3091.36	105.156	129.322	358.134	-8.09628	0.117546	7.5625	-27.0956	0							voice echo "bead" tok=a6ffb7d8c3b45ccc take=3 src=tts:gpt-audio-1.5 f0=108 onset=0.372 dur=0.630 vowel=0.482-0.832 level=0.050
267	proc	247	bad	train	shiftMags=0	725.228	1.5	1.5	1.5	30	16000	3	0@0.002	0.296	0.370-0.666	-308.037	864.774	-229	336	1013.01	1824.13	722.127	2699.41	1013.49	1797.45	723.707	2699.41	118.313	100.703	-279.003	-2.84074	0.13461	8.3125	-27.8393	0							voice echo "bad" tok=dd833772bca6cde5 take=3 src=tts:gpt-audio-1.5 f0=110 onset=0.291 dur=0.480 vowel=0.331-0.611 level=0.050
268	proc	248	bead	train	shiftMags=0	728.109	1.5	1.5	1.5	30	16000	3	0@0.002	0.324	0.412-0.736	234.394	620.149	243	198	281.373	2523.84	479.337	3083.72	281.373	2523.84	479.337	3083.72	96.475	176.051	1041.32	-8.41868	0.104726	7.5625	-26.985	0							voice echo "bead" tok=1541b7e052a6b1b3 take=0 src=tts:gpt-audio-1.5 f0=98 onset=0.293 dur=0.580 vowel=0.393-0.813 level=0.050
269	proc	249	bad	train	shiftMags=0	730.423	1.5	1.5	1.5	30	16000	3	0@0.002	0.376	0.336-0.726	-277.128	875.053	-209	342	938.151	1775.06	691.161	2671.74	958.947	1759.29	692.779	2666.56	91.1277	90.2047	-17.6245	-2.66141	0.346925	8.3125	-25.1066	0							voice echo "bad" tok=f87c088ba55beb5d take=0 src=tts:gpt-audio-1.5 f0=84 onset=0.351 dur=0.430 vowel=0.351-0.651 level=0.050
270	proc	250	booed	train	shiftMags=0	732.969	1.5	1.5	1.5	30	16000	3	0@0.002	0.338	0.350-0.688	182.301	989.225	181	452	NaN	NaN	NaN	NaN					108.258	114.205	92.5798	-13.0028	0.0541294	7.5625	-27.9876	0							voice echo "booed" tok=b939e88715e9db1e take=0 src=tts:gpt-audio-1.5 f0=102 onset=0.336 dur=0.460 vowel=0.336-0.656 level=0.050
271	proc	251	bod	train	shiftMags=0	735.226	1.5	1.5	1.5	30	16000	3	0@0.002	0.286	0.420-0.706	-207.982	1015.91	-162	491	871.273	1160.55	646.039	2101.03	879.601	1161.98	648.407	2115.18	81.9688	98.5001	318.06	-9.31649	0.074755	8.125	-28.2799	0							voice echo "bod" tok=02fe6d4edf3f298e take=0 src=tts:gpt-audio-1.5 f0=83 onset=0.316 dur=0.540 vowel=0.396-0.686 level=0.050
272	proc	252	booed	train	shiftMags=0	737.635	1.5	1.5	1.5	30	16000	3	0@0.002	0.396	0.490-0.886	244.64	1022.05	255	499	NaN	NaN	NaN	NaN					98.1649	93.648	-81.5512	-11.9009	0.0555467	7.625	-28.4112	0							voice echo "booed" tok=390305f87b033965 take=1 src=tts:gpt-audio-1.5 f0=94 onset=0.305 dur=0.740 vowel=0.335-0.855 level=0.050
273	proc	253	bod	train	shiftMags=0	740.152	1.5	1.5	1.5	30	16000	3	0@0.002	0.32	0.434-0.754	-259.678	1002.7	-197	474	937.565	1194.36	696.714	2113.95	937.565	1194.36	696.714	2113.95	104.09	111.741	122.798	-8.57426	0.052837	8.1875	-27.3255	0							voice echo "bod" tok=910700843b817ff5 take=1 src=tts:gpt-audio-1.5 f0=92 onset=0.363 dur=0.460 vowel=0.413-0.723 level=0.050
274	proc	254	bead	train	shiftMags=0	743.028	1.5	1.5	1.5	30	16000	3	0@0.002	0.306	0.410-0.716	247.354	596.688	259	187	257.212	2599.77	380.494	3075.91	257.212	2599.77	380.494	3075.91	105.903	151.823	623.577	-10.62	0.0762963	7.5625	-27.2654	0							voice echo "bead" tok=6e4c8354f990c436 take=1 src=tts:gpt-audio-1.5 f0=100 onset=0.296 dur=0.570 vowel=0.386-0.686 level=0.050
275	proc	255	bad	train	shiftMags=0	745.747	1.5	1.5	1.5	30	16000	3	0@0.002	0.322	0.438-0.774	-282.931	871.742	-213	342	975.091	1825.42	703.188	2695.26	976.727	1802.57	705.129	2697.47	85.7406	92.9036	138.908	-3.1113	0.145145	8.3125	-28.4206	1	1.485+15.4ms						voice echo "bad" tok=501dd06862356e7f take=2 src=tts:gpt-audio-1.5 f0=86 onset=0.344 dur=0.500 vowel=0.434-0.744 level=0.050
276	proc	256	bod	train	shiftMags=0	748.068	1.5	1.5	1.5	30	16000	3	0@0.002	0.32	0.400-0.726	-210.677	1015.2	-164	496	884.733	1120.16	678.19	2088.67	886.026	1121.58	677.627	2093.72	104.611	102.667	-32.488	-9.55019	0.0666383	8.25	-27.6955	0							voice echo "bod" tok=fccd724314e4c1c5 take=2 src=tts:gpt-audio-1.5 f0=94 onset=0.307 dur=0.490 vowel=0.377-0.687 level=0.050
277	proc	257	bead	train	shiftMags=0	750.915	1.5	1.5	1.5	30	16000	3	0@0.002	0.292	0.398-0.690	222.44	611.12	228	193	260.453	2532.41	462.075	3021.97	262.666	2541.08	466.439	3044.3	105.065	110.221	82.9437	-7.57882	0.082787	7.5625	-29.2176	0							voice echo "bead" tok=6b84e5f1a56ad803 take=2 src=tts:gpt-audio-1.5 f0=103 onset=0.305 dur=0.490 vowel=0.305-0.665 level=0.050
278	proc	258	booed	train	shiftMags=0	753.734	1.5	1.5	1.5	30	16000	3	0@0.002	0.28	0.280-0.578	209.355	992.41	212	458	NaN	NaN	NaN	NaN					122.796	141.462	244.973	-11.5894	0.0722879	7.6875	-28.5316	0							voice echo "booed" tok=ad77a8a33e088b2a take=2 src=tts:gpt-audio-1.5 f0=106 onset=0.290 dur=0.420 vowel=0.290-0.470 level=0.050
279	proc	259	bad	train	shiftMags=0	756.214	1.5	1.5	1.5	30	16000	3	0@0.002	0.296	0.430-0.726	-308.149	864.628	-229	336	1012.87	1823.91	721.449	2702.14	1013.15	1797.66	723.629	2702.14	118.315	109.749	-130.111	-2.81126	0.136191	8.3125	-27.8395	0							voice echo "bad" tok=dd833772bca6cde5 take=3 src=tts:gpt-audio-1.5 f0=110 onset=0.351 dur=0.480 vowel=0.391-0.671 level=0.050
280	proc	260	bead	train	shiftMags=0	758.594	1.5	1.5	1.5	30	16000	3	0@0.002	0.362	0.492-0.854	226.2	613.049	232	193	291.646	2490.46	460.848	3062.06	291.646	2490.46	460.848	3062.06	102.714	142.025	561.014	-8.11545	0.109514	7.625	-27.0954	0							voice echo "bead" tok=a6ffb7d8c3b45ccc take=3 src=tts:gpt-audio-1.5 f0=108 onset=0.365 dur=0.630 vowel=0.475-0.825 level=0.050
281	proc	261	bad	train	shiftMags=0	761.396	1.5	1.5	1.5	30	16000	3	0@0.002	0.364	0.290-0.680	-277.419	874.635	-209	342	946.794	1763	696.692	2670.36	957.57	1760.83	698.327	2665.66	85.2003	88.8888	73.3735	-2.71126	0.343337	8.3125	-25.1053	0							voice echo "bad" tok=f87c088ba55beb5d take=0 src=tts:gpt-audio-1.5 f0=84 onset=0.305 dur=0.430 vowel=0.305-0.605 level=0.050
282	proc	262	bod	train	shiftMags=0	764.349	1.5	1.5	1.5	30	16000	3	0@0.002	0.26	0.402-0.662	-235.428	1018.37	-181	496	888.677	1137.98	671.294	2100.87	893.291	1139.85	672.755	2101.99	122.716	131.825	123.964	-9.71799	0.0763954	8.1875	-28.32	1	0.985+15.4ms						voice echo "bod" tok=c7377566b0b94f28 take=3 src=tts:gpt-audio-1.5 f0=112 onset=0.290 dur=0.540 vowel=0.290-0.620 level=0.050
283	proc	263	booed	train	shiftMags=0	766.763	1.5	1.5	1.5	30	16000	3	0@0.002	0.308	0.422-0.730	153.883	999.975	149	466	331.494	1354.2	463.074	2354.23	331.494	1354.2	463.074	2354.23	107.879	130.853	334.24	-13.8799	0.0543656	7.6875	-27.4948	0							voice echo "booed" tok=85296114975a57f8 take=3 src=tts:gpt-audio-1.5 f0=103 onset=0.314 dur=0.540 vowel=0.404-0.714 level=0.050
284	proc	264	bead	train	shiftMags=0	769.261	1.5	1.5	1.5	30	16000	3	0@0.002	0.318	0.450-0.768	233.087	619.848	240	198	283.037	2518.53	470.903	3080.76	283.037	2518.53	470.903	3080.76	97.7494	303.998	1964.28	-7.92974	0.105241	7.5625	-26.985	0							voice echo "bead" tok=1541b7e052a6b1b3 take=0 src=tts:gpt-audio-1.5 f0=98 onset=0.330 dur=0.580 vowel=0.430-0.850 level=0.050
285	proc	265	bod	train	shiftMags=0	771.76	1.5	1.5	1.5	30	16000	3	0@0.002	0.286	0.412-0.698	-207.941	1014.62	-162	491	876	1160.48	663.403	2097.76	877.405	1160.58	663.423	2115.88	81.8689	81.8206	-1.02147	-9.25717	0.0781622	8.125	-28.2793	0							voice echo "bod" tok=02fe6d4edf3f298e take=0 src=tts:gpt-audio-1.5 f0=83 onset=0.308 dur=0.540 vowel=0.388-0.678 level=0.050
286	proc	266	booed	train	shiftMags=0	774.735	1.5	1.5	1.5	30	16000	3	0@0.002	0.336	0.330-0.666	175.836	989.511	173	452	NaN	NaN	NaN	NaN					108.637	115.013	98.7432	-13.2097	0.0487906	7.5625	-27.987	0							voice echo "booed" tok=b939e88715e9db1e take=0 src=tts:gpt-audio-1.5 f0=102 onset=0.315 dur=0.460 vowel=0.315-0.635 level=0.050
287	proc	267	bad	train	shiftMags=0	777.023	1.5	1.5	1.5	30	16000	3	0@0.002	0.318	0.420-0.756	-283.023	870.431	-213	342	972.794	1817	698.756	2688.32	976.036	1808.22	701.034	2694.71	90.1871	88.494	-32.8107	-3.11854	0.143607	8.3125	-28.4202	0							voice echo "bad" tok=501dd06862356e7f take=2 src=tts:gpt-audio-1.5 f0=86 onset=0.325 dur=0.500 vowel=0.415-0.725 level=0.050
288	proc	268	bead	train	shiftMags=0	779.287	1.5	1.5	1.5	30	16000	3	0@0.002	0.306	0.476-0.782	247.212	597.042	259	187	257.751	2596.04	398.358	3094.23	257.751	2596.04	398.358	3094.23	100.16	152.736	730.483	-10.4316	0.0763552	7.5625	-27.2662	0							voice echo "bead" tok=6e4c8354f990c436 take=1 src=tts:gpt-audio-1.5 f0=100 onset=0.361 dur=0.570 vowel=0.451-0.751 level=0.050
289	proc	269	bad	train	shiftMags=0	781.674	1.5	1.5	1.5	30	16000	3	0@0.002	0.296	0.416-0.712	-308.252	864.932	-229	336	1009.31	1824.5	723.524	2712.23	1012.63	1816.71	723.671	2714.87	118.457	106.64	-181.934	-2.81467	0.144641	8.3125	-27.8391	0							voice echo "bad" tok=dd833772bca6cde5 take=3 src=tts:gpt-audio-1.5 f0=110 onset=0.337 dur=0.480 vowel=0.377-0.657 level=0.050
290	proc	270	bod	train	shiftMags=0	784.271	1.5	1.5	1.5	30	16000	3	0@0.002	0.318	0.434-0.752	-264.738	1002.91	-201	474	934.726	1194.55	702.211	2118.91	934.739	1195.14	703.496	2128.9	102.594	106.635	66.8786	-8.79862	0.054085	8.1875	-27.3251	0							voice echo "bod" tok=910700843b817ff5 take=1 src=tts:gpt-audio-1.5 f0=92 onset=0.362 dur=0.460 vowel=0.412-0.722 level=0.050
291	proc	271	booed	train	shiftMags=0	788.245	1.5	1.5	1.5	30	16000	3	0@0.002	0.396	0.520-0.918	244.412	1021.52	255	502	NaN	NaN	NaN	NaN					98.3871	95.8285	-45.6177	-12.0443	0.0427851	7.4375	-28.4111	0							voice echo "booed" tok=390305f87b033965 take=1 src=tts:gpt-audio-1.5 f0=94 onset=0.337 dur=0.740 vowel=0.367-0.887 level=0.050
292	proc	272	bod	train	shiftMags=0	790.523	1.5	1.5	1.5	30	16000	3	0@0.002	0.328	0.414-0.742	-210.635	1015.12	-164	496	881.063	1114.99	672.005	2110.38	883.912	1115.16	671.1	2109.89	100.951	102.178	20.9109	-9.60839	0.0554582	8.25	-27.6975	0							voice echo "bod" tok=fccd724314e4c1c5 take=2 src=tts:gpt-audio-1.5 f0=94 onset=0.322 dur=0.490 vowel=0.392-0.702 level=0.050
293	proc	273	booed	train	shiftMags=0	793.371	1.5	1.5	1.5	30	16000	3	0@0.002	0.28	0.302-0.600	209.576	991.077	212	458	NaN	NaN	NaN	NaN					123.281	141.36	236.917	-11.358	0.0698304	7.6875	-28.5323	0							voice echo "booed" tok=ad77a8a33e088b2a take=2 src=tts:gpt-audio-1.5 f0=106 onset=0.312 dur=0.420 vowel=0.312-0.492 level=0.050
294	proc	274	bead	train	shiftMags=0	796.015	1.5	1.5	1.5	30	16000	3	0@0.002	0.292	0.458-0.750	222.748	609.75	228	193	261.584	2540.29	470.86	3038	261.584	2540.29	470.86	3038	105.694	113.451	122.604	-7.49787	0.0796557	7.5625	-29.2177	0							voice echo "bead" tok=6b84e5f1a56ad803 take=2 src=tts:gpt-audio-1.5 f0=103 onset=0.365 dur=0.490 vowel=0.365-0.725 level=0.050
295	proc	275	bad	train	shiftMags=0	798.932	1.5	1.5	1.5	30	16000	3	0@0.002	0.382	0.278-0.668	-276.952	872.578	-209	342	948.973	1761.36	698.601	2670.53	959.719	1760.31	703.678	2664.44	88.6108	93.5998	94.8272	-2.66275	0.326461	8.3125	-25.1062	1	1.485+15.4ms						voice echo "bad" tok=f87c088ba55beb5d take=0 src=tts:gpt-audio-1.5 f0=84 onset=0.294 dur=0.430 vowel=0.294-0.594 level=0.050
296	proc	276	bad	train	shiftMags=0	801.905	1.5	1.5	1.5	30	16000	3	0@0.002	0.326	0.422-0.758	-277.373	871.674	-209	342	975.955	1802.24	697.827	2692.98	980.777	1800.71	698.595	2690.14	90.039	91.827	34.0432	-3.26358	0.134572	8.3125	-28.421	0							voice echo "bad" tok=501dd06862356e7f take=2 src=tts:gpt-audio-1.5 f0=86 onset=0.328 dur=0.500 vowel=0.418-0.728 level=0.050
297	proc	277	bead	train	shiftMags=0	804.694	1.5	1.5	1.5	30	16000	3	0@0.002	0.364	0.452-0.816	226.171	615.64	232	195.5	291.405	2493.33	446.005	3065.68	291.405	2493.33	446.005	3065.68	102.549	131.365	428.728	-8.14982	0.107775	7.5625	-27.0958	0							voice echo "bead" tok=a6ffb7d8c3b45ccc take=3 src=tts:gpt-audio-1.5 f0=108 onset=0.325 dur=0.630 vowel=0.435-0.785 level=0.050
298	proc	278	booed	train	shiftMags=0	807.131	1.5	1.5	1.5	30	16000	3	0@0.002	0.31	0.478-0.788	153.44	1000.35	149	469	329.967	1351.98	454.234	2373.83	329.967	1351.98	454.234	2373.83	108.729	127.931	281.566	-13.716	0.0533393	7.75	-27.4939	0							voice echo "booed" tok=85296114975a57f8 take=3 src=tts:gpt-audio-1.5 f0=103 onset=0.371 dur=0.540 vowel=0.461-0.771 level=0.050
299	proc	279	bod	train	shiftMags=0	810.064	1.5	1.5	1.5	30	16000	3	0@0.002	0.26	0.426-0.686	-235.465	1017.95	-181	496	890.556	1148.32	685.771	2101.52	890.556	1148.32	685.771	2101.52	131.335	133.799	32.1836	-9.5257	0.0817187	8.1875	-28.3188	0							voice echo "bod" tok=c7377566b0b94f28 take=3 src=tts:gpt-audio-1.5 f0=112 onset=0.314 dur=0.540 vowel=0.314-0.644 level=0.050
300	proc	280	booed	train	shiftMags=0	812.323	1.5	1.5	1.5	30	16000	3	0@0.002	0.336	0.332-0.668	175.486	990.308	173	452	NaN	NaN	NaN	NaN					108.423	118.174	149.095	-12.8195	0.059371	7.625	-27.9873	0							voice echo "booed" tok=b939e88715e9db1e take=0 src=tts:gpt-audio-1.5 f0=102 onset=0.317 dur=0.460 vowel=0.317-0.637 level=0.050
301	proc	281	bad	train	shiftMags=0	815.314	1.5	1.5	1.5	30	16000	3	0@0.002	0.296	0.440-0.736	-308.167	863.661	-229	336	1013.22	1823.1	721.802	2689.6	1013.95	1796.54	727.987	2689.6	118.137	104.579	-211.038	-2.82865	0.145861	8.3125	-27.8393	0							voice echo "bad" tok=dd833772bca6cde5 take=3 src=tts:gpt-audio-1.5 f0=110 onset=0.360 dur=0.480 vowel=0.400-0.680 level=0.050
302	proc	282	bead	train	shiftMags=0	817.874	1.5	1.5	1.5	30	16000	3	0@0.002	0.32	0.480-0.800	234.346	620.057	243	198	282.326	2520.24	459.63	3079.09	282.326	2520.24	459.63	3079.09	96.3983	133.924	569.197	-8.21207	0.103565	7.5625	-26.986	1	0.988+6.4ms						voice echo "bead" tok=1541b7e052a6b1b3 take=0 src=tts:gpt-audio-1.5 f0=98 onset=0.360 dur=0.580 vowel=0.460-0.880 level=0.050
303	proc	283	bod	train	shiftMags=0	820.326	1.5	1.5	1.5	30	16000	3	0@0.002	0.286	0.422-0.708	-208.001	1015.2	-162	491	874.843	1159.6	615.119	2107.53	878.604	1161.14	631.851	2108.76	81.8441	86.14	88.5677	-9.19961	0.0748538	8.1875	-28.2798	0							voice echo "bod" tok=02fe6d4edf3f298e take=0 src=tts:gpt-audio-1.5 f0=83 onset=0.318 dur=0.540 vowel=0.398-0.688 level=0.050
304	proc	284	bad	train	shiftMags=0	823.239	1.5	1.5	1.5	30	16000	3	0@0.002	0.366	0.306-0.696	-277.189	876.533	-209	342	939.056	1770.86	690.483	2668.92	960.663	1758.74	693.467	2665.96	87.6088	91.5119	75.4609	-2.7357	0.334331	8.3125	-25.1051	0							voice echo "bad" tok=f87c088ba55beb5d take=0 src=tts:gpt-audio-1.5 f0=84 onset=0.321 dur=0.430 vowel=0.321-0.621 level=0.050
305	proc	285	booed	train	shiftMags=0	825.862	1.5	1.5	1.5	30	16000	3	0@0.002	0.396	0.484-0.882	244.298	1020.8	255	496	NaN	NaN	NaN	NaN					95.5582	93.6035	-35.7806	-12.0767	0.0459417	7.5625	-28.411	0							voice echo "booed" tok=390305f87b033965 take=1 src=tts:gpt-audio-1.5 f0=94 onset=0.300 dur=0.740 vowel=0.330-0.850 level=0.050
306	proc	286	bead	train	shiftMags=0	828.402	1.5	1.5	1.5	30	16000	3	0@0.002	0.306	0.470-0.776	247.193	596.711	259	187	256.769	2600.05	360.861	3077.95	256.769	2600.05	360.861	3077.95	105.93	151.826	623.168	-10.9475	0.0733835	7.5625	-27.2655	0							voice echo "bead" tok=6e4c8354f990c436 take=1 src=tts:gpt-audio-1.5 f0=100 onset=0.356 dur=0.570 vowel=0.446-0.746 level=0.050
307	proc	287	bod	train	shiftMags=0	830.881	1.5	1.5	1.5	30	16000	3	0@0.002	0.32	0.408-0.728	-264.785	1003.25	-201	474	935.389	1194.69	704.524	2138.9	937.074	1195.81	703.5	2128.22	108.999	104.912	-66.1465	-8.7464	0.0525436	8.1875	-27.3249	0							voice echo "bod" tok=910700843b817ff5 take=1 src=tts:gpt-audio-1.5 f0=92 onset=0.337 dur=0.460 vowel=0.387-0.697 level=0.050
308	proc	288	bead	train	shiftMags=0	833.445	1.5	1.5	1.5	30	16000	3	0@0.002	0.29	0.424-0.714	222.765	610.689	228	193	265.217	2549.49	455.122	3032.78	265.217	2549.49	455.122	3032.78	104.815	109.774	80.0407	-6.96519	0.0883705	7.5625	-29.2186	0							voice echo "bead" tok=6b84e5f1a56ad803 take=2 src=tts:gpt-audio-1.5 f0=103 onset=0.330 dur=0.490 vowel=0.330-0.690 level=0.050
309	proc	289	bod	train	shiftMags=0	835.881	1.5	1.5	1.5	30	16000	3	0@0.002	0.32	0.422-0.748	-208.143	1016.05	-162	496	883.728	1115.93	662.199	2087.57	888.898	1116.94	661.87	2103.35	106.58	102.377	-69.6567	-9.6271	0.0531877	8.25	-27.6949	0							voice echo "bod" tok=fccd724314e4c1c5 take=2 src=tts:gpt-audio-1.5 f0=94 onset=0.330 dur=0.490 vowel=0.400-0.710 level=0.050
310	proc	290	bad	train	shiftMags=0	838.52	1.5	1.5	1.5	30	16000	3	0@0.002	0.314	0.464-0.798	-283.41	870.928	-213	342	981.168	1799.31	700.135	2688.44	981.407	1784.98	700.697	2683.73	89.6831	89.0006	-13.2253	-3.12783	0.136282	8.3125	-28.4208	0							voice echo "bad" tok=501dd06862356e7f take=2 src=tts:gpt-audio-1.5 f0=86 onset=0.369 dur=0.500 vowel=0.459-0.769 level=0.050
311	proc	291	booed	train	shiftMags=0	841.097	1.5	1.5	1.5	30	16000	3	0@0.002	0.278	0.288-0.584	206.417	992.054	208	458	NaN	NaN	NaN	NaN					122.952	142.292	252.905	-11.2704	0.0743657	7.6875	-28.5333	0							voice echo "booed" tok=ad77a8a33e088b2a take=2 src=tts:gpt-audio-1.5 f0=106 onset=0.298 dur=0.420 vowel=0.298-0.478 level=0.050
312	proc	292	bead	train	shiftMags=0	843.545	1.5	1.5	1.5	30	16000	3	0@0.002	0.362	0.462-0.824	226.187	613.312	232	193	290.587	2490.01	422.654	3047.45	290.587	2490.01	422.654	3047.45	102.728	134.853	471.06	-8.02436	0.10759	7.5625	-27.0968	0							voice echo "bead" tok=a6ffb7d8c3b45ccc take=3 src=tts:gpt-audio-1.5 f0=108 onset=0.335 dur=0.630 vowel=0.445-0.795 level=0.050
313	proc	293	bad	train	shiftMags=0	845.799	1.5	1.5	1.5	30	16000	3	0@0.002	0.298	0.442-0.740	-308.046	864.382	-229	336	1008.21	1829.31	719.487	2702.55	1012.24	1806.37	721.533	2710.09	118.362	105.803	-194.185	-2.68895	0.134679	8.3125	-27.84	0							voice echo "bad" tok=dd833772bca6cde5 take=3 src=tts:gpt-audio-1.5 f0=110 onset=0.364 dur=0.480 vowel=0.404-0.684 level=0.050
314	proc	294	bod	train	shiftMags=0	848.163	1.5	1.5	1.5	30	16000	3	0@0.002	0.262	0.432-0.694	-235.432	1019.25	-181	496	890.029	1138.01	664.847	2085.69	891.252	1139.81	664.47	2094.83	123.049	126.859	52.7901	-9.81082	0.0667349	8.1875	-28.3217	0							voice echo "bod" tok=c7377566b0b94f28 take=3 src=tts:gpt-audio-1.5 f0=112 onset=0.320 dur=0.540 vowel=0.320-0.650 level=0.050
315	proc	295	booed	train	shiftMags=0	850.999	1.5	1.5	1.5	30	16000	3	0@0.002	0.308	0.428-0.736	149.881	1001.62	145	469	331.6	1351.93	420.504	2358.45	331.6	1351.93	420.504	2358.45	108.558	127.667	280.7	-13.2048	0.0577578	7.75	-27.493	1	1.485+15.4ms						voice echo "booed" tok=85296114975a57f8 take=3 src=tts:gpt-audio-1.5 f0=103 onset=0.320 dur=0.540 vowel=0.410-0.720 level=0.050
316	proc	296	booed	train	shiftMags=0	853.78	1.5	1.5	1.5	30	16000	3	0@0.002	0.336	0.318-0.654	179.443	990.171	177	452	NaN	NaN	NaN	NaN					108.779	108.358	-6.71145	-12.9068	0.0502095	7.625	-27.9879	0							voice echo "booed" tok=b939e88715e9db1e take=0 src=tts:gpt-audio-1.5 f0=102 onset=0.304 dur=0.460 vowel=0.304-0.624 level=0.050
317	proc	297	bod	train	shiftMags=0	856.723	1.5	1.5	1.5	30	16000	3	0@0.002	0.286	0.444-0.730	-207.901	1016.45	-162	491	877.161	1160.11	651.106	2119.99	880.444	1161.35	654.12	2121.53	88.5258	86.6839	-36.4006	-9.24676	0.076673	8.125	-28.2795	0							voice echo "bod" tok=02fe6d4edf3f298e take=0 src=tts:gpt-audio-1.5 f0=83 onset=0.341 dur=0.540 vowel=0.421-0.711 level=0.050
318	proc	298	bad	train	shiftMags=0	859.085	1.5	1.5	1.5	30	16000	3	0@0.002	0.378	0.346-0.736	-276.827	875.881	-209	342	951.506	1762.33	697.632	2667.61	963.205	1759.3	699.971	2660.14	90.3779	93.3414	55.8577	-2.64742	0.352332	8.3125	-25.1066	0							voice echo "bad" tok=f87c088ba55beb5d take=0 src=tts:gpt-audio-1.5 f0=84 onset=0.362 dur=0.430 vowel=0.362-0.662 level=0.050
319	proc	299	bead	train	shiftMags=0	862.03	1.5	1.5	1.5	30	16000	3	0@0.002	0.326	0.440-0.766	234.435	619.818	243	198	281.765	2522.65	454.014	3076.5	281.765	2522.65	454.014	3076.5	99.7358	126.909	417.137	-8.54119	0.0987247	7.5625	-26.9848	0							voice echo "bead" tok=1541b7e052a6b1b3 take=0 src=tts:gpt-audio-1.5 f0=98 onset=0.321 dur=0.580 vowel=0.421-0.841 level=0.050
320	proc	300	booed	train	shiftMags=0	864.945	1.5	1.5	1.5	30	16000	3	0@0.002	0.396	0.482-0.880	244.223	1021.43	255	499	NaN	NaN	NaN	NaN					96.6384	94.8234	-32.825	-12.2955	0.044525	7.5625	-28.4113	0							voice echo "booed" tok=390305f87b033965 take=1 src=tts:gpt-audio-1.5 f0=94 onset=0.298 dur=0.740 vowel=0.328-0.848 level=0.050
321	proc	301	bad	train	shiftMags=0	868.458	1.5	1.5	1.5	30	16000	3	0@0.002	0.322	0.428-0.764	-282.876	871.16	-213	342	975.986	1809	696.46	2693.15	976.675	1799.36	699.103	2696.34	89.4535	91.3915	37.1069	-3.16475	0.138127	8.3125	-28.4207	0							voice echo "bad" tok=501dd06862356e7f take=2 src=tts:gpt-audio-1.5 f0=86 onset=0.333 dur=0.500 vowel=0.423-0.733 level=0.050
322	proc	302	bead	train	shiftMags=0	871.423	1.5	1.5	1.5	30	16000	3	0@0.002	0.306	0.436-0.742	247.32	596.478	259	187	257.897	2600.16	403.894	3083.5	257.897	2600.16	403.894	3083.5	100.859	150.577	693.794	-10.894	0.0708797	7.5625	-27.266	1	0.985+15.4ms						voice echo "bead" tok=6e4c8354f990c436 take=1 src=tts:gpt-audio-1.5 f0=100 onset=0.322 dur=0.570 vowel=0.412-0.712 level=0.050
323	proc	303	bod	train	shiftMags=0	874.411	1.5	1.5	1.5	30	16000	3	0@0.002	0.318	0.442-0.760	-259.796	1003.34	-197	474	942.349	1194.6	707.604	2113.58	945.925	1194.87	709.412	2122.72	107.776	109.458	26.8023	-8.71053	0.0539557	8.1875	-27.3255	0							voice echo "bod" tok=910700843b817ff5 take=1 src=tts:gpt-audio-1.5 f0=92 onset=0.370 dur=0.460 vowel=0.420-0.730 level=0.050
324	proc	304	bad	train	shiftMags=0	877.296	1.5	1.5	1.5	30	16000	3	0@0.002	0.296	0.406-0.702	-307.877	864.78	-229	336	1012.69	1824.28	713.41	2712.01	1012.95	1819.31	723.226	2712.01	118.57	107.731	-165.978	-2.85927	0.136532	8.3125	-27.8397	0							voice echo "bad" tok=dd833772bca6cde5 take=3 src=tts:gpt-audio-1.5 f0=110 onset=0.327 dur=0.480 vowel=0.367-0.647 level=0.050
325	proc	305	bod	train	shiftMags=0	879.963	1.5	1.5	1.5	30	16000	3	0@0.002	0.32	0.462-0.788	-208.216	1015.52	-162	496	886.837	1117.78	663.457	2098.88	893.055	1117.9	659.78	2099	105.978	104.16	-29.9637	-9.44215	0.0699629	8.25	-27.6951	0							voice echo "bod" tok=fccd724314e4c1c5 take=2 src=tts:gpt-audio-1.5 f0=94 onset=0.369 dur=0.490 vowel=0.439-0.749 level=0.050
326	proc	306	booed	train	shiftMags=0	882.867	1.5	1.5	1.5	30	16000	3	0@0.002	0.276	0.318-0.616	206.286	993.426	208	458	NaN	NaN	NaN	NaN					122.697	142.009	253.068	-12.0146	0.0561061	7.6875	-28.5317	0							voice echo "booed" tok=ad77a8a33e088b2a take=2 src=tts:gpt-audio-1.5 f0=106 onset=0.329 dur=0.420 vowel=0.329-0.509 level=0.050
327	proc	307	bead	train	shiftMags=0	885.232	1.5	1.5	1.5	30	16000	3	0@0.002	0.292	0.400-0.692	223.046	610.834	228	193	261.336	2538.73	450.934	3035.79	261.336	2538.73	450.934	3035.79	106.585	110.653	64.8449	-7.11201	0.0798427	7.5625	-29.2176	0							voice echo "bead" tok=6b84e5f1a56ad803 take=2 src=tts:gpt-audio-1.5 f0=103 onset=0.306 dur=0.490 vowel=0.306-0.666 level=0.050
328	proc	308	booed	train	shiftMags=0	887.582	1.5	1.5	1.5	30	16000	3	0@0.002	0.31	0.404-0.714	150.061	999.989	145	469	334.509	1356.93	442.224	2379.18	334.509	1356.93	442.224	2379.18	107.485	130.647	337.849	-13.8451	0.0537617	7.75	-27.4949	0							voice echo "booed" tok=85296114975a57f8 take=3 src=tts:gpt-audio-1.5 f0=103 onset=0.298 dur=0.540 vowel=0.388-0.698 level=0.050
329	proc	309	bod	train	shiftMags=0	889.936	1.5	1.5	1.5	30	16000	3	0@0.002	0.262	0.432-0.694	-235.458	1019.6	-181	496	890.652	1138.64	685.816	2098.64	891.814	1141.25	685.324	2098.52	123.96	139.27	201.619	-9.89569	0.0657398	8.1875	-28.3206	0							voice echo "bod" tok=c7377566b0b94f28 take=3 src=tts:gpt-audio-1.5 f0=112 onset=0.321 dur=0.540 vowel=0.321-0.651 level=0.050
330	proc	310	bead	train	shiftMags=0	892.707	1.5	1.5	1.5	30	16000	3	0@0.002	0.364	0.442-0.806	226.199	615.65	232	195.5	289.658	2485.75	429.516	3062.22	289.658	2485.75	429.516	3062.22	103.518	140.18	524.871	-8.00092	0.116875	7.5625	-27.0952	0							voice echo "bead" tok=a6ffb7d8c3b45ccc take=3 src=tts:gpt-audio-1.5 f0=108 onset=0.316 dur=0.630 vowel=0.426-0.776 level=0.050
331	proc	311	bad	train	shiftMags=0	895.677	1.5	1.5	1.5	30	16000	3	0@0.002	0.382	0.322-0.712	-271.793	873.286	-205	342	944.476	1767.26	689.05	2672.75	955.745	1761.84	694.88	2670.43	87.3675	93.8293	123.53	-2.68622	0.339357	8.3125	-25.1067	0							voice echo "bad" tok=f87c088ba55beb5d take=0 src=tts:gpt-audio-1.5 f0=84 onset=0.337 dur=0.430 vowel=0.337-0.637 level=0.050
332	proc	312	bad	train	shiftMags=0	898.073	1.5	1.5	1.5	30	16000	3	0@0.002	0.316	0.384-0.720	-283.178	871.268	-213	342	980.537	1797.33	696.609	2684.69	980.664	1786.89	699.467	2687.54	89.782	87.5382	-43.8162	-3.07979	0.147733	8.3125	-28.4205	0							voice echo "bad" tok=501dd06862356e7f take=2 src=tts:gpt-audio-1.5 f0=86 onset=0.289 dur=0.500 vowel=0.379-0.689 level=0.050
333	proc	313	bead	train	shiftMags=0	900.426	1.5	1.5	1.5	30	16000	3	0@0.002	0.324	0.448-0.772	234.341	619.967	243	198	282.264	2517.37	456.297	3070.92	282.55	2518.85	457.384	3082.08	98.0627	126.885	446.098	-8.43386	0.113985	7.5625	-26.9853	0							voice echo "bead" tok=1541b7e052a6b1b3 take=0 src=tts:gpt-audio-1.5 f0=98 onset=0.329 dur=0.580 vowel=0.429-0.849 level=0.050
334	proc	314	bod	train	shiftMags=0	903.34	1.5	1.5	1.5	30	16000	3	0@0.002	0.288	0.448-0.736	-207.978	1015.62	-162	491	873.509	1160.04	653.066	2107.86	878.808	1162.84	655.27	2116.78	81.9711	86.9141	101.369	-9.39009	0.0762141	8.125	-28.2793	0							voice echo "bod" tok=02fe6d4edf3f298e take=0 src=tts:gpt-audio-1.5 f0=83 onset=0.345 dur=0.540 vowel=0.425-0.715 level=0.050
335	proc	315	booed	train	shiftMags=0	906.248	1.5	1.5	1.5	30	16000	3	0@0.002	0.336	0.366-0.702	179.455	990.12	177	452	NaN	NaN	NaN	NaN					107.556	120.052	190.294	-12.5505	0.0605271	7.5625	-27.988	1	1.485+15.4ms						voice echo "booed" tok=b939e88715e9db1e take=0 src=tts:gpt-audio-1.5 f0=102 onset=0.351 dur=0.460 vowel=0.351-0.671 level=0.050
336	proc	316	bad	train	shiftMags=0	908.594	1.5	1.5	1.5	30	16000	3	0@0.002	0.296	0.410-0.706	-308.43	865.298	-229	336	1012.52	1823.86	725.209	2701.91	1013.14	1797.25	725.653	2701.91	118.314	101.879	-258.917	-2.78308	0.13572	8.3125	-27.8393	0							voice echo "bad" tok=dd833772bca6cde5 take=3 src=tts:gpt-audio-1.5 f0=110 onset=0.331 dur=0.480 vowel=0.371-0.651 level=0.050
337	proc	317	booed	train	shiftMags=0	910.869	1.5	1.5	1.5	30	16000	3	0@0.002	0.396	0.524-0.922	244.416	1022.24	255	499	NaN	NaN	NaN	NaN					97.5323	93.6038	-71.177	-12.3572	0.0400613	7.625	-28.4115	0							voice echo "booed" tok=390305f87b033965 take=1 src=tts:gpt-audio-1.5 f0=94 onset=0.341 dur=0.740 vowel=0.371-0.891 level=0.050
338	proc	318	bod	train	shiftMags=0	913.327	1.5	1.5	1.5	30	16000	3	0@0.002	0.32	0.434-0.754	-259.68	1002.99	-197	474	939.031	1195.08	708.224	2114.76	939.031	1195.08	708.224	2114.76	104.35	108.778	71.9554	-8.87408	0.0552828	8.1875	-27.3256	0							voice echo "bod" tok=910700843b817ff5 take=1 src=tts:gpt-audio-1.5 f0=92 onset=0.363 dur=0.460 vowel=0.413-0.723 level=0.050
339	proc	319	bead	train	shiftMags=0	915.782	1.5	1.5	1.5	30	16000	3	0@0.002	0.306	0.456-0.762	247.26	596.091	259	187	259.913	2598.17	417.897	3096.04	259.913	2598.17	417.897	3096.04	100.259	153.27	734.817	-10.4977	0.081554	7.5625	-27.2653	0							voice echo "bead" tok=6e4c8354f990c436 take=1 src=tts:gpt-audio-1.5 f0=100 onset=0.341 dur=0.570 vowel=0.431-0.731 level=0.050
340	proc	320	booed	train	shiftMags=0	918.038	1.5	1.5	1.5	30	16000	3	0@0.002	0.278	0.306-0.604	209.575	993.286	212	458	NaN	NaN	NaN	NaN					122.481	141.309	247.558	-11.3186	0.0689242	7.6875	-28.5317	0							voice echo "booed" tok=ad77a8a33e088b2a take=2 src=tts:gpt-audio-1.5 f0=106 onset=0.317 dur=0.420 vowel=0.317-0.497 level=0.050
341	proc	321	bad	train	shiftMags=0	920.397	1.5	1.5	1.5	30	16000	3	0@0.002	0.368	0.310-0.700	-277.251	875.79	-209	342	945.948	1764.44	694.923	2670.61	956.995	1760.18	699.19	2668.22	85.9536	90.4545	88.36	-2.65635	0.327155	8.3125	-25.1063	0							voice echo "bad" tok=f87c088ba55beb5d take=0 src=tts:gpt-audio-1.5 f0=84 onset=0.326 dur=0.430 vowel=0.326-0.626 level=0.050
342	proc	322	bead	train	shiftMags=0	923.273	1.5	1.5	1.5	30	16000	3	0@0.002	0.292	0.454-0.746	222.905	610.48	228	193	264.516	2547.27	468.512	3032.94	264.516	2547.27	468.512	3032.94	106.353	140.873	486.644	-7.60408	0.0817656	7.5625	-29.2177	1	0.985+15.4ms						voice echo "bead" tok=6b84e5f1a56ad803 take=2 src=tts:gpt-audio-1.5 f0=103 onset=0.361 dur=0.490 vowel=0.361-0.721 level=0.050
343	proc	323	bod	train	shiftMags=0	925.571	1.5	1.5	1.5	30	16000	3	0@0.002	0.326	0.408-0.734	-208.052	1014.75	-162	496	876.407	1113.17	668.873	2099.19	881.473	1119.04	668.534	2099.19	101.115	101.798	11.652	-9.11667	0.0706898	8.1875	-27.6948	0							voice echo "bod" tok=fccd724314e4c1c5 take=2 src=tts:gpt-audio-1.5 f0=94 onset=0.315 dur=0.490 vowel=0.385-0.695 level=0.050
344	proc	324	bead	train	shiftMags=0	928.163	1.5	1.5	1.5	30	16000	3	0@0.002	0.362	0.450-0.812	225.889	618.946	232	198	296.39	2501.11	445.731	3092.44	296.39	2501.11	445.731	3092.44	105.157	120.854	240.867	-8.20771	0.104901	7.625	-27.0962	0							voice echo "bead" tok=a6ffb7d8c3b45ccc take=3 src=tts:gpt-audio-1.5 f0=108 onset=0.323 dur=0.630 vowel=0.433-0.783 level=0.050
345	proc	325	booed	train	shiftMags=0	930.95	1.5	1.5	1.5	30	16000	3	0@0.002	0.308	0.402-0.710	154.031	1001.37	149	469	330.428	1353.91	443.58	2362.62	330.428	1353.91	443.58	2362.62	105.91	127.148	316.399	-13.0809	0.0622131	7.75	-27.494	0							voice echo "booed" tok=85296114975a57f8 take=3 src=tts:gpt-audio-1.5 f0=103 onset=0.294 dur=0.540 vowel=0.384-0.694 level=0.050
346	proc	326	bad	train	shiftMags=0	933.736	1.5	1.5	1.5	30	16000	3	0@0.002	0.314	0.406-0.742	-283.26	868.697	-213	336	976.837	1792.11	700.955	2691.79	977.63	1769.91	703.304	2691.79	85.3994	89.0978	73.3949	-3.17794	0.134646	8.3125	-28.4209	0							voice echo "bad" tok=501dd06862356e7f take=2 src=tts:gpt-audio-1.5 f0=86 onset=0.312 dur=0.500 vowel=0.402-0.712 level=0.050
347	proc	327	bod	train	shiftMags=0	936.218	1.5	1.5	1.5	30	16000	3	0@0.002	0.262	0.484-0.746	-231.254	1018.53	-178	496	884.738	1137.07	679.685	2101.47	887.749	1142.18	681.53	2101.77	132.46	125.593	-92.1602	-9.7799	0.0716602	8.1875	-28.3222	0							voice echo "bod" tok=c7377566b0b94f28 take=3 src=tts:gpt-audio-1.5 f0=112 onset=0.373 dur=0.540 vowel=0.373-0.703 level=0.050
348	proc	328	booed	train	shiftMags=0	938.568	1.5	1.5	1.5	30	16000	3	0@0.002	0.336	0.388-0.724	179.499	990.344	177	452	NaN	NaN	NaN	NaN					109.465	110.929	23.0004	-12.7513	0.0533138	7.5625	-27.9872	0							voice echo "booed" tok=b939e88715e9db1e take=0 src=tts:gpt-audio-1.5 f0=102 onset=0.374 dur=0.460 vowel=0.374-0.694 level=0.050
349	proc	329	bad	train	shiftMags=0	941.138	1.5	1.5	1.5	30	16000	3	0@0.002	0.296	0.364-0.660	-308.138	865.055	-229	336	1010.41	1819.71	719.755	2718.35	1012.41	1812.37	721.8	2719.56	118.973	101.852	-268.981	-2.91606	0.13793	8.3125	-27.8392	0							voice echo "bad" tok=dd833772bca6cde5 take=3 src=tts:gpt-audio-1.5 f0=110 onset=0.285 dur=0.480 vowel=0.325-0.605 level=0.050
350	proc	330	bod	train	shiftMags=0	943.658	1.5	1.5	1.5	30	16000	3	0@0.002	0.286	0.434-0.720	-207.945	1014.89	-162	491	877.052	1156.66	656.936	2108.66	878.478	1157.91	657.263	2114.49	81.9794	82.6109	13.2862	-9.03529	0.0765236	8.1875	-28.2792	0							voice echo "bod" tok=02fe6d4edf3f298e take=0 src=tts:gpt-audio-1.5 f0=83 onset=0.329 dur=0.540 vowel=0.409-0.699 level=0.050
351	proc	331	bead	train	shiftMags=0	947.244	1.5	1.5	1.5	30	16000	3	0@0.002	0.318	0.420-0.738	234.361	619.688	243	198	282.811	2518.43	474.185	3076.71	282.811	2518.43	474.185	3076.71	97.6808	192.957	1178.56	-8.04126	0.105883	7.5625	-26.9855	0							voice echo "bead" tok=1541b7e052a6b1b3 take=0 src=tts:gpt-audio-1.5 f0=98 onset=0.300 dur=0.580 vowel=0.400-0.820 level=0.050
352	proc	332	bod	train	shiftMags=0	949.713	1.5	1.5	1.5	30	16000	3	0@0.002	0.318	0.384-0.702	-259.819	1003.46	-197	474	938.439	1194.68	707.654	2118.67	938.748	1195.46	713.262	2124.87	102.609	114.391	188.183	-8.7486	0.0570076	8.1875	-27.325	0							voice echo "bod" tok=910700843b817ff5 take=1 src=tts:gpt-audio-1.5 f0=92 onset=0.312 dur=0.460 vowel=0.362-0.672 level=0.050
353	proc	333	bad	train	shiftMags=0	952.319	1.5	1.5	1.5	30	16000	3	0@0.002	0.38	0.288-0.678	-277.314	875.825	-209	342	949.52	1761.96	699.26	2667.16	960.388	1759.73	704.314	2665.13	87.3188	90.3393	58.8741	-2.69339	0.339313	8.3125	-25.1065	0							voice echo "bad" tok=f87c088ba55beb5d take=0 src=tts:gpt-audio-1.5 f0=84 onset=0.303 dur=0.430 vowel=0.303-0.603 level=0.050
354	proc	334	bead	train	shiftMags=0	955.3	1.5	1.5	1.5	30	16000	3	0@0.002	0.306	0.448-0.754	247.25	596.541	259	187	260.231	2592.22	398.709	3084.85	260.231	2592.22	398.709	3084.85	100.493	152.406	720.983	-10.4571	0.0815157	7.5625	-27.2654	0							voice echo "bead" tok=6e4c8354f990c436 take=1 src=tts:gpt-audio-1.5 f0=100 onset=0.333 dur=0.570 vowel=0.423-0.723 level=0.050
355	proc	335	booed	train	shiftMags=0	957.556	1.5	1.5	1.5	30	16000	3	0@0.002	0.396	0.530-0.928	244.272	1024.63	255	502	NaN	NaN	NaN	NaN					97.9442	96.5158	-25.4353	-11.8385	0.0451701	7.5625	-28.4113	1	1.485+15.4ms						voice echo "booed" tok=390305f87b033965 take=1 src=tts:gpt-audio-1.5 f0=94 onset=0.346 dur=0.740 vowel=0.376-0.896 level=0.050
356	proc	336	bead	train	shiftMags=0	959.979	1.5	1.5	1.5	30	16000	3	0@0.002	0.292	0.400-0.692	222.412	609.69	228	193	264.174	2550.63	453.912	3054.43	264.174	2550.63	453.912	3054.43	106.192	109.787	57.6429	-7.4705	0.0885342	7.5625	-29.2177	0							voice echo "bead" tok=6b84e5f1a56ad803 take=2 src=tts:gpt-audio-1.5 f0=103 onset=0.307 dur=0.490 vowel=0.307-0.667 level=0.050
357	proc	337	bod	train	shiftMags=0	962.866	1.5	1.5	1.5	30	16000	3	0@0.002	0.32	0.466-0.792	-213.122	1015.1	-166	496	883.255	1114.51	668.696	2083.53	883.618	1115.43	669.191	2089.42	100.585	100.899	5.38121	-9.47753	0.0614499	8.1875	-27.6984	0							voice echo "bod" tok=fccd724314e4c1c5 take=2 src=tts:gpt-audio-1.5 f0=94 onset=0.373 dur=0.490 vowel=0.443-0.753 level=0.050
358	proc	338	booed	train	shiftMags=0	965.49	1.5	1.5	1.5	30	16000	3	0@0.002	0.28	0.276-0.574	209.796	991.36	212	458	NaN	NaN	NaN	NaN					124.098	144.618	264.927	-11.3357	0.0770284	7.8125	-28.5321	0							voice echo "booed" tok=ad77a8a33e088b2a take=2 src=tts:gpt-audio-1.5 f0=106 onset=0.286 dur=0.420 vowel=0.286-0.466 level=0.050
359	proc	339	bad	train	shiftMags=0	968.328	1.5	1.5	1.5	30	16000	3	0@0.002	0.318	0.464-0.800	-283.215	870.38	-213	342	979.612	1795.15	692.418	2690.85	979.667	1789.92	694.202	2684.28	85.9	90.1722	84.0293	-3.18037	0.139961	8.3125	-28.4206	0							voice echo "bad" tok=501dd06862356e7f take=2 src=tts:gpt-audio-1.5 f0=86 onset=0.370 dur=0.500 vowel=0.460-0.770 level=0.050
360	proc	340	bod	train	shiftMags=0	970.637	1.5	1.5	1.5	30	16000	3	0@0.002	0.264	0.468-0.732	-231.396	1018.19	-178	496	890.695	1136.78	675.265	2099.96	897.661	1140.45	675.265	2100.63	124.746	130.16	73.5551	-10.0046	0.064631	8.1875	-28.3217	0							voice echo "bod" tok=c7377566b0b94f28 take=3 src=tts:gpt-audio-1.5 f0=112 onset=0.357 dur=0.540 vowel=0.357-0.687 level=0.050
361	proc	341	bead	train	shiftMags=0	973.63	1.5	1.5	1.5	30	16000	3	0@0.002	0.362	0.422-0.784	226.27	617.491	232	198	290.808	2489.66	456.701	3077.02	290.808	2489.66	456.701	3077.02	102.823	142.051	559.495	-8.03665	0.107464	7.5625	-27.0958	0							voice echo "bead" tok=a6ffb7d8c3b45ccc take=3 src=tts:gpt-audio-1.5 f0=108 onset=0.295 dur=0.630 vowel=0.405-0.755 level=0.050
362	proc	342	booed	train	shiftMags=0	975.882	1.5	1.5	1.5	30	16000	3	0@0.002	0.308	0.466-0.774	153.643	999.912	149	469	334.303	1350.64	453.838	2364.32	334.303	1350.64	453.838	2364.32	109.097	132.804	340.422	-13.511	0.0541007	7.8125	-27.4961	1	0.985+15.4ms						voice echo "booed" tok=85296114975a57f8 take=3 src=tts:gpt-audio-1.5 f0=103 onset=0.359 dur=0.540 vowel=0.449-0.759 level=0.050
363	proc	343	bad	train	shiftMags=0	978.721	1.5	1.5	1.5	30	16000	3	0@0.002	0.296	0.382-0.678	-308.37	865.046	-229	336	1010.43	1827.07	717.637	2704	1011.86	1802.18	720.577	2708.33	118.308	103.13	-237.702	-2.83071	0.135001	8.3125	-27.8391	0							voice echo "bad" tok=dd833772bca6cde5 take=3 src=tts:gpt-audio-1.5 f0=110 onset=0.303 dur=0.480 vowel=0.343-0.623 level=0.050
364	proc	344	booed	train	shiftMags=0	981.155	1.5	1.5	1.5	30	16000	3	0@0.002	0.336	0.368-0.704	179.549	990.364	177	452	NaN	NaN	NaN	NaN					108.263	107.844	-6.71389	-13.1022	0.0567883	7.625	-27.9874	0							voice echo "booed" tok=b939e88715e9db1e take=0 src=tts:gpt-audio-1.5 f0=102 onset=0.353 dur=0.460 vowel=0.353-0.673 level=0.050
365	proc	345	bod	train	shiftMags=0	983.939	1.5	1.5	1.5	30	16000	3	0@0.002	0.286	0.474-0.760	-208.012	1015.68	-162	491	873.951	1157.48	663.845	2124.59	879.894	1159.32	664.144	2126.89	82.254	79.6572	-55.5377	-9.20305	0.0727833	8.125	-28.2795	0							voice echo "bod" tok=02fe6d4edf3f298e take=0 src=tts:gpt-audio-1.5 f0=83 onset=0.370 dur=0.540 vowel=0.450-0.740 level=0.050
366	proc	346	bead	train	shiftMags=0	986.793	1.5	1.5	1.5	30	16000	3	0@0.002	0.318	0.452-0.770	234.321	619.599	243	198	281.759	2522.58	474.887	3081.5	281.759	2522.58	474.887	3081.5	96.4019	122.169	410.1	-7.82768	0.110109	7.5625	-26.9856	0							voice echo "bead" tok=1541b7e052a6b1b3 take=0 src=tts:gpt-audio-1.5 f0=98 onset=0.332 dur=0.580 vowel=0.432-0.852 level=0.050
367	proc	347	bad	train	shiftMags=0	989.594	1.5	1.5	1.5	30	16000	3	0@0.002	0.366	0.306-0.696	-277.306	876.119	-209	342	951.713	1762.34	700.336	2667.21	963.565	1759.04	701.661	2664.31	90.3731	91.5984	23.3146	-2.68066	0.343422	8.3125	-25.1067	0							voice echo "bad" tok=f87c088ba55beb5d take=0 src=tts:gpt-audio-1.5 f0=84 onset=0.322 dur=0.430 vowel=0.322-0.622 level=0.050
368	proc	348	bead	train	shiftMags=0	992.56	1.5	1.5	1.5	30	16000	3	0@0.002	0.306	0.418-0.724	244.955	596.695	255	187	257.606	2592.73	388.233	3075.76	257.606	2592.73	388.233	3075.76	108.857	152.605	584.835	-11.0181	0.0800499	7.5625	-27.2656	0							voice echo "bead" tok=6e4c8354f990c436 take=1 src=tts:gpt-audio-1.5 f0=100 onset=0.305 dur=0.570 vowel=0.395-0.695 level=0.050
369	proc	349	bod	train	shiftMags=0	994.977	1.5	1.5	1.5	30	16000	3	0@0.002	0.318	0.410-0.728	-264.854	1003.32	-201	474	939.313	1194.64	698.889	2116.56	939.636	1194.91	701.73	2123.31	110.404	111.481	16.8159	-8.81613	0.0561502	8.1875	-27.3252	0							voice echo "bod" tok=910700843b817ff5 take=1 src=tts:gpt-audio-1.5 f0=92 onset=0.338 dur=0.460 vowel=0.388-0.698 level=0.050
370	proc	350	booed	train	shiftMags=0	997.866	1.5	1.5	1.5	30	16000	3	0@0.002	0.398	0.526-0.924	244.535	1022.34	255	502	NaN	NaN	NaN	NaN					97.3495	94.8984	-44.1489	-11.0519	0.0866056	7.5625	-28.4112	0							voice echo "booed" tok=390305f87b033965 take=1 src=tts:gpt-audio-1.5 f0=94 onset=0.343 dur=0.740 vowel=0.373-0.893 level=0.050
371	proc	351	bad	train	shiftMags=0	1000.58	1.5	1.5	1.5	30	16000	3	0@0.002	0.316	0.440-0.776	-283.168	870.928	-213	342	973.524	1816.68	695.654	2688.45	976.381	1809.23	695.782	2693	90.1225	91.3361	23.1576	-3.0891	0.142555	8.25	-28.4209	0							voice echo "bad" tok=501dd06862356e7f take=2 src=tts:gpt-audio-1.5 f0=86 onset=0.345 dur=0.500 vowel=0.435-0.745 level=0.050
372	proc	352	bod	train	shiftMags=0	1002.97	1.5	1.5	1.5	30	16000	3	0@0.002	0.32	0.442-0.768	-208.262	1015.54	-162	496	885.817	1119.19	674.202	2092.7	887.546	1119.21	674.932	2101.87	106.652	105.634	-16.6104	-8.86595	0.0874689	8.1875	-27.6955	0							voice echo "bod" tok=fccd724314e4c1c5 take=2 src=tts:gpt-audio-1.5 f0=94 onset=0.348 dur=0.490 vowel=0.418-0.728 level=0.050
373	proc	353	bead	train	shiftMags=0	1005.38	1.5	1.5	1.5	30	16000	3	0@0.002	0.29	0.382-0.672	222.418	610.991	228	193	264.38	2550.73	461.259	3046.52	264.38	2550.73	461.259	3046.52	105.075	111.08	96.2087	-7.54571	0.0857084	7.5625	-29.2185	0							voice echo "bead" tok=6b84e5f1a56ad803 take=2 src=tts:gpt-audio-1.5 f0=103 onset=0.289 dur=0.490 vowel=0.289-0.649 level=0.050
374	proc	354	bad	train	shiftMags=0	1007.7	1.5	1.5	1.5	30	16000	3	0@0.002	0.296	0.366-0.662	-307.977	863.669	-229	336	1009.48	1826.19	713.723	2711.5	1012.24	1814.86	725.744	2711.5	118.617	101.84	-264.007	-2.79507	0.137055	8.3125	-27.8391	0							voice echo "bad" tok=dd833772bca6cde5 take=3 src=tts:gpt-audio-1.5 f0=110 onset=0.286 dur=0.480 vowel=0.326-0.606 level=0.050
375	proc	355	booed	train	shiftMags=0	1010.62	1.5	1.5	1.5	30	16000	3	0@0.002	0.282	0.280-0.578	209.705	990.978	212	458	NaN	NaN	NaN	NaN					122.704	140.836	238.594	-11.4749	0.0727382	7.75	-28.5319	1	1.485+15.4ms						voice echo "booed" tok=ad77a8a33e088b2a take=2 src=tts:gpt-audio-1.5 f0=106 onset=0.290 dur=0.420 vowel=0.290-0.470 level=0.050
376	proc	356	booed	train	shiftMags=0	1013.12	1.5	1.5	1.5	30	16000	3	0@0.002	0.31	0.434-0.744	153.753	999.144	149	463	334.81	1356.25	456.933	2369.59	334.81	1356.25	456.933	2369.59	106.543	133.117	385.512	-13.6256	0.0548693	7.75	-27.4941	0							voice echo "booed" tok=85296114975a57f8 take=3 src=tts:gpt-audio-1.5 f0=103 onset=0.327 dur=0.540 vowel=0.417-0.727 level=0.050
377	proc	357	bod	train	shiftMags=0	1015.63	1.5	1.5	1.5	30	16000	3	0@0.002	0.262	0.410-0.672	-235.278	1017.55	-181	496	891.914	1138.58	649.961	2098.32	894.775	1141.13	647.636	2098.73	122.956	126.12	43.9965	-9.7919	0.0768699	8.1875	-28.3228	0							voice echo "bod" tok=c7377566b0b94f28 take=3 src=tts:gpt-audio-1.5 f0=112 onset=0.298 dur=0.540 vowel=0.298-0.628 level=0.050
378	proc	358	bead	train	shiftMags=0	1017.97	1.5	1.5	1.5	30	16000	3	0@0.002	0.362	0.412-0.774	226.343	613.118	232	193	288.912	2486.1	453.171	3057.18	288.912	2486.1	453.171	3057.18	103.447	134.956	460.313	-8.10951	0.103654	7.5625	-27.0963	0							voice echo "bead" tok=a6ffb7d8c3b45ccc take=3 src=tts:gpt-audio-1.5 f0=108 onset=0.286 dur=0.630 vowel=0.396-0.746 level=0.050
379	proc	359	bad	train	shiftMags=0	1020.83	1.5	1.5	1.5	30	16000	3	0@0.002	0.37	0.334-0.724	-277.346	874.929	-209	342	941.124	1772.58	695.999	2669.74	955.219	1762.73	700.98	2669.74	85.8438	91.9184	118.366	-2.69183	0.345379	8.3125	-25.1067	0							voice echo "bad" tok=f87c088ba55beb5d take=0 src=tts:gpt-audio-1.5 f0=84 onset=0.350 dur=0.430 vowel=0.350-0.650 level=0.050
380	proc	360	bead	train	shiftMags=0	1023.49	1.5	1.5	1.5	30	16000	3	0@0.002	0.32	0.464-0.784	234.32	620.953	243	198	282.388	2516.2	466.341	3080.91	282.388	2516.2	466.341	3080.91	97.1369	337.671	2157.03	-7.96459	0.10589	7.5625	-26.9852	0							voice echo "bead" tok=1541b7e052a6b1b3 take=0 src=tts:gpt-audio-1.5 f0=98 onset=0.344 dur=0.580 vowel=0.444-0.864 level=0.050
381	proc	361	bod	train	shiftMags=0	1026.9	1.5	1.5	1.5	30	16000	3	0@0.002	0.286	0.478-0.764	-208.244	1015.06	-162	491	870.953	1160.91	666.213	2098.38	877.753	1162.79	667.616	2110.6	88.3269	81.9164	-130.442	-9.08249	0.0797416	8.125	-28.2794	0							voice echo "bod" tok=02fe6d4edf3f298e take=0 src=tts:gpt-audio-1.5 f0=83 onset=0.374 dur=0.540 vowel=0.454-0.744 level=0.050
382	proc	362	bad	train	shiftMags=0	1029.74	1.5	1.5	1.5	30	16000	3	0@0.002	0.314	0.440-0.776	-283.278	870.561	-213	342	973.388	1816.53	699.196	2686.44	976.705	1809.74	699.372	2688.84	90.0913	92.687	49.1752	-3.1802	0.143371	8.3125	-28.4207	1	0.985+15.4ms						voice echo "bad" tok=501dd06862356e7f take=2 src=tts:gpt-audio-1.5 f0=86 onset=0.345 dur=0.500 vowel=0.435-0.745 level=0.050
383	proc	363	booed	train	shiftMags=0	1032.4	1.5	1.5	1.5	30	16000	3	0@0.002	0.336	0.310-0.646	179.508	990.207	177	452	NaN	NaN	NaN	NaN					108.676	111.098	38.1729	-12.9208	0.0510804	7.625	-27.9877	0							voice echo "booed" tok=b939e88715e9db1e take=0 src=tts:gpt-audio-1.5 f0=102 onset=0.296 dur=0.460 vowel=0.296-0.616 level=0.050
384	proc	364	bead	train	shiftMags=0	1035.24	1.5	1.5	1.5	30	16000	3	0@0.002	0.308	0.484-0.792	247.456	596.409	259	187	259.698	2598.38	349.148	3097.58	259.698	2598.38	349.148	3097.58	103.895	150.784	644.829	-10.4701	0.0794201	7.5625	-27.2656	0							voice echo "bead" tok=6e4c8354f990c436 take=1 src=tts:gpt-audio-1.5 f0=100 onset=0.371 dur=0.570 vowel=0.461-0.761 level=0.050
385	proc	365	bod	train	shiftMags=0	1038.02	1.5	1.5	1.5	30	16000	3	0@0.002	0.32	0.370-0.690	-259.707	1002.82	-197	474	939.553	1194.53	699.39	2118.57	944.111	1194.59	701.433	2129.05	109.544	110.894	21.1927	-8.93488	0.0527097	8.1875	-27.3258	0							voice echo "bod" tok=910700843b817ff5 take=1 src=tts:gpt-audio-1.5 f0=92 onset=0.299 dur=0.460 vowel=0.349-0.659 level=0.050
386	proc	366	bad	train	shiftMags=0	1040.59	1.5	1.5	1.5	30	16000	3	0@0.002	0.296	0.442-0.738	-305.29	865.083	-227	336	1009.25	1828.98	718.653	2692.87	1012.31	1804.39	719.308	2700.24	117.526	103.059	-227.412	-2.77305	0.134346	8.3125	-27.8402	0							voice echo "bad" tok=dd833772bca6cde5 take=3 src=tts:gpt-audio-1.5 f0=110 onset=0.363 dur=0.480 vowel=0.403-0.683 level=0.050
387	proc	367	booed	train	shiftMags=0	1043.11	1.5	1.5	1.5	30	16000	3	0@0.002	0.398	0.544-0.942	244.165	1020.62	255	496	NaN	NaN	NaN	NaN					95.9877	94.5292	-26.5081	-11.1018	0.0853191	7.5625	-28.4116	0							voice echo "booed" tok=390305f87b033965 take=1 src=tts:gpt-audio-1.5 f0=94 onset=0.361 dur=0.740 vowel=0.391-0.911 level=0.050
388	proc	368	booed	train	shiftMags=0	1046.03	1.5	1.5	1.5	30	16000	3	0@0.002	0.278	0.328-0.624	209.368	991.676	212	458	NaN	NaN	NaN	NaN					122.963	140.158	226.597	-11.5956	0.0677457	7.6875	-28.5317	0							voice echo "booed" tok=ad77a8a33e088b2a take=2 src=tts:gpt-audio-1.5 f0=106 onset=0.338 dur=0.420 vowel=0.338-0.518 level=0.050
389	proc	369	bod	train	shiftMags=0	1048.42	1.5	1.5	1.5	30	16000	3	0@0.002	0.326	0.382-0.708	-208.195	1014.99	-162	496	888.801	1118.48	669.991	2097.32	890.198	1120.37	669.825	2104.38	106.085	104.34	-28.7116	-9.6574	0.0584858	8.25	-27.6932	0							voice echo "bod" tok=fccd724314e4c1c5 take=2 src=tts:gpt-audio-1.5 f0=94 onset=0.289 dur=0.490 vowel=0.359-0.669 level=0.050
390	proc	370	bead	train	shiftMags=0	1050.74	1.5	1.5	1.5	30	16000	3	0@0.002	0.292	0.386-0.678	223.228	611.191	228	193	263.044	2540.6	478.228	3023.52	263.257	2545	479.998	3047.64	104.225	108.849	75.1616	-7.70596	0.074623	7.5625	-29.2182	0							voice echo "bead" tok=6b84e5f1a56ad803 take=2 src=tts:gpt-audio-1.5 f0=103 onset=0.293 dur=0.490 vowel=0.293-0.653 level=0.050
391	proc	371	bad	train	shiftMags=0	1053.64	1.5	1.5	1.5	30	16000	3	0@0.002	0.372	0.282-0.672	-277.201	875.175	-209	342	943.578	1768.3	695.338	2671.9	956.007	1762.46	697.472	2670.61	86.6477	90.5185	75.662	-2.70864	0.317004	8.3125	-25.1063	0							voice echo "bad" tok=f87c088ba55beb5d take=0 src=tts:gpt-audio-1.5 f0=84 onset=0.297 dur=0.430 vowel=0.297-0.597 level=0.050
392	proc	372	bad	train	shiftMags=0	1056.4	1.5	1.5	1.5	30	16000	3	0@0.002	0.314	0.402-0.738	-283.441	870.475	-213	342	979.701	1799.7	696.18	2688.36	980.859	1784.03	696.199	2676.68	89.665	89.1831	-9.32971	-3.1276	0.141643	8.3125	-28.4205	0							voice echo "bad" tok=501dd06862356e7f take=2 src=tts:gpt-audio-1.5 f0=86 onset=0.308 dur=0.500 vowel=0.398-0.708 level=0.050
393	proc	373	bead	train	shiftMags=0	1059.35	1.5	1.5	1.5	30	16000	3	0@0.002	0.362	0.446-0.808	226.26	613.276	232	193	294.435	2498.04	433.161	3065.96	300.861	2514.72	431.619	3090.22	104.791	142.206	528.554	-8.03655	0.102985	7.5625	-27.0962	0							voice echo "bead" tok=a6ffb7d8c3b45ccc take=3 src=tts:gpt-audio-1.5 f0=108 onset=0.319 dur=0.630 vowel=0.429-0.779 level=0.050
394	proc	374	booed	train	shiftMags=0	1062.05	1.5	1.5	1.5	30	16000	3	0@0.002	0.308	0.428-0.736	153.649	1000.67	149	469	330.497	1351.81	482.379	2369.56	330.497	1351.81	482.379	2369.56	108.621	127.856	282.264	-13.7739	0.0495375	7.75	-27.4944	0							voice echo "booed" tok=85296114975a57f8 take=3 src=tts:gpt-audio-1.5 f0=103 onset=0.321 dur=0.540 vowel=0.411-0.721 level=0.050
395	proc	375	bod	train	shiftMags=0	1065.05	1.5	1.5	1.5	30	16000	3	0@0.002	0.262	0.456-0.718	-235.347	1017.89	-181	496	891.118	1141.13	676.515	2075.52	891.601	1141.13	676.515	2100.28	127.018	128.717	23.0116	-9.65698	0.0697338	8.1875	-28.3203	1	1.485+15.4ms						voice echo "bod" tok=c7377566b0b94f28 take=3 src=tts:gpt-audio-1.5 f0=112 onset=0.344 dur=0.540 vowel=0.344-0.674 level=0.050
396	proc	376	bad	train	shiftMags=0	1067.63	1.5	1.5	1.5	30	16000	3	0@0.002	0.296	0.370-0.666	-308.119	864.095	-229	336	1012.2	1825.14	720.472	2691.67	1012.28	1798.63	722.736	2691.67	118.498	103.129	-240.501	-2.84926	0.140835	8.3125	-27.8393	0							voice echo "bad" tok=dd833772bca6cde5 take=3 src=tts:gpt-audio-1.5 f0=110 onset=0.292 dur=0.480 vowel=0.332-0.612 level=0.050
397	proc	377	booed	train	shiftMags=0	1069.92	1.5	1.5	1.5	30	16000	3	0@0.002	0.336	0.306-0.642	178.955	990.444	177	452	NaN	NaN	NaN	NaN					107.796	110.676	45.6364	-12.9387	0.0582033	7.625	-27.9871	0							voice echo "booed" tok=b939e88715e9db1e take=0 src=tts:gpt-audio-1.5 f0=102 onset=0.292 dur=0.460 vowel=0.292-0.612 level=0.050
398	proc	378	bead	train	shiftMags=0	1072.67	1.5	1.5	1.5	30	16000	3	0@0.002	0.326	0.434-0.760	234.325	619.83	243	198	282.217	2515.07	455.068	3080	282.217	2515.07	455.068	3080	96.9041	444.038	2635.26	-8.57145	0.104643	7.5625	-26.9852	0							voice echo "bead" tok=1541b7e052a6b1b3 take=0 src=tts:gpt-audio-1.5 f0=98 onset=0.315 dur=0.580 vowel=0.415-0.835 level=0.050
399	proc	379	bod	train	shiftMags=0	1075.11	1.5	1.5	1.5	30	16000	3	0@0.002	0.286	0.436-0.722	-207.961	1015.32	-162	491	872.589	1160.95	661.337	2113.25	882.635	1161.67	662.882	2122.97	81.594	83.5571	41.1601	-9.17366	0.077373	8.125	-28.2793	0							voice echo "bod" tok=02fe6d4edf3f298e take=0 src=tts:gpt-audio-1.5 f0=83 onset=0.332 dur=0.540 vowel=0.412-0.702 level=0.050
400	proc	380	bead	train	shiftMags=0	1077.66	1.5	1.5	1.5	30	16000	3	0@0.002	0.306	0.414-0.720	247.321	596.502	259	187	262.039	2599.46	391.407	3108.67	262.039	2599.46	391.407	3108.67	99.2748	152.196	739.72	-10.9505	0.0685759	7.5625	-27.266	0							voice echo "bead" tok=6e4c8354f990c436 take=1 src=tts:gpt-audio-1.5 f0=100 onset=0.300 dur=0.570 vowel=0.390-0.690 level=0.050
401	proc	381	bad	train	shiftMags=0	1080.18	1.5	1.5	1.5	30	16000	3	0@0.002	0.37	0.336-0.726	-277.215	874.799	-209	342	939.203	1772.97	696.631	2674.16	959.974	1758.98	697.579	2666.53	87.6384	90.0786	47.5462	-2.66393	0.34474	8.3125	-25.1052	0							voice echo "bad" tok=f87c088ba55beb5d take=0 src=tts:gpt-audio-1.5 f0=84 onset=0.351 dur=0.430 vowel=0.351-0.651 level=0.050
402	proc	382	booed	train	shiftMags=0	1082.68	1.5	1.5	1.5	30	16000	3	0@0.002	0.396	0.524-0.922	244.178	1022.37	255	502	NaN	NaN	NaN	NaN					96.0063	94.4972	-27.4295	-12.0313	0.0468827	7.5625	-28.4111	0							voice echo "booed" tok=390305f87b033965 take=1 src=tts:gpt-audio-1.5 f0=94 onset=0.341 dur=0.740 vowel=0.371-0.891 level=0.050
403	proc	383	bod	train	shiftMags=0	1085.32	1.5	1.5	1.5	30	16000	3	0@0.002	0.318	0.386-0.704	-264.837	1004.51	-201	474	937.585	1195.38	703.621	2118.75	938.111	1195.82	703.78	2121.43	104.386	109.618	84.6615	-8.56358	0.0570762	8.1875	-27.3257	0							voice echo "bod" tok=910700843b817ff5 take=1 src=tts:gpt-audio-1.5 f0=92 onset=0.314 dur=0.460 vowel=0.364-0.674 level=0.050
404	proc	384	bad	train	shiftMags=0	1088.01	1.5	1.5	1.5	30	16000	3	0@0.002	0.314	0.450-0.786	-283.288	871.234	-213	342	973.489	1816.57	700.715	2689.28	976.892	1809.65	702.526	2694.08	90.0964	90.5491	8.67746	-3.15805	0.144578	8.3125	-28.4208	0							voice echo "bad" tok=501dd06862356e7f take=2 src=tts:gpt-audio-1.5 f0=86 onset=0.355 dur=0.500 vowel=0.445-0.755 level=0.050
405	proc	385	booed	train	shiftMags=0	1090.32	1.5	1.5	1.5	30	16000	3	0@0.002	0.276	0.312-0.610	209.486	995.792	212	458	NaN	NaN	NaN	NaN					124.742	124.621	-1.67364	-11.917	0.0601315	7.6875	-28.5319	0							voice echo "booed" tok=ad77a8a33e088b2a take=2 src=tts:gpt-audio-1.5 f0=106 onset=0.323 dur=0.420 vowel=0.323-0.503 level=0.050
406	proc	386	bod	train	shiftMags=0	1093.24	1.5	1.5	1.5	30	16000	3	0@0.002	0.32	0.462-0.788	-213.064	1015.1	-166	496	881.674	1118.11	665.13	2080.97	884.949	1118.25	664.547	2092.62	105.888	101.663	-70.4935	-9.55586	0.0684545	8.25	-27.6953	0							voice echo "bod" tok=fccd724314e4c1c5 take=2 src=tts:gpt-audio-1.5 f0=94 onset=0.369 dur=0.490 vowel=0.439-0.749 level=0.050
407	proc	387	bead	train	shiftMags=0	1095.75	1.5	1.5	1.5	30	16000	3	0@0.002	0.292	0.386-0.678	222.677	609.988	228	193	263.435	2539.98	443.542	3019.72	263.574	2544.35	456.734	3044.56	104.335	110.269	95.7659	-7.36303	0.0851091	7.5625	-29.2178	0							voice echo "bead" tok=6b84e5f1a56ad803 take=2 src=tts:gpt-audio-1.5 f0=103 onset=0.293 dur=0.490 vowel=0.293-0.653 level=0.050
408	proc	388	bead	train	shiftMags=0	1098.55	1.5	1.5	1.5	30	16000	3	0@0.002	0.362	0.456-0.818	226.091	613.036	232	193	293.418	2498.31	435.503	3071.81	299.147	2515.3	433.368	3102.84	104.764	134.647	434.434	-8.16609	0.109809	7.5625	-27.0956	0							voice echo "bead" tok=a6ffb7d8c3b45ccc take=3 src=tts:gpt-audio-1.5 f0=108 onset=0.329 dur=0.630 vowel=0.439-0.789 level=0.050
409	proc	389	booed	train	shiftMags=0	1101.06	1.5	1.5	1.5	30	16000	3	0@0.002	0.308	0.396-0.704	153.617	1001.47	149	469	336.404	1357.12	424.123	2383.28	336.404	1357.12	424.123	2383.28	110.205	130.296	289.924	-13.0471	0.0570898	7.75	-27.4966	0							voice echo "booed" tok=85296114975a57f8 take=3 src=tts:gpt-audio-1.5 f0=103 onset=0.288 dur=0.540 vowel=0.378-0.688 level=0.050
410	proc	390	bod	train	shiftMags=0	1103.4	1.5	1.5	1.5	30	16000	3	0@0.002	0.26	0.424-0.684	-231.329	1018.72	-178	496	892.203	1141.5	674.545	2100.93	892.203	1141.5	674.545	2100.93	128.01	127.175	-11.3262	-9.40838	0.0850156	8.125	-28.3207	0							voice echo "bod" tok=c7377566b0b94f28 take=3 src=tts:gpt-audio-1.5 f0=112 onset=0.312 dur=0.540 vowel=0.312-0.642 level=0.050
411	proc	391	bad	train	shiftMags=0	1106.9	1.5	1.5	1.5	30	16000	3	0@0.002	0.298	0.432-0.730	-308.292	863.297	-229	336	1008.68	1829.64	720.54	2700.64	1012.38	1805.94	721.489	2709.88	118.34	115.15	-47.3197	-2.80102	0.132034	8.3125	-27.8399	0							voice echo "bad" tok=dd833772bca6cde5 take=3 src=tts:gpt-audio-1.5 f0=110 onset=0.354 dur=0.480 vowel=0.394-0.674 level=0.050
412	proc	392	bad	train	shiftMags=0	1109.32	1.5	1.5	1.5	30	16000	3	0@0.002	0.38	0.344-0.734	-277.11	873.711	-209	342	941.414	1772.22	697.192	2669.75	955.47	1762.87	699.745	2666.85	85.8627	91.7988	115.732	-2.68912	0.341222	8.3125	-25.1067	0							voice echo "bad" tok=f87c088ba55beb5d take=0 src=tts:gpt-audio-1.5 f0=84 onset=0.359 dur=0.430 vowel=0.359-0.659 level=0.050
413	proc	393	bod	train	shiftMags=0	1111.79	1.5	1.5	1.5	30	16000	3	0@0.002	0.288	0.430-0.718	-208.128	1015.34	-162	491	870.869	1161.35	651.318	2087.33	876.29	1162.48	652.656	2106.71	81.9694	94.8112	251.967	-9.32176	0.0790296	8.125	-28.2794	0							voice echo "bod" tok=02fe6d4edf3f298e take=0 src=tts:gpt-audio-1.5 f0=83 onset=0.326 dur=0.540 vowel=0.406-0.696 level=0.050
414	proc	394	bead	train	shiftMags=0	1114.55	1.5	1.5	1.5	30	16000	3	0@0.002	0.326	0.480-0.806	234.426	619.939	243	198	282.019	2521.33	461.973	3082.65	282.019	2521.33	461.973	3082.65	96.2817	101.212	86.4513	-8.59112	0.0961306	7.5625	-26.9861	0							voice echo "bead" tok=1541b7e052a6b1b3 take=0 src=tts:gpt-audio-1.5 f0=98 onset=0.361 dur=0.580 vowel=0.461-0.881 level=0.050
415	proc	395	booed	train	shiftMags=0	1117.3	1.5	1.5	1.5	30	16000	3	0@0.002	0.336	0.376-0.712	177.521	990.327	175	452	NaN	NaN	NaN	NaN					107.814	120.429	191.554	-13.1099	0.0513999	7.625	-27.988	1	1.485+15.4ms						voice echo "booed" tok=b939e88715e9db1e take=0 src=tts:gpt-audio-1.5 f0=102 onset=0.362 dur=0.460 vowel=0.362-0.682 level=0.050
416	proc	396	bed	generalization	shiftMags=0	1124.7	1.5	1.5	1.5	30	16000	4	0@0.002	0.274	0.348-0.762	-126.697	795.944	-103	287	682.305	2002.95	423.639	3532.12	687.971	2011.04	417.693	2255.77	83.7195	NaN	NaN	-5.31957	0.0854311	12	-28.3237	0							voice echo "bed" tok=4c425856e032c672 take=3 src=tts:gpt-audio-1.5 f0=94 onset=0.293 dur=0.520 vowel=0.343-0.753 level=0.050
417	proc	397	bid	generalization	shiftMags=0	1127.25	1.5	1.5	1.5	30	16000	4	0@0.002	0.222	0.368-0.590	52.1508	745.656	47	259	495.113	2252.68	528.135	1534.58	495.113	2252.68	528.135	1534.58	156.943	233.924	690.956	-7.67387	0.0832057	35.1875	-27.2078	0							voice echo "bid" tok=44eaf08c8f1fc283 take=3 src=tts:gpt-audio-1.5 f0=118 onset=0.313 dur=0.410 vowel=0.353-0.543 level=0.050
418	proc	398	bayed	generalization	shiftMags=0	1129.85	1.5	1.5	1.5	30	16000	4	0@0.002	0.388	0.344-0.768	72.097	682.181	66	226	518.859	2360.05	500.181	3576.13	518.859	2360.05	500.181	3576.13	102.91	186.126	1025.88	-5.14872	0.0991394	-36.1875	-27.2265	0							voice echo "bayed" tok=c67857a28e63d1d3 take=3 src=tts:gpt-audio-1.5 f0=95 onset=0.355 dur=0.430 vowel=0.355-0.745 level=0.050
419	proc	399	bode	generalization	shiftMags=0	1132.25	1.5	1.5	1.5	30	16000	4	0@0.002	0.318	0.466-0.784	3.42041	1021.5	2.99998	502	664.745	1202.54	461.645	1213.99	669.396	1220.54	442.213	1216.58	117.617	130.269	176.876	-5.27594	0.107428	57.5	-26.4554	0							voice echo "bode" tok=697aea8db4d6770a take=3 src=tts:gpt-audio-1.5 f0=120 onset=0.336 dur=0.580 vowel=0.466-0.756 level=0.050
420	proc	400	bud	generalization	shiftMags=0	1134.72	1.5	1.5	1.5	30	16000	4	0@0.002	0.25	0.490-0.740	-142.877	960.53	-115	419	774.345	1312.4	407.582	2869.19	774.345	1312.4	407.582	2869.19	90.8014	NaN	NaN	-6.00951	0.110398	60	-27.0593	0							voice echo "bud" tok=f2585ff2e7006aff take=3 src=tts:gpt-audio-1.5 f0=95 onset=0.368 dur=0.510 vowel=0.488-0.738 level=0.050
421	proc	401	bud	generalization	shiftMags=0	1137.14	1.5	1.5	1.5	30	16000	4	0@0.002	0.32	0.356-0.710	-77.8391	898.2	-65	358	779.163	1363.91	332.819	1916.68	779.163	1363.91	332.819	1916.68	102.051	181.574	997.511	-4.18532	0.0897915	21.625	-28.8915	0							voice echo "bud" tok=2d4b419862f9712f take=0 src=tts:gpt-audio-1.5 f0=101 onset=0.290 dur=0.430 vowel=0.290-0.680 level=0.050
422	proc	402	bid	generalization	shiftMags=0	1139.5	1.5	1.5	1.5	30	16000	4	0@0.002	0.25	0.406-0.656	60.6455	790.529	55	287	496.594	2164.84	475.16	1996.52	496.594	2164.84	475.16	1996.52	94.127	224.405	1504.11	-5.44918	0.0725957	-31.1875	-27.5706	0							voice echo "bid" tok=f414548c45260df7 take=0 src=tts:gpt-audio-1.5 f0=94 onset=0.304 dur=0.510 vowel=0.394-0.614 level=0.050
423	proc	403	bed	generalization	shiftMags=0	1142	1.5	1.5	1.5	30	16000	4	0@0.002	0.266	0.414-0.706	-56.8761	810.701	-48	298	712.345	1983.42	422.255	1347.48	718.87	2004.2	412.266	1288.11	101.993	NaN	NaN	-4.70769	0.0882878	21.875	-27.1015	0							voice echo "bed" tok=79b8acda9c385e72 take=0 src=tts:gpt-audio-1.5 f0=99 onset=0.360 dur=0.360 vowel=0.390-0.660 level=0.050
424	proc	404	bayed	generalization	shiftMags=0	1144.91	1.5	1.5	1.5	30	16000	4	0@0.002	0.296	0.352-0.648	78.3302	681.023	72	226	540.398	2314.1	468.367	3653.41	540.398	2314.1	468.367	3653.41	99.5619	NaN	NaN	-5.33545	0.0984568	-23.0625	-27.4816	0							voice echo "bayed" tok=1fc3b02fa708d9ea take=0 src=tts:gpt-audio-1.5 f0=102 onset=0.289 dur=0.430 vowel=0.329-0.619 level=0.050
425	proc	405	bode	generalization	shiftMags=0	1147.81	1.5	1.5	1.5	30	16000	4	0@0.002	0.29	0.480-0.770	52.043	1013.95	47	485	624.848	1245.39	381.028	2173.45	624.848	1245.39	381.028	2173.45	104.826	NaN	NaN	-5.50357	0.0856981	-40.375	-28.4962	0							voice echo "bode" tok=e6d7a31b83677097 take=0 src=tts:gpt-audio-1.5 f0=101 onset=0.314 dur=0.630 vowel=0.344-0.824 level=0.050
426	proc	406	bid	generalization	shiftMags=0	1150.47	1.5	1.5	1.5	30	16000	4	0@0.002	0.238	0.470-0.708	34.7534	778.971	31	276	480.004	2096.76	524.442	3473.52	485.438	2115.99	538.281	3424.75	92.8317	195.273	1287.36	-5.73646	0.0727861	44.25	-27.916	0							voice echo "bid" tok=c119b434c076614d take=1 src=tts:gpt-audio-1.5 f0=92 onset=0.375 dur=0.460 vowel=0.445-0.675 level=0.050
427	proc	407	bode	generalization	shiftMags=0	1153.23	1.5	1.5	1.5	30	16000	4	0@0.002	0.322	0.402-0.724	30.3943	1013.88	27	485	643.579	1206.85	479.717	1262.95	643.579	1206.85	479.717	1262.95	104.853	234.71	1395.02	-6.14862	0.0692759	-2.875	-26.9341	0							voice echo "bode" tok=c15c61d82fdebff2 take=1 src=tts:gpt-audio-1.5 f0=104 onset=0.353 dur=0.520 vowel=0.383-0.713 level=0.050
428	proc	408	bud	generalization	shiftMags=0	1155.93	1.5	1.5	1.5	30	16000	4	0@0.002	0.274	0.500-0.774	-121.337	964.027	-99	419	717.877	1128.94	466.162	1138.25	717.877	1128.94	466.162	1138.25	84.9622	NaN	NaN	-4.81375	0.0939169	2.375	-28.1933	0							voice echo "bud" tok=158fecf187767308 take=1 src=tts:gpt-audio-1.5 f0=98 onset=0.332 dur=0.640 vowel=0.482-0.742 level=0.050
429	proc	409	bayed	generalization	shiftMags=0	1158.62	1.5	1.5	1.5	30	16000	4	0@0.002	0.376	0.342-0.718	86.5229	650.844	80	210	645.492	2205.28	457.802	2298.84	652.955	2259.84	467.254	2930.5	98.848	141.574	621.924	-5.24495	0.0834365	27.1875	-27.1082	0							voice echo "bayed" tok=0eb1260ea1fe298a take=1 src=tts:gpt-audio-1.5 f0=96 onset=0.295 dur=0.580 vowel=0.325-0.705 level=0.050
430	proc	410	bed	generalization	shiftMags=0	1161.21	1.5	1.5	1.5	30	16000	4	0@0.002	0.29	0.488-0.778	-162.903	791.253	-130	287	NaN	NaN	NaN	NaN					130.704	NaN	NaN	-4.27911	0.0928639	8.875	-28.0139	0							voice echo "bed" tok=6232dd768c0e224d take=1 src=tts:gpt-audio-1.5 f0=111 onset=0.363 dur=0.570 vowel=0.473-0.743 level=0.050
431	proc	411	bud	generalization	shiftMags=0	1163.96	1.5	1.5	1.5	30	16000	4	0@0.002	0.216	0.342-0.572	-126.495	974.735	-103	436	793.034	1349.7	499.556	1702.19	793.034	1349.7	499.556	1702.19	90.7308	NaN	NaN	-5.6784	0.0812179	15.875	-28.0279	0							voice echo "bud" tok=f61498642769fa87 take=2 src=tts:gpt-audio-1.5 f0=96 onset=0.332 dur=0.360 vowel=0.332-0.642 level=0.050
432	proc	412	bed	generalization	shiftMags=0	1166.49	1.5	1.5	1.5	30	16000	4	0@0.002	0.254	0.316-0.570	-90.4276	813.131	-75	298	NaN	NaN	NaN	NaN					92.7568	NaN	NaN	-4.53492	0.0895923	44.75	-27.1088	0							voice echo "bed" tok=49eae8e85483d239 take=2 src=tts:gpt-audio-1.5 f0=87 onset=0.328 dur=0.380 vowel=0.328-0.638 level=0.050
433	proc	413	bid	generalization	shiftMags=0	1168.98	1.5	1.5	1.5	30	16000	4	0@0.002	0.228	0.426-0.678	47.7297	765.034	43	270	513.563	2159.53	387.959	3503.95	513.563	2159.53	387.959	3503.95	107.529	NaN	NaN	-4.45436	0.102415	38.25	-28.424	0							voice echo "bid" tok=f1e7ea1f3cda358f take=2 src=tts:gpt-audio-1.5 f0=102 onset=0.351 dur=0.420 vowel=0.411-0.611 level=0.050
434	proc	414	bayed	generalization	shiftMags=0	1171.4	1.5	1.5	1.5	30	16000	4	0@0.002	0.324	0.384-0.708	110.836	672.813	104	221	548.043	2219.28	504.761	1466.86	560.347	2231.3	505.34	1819.07	96.2992	231.644	1519.58	-6.32121	0.0908708	49.75	-27.7434	0							voice echo "bayed" tok=3cf8e6b105a18b98 take=2 src=tts:gpt-audio-1.5 f0=95 onset=0.285 dur=0.540 vowel=0.365-0.685 level=0.050
435	proc	415	bode	generalization	shiftMags=0	1173.95	1.5	1.5	1.5	30	16000	4	0@0.002	0.332	0.422-0.754	56.3521	1023.79	51	504.5	582.474	1279.9	584.659	1466.46	582.474	1279.9	584.659	1466.46	94.4152	219.423	1459.95	-4.14581	0.107844	43.5625	-27.8974	0							voice echo "bode" tok=c3bef5813330696d take=2 src=tts:gpt-audio-1.5 f0=92 onset=0.374 dur=0.490 vowel=0.404-0.724 level=0.050
436	proc	416	bode	generalization	shiftMags=0	1176.75	1.5	1.5	1.5	30	16000	4	0@0.002	0.318	0.486-0.804	3.42297	1021.99	3.00001	502	667.066	1218.21	429.772	1274.7	667.066	1218.21	429.772	1274.7	117.621	189.01	821.182	-5.02308	0.0858122	17.75	-26.4556	0							voice echo "bode" tok=697aea8db4d6770a take=3 src=tts:gpt-audio-1.5 f0=120 onset=0.356 dur=0.580 vowel=0.486-0.776 level=0.050
437	proc	417	bid	generalization	shiftMags=0	1179.03	1.5	1.5	1.5	30	16000	4	0@0.002	0.222	0.360-0.582	56.3018	743.48	51	259	495.414	2260.34	526.308	1447.63	495.414	2260.34	526.308	1447.63	159.393	218.236	543.967	-7.95149	0.0849861	43.8125	-27.2084	0							voice echo "bid" tok=44eaf08c8f1fc283 take=3 src=tts:gpt-audio-1.5 f0=118 onset=0.304 dur=0.410 vowel=0.344-0.534 level=0.050
438	proc	418	bayed	generalization	shiftMags=0	1181.87	1.5	1.5	1.5	30	16000	4	0@0.002	0.39	0.358-0.784	68.0376	680.731	62	226	499.83	2382.46	505.89	3655.58	499.83	2382.46	505.89	3655.58	108.064	183.91	920.53	-5.39459	0.0997281	-43.25	-27.2275	0							voice echo "bayed" tok=c67857a28e63d1d3 take=3 src=tts:gpt-audio-1.5 f0=95 onset=0.371 dur=0.430 vowel=0.371-0.761 level=0.050
439	proc	419	bud	generalization	shiftMags=0	1184.72	1.5	1.5	1.5	30	16000	4	0@0.002	0.252	0.452-0.704	-142.762	959.271	-115	419	767.441	1302.45	414.468	1087.67	767.441	1302.45	414.468	1087.67	90.1339	130.692	643.241	-5.17476	0.0986995	26.625	-27.0601	0							voice echo "bud" tok=f2585ff2e7006aff take=3 src=tts:gpt-audio-1.5 f0=95 onset=0.330 dur=0.510 vowel=0.450-0.700 level=0.050
440	proc	420	bed	generalization	shiftMags=0	1187.48	1.5	1.5	1.5	30	16000	4	0@0.002	0.268	0.360-0.772	-126.932	795.78	-103	287	715.501	2062.35	441.198	1205.15	715.501	2062.35	441.198	1205.15	82.4637	NaN	NaN	-5.98147	0.0958399	50.9375	-28.3239	0							voice echo "bed" tok=4c425856e032c672 take=3 src=tts:gpt-audio-1.5 f0=94 onset=0.306 dur=0.520 vowel=0.356-0.766 level=0.050
441	proc	421	bud	generalization	shiftMags=0	1191.22	1.5	1.5	1.5	30	16000	4	0@0.002	0.306	0.422-0.776	-90.6517	907.028	-75	369	NaN	NaN	NaN	NaN					102.013	NaN	NaN	-4.05048	0.0806601	52.6875	-28.8917	0							voice echo "bud" tok=2d4b419862f9712f take=0 src=tts:gpt-audio-1.5 f0=101 onset=0.357 dur=0.430 vowel=0.357-0.747 level=0.050
442	proc	422	bode	generalization	shiftMags=0	1193.57	1.5	1.5	1.5	30	16000	4	0@0.002	0.288	0.516-0.804	49.863	1013.9	45	485	638.255	1259.73	369.813	1879.83	650.331	1267.17	395.36	2462.91	101.982	244.06	1510.7	-5.23322	0.0802036	49.375	-28.4968	0							voice echo "bode" tok=e6d7a31b83677097 take=0 src=tts:gpt-audio-1.5 f0=101 onset=0.350 dur=0.630 vowel=0.380-0.860 level=0.050
443	proc	423	bed	generalization	shiftMags=0	1196.09	1.5	1.5	1.5	30	16000	4	0@0.002	0.272	0.360-0.652	-56.7663	812.697	-48	298	752.398	1988.93	697.288	3479.16	752.398	1988.93	697.288	3479.16	102.969	NaN	NaN	-4.3778	0.106832	-39.125	-27.1006	0							voice echo "bed" tok=79b8acda9c385e72 take=0 src=tts:gpt-audio-1.5 f0=99 onset=0.307 dur=0.360 vowel=0.337-0.607 level=0.050
444	proc	424	bayed	generalization	shiftMags=0	1198.45	1.5	1.5	1.5	30	16000	4	0@0.002	0.296	0.410-0.706	76.2979	682.094	70	226	529.528	2192.78	475.247	2490.62	529.528	2192.78	475.247	2490.62	99.429	NaN	NaN	-5.44837	0.0945624	20.1875	-27.4816	0							voice echo "bayed" tok=1fc3b02fa708d9ea take=0 src=tts:gpt-audio-1.5 f0=102 onset=0.347 dur=0.430 vowel=0.387-0.677 level=0.050
445	proc	425	bid	generalization	shiftMags=0	1201.07	1.5	1.5	1.5	30	16000	4	0@0.002	0.236	0.410-0.646	60.5538	790.549	55	287	480.261	2144.83	378.205	1233.76	492.595	2144.88	379.62	1186.88	93.1943	205.205	1366.51	-5.44791	0.0802085	28.8125	-27.5719	0							voice echo "bid" tok=f414548c45260df7 take=0 src=tts:gpt-audio-1.5 f0=94 onset=0.307 dur=0.510 vowel=0.397-0.617 level=0.050
446	proc	426	bed	generalization	shiftMags=0	1203.66	1.5	1.5	1.5	30	16000	4	0@0.002	0.29	0.440-0.730	-162.989	791.427	-130	287	738.621	2027.48	475.436	2067.77	792.526	2048.4	495.684	1448.56	126.221	197.617	776.1	-6.02786	0.0686159	50.25	-28.0142	0							voice echo "bed" tok=6232dd768c0e224d take=1 src=tts:gpt-audio-1.5 f0=111 onset=0.315 dur=0.570 vowel=0.425-0.695 level=0.050
447	proc	427	bud	generalization	shiftMags=0	1206.21	1.5	1.5	1.5	30	16000	4	0@0.002	0.274	0.462-0.736	-121.347	964.004	-99	419	749.591	1155.06	442.211	1992.02	771.178	1175.67	446.195	2012.61	85.408	232.876	1736.54	-6.18429	0.0664447	55.375	-28.193	0							voice echo "bud" tok=158fecf187767308 take=1 src=tts:gpt-audio-1.5 f0=98 onset=0.293 dur=0.640 vowel=0.443-0.703 level=0.050
448	proc	428	bid	generalization	shiftMags=0	1209.19	1.5	1.5	1.5	30	16000	4	0@0.002	0.238	0.420-0.658	34.7318	777.312	31	276	NaN	NaN	NaN	NaN					92.6193	NaN	NaN	-5.71739	0.0798947	45.0625	-27.922	0							voice echo "bid" tok=c119b434c076614d take=1 src=tts:gpt-audio-1.5 f0=92 onset=0.324 dur=0.460 vowel=0.394-0.624 level=0.050
449	proc	429	bayed	generalization	shiftMags=0	1211.76	1.5	1.5	1.5	30	16000	4	0@0.002	0.374	0.342-0.716	84.6788	651.165	78	210	645.943	2189.46	476.826	2916.74	647.584	2209.98	489.699	3549.45	98.7954	138.889	589.694	-5.00308	0.0894997	28.3125	-27.1088	0							voice echo "bayed" tok=0eb1260ea1fe298a take=1 src=tts:gpt-audio-1.5 f0=96 onset=0.294 dur=0.580 vowel=0.324-0.704 level=0.050
450	proc	430	bode	generalization	shiftMags=0	1214.65	1.5	1.5	1.5	30	16000	4	0@0.002	0.322	0.382-0.704	34.6962	1012.15	31	485	696.5	1307.42	374.083	1654.44	696.5	1307.42	374.083	1654.44	105.189	NaN	NaN	-4.41323	0.0930349	20.4375	-26.9339	0							voice echo "bode" tok=c15c61d82fdebff2 take=1 src=tts:gpt-audio-1.5 f0=104 onset=0.334 dur=0.520 vowel=0.364-0.694 level=0.050
451	proc	431	bayed	generalization	shiftMags=0	1217.14	1.5	1.5	1.5	30	16000	4	0@0.002	0.324	0.416-0.740	110.834	671.536	104	221	607.491	2146.31	474.423	1247.22	607.491	2146.31	474.423	1247.22	96.2874	NaN	NaN	-5.4583	0.0994977	19.75	-27.7396	0							voice echo "bayed" tok=3cf8e6b105a18b98 take=2 src=tts:gpt-audio-1.5 f0=95 onset=0.317 dur=0.540 vowel=0.397-0.717 level=0.050
452	proc	432	bode	generalization	shiftMags=0	1219.55	1.5	1.5	1.5	30	16000	4	0@0.002	0.33	0.358-0.688	56.3256	1025.97	51	507	NaN	NaN	NaN	NaN					94.1561	NaN	NaN	-3.70756	0.0938829	-3.75	-27.897	0							voice echo "bode" tok=c3bef5813330696d take=2 src=tts:gpt-audio-1.5 f0=92 onset=0.309 dur=0.490 vowel=0.339-0.659 level=0.050
453	proc	433	bed	generalization	shiftMags=0	1222.09	1.5	1.5	1.5	30	16000	4	0@0.002	0.254	0.300-0.554	-90.3446	812.619	-75	298	533.24	2011.22	391.765	2240.49	554.861	2010.06	435.424	3389.99	100.877	208.273	1255.05	-5.87666	0.0981665	48.9375	-27.1108	0							voice echo "bed" tok=49eae8e85483d239 take=2 src=tts:gpt-audio-1.5 f0=87 onset=0.312 dur=0.380 vowel=0.312-0.622 level=0.050
454	proc	434	bud	generalization	shiftMags=0	1224.64	1.5	1.5	1.5	30	16000	4	0@0.002	0.222	0.358-0.590	-121.385	974.782	-99	436	706.94	1271.92	478.048	1937.28	743.946	1298.37	448.041	1567.37	89.2232	NaN	NaN	-5.90251	0.0697466	37.1875	-28.0292	0							voice echo "bud" tok=f61498642769fa87 take=2 src=tts:gpt-audio-1.5 f0=96 onset=0.350 dur=0.360 vowel=0.350-0.660 level=0.050
455	proc	435	bid	generalization	shiftMags=0	1227.27	1.5	1.5	1.5	30	16000	4	0@0.002	0.236	0.410-0.662	51.9648	765.308	47	270	NaN	NaN	NaN	NaN					106.336	144.643	532.643	-3.67497	0.106836	24.9375	-28.4251	0							voice echo "bid" tok=f1e7ea1f3cda358f take=2 src=tts:gpt-audio-1.5 f0=102 onset=0.334 dur=0.420 vowel=0.394-0.594 level=0.050
456	proc	436	bud	generalization	shiftMags=0	1229.59	1.5	1.5	1.5	30	16000	4	0@0.002	0.25	0.448-0.698	-142.887	960.34	-115	419	766.565	1304.38	595.855	2022.86	766.565	1304.38	595.855	2022.86	89.2392	NaN	NaN	-5.75772	0.091505	57.875	-27.0587	0							voice echo "bud" tok=f2585ff2e7006aff take=3 src=tts:gpt-audio-1.5 f0=95 onset=0.327 dur=0.510 vowel=0.447-0.697 level=0.050
457	proc	437	bid	generalization	shiftMags=0	1232.32	1.5	1.5	1.5	30	16000	4	0@0.002	0.224	0.370-0.594	56.4306	743.414	51	259	496.291	2245.4	523.111	1388.39	496.291	2245.4	523.111	1388.39	157.709	NaN	NaN	-7.49976	0.0870452	32.625	-27.2081	0							voice echo "bid" tok=44eaf08c8f1fc283 take=3 src=tts:gpt-audio-1.5 f0=118 onset=0.316 dur=0.410 vowel=0.356-0.546 level=0.050
458	proc	438	bode	generalization	shiftMags=0	1235.29	1.5	1.5	1.5	30	16000	4	0@0.002	0.318	0.426-0.744	3.42352	1021.94	3.00001	502	648.07	1179.15	434.588	1293.62	648.07	1179.15	434.588	1293.62	117.619	196.224	886.061	-6.59251	0.0778601	-49.4375	-26.456	0							voice echo "bode" tok=697aea8db4d6770a take=3 src=tts:gpt-audio-1.5 f0=120 onset=0.296 dur=0.580 vowel=0.426-0.716 level=0.050
459	proc	439	bed	generalization	shiftMags=0	1237.63	1.5	1.5	1.5	30	16000	4	0@0.002	0.27	0.376-0.790	-126.908	795.3	-103	287	781.69	2055.61	441.982	2409.67	781.69	2055.61	441.982	2409.67	99.2248	173.282	965.223	-5.95094	0.0775336	-6	-28.323	0							voice echo "bed" tok=4c425856e032c672 take=3 src=tts:gpt-audio-1.5 f0=94 onset=0.322 dur=0.520 vowel=0.372-0.782 level=0.050
460	proc	440	bayed	generalization	shiftMags=0	1240.49	1.5	1.5	1.5	30	16000	4	0@0.002	0.392	0.334-0.760	72.0899	680.14	66	226	514.533	2358	427.181	2325.4	514.533	2358	427.181	2325.4	101.266	NaN	NaN	-4.76688	0.107213	-8.25	-27.2275	0							voice echo "bayed" tok=c67857a28e63d1d3 take=3 src=tts:gpt-audio-1.5 f0=95 onset=0.346 dur=0.430 vowel=0.346-0.736 level=0.050
461	proc	441	bud	generalization	shiftMags=0	1243.02	1.5	1.5	1.5	30	16000	4	0@0.002	0.304	0.354-0.708	-88.0635	904.345	-73	369	780.208	1364.07	1923.33	3797.84	780.208	1364.07	1923.33	3797.84	102.75	182.448	994.01	-4.15099	0.0897631	23.5	-28.8915	0							voice echo "bud" tok=2d4b419862f9712f take=0 src=tts:gpt-audio-1.5 f0=101 onset=0.289 dur=0.430 vowel=0.289-0.679 level=0.050
462	proc	442	bayed	generalization	shiftMags=0	1245.35	1.5	1.5	1.5	30	16000	4	0@0.002	0.296	0.372-0.668	76.3494	680.621	70	226	569.931	2168.1	426.556	1164.27	569.931	2168.1	426.556	1164.27	99.8083	NaN	NaN	-5.13049	0.0736823	17.8125	-27.4824	0							voice echo "bayed" tok=1fc3b02fa708d9ea take=0 src=tts:gpt-audio-1.5 f0=102 onset=0.308 dur=0.430 vowel=0.348-0.638 level=0.050
463	proc	443	bid	generalization	shiftMags=0	1248.18	1.5	1.5	1.5	30	16000	4	0@0.002	0.234	0.446-0.680	60.5659	790.443	55	287	403.044	2073.5	374.85	2283.27	403.044	2073.5	374.85	2283.27	93.4334	NaN	NaN	-4.76772	0.0868238	27.1875	-27.5719	0							voice echo "bid" tok=f414548c45260df7 take=0 src=tts:gpt-audio-1.5 f0=94 onset=0.343 dur=0.510 vowel=0.433-0.653 level=0.050
464	proc	444	bed	generalization	shiftMags=0	1251.16	1.5	1.5	1.5	30	16000	4	0@0.002	0.272	0.368-0.660	-54.4452	812.713	-46	298	747.036	1994.93	456.766	1272.48	747.036	1994.93	456.766	1272.48	103.43	NaN	NaN	-5.8285	0.0893428	-38.75	-27.101	0							voice echo "bed" tok=79b8acda9c385e72 take=0 src=tts:gpt-audio-1.5 f0=99 onset=0.314 dur=0.360 vowel=0.344-0.614 level=0.050
465	proc	445	bode	generalization	shiftMags=0	1253.95	1.5	1.5	1.5	30	16000	4	0@0.002	0.29	0.472-0.762	52.078	1013.88	47	485	651.4	1271.2	389.15	1700.59	651.4	1271.2	389.15	1700.59	104.548	NaN	NaN	-5.30894	0.0890743	-29.9375	-28.4959	0							voice echo "bode" tok=e6d7a31b83677097 take=0 src=tts:gpt-audio-1.5 f0=101 onset=0.307 dur=0.630 vowel=0.337-0.817 level=0.050
