k	mode	itrial	word	cond	shiftInfo	t0	dur	pumped_s	rec_s	rec_limit_s	sr	fb	ost	shift_s	shift_span	shift_F1_Hz	shift_F2_Hz	shift_F1_mel	shift_F2_mel	in_F1	in_F2	out_F1	out_F2	span_in_F1	span_in_F2	span_out_F1	span_out_F2	in_f0	out_f0	pitch_cents	gain_dB	heard_peak	lag_ms	in_rms_dB	noise_zero_runs	noise_zero_at	play_s	play_rms_dB	play_peak	read_s	lost_s	input
1	proc	1	bead	baselineTrain	shiftMags=0	6.003	1.5	1.5	1.5	30	16000	3	0@0.002 1@0.356 2@0.406 3@0.588 4@0.638	0		0	0	0	0	364.775	2311.24	365.487	2317.91					118.576	118.6	0.351207	-1.86	0.107383	8	-26.4996	0							synth "bead" male f0=118 vowels=IY onset=0.327 dur=0.268 level=0.050
2	proc	2	booed	baselineTrain	shiftMags=0	8.99624	1.5	1.5	1.5	30	16000	3	0@0.002 1@0.330 2@0.380 3@0.484 2@0.490 3@0.492 4@0.636	0		0	0	0	0	384.318	975.802	388.701	986.692					118.064	118.076	0.168658	-2.022	0.111125	8	-26.3775	0							synth "booed" male f0=118 vowels=UW onset=0.302 dur=0.294 level=0.050
3	proc	3	bad	baselineTrain	shiftMags=0	11.6072	1.5	1.5	1.5	30	16000	3	0@0.002 1@0.330 2@0.380 3@0.534 2@0.536 3@0.542 2@0.546 3@0.552 2@0.556 3@0.558 4@0.632	0		0	0	0	0	589.516	1950.5	592.736	1957.92					118.073	118.263	2.78189	-1.92817	0.129618	8	-26.6024	0							synth "bad" male f0=118 vowels=AE onset=0.300 dur=0.290 level=0.050
4	proc	4	bod	baselineTrain	shiftMags=0	14.3615	1.5	1.5	1.5	30	16000	3	0@0.002 1@0.320 2@0.370 3@0.476 2@0.478 3@0.484 2@0.488 3@0.492 2@0.522 3@0.526 2@0.530 3@0.534 2@0.538 3@0.542 2@0.546 3@0.552 2@0.554 3@0.628 4@0.672	0		0	0	0	0	754.381	1337.99	754.966	1329.28					118.147	118.435	4.20997	-1.93845	0.141209	8	-26.1897	0							synth "bod" male f0=118 vowels=AA onset=0.293 dur=0.334 level=0.050
5	proc	5	booed	baselineTrain	shiftMags=0	16.7411	1.5	1.5	1.5	30	16000	3	0@0.002 1@0.326 2@0.376 3@0.482 2@0.484 3@0.488 2@0.494 3@0.496 4@0.668	0		0	0	0	0	383.432	975.972	389.223	987.26					118.279	118.314	0.499906	-1.97376	0.109612	8	-26.4558	0							synth "booed" male f0=118 vowels=UW onset=0.298 dur=0.329 level=0.050
6	proc	6	bod	baselineTrain	shiftMags=0	19.6866	1.5	1.5	1.5	30	16000	3	0@0.002 1@0.314 2@0.364 3@0.470 2@0.472 3@0.478 2@0.482 3@0.486 2@0.490 3@0.494 2@0.498 3@0.504 2@0.506 3@0.512 2@0.514 3@0.566 4@0.612	0		0	0	0	0	751.063	1333.36	754.225	1329.58					117.923	117.928	0.0827185	-1.96741	0.13979	8	-26.3611	0							synth "bod" male f0=118 vowels=AA onset=0.286 dur=0.280 level=0.050
7	proc	7	bead	baselineTrain	shiftMags=0	22.5462	1.5	1.5	1.5	30	16000	3	0@0.002 1@0.362 2@0.412 3@0.644 4@0.696	0		0	0	0	0	364.702	2311.45	365.303	2313.36					118.3	118.428	1.86016	-1.94723	0.104003	8	-26.4837	1	0.985+15.4ms						synth "bead" male f0=118 vowels=IY onset=0.332 dur=0.322 level=0.050
8	proc	8	bad	baselineTrain	shiftMags=0	25.0086	1.5	1.5	1.5	30	16000	3	0@0.002 1@0.332 2@0.382 3@0.544 2@0.548 3@0.552 2@0.556 3@0.560 4@0.676	0		0	0	0	0	590.801	1950.78	591.474	1959.4					118.184	118.191	0.0974118	-1.92952	0.133467	8	-26.5104	0							synth "bad" male f0=118 vowels=AE onset=0.302 dur=0.333 level=0.050
9	proc	9	booed	baselineTrain	shiftMags=0	27.3259	1.5	1.5	1.5	30	16000	3	0@0.002 1@0.300 2@0.350 3@0.454 2@0.458 3@0.462 4@0.610	0		0	0	0	0	384.439	975.425	391.129	985.023					118.27	118.289	0.27572	-1.93833	0.110137	8	-26.4193	0							synth "booed" male f0=118 vowels=UW onset=0.271 dur=0.299 level=0.050
10	proc	10	bad	baselineTrain	shiftMags=0	29.828	1.5	1.5	1.5	30	16000	3	0@0.002 1@0.346 2@0.396 3@0.558 2@0.560 3@0.566 2@0.568 3@0.584 2@0.586 3@0.590 2@0.606 3@0.608 4@0.684	0		0	0	0	0	587.959	1949.7	591.819	1956.18					118.012	118.01	-0.0352932	-1.93468	0.135684	8	-26.4847	0							synth "bad" male f0=118 vowels=AE onset=0.315 dur=0.326 level=0.050
11	proc	11	bod	baselineTrain	shiftMags=0	32.1801	1.5	1.5	1.5	30	16000	3	0@0.002 1@0.316 2@0.366 3@0.480 2@0.482 3@0.488 2@0.490 3@0.498 2@0.500 3@0.506 2@0.508 3@0.556 4@0.600	0		0	0	0	0	753.33	1337.36	755.087	1332.53					118.093	118.56	6.8434	-1.95139	0.142504	8	-26.3575	0							synth "bod" male f0=118 vowels=AA onset=0.288 dur=0.266 level=0.050
12	proc	11	bod	baselineTrain	shiftMags=0	35.6497	1.5	1.5	1.5	30	16000	3	0@0.002 1@0.314 2@0.364 3@0.478 2@0.480 3@0.484 2@0.490 3@0.494 2@0.496 3@0.560 4@0.604	0		0	0	0	0	755.259	1337.07	755.056	1329.95					118	117.858	-2.09281	-1.92268	0.138236	8	-26.3231	0							synth "bod" male f0=118 vowels=AA onset=0.285 dur=0.274 level=0.050
13	proc	12	bead	baselineTrain	shiftMags=0	37.9553	1.5	1.5	1.5	30	16000	3	0@0.002 1@0.366 2@0.416 3@0.640 2@0.642 3@0.648 4@0.698	0		0	0	0	0	364.091	2313.47	363.319	2316.87					118.51	118.584	1.07818	-1.98051	0.102563	8	-26.4618	0							synth "bead" male f0=118 vowels=IY onset=0.336 dur=0.319 level=0.050
14	proc	13	booed	baselineTrain	shiftMags=0	40.6479	1.5	1.5	1.5	30	16000	3	0@0.002 1@0.330 2@0.380 3@0.484 2@0.490 3@0.492 4@0.624	0		0	0	0	0	383.874	974.272	388.723	987.24					118.227	118.423	2.86905	-1.97955	0.11035	8	-26.4852	0							synth "booed" male f0=118 vowels=UW onset=0.301 dur=0.281 level=0.050
15	proc	14	bod	baselineTrain	shiftMags=0	43.0351	1.5	1.5	1.5	30	16000	3	0@0.002 1@0.292 2@0.342 3@0.456 2@0.458 3@0.464 2@0.466 3@0.474 2@0.476 3@0.482 2@0.484 3@0.490 2@0.492 3@0.550 4@0.596	0		0	0	0	0	755.237	1329.68	755.388	1330.4					118.127	118.127	-0.00492981	-1.94919	0.137182	8	-26.3885	0							synth "bod" male f0=118 vowels=AA onset=0.264 dur=0.286 level=0.050
16	proc	15	bad	baselineTrain	shiftMags=0	45.3416	1.5	1.5	1.5	30	16000	3	0@0.002 1@0.318 2@0.368 3@0.522 2@0.524 3@0.540 2@0.542 3@0.546 4@0.622	0		0	0	0	0	588.242	1949.68	591.915	1959.54					118.048	118.21	2.37164	-1.97934	0.127978	8	-26.5315	0							synth "bad" male f0=118 vowels=AE onset=0.288 dur=0.292 level=0.050
17	proc	16	bead	baselineTrain	shiftMags=0	47.9672	1.5	1.5	1.5	30	16000	3	0@0.002 1@0.328 2@0.378 3@0.602 4@0.650	0		0	0	0	0	364.906	2311.57	364.157	2316.34					118.463	118.477	0.208011	-1.85983	0.10916	8	-26.4476	0							synth "bead" male f0=118 vowels=IY onset=0.298 dur=0.310 level=0.050
18	proc	17	booed	baselineTrain	shiftMags=0	50.7257	1.5	1.5	1.5	30	16000	3	0@0.002 1@0.318 2@0.368 3@0.472 2@0.478 3@0.480 4@0.650	0		0	0	0	0	384.073	974.898	388.335	988.045					118.126	118.171	0.65568	-1.95142	0.108295	8	-26.4146	0							synth "booed" male f0=118 vowels=UW onset=0.290 dur=0.320 level=0.050
19	proc	18	bead	baselineTrain	shiftMags=0	53.1877	1.5	1.5	1.5	30	16000	3	0@0.002 1@0.288 2@0.338 3@0.534 4@0.580	0		0	0	0	0	364.522	2312.17	365.331	2313.33					118.007	118.028	0.296615	-1.97703	0.10197	8	-26.5448	0							synth "bead" male f0=118 vowels=IY onset=0.258 dur=0.279 level=0.050
20	proc	19	bod	baselineTrain	shiftMags=0	55.9106	1.5	1.5	1.5	30	16000	3	0@0.002 1@0.294 2@0.344 3@0.456 2@0.458 3@0.464 2@0.468 3@0.474 2@0.476 3@0.482 2@0.484 3@0.490 2@0.494 3@0.500 2@0.502 3@0.506 2@0.510 3@0.516 2@0.518 3@0.562 4@0.608	0		0	0	0	0	753.334	1340.86	754.788	1330.43					118.083	118.273	2.78611	-1.94327	0.141868	8	-26.3169	1	1.485+15.4ms						synth "bod" male f0=118 vowels=AA onset=0.265 dur=0.297 level=0.050
21	proc	20	bad	baselineTrain	shiftMags=0	58.4586	1.5	1.5	1.5	30	16000	3	0@0.002 1@0.332 2@0.382 3@0.546 2@0.560 3@0.562 4@0.622	0		0	0	0	0	587.945	1948.54	591.295	1957.93					118.168	118.322	2.24865	-1.94661	0.130229	8	-26.5993	0							synth "bad" male f0=118 vowels=AE onset=0.303 dur=0.277 level=0.050
22	proc	1	bid	baselineGeneralize	shiftMags=0	68.1391	1.5	1.5	1.5	30	16000	4	0@0.002	0.356	0.294-0.650	225.323	828.866	201	298	450.668	2031.18	441.828	2047.8	450.668	2031.18	441.828	2047.8	118.014	NaN	NaN	-7.37081	0.0663433	-28.625	-26.4244	0							synth "bid" male f0=118 vowels=IH onset=0.267 dur=0.331 level=0.050
23	proc	2	bud	baselineGeneralize	shiftMags=0	70.6345	1.5	1.5	1.5	30	16000	4	0@0.002	0.316	0.326-0.642	110.115	1038.93	91	491	610.79	1194.18	524.149	1509.29	610.79	1194.18	524.149	1509.29	117.959	232.237	1172.78	-9.00465	0.0680978	-17.5	-26.4121	0							synth "bud" male f0=118 vowels=AH onset=0.299 dur=0.297 level=0.050
24	proc	3	bayed	baselineGeneralize	shiftMags=0	73.0025	1.5	1.5	1.5	30	16000	4	0@0.002	0.318	0.356-0.674	205.408	818.915	181	292	481.719	2079.07	462.659	1335.69	481.096	2078.63	445.709	1320.8	118.454	183.644	759.106	-7.30296	0.0731634	53.9375	-26.5189	0							synth "bayed" male f0=118 vowels=EY onset=0.327 dur=0.299 level=0.050
25	proc	4	bode	baselineGeneralize	shiftMags=0	75.88	1.5	1.5	1.5	30	16000	4	0@0.002	0.286	0.302-0.588	197.27	1078.56	173	579	492.819	904.854	474.204	1342.61	492.819	904.854	474.204	1342.61	118.327	152.436	438.518	-7.95282	0.0780374	-35.4375	-26.4507	0							synth "bode" male f0=118 vowels=OW onset=0.274 dur=0.267 level=0.050
26	proc	5	bed	baselineGeneralize	shiftMags=0	78.5573	1.5	1.5	1.5	30	16000	4	0@0.002	0.316	0.290-0.606	126.452	899.342	106	347	584.404	1801.47	487.034	3329.17	584.404	1801.47	487.034	3329.17	118.151	NaN	NaN	-7.19966	0.080067	-5.5625	-26.5392	0							synth "bed" male f0=118 vowels=EH onset=0.257 dur=0.298 level=0.050
27	proc	6	bed	baselineGeneralize	shiftMags=0	81.3693	1.5	1.5	1.5	30	16000	4	0@0.002	0.348	0.288-0.636	126.646	898.882	106	347	585.007	1802.75	502.718	3476.46	584.966	1801.85	544.314	3464.58	118.049	182.582	754.999	-6.57202	0.0638477	43.9375	-26.5848	0							synth "bed" male f0=118 vowels=EH onset=0.257 dur=0.329 level=0.050
28	proc	7	bode	baselineGeneralize	shiftMags=0	84.0198	1.5	1.5	1.5	30	16000	4	0@0.002	0.312	0.324-0.636	197.277	1078.49	173	579	494.254	903.903	414.472	1276.79	494.06	904.423	413.035	1276.12	118.343	223.369	1099.74	-6.48986	0.0665152	15.8125	-26.4212	0							synth "bode" male f0=118 vowels=OW onset=0.297 dur=0.292 level=0.050
29	proc	8	bud	baselineGeneralize	shiftMags=0	86.7877	1.5	1.5	1.5	30	16000	4	0@0.002	0.334	0.338-0.672	110.059	1039.1	91	491	612.487	1182	504.47	3574.09	612.487	1182	504.47	3574.09	118.099	NaN	NaN	-5.57654	0.0856005	2.375	-26.3392	0							synth "bud" male f0=118 vowels=AH onset=0.309 dur=0.315 level=0.050
30	proc	9	bayed	baselineGeneralize	shiftMags=0	89.4621	1.5	1.5	1.5	30	16000	4	0@0.002	0.314	0.372-0.686	205.383	818.834	181	292	480.521	2074.59	459.318	1572.03	480.521	2074.59	459.318	1572.03	118.399	216.424	1044.25	-7.16973	0.0768574	3.5	-26.4822	0							synth "bayed" male f0=118 vowels=EY onset=0.341 dur=0.295 level=0.050
31	proc	10	bid	baselineGeneralize	shiftMags=0	92.1854	1.5	1.5	1.5	30	16000	4	0@0.002	0.328	0.346-0.674	225.211	828.527	201	298	449.954	2027.15	409.006	1289.5	449.954	2027.15	409.006	1289.5	118.097	209.446	991.926	-6.82452	0.0677175	-1.3125	-26.3375	0							synth "bid" male f0=118 vowels=IH onset=0.318 dur=0.304 level=0.050
32	proc	11	bud	baselineGeneralize	shiftMags=0	95.0172	1.5	1.5	1.5	30	16000	4	0@0.002	0.322	0.318-0.640	110.062	1038.39	91	491	611.684	1185.26	523.987	2272.03	611.601	1184.24	518.939	1731.13	118.111	NaN	NaN	-7.36667	0.0673172	53.3125	-26.3037	0							synth "bud" male f0=118 vowels=AH onset=0.290 dur=0.303 level=0.050
33	proc	12	bed	baselineGeneralize	shiftMags=0	97.7705	1.5	1.5	1.5	30	16000	4	0@0.002	0.298	0.374-0.672	126.518	898.248	106	347	584.626	1801.89	485.394	1335.13	583.669	1800.38	492.007	1338.9	118.226	237.346	1206.53	-8.103	0.0596958	46.5	-26.6169	0							synth "bed" male f0=118 vowels=EH onset=0.341 dur=0.279 level=0.050
34	proc	13	bid	baselineGeneralize	shiftMags=0	100.48	1.5	1.5	1.5	30	16000	4	0@0.002	0.334	0.356-0.690	225.252	828.48	201	298	450.142	2029.15	458.099	1450.96	450.142	2029.15	458.099	1450.96	118.016	NaN	NaN	-7.92101	0.0758239	-39.125	-26.3645	0							synth "bid" male f0=118 vowels=IH onset=0.329 dur=0.310 level=0.050
35	proc	14	bode	baselineGeneralize	shiftMags=0	102.82	1.5	1.5	1.5	30	16000	4	0@0.002	0.346	0.352-0.698	197.298	1078.26	173	579	493.146	903.662	448.953	2160.52	493.146	903.662	448.953	2160.52	118.285	138.997	279.341	-7.59406	0.0643164	-31.5625	-26.434	0							synth "bode" male f0=118 vowels=OW onset=0.323 dur=0.328 level=0.050
36	proc	15	bayed	baselineGeneralize	shiftMags=0	105.546	1.5	1.5	1.5	30	16000	4	0@0.002	0.336	0.322-0.658	205.157	819.206	181	292	477.444	2079.07	458.934	1670.12	477.084	2079.04	461.017	1819.38	118.114	NaN	NaN	-6.30016	0.0770658	28.0625	-26.4842	0							synth "bayed" male f0=118 vowels=EY onset=0.292 dur=0.317 level=0.050
37	proc	16	bode	baselineGeneralize	shiftMags=0	108.283	1.5	1.5	1.5	30	16000	4	0@0.002	0.332	0.290-0.622	197.32	1078.41	173	579	492.85	904.356	494.74	1529.01	493.142	904.406	496.539	1489.86	117.986	NaN	NaN	-7.2991	0.0780632	46.1875	-26.4019	0							synth "bode" male f0=118 vowels=OW onset=0.263 dur=0.312 level=0.050
38	proc	17	bayed	baselineGeneralize	shiftMags=0	110.868	1.5	1.5	1.5	30	16000	4	0@0.002	0.302	0.294-0.596	205.299	819.299	181	292	480.311	2078.03	417.116	1327.71	478.725	2078.03	433.692	1327.71	118.277	NaN	NaN	-5.52182	0.0852778	31.5	-26.5434	0							synth "bayed" male f0=118 vowels=EY onset=0.265 dur=0.282 level=0.050
39	proc	18	bud	baselineGeneralize	shiftMags=0	113.615	1.5	1.5	1.5	30	16000	4	0@0.002	0.296	0.344-0.640	110.127	1039.14	91	491	611.892	1185.43	477.531	1450.89	611.892	1185.43	477.531	1450.89	118.248	218.584	1063.65	-7.76678	0.0807487	-48.625	-26.4472	0							synth "bud" male f0=118 vowels=AH onset=0.316 dur=0.277 level=0.050
40	proc	19	bed	baselineGeneralize	shiftMags=0	116.13	1.5	1.5	1.5	30	16000	4	0@0.002	0.324	0.314-0.638	126.533	899.219	106	347	586.036	1803.51	490.881	1681.87	585.372	1803.3	489.014	1579.22	118.052	NaN	NaN	-7.35127	0.0809079	40.375	-26.4521	0							synth "bed" male f0=118 vowels=EH onset=0.282 dur=0.305 level=0.050
41	proc	20	bid	baselineGeneralize	shiftMags=0	118.89	1.5	1.5	1.5	30	16000	4	0@0.002	0.322	0.322-0.644	225.3	828.853	201	298	450.012	2036.34	478.63	3448.92	450.012	2036.34	478.63	3448.92	118.278	212.387	1013.42	-6.41768	0.0795766	8.875	-26.4174	0							synth "bid" male f0=118 vowels=IH onset=0.295 dur=0.297 level=0.050
42	proc	21	bid	baselineGeneralize	shiftMags=0	121.556	1.5	1.5	1.5	30	16000	4	0@0.002	0.314	0.306-0.620	225.321	828.457	201	298	449.917	2031.13	407.513	1360.17	449.917	2031.13	407.513	1360.17	118.02	NaN	NaN	-6.82875	0.0670544	3.0625	-26.4787	0							synth "bid" male f0=118 vowels=IH onset=0.277 dur=0.290 level=0.050
43	proc	22	bode	baselineGeneralize	shiftMags=0	124.424	1.5	1.5	1.5	30	16000	4	0@0.002	0.31	0.368-0.678	197.325	1078.48	173	579	493.144	903.63	526.956	1498.29	493.136	903.904	526.861	1514.39	118.198	NaN	NaN	-8.5898	0.0766928	18.25	-26.5003	0							synth "bode" male f0=118 vowels=OW onset=0.341 dur=0.290 level=0.050
44	proc	23	bud	baselineGeneralize	shiftMags=0	127.246	1.5	1.5	1.5	30	16000	4	0@0.002	0.31	0.354-0.664	110.054	1038.54	91	491	612.271	1189.08	429.604	1279.73	611.996	1186.56	425.643	1261.41	118.164	NaN	NaN	-7.37327	0.0774211	60	-26.4966	0							synth "bud" male f0=118 vowels=AH onset=0.327 dur=0.290 level=0.050
45	proc	24	bayed	baselineGeneralize	shiftMags=0	129.824	1.5	1.5	1.5	30	16000	4	0@0.002	0.332	0.368-0.700	205.16	818.784	181	292	476.901	2074.78	481.366	1476.24	476.901	2074.78	481.366	1476.24	118.331	220.358	1076.43	-6.95225	0.081091	8.4375	-26.5072	0							synth "bayed" male f0=118 vowels=EY onset=0.338 dur=0.313 level=0.050
46	proc	25	bed	baselineGeneralize	shiftMags=0	132.079	1.5	1.5	1.5	30	16000	4	0@0.002	0.342	0.328-0.670	126.499	898.352	106	347	582.115	1802.27	460.846	1700.6	582.115	1802.27	460.846	1700.6	118.098	NaN	NaN	-7.46915	0.0785287	-34.5625	-26.5366	0							synth "bed" male f0=118 vowels=EH onset=0.297 dur=0.322 level=0.050
47	proc	26	bed	baselineGeneralize	shiftMags=0	134.585	1.5	1.5	1.5	30	16000	4	0@0.002	0.31	0.294-0.604	126.774	891.443	106	342	585.579	1805.76	561.086	2893.23	585.393	1805.05	563.592	3486.71	118.159	240.905	1233.29	-6.77872	0.0652052	55.125	-26.5439	0							synth "bed" male f0=118 vowels=EH onset=0.262 dur=0.291 level=0.050
48	proc	27	bayed	baselineGeneralize	shiftMags=0	137.203	1.5	1.5	1.5	30	16000	4	0@0.002	0.296	0.308-0.604	205.041	819.196	181	292	479.482	2077.69	418.135	1347.45	478.852	2077.36	413.558	1338.56	118.533	226.545	1121.41	-6.60136	0.0639828	33	-26.578	0							synth "bayed" male f0=118 vowels=EY onset=0.279 dur=0.276 level=0.050
49	proc	28	bid	baselineGeneralize	shiftMags=0	139.92	1.5	1.5	1.5	30	16000	4	0@0.002	0.338	0.372-0.710	225.318	828.842	201	298	449.306	2032.26	556.233	2172.59	449.338	2031.7	550.339	2261.06	118.063	NaN	NaN	-6.52468	0.0803691	54.25	-26.3764	0							synth "bid" male f0=118 vowels=IH onset=0.345 dur=0.312 level=0.050
50	proc	29	bode	baselineGeneralize	shiftMags=0	142.852	1.5	1.5	1.5	30	16000	4	0@0.002	0.328	0.312-0.640	197.355	1078.27	173	579	493.492	903.097	487.386	2179.22	493.492	903.097	487.386	2179.22	118.381	NaN	NaN	-7.36158	0.0761427	-6.1875	-26.3852	0							synth "bode" male f0=118 vowels=OW onset=0.284 dur=0.308 level=0.050
51	proc	30	bud	baselineGeneralize	shiftMags=0	145.4	1.5	1.5	1.5	30	16000	4	0@0.002	0.294	0.286-0.580	110.097	1037.98	91	491	611.728	1188.48	401.464	1290.64	611.728	1187.03	409.981	1275.51	118.095	192.403	845.024	-6.17311	0.0790885	59.1875	-26.3974	0							synth "bud" male f0=118 vowels=AH onset=0.259 dur=0.272 level=0.050
52	proc	31	bayed	baselineGeneralize	shiftMags=0	149.232	1.5	1.5	1.5	30	16000	4	0@0.002	0.326	0.372-0.698	205.417	819.315	181	292	481.934	2075.61	493.233	1546.78	481.277	2074.6	479.292	1536.52	118.328	193.73	853.518	-7.32531	0.0608631	56.875	-26.504	0							synth "bayed" male f0=118 vowels=EY onset=0.339 dur=0.310 level=0.050
53	proc	32	bid	baselineGeneralize	shiftMags=0	151.694	1.5	1.5	1.5	30	16000	4	0@0.002	0.314	0.350-0.664	225.286	828.42	201	298	450.25	2034.66	510.056	1996.53	450.303	2034.5	510.056	1996.53	118.173	213.014	1020.06	-8.03214	0.0579456	59.125	-26.4797	0							synth "bid" male f0=118 vowels=IH onset=0.323 dur=0.290 level=0.050
54	proc	33	bed	baselineGeneralize	shiftMags=0	154.53	1.5	1.5	1.5	30	16000	4	0@0.002	0.344	0.298-0.642	126.753	891.521	106	342	585.373	1803.89	449.5	1390.07	584.735	1803.61	454.932	1783.59	118.177	161.72	543.061	-7.20982	0.0767679	8.5	-26.4839	0							synth "bed" male f0=118 vowels=EH onset=0.266 dur=0.325 level=0.050
55	proc	34	bode	baselineGeneralize	shiftMags=0	157.053	1.5	1.5	1.5	30	16000	4	0@0.002	0.308	0.290-0.598	197.313	1078.1	173	579	492.227	905.147	450.548	1347.83	492.227	905.147	450.548	1347.83	118.208	138.322	272.054	-7.95458	0.065452	-57.625	-26.5355	0							synth "bode" male f0=118 vowels=OW onset=0.263 dur=0.289 level=0.050
56	proc	35	bud	baselineGeneralize	shiftMags=0	159.532	1.5	1.5	1.5	30	16000	4	0@0.002	0.346	0.292-0.638	110.128	1038.35	91	491	612.389	1191.7	458.705	1339.72	612.349	1190.19	474.393	1345.75	118.195	NaN	NaN	-6.42358	0.0912667	26	-26.3433	0							synth "bud" male f0=118 vowels=AH onset=0.265 dur=0.326 level=0.050
57	proc	36	bid	baselineGeneralize	shiftMags=0	162.355	1.5	1.5	1.5	30	16000	4	0@0.002	0.33	0.358-0.688	225.288	828.858	201	298	450.3	2033.31	494.646	1459.49	450.3	2033.31	494.646	1459.49	117.964	NaN	NaN	-7.67143	0.0913365	-13.5	-26.3244	0							synth "bid" male f0=118 vowels=IH onset=0.330 dur=0.304 level=0.050
58	proc	37	bud	baselineGeneralize	shiftMags=0	164.675	1.5	1.5	1.5	30	16000	4	0@0.002	0.292	0.310-0.602	110.016	1039.88	91	491	607.303	1191.23	412.045	1318.53	607.303	1191.23	412.045	1318.53	118.197	NaN	NaN	-5.43966	0.0863301	33	-26.374	0							synth "bud" male f0=118 vowels=AH onset=0.282 dur=0.273 level=0.050
59	proc	38	bode	baselineGeneralize	shiftMags=0	167.414	1.5	1.5	1.5	30	16000	4	0@0.002	0.328	0.286-0.614	197.351	1078.54	173	579	492.383	904.812	444.664	1437.45	492.383	904.812	444.664	1437.45	118.259	199.547	905.729	-6.79312	0.0790501	-8.375	-26.4003	0							synth "bode" male f0=118 vowels=OW onset=0.259 dur=0.307 level=0.050
60	proc	39	bayed	baselineGeneralize	shiftMags=0	170.126	1.5	1.5	1.5	30	16000	4	0@0.002	0.286	0.306-0.592	205.358	819.325	181	292	478.727	2079.15	505.594	2138.66	477.84	2080.02	506.202	2283.39	118.476	NaN	NaN	-7.19185	0.0643548	53.5625	-26.5785	0							synth "bayed" male f0=118 vowels=EY onset=0.277 dur=0.265 level=0.050
61	proc	40	bed	baselineGeneralize	shiftMags=0	172.832	1.5	1.5	1.5	30	16000	4	0@0.002	0.308	0.334-0.642	126.569	898.8	106	347	585.661	1801.32	491.421	3462.21	585.661	1801.32	491.421	3462.21	118.186	NaN	NaN	-7.11021	0.0782312	-21.1875	-26.652	0							synth "bed" male f0=118 vowels=EH onset=0.303 dur=0.288 level=0.050
62	proc	41	bud	baselineGeneralize	shiftMags=0	175.606	1.5	1.5	1.5	30	16000	4	0@0.002	0.308	0.294-0.602	110.073	1039.33	91	491	611.67	1187.1	411.756	1458.23	611.67	1187.1	411.756	1458.23	118.241	NaN	NaN	-6.45399	0.0675412	15.5625	-26.5102	0							synth "bud" male f0=118 vowels=AH onset=0.265 dur=0.289 level=0.050
63	proc	42	bid	baselineGeneralize	shiftMags=0	177.91	1.5	1.5	1.5	30	16000	4	0@0.002	0.36	0.300-0.660	225.251	828.892	201	298	448.775	2035.65	529.934	1535.82	448.858	2034.62	528.36	1535.82	118.097	NaN	NaN	-8.75556	0.0709573	48.0625	-26.3148	0							synth "bid" male f0=118 vowels=IH onset=0.273 dur=0.335 level=0.050
64	proc	43	bed	baselineGeneralize	shiftMags=0	180.899	1.5	1.5	1.5	30	16000	4	0@0.002	0.286	0.310-0.596	126.709	892.263	106	342	586.9	1804.22	455.766	1460.34	586.665	1802.6	458.88	1457.18	117.935	NaN	NaN	-6.99016	0.0692285	48.6875	-26.5548	0							synth "bed" male f0=118 vowels=EH onset=0.277 dur=0.268 level=0.050
65	proc	44	bode	baselineGeneralize	shiftMags=0	183.621	1.5	1.5	1.5	30	16000	4	0@0.002	0.292	0.364-0.656	197.34	1078.14	173	579	493.027	904.119	442.388	1201.72	493.027	904.119	442.388	1201.72	118.3	130.37	168.195	-6.74722	0.081206	27.375	-26.4039	0							synth "bode" male f0=118 vowels=OW onset=0.335 dur=0.273 level=0.050
66	proc	45	bayed	baselineGeneralize	shiftMags=0	186.068	1.5	1.5	1.5	30	16000	4	0@0.002	0.322	0.364-0.686	205.132	819.04	181	292	478.416	2080.94	435.201	1692.77	478.258	2079.27	434.567	1399.54	118.748	NaN	NaN	-6.5595	0.0817899	28.5625	-26.4618	0							synth "bayed" male f0=118 vowels=EY onset=0.335 dur=0.302 level=0.050
67	proc	46	bode	baselineGeneralize	shiftMags=0	188.482	1.5	1.5	1.5	30	16000	4	0@0.002	0.35	0.284-0.634	197.345	1078.38	173	579	494.213	904.134	553.067	3475.06	493.773	904.16	565.711	3474.94	118.319	223.694	1102.62	-6.24413	0.0740183	44.4375	-26.465	0							synth "bode" male f0=118 vowels=OW onset=0.256 dur=0.331 level=0.050
68	proc	47	bud	baselineGeneralize	shiftMags=0	190.816	1.5	1.5	1.5	30	16000	4	0@0.002	0.298	0.320-0.618	110.008	1038.75	91	491	612.429	1184.48	442.502	1383.27	611.781	1182.77	428.38	1378.17	118.273	225.025	1113.55	-6.37167	0.0646196	20.875	-26.4961	0							synth "bud" male f0=118 vowels=AH onset=0.293 dur=0.279 level=0.050
69	proc	48	bid	baselineGeneralize	shiftMags=0	193.599	1.5	1.5	1.5	30	16000	4	0@0.002	0.342	0.368-0.710	225.256	828.887	201	298	448.785	2035.13	481.062	1562.66	449.604	2035.32	493.731	1464.98	118.154	NaN	NaN	-6.48953	0.0817099	50.0625	-26.2975	0							synth "bid" male f0=118 vowels=IH onset=0.341 dur=0.316 level=0.050
70	proc	49	bayed	baselineGeneralize	shiftMags=0	196.029	1.5	1.5	1.5	30	16000	4	0@0.002	0.29	0.316-0.606	205.156	818.735	181	292	481.142	2080.26	477.501	1630.97	480.977	2081.49	493.938	1538.42	118.291	241.797	1237.74	-7.26406	0.0750179	8	-26.5686	0							synth "bayed" male f0=118 vowels=EY onset=0.286 dur=0.270 level=0.050
71	proc	50	bed	baselineGeneralize	shiftMags=0	198.925	1.5	1.5	1.5	30	16000	4	0@0.002	0.342	0.296-0.638	126.491	898.485	106	347	585.805	1801.94	411.479	1349.54	585.802	1799.72	416.309	1290.5	118	193.193	853.502	-6.52996	0.072632	36.875	-26.5421	0							synth "bed" male f0=118 vowels=EH onset=0.265 dur=0.322 level=0.050
72	proc	51	bayed	baselineGeneralize	shiftMags=0	201.363	1.5	1.5	1.5	30	16000	4	0@0.002	0.32	0.358-0.678	205.14	819.354	181	292	477.521	2079.47	515.247	3445.36	477.521	2079.47	515.247	3445.36	118.196	NaN	NaN	-7.83799	0.0607005	-20.875	-26.5122	0							synth "bayed" male f0=118 vowels=EY onset=0.328 dur=0.300 level=0.050
73	proc	52	bode	baselineGeneralize	shiftMags=0	204.282	1.5	1.5	1.5	30	16000	4	0@0.002	0.284	0.312-0.596	197.322	1078.32	173	579	492.523	905.972	467.67	1282.65	492.523	905.972	467.67	1282.65	118.261	NaN	NaN	-7.94714	0.0953912	-58.75	-26.4152	0							synth "bode" male f0=118 vowels=OW onset=0.284 dur=0.264 level=0.050
74	proc	53	bud	baselineGeneralize	shiftMags=0	207.026	1.5	1.5	1.5	30	16000	4	0@0.002	0.31	0.356-0.666	110.106	1039.36	91	491	612.102	1181.37	467.078	1468.31	612.102	1181.37	467.078	1468.31	118.032	NaN	NaN	-7.14062	0.079477	-28	-26.4143	0							synth "bud" male f0=118 vowels=AH onset=0.328 dur=0.291 level=0.050
75	proc	54	bed	baselineGeneralize	shiftMags=0	209.616	1.5	1.5	1.5	30	16000	4	0@0.002	0.356	0.326-0.682	126.751	891.6	106	342	586.933	1801.47	449.209	2045.92	586.933	1801.47	449.209	2045.92	118.084	138.582	277.101	-7.30351	0.0631712	-2	-26.4041	0							synth "bed" male f0=118 vowels=EH onset=0.294 dur=0.336 level=0.050
76	proc	55	bid	baselineGeneralize	shiftMags=0	212.302	1.5	1.5	1.5	30	16000	4	0@0.002	0.292	0.314-0.606	225.254	828.739	201	298	448.788	2035.31	469.55	1759.85	448.788	2035.31	469.55	1759.85	118.075	NaN	NaN	-7.08012	0.068383	18	-26.442	0							synth "bid" male f0=118 vowels=IH onset=0.287 dur=0.266 level=0.050
77	proc	56	bed	baselineGeneralize	shiftMags=0	214.864	1.5	1.5	1.5	30	16000	4	0@0.002	0.298	0.348-0.646	126.482	898.798	106	347	584.422	1798.08	488.623	1207.01	584.422	1798.08	488.623	1207.01	118.031	NaN	NaN	-7.40845	0.0797854	9.875	-26.5999	0							synth "bed" male f0=118 vowels=EH onset=0.316 dur=0.280 level=0.050
78	proc	57	bayed	baselineGeneralize	shiftMags=0	217.374	1.5	1.5	1.5	30	16000	4	0@0.002	0.312	0.296-0.608	205.196	818.896	181	292	477.709	2077.11	421.774	1335.85	476.45	2076.68	438.8	1354.69	118.574	NaN	NaN	-5.52357	0.0858826	33.25	-26.526	0							synth "bayed" male f0=118 vowels=EY onset=0.264 dur=0.296 level=0.050
79	proc	58	bid	baselineGeneralize	shiftMags=0	220.143	1.5	1.5	1.5	30	16000	4	0@0.002	0.322	0.332-0.654	225.31	828.452	201	298	449.188	2033.06	474.042	1520	449.289	2032.46	478.7	1800.41	118.332	NaN	NaN	-6.88884	0.076984	18	-26.3891	0							synth "bid" male f0=118 vowels=IH onset=0.303 dur=0.298 level=0.050
80	proc	59	bud	baselineGeneralize	shiftMags=0	222.926	1.5	1.5	1.5	30	16000	4	0@0.002	0.342	0.354-0.696	110.112	1038.7	91	491	610.672	1187.72	488.929	1439.88	610.672	1187.72	488.929	1439.88	118.207	241.569	1237.34	-7.10752	0.0830996	-12	-26.4114	0							synth "bud" male f0=118 vowels=AH onset=0.327 dur=0.322 level=0.050
81	proc	60	bode	baselineGeneralize	shiftMags=0	225.292	1.5	1.5	1.5	30	16000	4	0@0.002	0.304	0.326-0.630	197.27	1078.2	173	579	493.8	902.712	517.927	3417.66	493.8	902.712	517.927	3417.66	118.031	143.926	343.396	-6.21503	0.0820456	14.5625	-26.4486	0							synth "bode" male f0=118 vowels=OW onset=0.298 dur=0.285 level=0.050
82	proc	61	bid	baselineGeneralize	shiftMags=0	228.619	1.5	1.5	1.5	30	16000	4	0@0.002	0.35	0.300-0.650	225.253	828.862	201	298	450.491	2028.32	475.088	1461.5	450.491	2028.32	475.088	1461.5	118.217	225.509	1118.09	-7.29238	0.0679246	-25.25	-26.3466	0							synth "bid" male f0=118 vowels=IH onset=0.272 dur=0.325 level=0.050
83	proc	62	bode	baselineGeneralize	shiftMags=0	231.358	1.5	1.5	1.5	30	16000	4	0@0.002	0.318	0.302-0.620	197.309	1078.46	173	579	493.09	904.508	529.105	1551.69	493.09	904.508	529.105	1551.69	118.376	234.212	1181.32	-8.68962	0.0664582	5.5625	-26.3977	0							synth "bode" male f0=118 vowels=OW onset=0.274 dur=0.298 level=0.050
84	proc	63	bud	baselineGeneralize	shiftMags=0	233.788	1.5	1.5	1.5	30	16000	4	0@0.002	0.338	0.340-0.678	110.1	1038.82	91	491	611.623	1188.43	435.942	1383.08	611.425	1186.75	438.201	1383.74	118.082	NaN	NaN	-7.19577	0.0754684	57.0625	-26.3927	0							synth "bud" male f0=118 vowels=AH onset=0.313 dur=0.317 level=0.050
85	proc	64	bed	baselineGeneralize	shiftMags=0	236.356	1.5	1.5	1.5	30	16000	4	0@0.002	0.336	0.342-0.678	126.486	897.678	106	347	587.729	1804.84	445.44	1816.22	586.154	1804.71	459.438	2869.26	118.035	NaN	NaN	-7.1666	0.0786536	30.75	-26.5001	0							synth "bed" male f0=118 vowels=EH onset=0.313 dur=0.313 level=0.050
86	proc	65	bayed	baselineGeneralize	shiftMags=0	238.968	1.5	1.5	1.5	30	16000	4	0@0.002	0.342	0.370-0.712	205.36	819.235	181	292	479.31	2078.8	443.436	1392.88	478.765	2078.8	448.394	1392.88	118.397	NaN	NaN	-6.49113	0.0812909	37.8125	-26.4766	0							synth "bayed" male f0=118 vowels=EY onset=0.337 dur=0.325 level=0.050
87	proc	66	bed	baselineGeneralize	shiftMags=0	241.27	1.5	1.5	1.5	30	16000	4	0@0.002	0.348	0.302-0.650	126.723	897.614	106	342	586.256	1803.64	462.713	2134.33	585.936	1803.04	462.85	2134.33	118.067	141.739	316.365	-6.53681	0.0671359	27.75	-26.4568	0							synth "bed" male f0=118 vowels=EH onset=0.273 dur=0.326 level=0.050
88	proc	67	bode	baselineGeneralize	shiftMags=0	244.174	1.5	1.5	1.5	30	16000	4	0@0.002	0.32	0.330-0.650	197.261	1078.44	173	579	494.164	904.434	437.709	1690.87	494.164	904.434	437.709	1690.87	118.381	227.103	1127.89	-6.70696	0.0651479	1.0625	-26.3849	0							synth "bode" male f0=118 vowels=OW onset=0.303 dur=0.300 level=0.050
89	proc	68	bud	baselineGeneralize	shiftMags=0	246.999	1.5	1.5	1.5	30	16000	4	0@0.002	0.318	0.310-0.628	110.112	1038.87	91	491	611.635	1187.68	539.705	2877.11	610.922	1185.79	617.07	2877.11	118.168	NaN	NaN	-5.23803	0.085542	25.8125	-26.4119	0							synth "bud" male f0=118 vowels=AH onset=0.283 dur=0.297 level=0.050
90	proc	69	bid	baselineGeneralize	shiftMags=0	249.513	1.5	1.5	1.5	30	16000	4	0@0.002	0.316	0.324-0.640	225.212	828.616	201	298	449.025	2034.95	469.632	2488.52	449.076	2035.03	468.372	1649.11	118.154	249.924	1296.99	-7.32383	0.0740036	55.9375	-26.379	0							synth "bid" male f0=118 vowels=IH onset=0.296 dur=0.292 level=0.050
91	proc	70	bayed	baselineGeneralize	shiftMags=0	252.096	1.5	1.5	1.5	30	16000	4	0@0.002	0.34	0.320-0.660	205.412	819.021	181	292	478.713	2079.89	408.886	1372.99	478.713	2079.89	408.886	1372.99	118.393	192.422	840.838	-6.41392	0.0713883	5.8125	-26.4872	0							synth "bayed" male f0=118 vowels=EY onset=0.287 dur=0.325 level=0.050
92	proc	71	bed	baselineGeneralize	shiftMags=0	254.368	1.5	1.5	1.5	30	16000	4	0@0.002	0.318	0.342-0.660	126.714	891.422	106	342	584.008	1802.67	527.908	3029.33	582.9	1802.54	519.876	2703.46	118.047	NaN	NaN	-7.57546	0.0593469	33.6875	-26.5032	0							synth "bed" male f0=118 vowels=EH onset=0.309 dur=0.300 level=0.050
93	proc	72	bayed	baselineGeneralize	shiftMags=0	257.127	1.5	1.5	1.5	30	16000	4	0@0.002	0.324	0.318-0.642	205.412	819.037	181	292	475.629	2079.18	472.473	1320.78	475.629	2079.18	472.473	1320.78	118.55	NaN	NaN	-7.71517	0.0784112	-26.75	-26.5098	0							synth "bayed" male f0=118 vowels=EY onset=0.286 dur=0.307 level=0.050
94	proc	73	bid	baselineGeneralize	shiftMags=0	259.848	1.5	1.5	1.5	30	16000	4	0@0.002	0.334	0.332-0.666	225.262	828.486	201	298	449.71	2030.5	445.853	1393.15	449.71	2030.5	445.853	1393.15	118.225	NaN	NaN	-6.65362	0.0767047	34.1875	-26.3508	0							synth "bid" male f0=118 vowels=IH onset=0.304 dur=0.311 level=0.050
95	proc	74	bud	baselineGeneralize	shiftMags=0	262.474	1.5	1.5	1.5	30	16000	4	0@0.002	0.298	0.302-0.600	110.048	1038.73	91	491	611.479	1186.05	455.257	1320.4	611.479	1186.05	455.257	1320.4	118.239	138.257	270.765	-6.84269	0.0663616	1.1875	-26.4848	0							synth "bud" male f0=118 vowels=AH onset=0.274 dur=0.279 level=0.050
96	proc	75	bode	baselineGeneralize	shiftMags=0	265.297	1.5	1.5	1.5	30	16000	4	0@0.002	0.35	0.340-0.690	197.36	1078.39	173	579	492.246	904.22	466.219	2310.97	492.246	904.22	466.219	2310.97	118.116	NaN	NaN	-6.27764	0.0842986	0.3125	-26.4799	0							synth "bode" male f0=118 vowels=OW onset=0.312 dur=0.331 level=0.050
97	proc	76	booed	baselineTrain	shiftMags=0	272.603	1.5	1.5	1.5	30	16000	3	0@0.002	0.286	0.330-0.616	275.808	1070.42	256	557	384.171	975.434	656.246	2047.5	384.171	975.581	660.418	2050.53	118.163	118.87	10.3244	-13.5693	0.10578	7.8125	-26.4697	0							synth "booed" male f0=118 vowels=UW onset=0.302 dur=0.266 level=0.050
98	proc	77	bead	baselineTrain	shiftMags=0	275.129	1.5	1.5	1.5	30	16000	3	0@0.002	0.326	0.300-0.626	286.825	739.725	268	248	365.156	2312.05	655.185	2977.17	363.682	2310.84	655.911	2981.35	118.374	117.668	-10.3468	-8.63786	0.0913182	7.875	-26.4079	0							synth "bead" male f0=118 vowels=IY onset=0.271 dur=0.302 level=0.050
99	proc	78	bad	baselineTrain	shiftMags=0	278.098	1.5	1.5	1.5	30	16000	3	0@0.002	0.3	0.324-0.624	125.117	852.516	104.5	314	590.378	1952.01	706.72	2591.58	587.309	1952.03	706.825	2591.87	118.191	118.026	-2.42065	-5.63459	0.10774	7.8125	-26.5683	0							synth "bad" male f0=118 vowels=AE onset=0.291 dur=0.282 level=0.050
100	proc	79	bod	baselineTrain	shiftMags=0	280.512	1.5	1.5	1.5	30	16000	3	0@0.002	0.34	0.370-0.710	5.13266	1006.33	3.99999	452	753.768	1331.53	757.948	2350.18	754.349	1331.49	758.213	2350.62	118.062	117.757	-4.47905	-9.64042	0.134427	7.9375	-26.2307	0							synth "bod" male f0=118 vowels=AA onset=0.343 dur=0.315 level=0.050
101	proc	80	bod	baselineTrain	shiftMags=0	283.307	1.5	1.5	1.5	30	16000	3	0@0.002	0.36	0.314-0.674	0	1006.28	0	452	749.816	1338.24	759.881	2348.15	751.209	1337.64	760.003	2348.82	117.972	117.633	-4.98152	-9.8463	0.131822	7.9375	-26.1568	0							synth "bod" male f0=118 vowels=AA onset=0.287 dur=0.336 level=0.050
102	proc	81	bead	baselineTrain	shiftMags=0	286.222	1.5	1.5	1.5	30	16000	3	0@0.002	0.296	0.350-0.646	286.838	740.689	268	248	365.748	2310.28	654.853	2985.15	365.259	2309.59	656.832	2986.66	118.514	117.721	-11.6224	-8.52151	0.091658	7.5625	-26.4261	0							synth "bead" male f0=118 vowels=IY onset=0.321 dur=0.273 level=0.050
103	proc	82	bad	baselineTrain	shiftMags=0	288.528	1.5	1.5	1.5	30	16000	3	0@0.002	0.32	0.320-0.640	123.493	851.303	103	314	588.592	1946.64	707.226	2593.86	587.987	1946.25	708.25	2594.65	118.074	117.62	-6.66942	-5.65734	0.109996	7.8125	-26.5538	1	0.985+15.4ms						synth "bad" male f0=118 vowels=AE onset=0.291 dur=0.298 level=0.050
104	proc	83	booed	baselineTrain	shiftMags=0	291.034	1.5	1.5	1.5	30	16000	3	0@0.002	0.352	0.306-0.658	-177.21	728.4	-126	243	383.233	974.619	386.747	811.059	383.076	973.362	386.232	810.149	118.206	118.19	-0.226364	-2.17521	0.111547	8.0625	-26.4506	0							synth "booed" male f0=118 vowels=UW onset=0.278 dur=0.332 level=0.050
105	proc	84	bead	baselineTrain	shiftMags=0	293.374	1.5	1.5	1.5	30	16000	3	0@0.002	0.294	0.352-0.646	286.767	740.543	268	248	365.657	2313.51	658.737	2984.67	365.038	2311.05	658.814	2985.56	118.577	117.616	-14.0799	-8.53217	0.0882643	7.5625	-26.5171	0							synth "bead" male f0=118 vowels=IY onset=0.324 dur=0.270 level=0.050
106	proc	85	booed	baselineTrain	shiftMags=0	296.018	1.5	1.5	1.5	30	16000	3	0@0.002	0.308	0.324-0.632	-177.195	728.406	-126	243	383.082	972.976	387.724	812.585	382.962	972.849	387.248	812.513	118.247	118.26	0.188047	-2.15839	0.0993448	8.0625	-26.5545	0							synth "booed" male f0=118 vowels=UW onset=0.296 dur=0.288 level=0.050
107	proc	86	bod	baselineTrain	shiftMags=0	298.691	1.5	1.5	1.5	30	16000	3	0@0.002	0.344	0.342-0.686	5.12646	1007.18	3.99999	452	753.775	1334.24	757.065	2346.52	754.409	1333.26	757.593	2346.99	117.848	117.847	-0.0101718	-9.70658	0.132041	7.9375	-26.3421	0							synth "bod" male f0=118 vowels=AA onset=0.315 dur=0.320 level=0.050
108	proc	87	bad	baselineTrain	shiftMags=0	301.06	1.5	1.5	1.5	30	16000	3	0@0.002	0.33	0.306-0.636	123.753	852.604	103	314	590.805	1951.45	706.846	2588.66	587.508	1950.14	708.494	2592.35	118.192	117.578	-9.01866	-5.64081	0.111474	7.8125	-26.5176	0							synth "bad" male f0=118 vowels=AE onset=0.277 dur=0.310 level=0.050
109	proc	88	bad	baselineTrain	shiftMags=0	303.66	1.5	1.5	1.5	30	16000	3	0@0.002	0.352	0.322-0.674	125.11	852.1	104.5	314	588.831	1948.93	707.253	2589.25	587.051	1948.35	708.998	2590.23	118.174	118.027	-2.15726	-5.63458	0.106922	7.8125	-26.4986	0							synth "bad" male f0=118 vowels=AE onset=0.290 dur=0.334 level=0.050
110	proc	89	bead	baselineTrain	shiftMags=0	306.573	1.5	1.5	1.5	30	16000	3	0@0.002	0.332	0.328-0.660	286.877	740.48	268	248	363.731	2313.04	658.78	2982.36	363.341	2311.25	658.974	2984.99	118.635	117.852	-11.4544	-8.56525	0.0912105	7.5625	-26.4481	0							synth "bead" male f0=118 vowels=IY onset=0.298 dur=0.309 level=0.050
111	proc	90	bod	baselineTrain	shiftMags=0	309.312	1.5	1.5	1.5	30	16000	3	0@0.002	0.312	0.302-0.614	5.12814	1006.41	3.99999	452	754.48	1331.65	762.45	2350.43	755.471	1331.34	763.326	2350.66	118.086	117.527	-8.21668	-9.56154	0.127269	7.9375	-26.4158	0							synth "bod" male f0=118 vowels=AA onset=0.275 dur=0.289 level=0.050
112	proc	91	booed	baselineTrain	shiftMags=0	313.164	1.5	1.5	1.5	30	16000	3	0@0.002	0.302	0.308-0.610	275.738	1068.8	256	557	383.372	973.952	655.285	2053.92	383.171	973.244	659.945	2057.09	118.184	117.99	-2.84853	-13.5727	0.097967	7.875	-26.456	0							synth "booed" male f0=118 vowels=UW onset=0.280 dur=0.282 level=0.050
113	proc	92	bead	baselineTrain	shiftMags=0	315.915	1.5	1.5	1.5	30	16000	3	0@0.002	0.3	0.288-0.588	286.812	740.509	268	248	363.385	2311.21	659.588	2983.12	362.773	2310.64	660.185	2985.31	118.002	117.585	-6.12258	-8.53699	0.0888618	7.875	-26.5601	0							synth "bead" male f0=118 vowels=IY onset=0.258 dur=0.279 level=0.050
114	proc	93	bod	baselineTrain	shiftMags=0	318.332	1.5	1.5	1.5	30	16000	3	0@0.002	0.32	0.330-0.650	5.12848	1006.21	3.99999	452	755.624	1332.97	763.996	2352.13	755.628	1332.77	765.286	2352.97	118.063	117.922	-2.07002	-9.58466	0.135184	7.9375	-26.318	0							synth "bod" male f0=118 vowels=AA onset=0.303 dur=0.297 level=0.050
115	proc	94	bad	baselineTrain	shiftMags=0	321.287	1.5	1.5	1.5	30	16000	3	0@0.002	0.284	0.312-0.596	126.496	852.873	106	314	588.83	1948.55	705.87	2589.27	587.1	1947.15	709.624	2593.99	118.243	117.61	-9.29895	-5.65896	0.104825	7.8125	-26.5856	0							synth "bad" male f0=118 vowels=AE onset=0.279 dur=0.266 level=0.050
116	proc	95	booed	baselineTrain	shiftMags=0	324.132	1.5	1.5	1.5	30	16000	3	0@0.002	0.316	0.356-0.672	-177.49	728.419	-126	243	383.928	974.265	386.819	814.599	383.928	974.265	386.615	810.451	118.265	118.368	1.50902	-2.13394	0.106351	8.0625	-26.4123	1	1.485+15.4ms						synth "booed" male f0=118 vowels=UW onset=0.327 dur=0.295 level=0.050
117	proc	96	booed	baselineTrain	shiftMags=0	326.537	1.5	1.5	1.5	30	16000	3	0@0.002	0.288	0.324-0.612	-177.597	728.534	-126	243	383.722	975.171	386.883	812.048	383.57	975.159	386.734	811.006	118.162	118.533	5.43422	-2.09934	0.103155	8.0625	-26.4555	0							synth "booed" male f0=118 vowels=UW onset=0.296 dur=0.268 level=0.050
118	proc	97	bod	baselineTrain	shiftMags=0	329.438	1.5	1.5	1.5	30	16000	3	0@0.002	0.338	0.304-0.642	0	1006.21	0	452	753.268	1336.68	759.222	2346.06	755.032	1335.03	759.32	2346.27	118.042	117.761	-4.12621	-9.81686	0.139598	7.9375	-26.2294	0							synth "bod" male f0=118 vowels=AA onset=0.276 dur=0.315 level=0.050
119	proc	98	bad	baselineTrain	shiftMags=0	332.352	1.5	1.5	1.5	30	16000	3	0@0.002	0.326	0.292-0.618	123.763	852.175	103	314	591.246	1950.07	704.376	2588.27	588.858	1949.97	708.419	2590.23	118.053	117.774	-4.08806	-5.63748	0.10798	7.8125	-26.5291	0							synth "bad" male f0=118 vowels=AE onset=0.260 dur=0.308 level=0.050
120	proc	99	bead	baselineTrain	shiftMags=0	334.855	1.5	1.5	1.5	30	16000	3	0@0.002	0.296	0.338-0.634	287.235	740.523	268	248	365.016	2310.47	652.428	2984.51	364.395	2309.78	657.501	2984.56	118.261	118.338	1.1311	-8.58542	0.0887918	7.5625	-26.4482	0							synth "bead" male f0=118 vowels=IY onset=0.309 dur=0.273 level=0.050
121	proc	100	bad	baselineTrain	shiftMags=0	337.334	1.5	1.5	1.5	30	16000	3	0@0.002	0.302	0.340-0.642	123.774	851.55	103	314	588.078	1949.63	705.585	2588.18	587.09	1950.51	709.176	2591.65	118.135	117.599	-7.86476	-5.57606	0.108371	7.8125	-26.5759	0							synth "bad" male f0=118 vowels=AE onset=0.310 dur=0.282 level=0.050
122	proc	101	bead	baselineTrain	shiftMags=0	340.032	1.5	1.5	1.5	30	16000	3	0@0.002	0.33	0.326-0.656	286.862	740.354	268	248	365.339	2312.32	662.09	2982.33	365.11	2311.58	664.742	2982.33	118.425	117.673	-11.0208	-8.51513	0.0938077	7.5625	-26.4395	0							synth "bead" male f0=118 vowels=IY onset=0.297 dur=0.308 level=0.050
123	proc	102	bod	baselineTrain	shiftMags=0	342.928	1.5	1.5	1.5	30	16000	3	0@0.002	0.328	0.308-0.636	5.13062	1006.3	3.99999	452	754.658	1333.28	760.785	2350	755.15	1333.09	761.462	2350.58	117.936	117.965	0.421881	-9.69319	0.13894	7.9375	-26.232	1	0.985+15.4ms						synth "bod" male f0=118 vowels=AA onset=0.280 dur=0.304 level=0.050
124	proc	103	booed	baselineTrain	shiftMags=0	345.887	1.5	1.5	1.5	30	16000	3	0@0.002	0.308	0.366-0.674	275.734	1068.68	256	557	384.174	976.915	658.619	2043.67	384.174	976.915	660.079	2045.77	118.126	116.777	-19.8835	-13.5493	0.10061	7.875	-26.5459	0							synth "booed" male f0=118 vowels=UW onset=0.337 dur=0.289 level=0.050
125	proc	104	bead	baselineTrain	shiftMags=0	348.47	1.5	1.5	1.5	30	16000	3	0@0.002	0.312	0.298-0.610	286.867	739.556	268	248	364.013	2313.45	654.941	2980.02	363.737	2313.45	655.911	2981.27	117.985	117.695	-4.27189	-8.60635	0.0843412	7.5625	-26.5765	0							synth "bead" male f0=118 vowels=IY onset=0.269 dur=0.289 level=0.050
126	proc	105	booed	baselineTrain	shiftMags=0	351.376	1.5	1.5	1.5	30	16000	3	0@0.002	0.3	0.308-0.608	-177.197	728.47	-126	243	384.278	974.329	388.183	815.952	384.278	974.329	386.851	814.796	118.071	118.125	0.794266	-2.12301	0.0991877	8.0625	-26.4808	0							synth "booed" male f0=118 vowels=UW onset=0.279 dur=0.281 level=0.050
127	proc	106	bad	baselineTrain	shiftMags=0	354.222	1.5	1.5	1.5	30	16000	3	0@0.002	0.3	0.332-0.632	125.096	852.445	104.5	314	590.841	1949.99	704.236	2590.3	590.252	1951.05	708.805	2591.03	118.103	118.177	1.08252	-5.59626	0.111169	7.8125	-26.5542	0							synth "bad" male f0=118 vowels=AE onset=0.300 dur=0.282 level=0.050
128	proc	107	bod	baselineTrain	shiftMags=0	356.848	1.5	1.5	1.5	30	16000	3	0@0.002	0.296	0.290-0.586	0	1006.21	0	452	756.851	1328.58	758.306	2347.15	758.369	1326.1	758.249	2348.19	118.183	117.532	-9.57033	-9.65134	0.12974	7.9375	-26.2792	0							synth "bod" male f0=118 vowels=AA onset=0.262 dur=0.273 level=0.050
129	proc	108	bad	baselineTrain	shiftMags=0	359.646	1.5	1.5	1.5	30	16000	3	0@0.002	0.32	0.364-0.684	123.753	852.203	103	314	590.197	1948.31	707.313	2591.22	588.252	1947.98	709.942	2592.16	118.134	117.784	-5.1347	-5.618	0.107976	7.8125	-26.5408	0							synth "bad" male f0=118 vowels=AE onset=0.335 dur=0.299 level=0.050
130	proc	109	booed	baselineTrain	shiftMags=0	362.56	1.5	1.5	1.5	30	16000	3	0@0.002	0.336	0.332-0.668	-177.197	728.487	-126	243	383.872	974.861	386.669	808.991	383.518	973.681	386.218	808.61	118.401	118.275	-1.83543	-2.08819	0.10815	8.0625	-26.3858	0							synth "booed" male f0=118 vowels=UW onset=0.304 dur=0.317 level=0.050
131	proc	110	bod	baselineTrain	shiftMags=0	365.396	1.5	1.5	1.5	30	16000	3	0@0.002	0.354	0.368-0.722	5.12848	1006.73	3.99998	452	754.421	1335.61	757.885	2349.52	754.992	1332.75	758.504	2349.81	118.063	117.944	-1.75004	-9.7499	0.134714	7.9375	-26.3438	0							synth "bod" male f0=118 vowels=AA onset=0.340 dur=0.331 level=0.050
132	proc	111	bead	baselineTrain	shiftMags=0	367.975	1.5	1.5	1.5	30	16000	3	0@0.002	0.352	0.334-0.686	286.825	740.412	268	248	364.495	2312.82	657.224	2979.74	364.187	2310.9	657.297	2985.74	118.621	117.731	-13.0273	-8.69266	0.0857312	7.5625	-26.5207	0							synth "bead" male f0=118 vowels=IY onset=0.304 dur=0.330 level=0.050
133	proc	112	bad	baselineTrain	shiftMags=0	370.848	1.5	1.5	1.5	30	16000	3	0@0.002	0.3	0.324-0.624	123.748	852.522	103	314	589.063	1948.52	707.043	2590.8	587.018	1948.79	707.596	2591.95	118.238	118.052	-2.72386	-5.62923	0.108999	7.8125	-26.5337	0							synth "bad" male f0=118 vowels=AE onset=0.292 dur=0.283 level=0.050
134	proc	113	bead	baselineTrain	shiftMags=0	373.84	1.5	1.5	1.5	30	16000	3	0@0.002	0.328	0.374-0.702	286.731	739.939	268	248	364.653	2310.89	656.34	2981.95	363.513	2310.77	656.689	2983.68	118.68	118.026	-9.56636	-8.54717	0.0894544	7.5625	-26.4003	0							synth "bead" male f0=118 vowels=IY onset=0.345 dur=0.305 level=0.050
135	proc	114	booed	baselineTrain	shiftMags=0	376.245	1.5	1.5	1.5	30	16000	3	0@0.002	0.294	0.332-0.626	-177.481	728.445	-126	243	384.225	976.367	386.107	808.703	384.129	975.718	385.593	807.381	118.34	118.03	-4.52836	-2.11687	0.102612	8.0625	-26.4386	0							synth "booed" male f0=118 vowels=UW onset=0.304 dur=0.275 level=0.050
136	proc	115	bod	baselineTrain	shiftMags=0	379.241	1.5	1.5	1.5	30	16000	3	0@0.002	0.308	0.286-0.594	5.13098	1006.14	3.99999	452	755.985	1330.02	759.386	2348.27	756.737	1327.02	760.421	2348.96	118.093	117.958	-1.98433	-9.6313	0.134359	7.9375	-26.3364	1	1.485+15.4ms						synth "bod" male f0=118 vowels=AA onset=0.258 dur=0.285 level=0.050
137	proc	116	booed	train	shiftMags=0	382.227	1.5	1.5	1.5	30	16000	3	0@0.002	0.3	0.318-0.618	275.768	1069.66	256	557	384.571	976.553	665.109	2045.37	384.109	973.651	672.739	2046.25	118.365	118.632	3.90873	-14.1185	0.0999606	7.8125	-26.5184	0							synth "booed" male f0=118 vowels=UW onset=0.291 dur=0.279 level=0.050
138	proc	117	bod	train	shiftMags=0	385.123	1.5	1.5	1.5	30	16000	3	0@0.002	0.328	0.308-0.636	5.12772	1007.51	3.99999	452	753.412	1330.47	757.857	2347.84	753.922	1329.66	758.308	2349.47	117.971	117.534	-6.42219	-9.71312	0.13886	7.9375	-26.2587	0							synth "bod" male f0=118 vowels=AA onset=0.281 dur=0.303 level=0.050
139	proc	118	bad	train	shiftMags=0	387.843	1.5	1.5	1.5	30	16000	3	0@0.002	0.316	0.368-0.684	125.103	852.427	104.5	314	589.082	1948.51	706.267	2586.72	587.152	1948.46	707.902	2588.67	118.128	117.933	-2.85482	-5.65723	0.110964	7.8125	-26.5466	0							synth "bad" male f0=118 vowels=AE onset=0.336 dur=0.299 level=0.050
140	proc	119	bead	train	shiftMags=0	390.657	1.5	1.5	1.5	30	16000	3	0@0.002	0.338	0.370-0.708	287.196	739.558	268	248	364.836	2314.14	658.501	2976.19	364.538	2310.65	659.74	2976.19	118.463	118	-6.77745	-8.53986	0.0914995	7.5625	-26.3835	0							synth "bead" male f0=118 vowels=IY onset=0.340 dur=0.316 level=0.050
141	proc	120	bod	train	shiftMags=0	393.479	1.5	1.5	1.5	30	16000	3	0@0.002	0.296	0.318-0.614	5.12943	1006.16	3.99999	452	754.162	1329.3	758.337	2348.8	757.745	1327.52	760.25	2349.58	118.219	117.608	-8.97672	-9.77502	0.140363	7.9375	-26.2987	0							synth "bod" male f0=118 vowels=AA onset=0.291 dur=0.272 level=0.050
142	proc	121	bad	train	shiftMags=0	396.927	1.5	1.5	1.5	30	16000	3	0@0.002	0.3	0.290-0.590	123.776	852.522	103	314	590.388	1948.05	706.242	2590.09	588.384	1947.5	708.447	2591.18	118.136	117.575	-8.23257	-5.64367	0.0964006	7.8125	-26.6319	0							synth "bad" male f0=118 vowels=AE onset=0.261 dur=0.279 level=0.050
143	proc	122	bead	train	shiftMags=0	399.485	1.5	1.5	1.5	30	16000	3	0@0.002	0.354	0.344-0.698	286.832	739.749	268	248	364.212	2313.01	658.808	2985.82	364.023	2312.94	661.255	2986.56	118.341	117.774	-8.3189	-8.68188	0.0862323	7.5625	-26.5212	1	0.985+15.4ms						synth "bead" male f0=118 vowels=IY onset=0.315 dur=0.331 level=0.050
144	proc	123	booed	train	shiftMags=0	401.846	1.5	1.5	1.5	30	16000	3	0@0.002	0.32	0.328-0.648	-177.262	728.515	-126	243	384.283	976.258	384.685	809.997	383.779	974.564	384.393	809.155	118.123	118.041	-1.20357	-2.08375	0.108657	8.0625	-26.4365	0							synth "booed" male f0=118 vowels=UW onset=0.301 dur=0.299 level=0.050
145	proc	124	bead	train	shiftMags=0	404.807	1.5	1.5	1.5	30	16000	3	0@0.002	0.308	0.302-0.610	286.829	739.556	268	248	364.844	2309.72	659.634	2976.28	364.618	2309.2	660.052	2976.74	118.621	117.638	-14.4058	-8.60635	0.0936649	7.875	-26.4813	0							synth "bead" male f0=118 vowels=IY onset=0.273 dur=0.286 level=0.050
146	proc	125	bad	train	shiftMags=0	407.266	1.5	1.5	1.5	30	16000	3	0@0.002	0.332	0.352-0.684	123.597	852.422	103	314	590.662	1947.9	707.962	2593.85	587.913	1947.1	708.517	2594.72	118.112	117.721	-5.73681	-5.63103	0.105158	7.8125	-26.4836	0							synth "bad" male f0=118 vowels=AE onset=0.319 dur=0.314 level=0.050
147	proc	126	booed	train	shiftMags=0	410.08	1.5	1.5	1.5	30	16000	3	0@0.002	0.318	0.362-0.680	-177.542	728.197	-126	243	383.857	974.041	387.381	810.612	383.767	973.643	387.244	810.024	118.391	118.577	2.70987	-2.22361	0.105285	8.0625	-26.4784	0							synth "booed" male f0=118 vowels=UW onset=0.335 dur=0.297 level=0.050
148	proc	127	bod	train	shiftMags=0	412.491	1.5	1.5	1.5	30	16000	3	0@0.002	0.338	0.322-0.660	5.12958	1007.29	3.99999	452	755.73	1332.15	759.564	2347.81	756.452	1332.15	759.858	2348.16	118.16	117.392	-11.2841	-9.7465	0.12736	7.9375	-26.255	0							synth "bod" male f0=118 vowels=AA onset=0.294 dur=0.314 level=0.050
149	proc	128	bead	train	shiftMags=0	415.155	1.5	1.5	1.5	30	16000	3	0@0.002	0.34	0.336-0.676	286.851	740.403	268	248	364.277	2311.2	660.379	2981.12	364.244	2310.5	661.588	2981.12	118.459	117.8	-9.6561	-8.62064	0.0898044	7.875	-26.4323	0							synth "bead" male f0=118 vowels=IY onset=0.306 dur=0.318 level=0.050
150	proc	129	bad	train	shiftMags=0	417.524	1.5	1.5	1.5	30	16000	3	0@0.002	0.32	0.300-0.620	125.106	852.64	104.5	314	589.796	1947.53	706.507	2591.9	589.108	1946.93	707.626	2593.47	118.103	117.962	-2.06845	-5.63782	0.108679	7.8125	-26.4768	0							synth "bad" male f0=118 vowels=AE onset=0.267 dur=0.303 level=0.050
151	proc	130	bod	train	shiftMags=0	420.474	1.5	1.5	1.5	30	16000	3	0@0.002	0.338	0.296-0.634	0	1006.37	0	452	754.929	1334.79	761.622	2348.44	757.23	1334.89	762.325	2350.22	118.087	117.855	-3.41193	-9.75715	0.132953	7.9375	-26.2265	0							synth "bod" male f0=118 vowels=AA onset=0.268 dur=0.315 level=0.050
152	proc	131	booed	train	shiftMags=0	422.914	1.5	1.5	1.5	30	16000	3	0@0.002	0.328	0.334-0.662	275.73	1068.85	256	557	384.907	974.925	666.324	2047.06	384.935	975.008	666.365	2047.92	118.321	119.307	14.3729	-13.7351	0.102536	7.875	-26.4039	0							synth "booed" male f0=118 vowels=UW onset=0.306 dur=0.309 level=0.050
153	proc	132	bead	train	shiftMags=0	425.853	1.5	1.5	1.5	30	16000	3	0@0.002	0.338	0.290-0.628	286.827	739.607	268	248	365.588	2310.87	658.954	2981.45	364.865	2310.71	660.929	2982.06	118.328	118.024	-4.44746	-8.57321	0.0870881	7.5625	-26.4249	0							synth "bead" male f0=118 vowels=IY onset=0.261 dur=0.314 level=0.050
154	proc	133	bad	train	shiftMags=0	428.812	1.5	1.5	1.5	30	16000	3	0@0.002	0.324	0.372-0.696	125.121	852.267	104.5	314	590.334	1948.21	706.166	2592.42	587.497	1947.73	707.402	2594.48	118.057	118.074	0.252457	-5.62034	0.110817	7.8125	-26.4771	0							synth "bad" male f0=118 vowels=AE onset=0.342 dur=0.303 level=0.050
155	proc	134	bod	train	shiftMags=0	431.477	1.5	1.5	1.5	30	16000	3	0@0.002	0.34	0.300-0.640	0	1006.23	0	452	753.894	1336.2	757.218	2346.8	756.237	1335.41	757.454	2346.89	118.019	117.526	-7.25039	-9.81639	0.131856	7.9375	-26.2936	0							synth "bod" male f0=118 vowels=AA onset=0.272 dur=0.317 level=0.050
156	proc	135	booed	train	shiftMags=0	434.456	1.5	1.5	1.5	30	16000	3	0@0.002	0.312	0.338-0.650	275.733	1069.02	256	557	383.231	975.73	660.976	2041.08	382.991	975.608	664.309	2041.65	118.187	119.466	18.6355	-13.5775	0.0998424	7.875	-26.4331	1	1.485+15.4ms						synth "booed" male f0=118 vowels=UW onset=0.310 dur=0.292 level=0.050
157	proc	136	bad	train	shiftMags=0	437.419	1.5	1.5	1.5	30	16000	3	0@0.002	0.312	0.336-0.648	123.764	852.544	103	314	589.494	1949.28	706.074	2589.31	589.447	1949.68	709.08	2593.06	118.026	117.57	-6.71051	-5.61632	0.108511	7.8125	-26.54	0							synth "bad" male f0=118 vowels=AE onset=0.307 dur=0.292 level=0.050
158	proc	137	bod	train	shiftMags=0	440.186	1.5	1.5	1.5	30	16000	3	0@0.002	0.294	0.350-0.644	5.12769	1007.59	3.99998	452	754.762	1327.64	758.105	2347.86	757.064	1325.84	758.405	2348.08	118.201	117.513	-10.1146	-9.57659	0.134185	7.9375	-26.3789	0							synth "bod" male f0=118 vowels=AA onset=0.323 dur=0.269 level=0.050
159	proc	138	booed	train	shiftMags=0	443.066	1.5	1.5	1.5	30	16000	3	0@0.002	0.33	0.300-0.630	275.748	1068.9	256	557	385.104	974.934	656.102	2050.88	384.843	974.505	657.813	2051.65	118.165	115.773	-35.4108	-13.7366	0.106377	7.8125	-26.3863	0							synth "booed" male f0=118 vowels=UW onset=0.272 dur=0.311 level=0.050
160	proc	139	bead	train	shiftMags=0	445.665	1.5	1.5	1.5	30	16000	3	0@0.002	0.304	0.324-0.628	287.264	740.529	268	248	365.184	2312.94	653.28	2986.16	364.874	2312.32	653.402	2989.98	118.283	117.915	-5.40558	-8.56468	0.0904645	7.5625	-26.5413	0							synth "bead" male f0=118 vowels=IY onset=0.295 dur=0.280 level=0.050
161	proc	140	bad	train	shiftMags=0	448.515	1.5	1.5	1.5	30	16000	3	0@0.002	0.322	0.374-0.696	126.454	852.59	106	314	588.676	1947.03	706.266	2594.43	588.221	1946.04	708.369	2595.48	118.046	117.614	-6.33898	-5.65164	0.11174	7.8125	-26.4848	0							synth "bad" male f0=118 vowels=AE onset=0.342 dur=0.304 level=0.050
162	proc	141	bead	train	shiftMags=0	451.37	1.5	1.5	1.5	30	16000	3	0@0.002	0.288	0.328-0.616	286.749	740.638	268	248	365.846	2311.13	655.871	2986.65	364.72	2310.08	656.325	2992.9	118.362	117.945	-6.1011	-8.54657	0.0875686	7.875	-26.5126	0							synth "bead" male f0=118 vowels=IY onset=0.298 dur=0.267 level=0.050
163	proc	142	booed	train	shiftMags=0	453.848	1.5	1.5	1.5	30	16000	3	0@0.002	0.316	0.288-0.604	-177.539	728.458	-126	243	384.535	973.968	387.19	812.654	384.535	973.968	387.071	810.528	118.001	118.199	2.90523	-2.18169	0.102039	8.0625	-26.4383	1	0.985+15.4ms						synth "booed" male f0=118 vowels=UW onset=0.261 dur=0.296 level=0.050
164	proc	143	bod	train	shiftMags=0	456.601	1.5	1.5	1.5	30	16000	3	0@0.002	0.348	0.298-0.646	0	1006.11	0	452	753.934	1337.54	756.325	2346.41	754.98	1335.01	756.858	2346.84	118.152	117.943	-3.05575	-9.76742	0.130967	7.9375	-26.264	0							synth "bod" male f0=118 vowels=AA onset=0.270 dur=0.325 level=0.050
165	proc	144	bead	train	shiftMags=0	459.267	1.5	1.5	1.5	30	16000	3	0@0.002	0.298	0.358-0.656	286.79	740.613	268	248	365.182	2311.88	660.67	2982.22	364.418	2311.87	660.761	2984.54	118.329	117.931	-5.8293	-8.62924	0.0882295	7.5625	-26.4455	0							synth "bead" male f0=118 vowels=IY onset=0.329 dur=0.274 level=0.050
166	proc	145	bad	train	shiftMags=0	462.05	1.5	1.5	1.5	30	16000	3	0@0.002	0.35	0.346-0.696	123.75	851.919	103	314	588.902	1950.15	708.122	2589.24	588.1	1950.76	708.722	2589.5	118.39	117.909	-7.04398	-5.60753	0.103911	7.8125	-26.5241	0							synth "bad" male f0=118 vowels=AE onset=0.314 dur=0.333 level=0.050
167	proc	146	bod	train	shiftMags=0	464.546	1.5	1.5	1.5	30	16000	3	0@0.002	0.358	0.356-0.714	0	1006.06	0	452	756.259	1329.5	757.698	2347.59	756.653	1328.35	758.179	2347.77	118.069	118.071	0.0219143	-9.82744	0.135276	7.9375	-26.1859	0							synth "bod" male f0=118 vowels=AA onset=0.328 dur=0.334 level=0.050
168	proc	147	booed	train	shiftMags=0	467.387	1.5	1.5	1.5	30	16000	3	0@0.002	0.328	0.338-0.666	275.739	1068.97	256	557	384.347	975.812	653.026	2050.15	383.99	974.728	654.798	2051.45	118.092	118.066	-0.388854	-13.6998	0.10637	7.8125	-26.4048	0							synth "booed" male f0=118 vowels=UW onset=0.310 dur=0.308 level=0.050
169	proc	148	bead	train	shiftMags=0	469.86	1.5	1.5	1.5	30	16000	3	0@0.002	0.322	0.362-0.684	286.818	740.326	268	248	365.194	2311.79	657.698	2978.1	364.321	2310.71	659.018	2981.9	118.266	117.827	-6.44498	-8.60395	0.0902898	7.875	-26.4341	0							synth "bead" male f0=118 vowels=IY onset=0.331 dur=0.301 level=0.050
170	proc	149	booed	train	shiftMags=0	472.771	1.5	1.5	1.5	30	16000	3	0@0.002	0.294	0.288-0.582	-177.621	728.613	-126	243	384.018	974.905	386.033	810.303	384.018	974.905	385.812	804.896	118.24	118.604	5.32508	-2.13322	0.0987602	8.0625	-26.409	0							synth "booed" male f0=118 vowels=UW onset=0.259 dur=0.274 level=0.050
171	proc	150	bod	train	shiftMags=0	475.051	1.5	1.5	1.5	30	16000	3	0@0.002	0.318	0.348-0.666	0	1006.44	0	452	755.76	1332.17	761.46	2347.91	756.52	1330.95	762.086	2352.22	118.075	117.776	-4.38444	-9.64369	0.135182	7.9375	-26.2202	0							synth "bod" male f0=118 vowels=AA onset=0.320 dur=0.293 level=0.050
172	proc	151	bad	train	shiftMags=0	478.73	1.5	1.5	1.5	30	16000	3	0@0.002	0.326	0.336-0.662	123.741	852.651	103	314	588.105	1947.21	707.127	2591.76	586.997	1945.6	707.642	2594.93	118.266	117.886	-5.57281	-5.64761	0.104481	7.8125	-26.5311	0							synth "bad" male f0=118 vowels=AE onset=0.304 dur=0.309 level=0.050
173	proc	152	bead	train	shiftMags=0	481.695	1.5	1.5	1.5	30	16000	3	0@0.002	0.3	0.322-0.622	286.859	739.539	268	248	365.257	2310.3	650.151	2976.02	364.623	2309.27	650.403	2978.67	118.655	117.471	-17.3547	-8.44082	0.0931436	7.875	-26.5221	0							synth "bead" male f0=118 vowels=IY onset=0.293 dur=0.277 level=0.050
174	proc	153	bad	train	shiftMags=0	484.532	1.5	1.5	1.5	30	16000	3	0@0.002	0.306	0.304-0.610	123.782	852.543	103	314	589.023	1951.3	707.415	2593.7	587.338	1950.04	708.89	2594.5	118.09	117.569	-7.64664	-5.57656	0.100156	7.8125	-26.6313	0							synth "bad" male f0=118 vowels=AE onset=0.275 dur=0.286 level=0.050
175	proc	154	bod	train	shiftMags=0	487.361	1.5	1.5	1.5	30	16000	3	0@0.002	0.34	0.322-0.662	0	1006.17	0	452	753.645	1337.04	759.275	2345.72	755.099	1336.8	759.275	2345.96	118.143	117.687	-6.70395	-9.85841	0.136888	7.9375	-26.2885	0							synth "bod" male f0=118 vowels=AA onset=0.294 dur=0.318 level=0.050
176	proc	155	booed	train	shiftMags=0	489.744	1.5	1.5	1.5	30	16000	3	0@0.002	0.3	0.354-0.654	275.763	1068.67	256	557	384.626	976.166	664.66	2038.83	384.593	976.002	666.479	2040.13	118.148	119.991	26.7957	-13.3306	0.0964508	7.875	-26.4982	1	1.485+15.4ms						synth "booed" male f0=118 vowels=UW onset=0.325 dur=0.281 level=0.050
177	proc	156	booed	train	shiftMags=0	492.517	1.5	1.5	1.5	30	16000	3	0@0.002	0.324	0.318-0.642	275.813	1069.73	256	557	384.607	975.048	649.708	2043.52	384.545	975.027	650.268	2044.77	117.995	119.06	15.5656	-14.2681	0.0973496	7.8125	-26.3487	0							synth "booed" male f0=118 vowels=UW onset=0.290 dur=0.304 level=0.050
178	proc	157	bod	train	shiftMags=0	495.497	1.5	1.5	1.5	30	16000	3	0@0.002	0.312	0.336-0.648	5.12863	1006.48	3.99998	452	754.146	1335.23	756.478	2345.8	755.777	1335.33	758.228	2346.25	117.937	117.534	-5.93052	-9.74132	0.130098	8	-26.4307	0							synth "bod" male f0=118 vowels=AA onset=0.308 dur=0.288 level=0.050
179	proc	158	bad	train	shiftMags=0	497.925	1.5	1.5	1.5	30	16000	3	0@0.002	0.292	0.336-0.628	123.567	851.492	103	314	588.164	1946.02	704.789	2590.26	586.845	1945.3	707.074	2594.07	118.006	117.683	-4.75121	-5.6297	0.104865	7.8125	-26.5274	0							synth "bad" male f0=118 vowels=AE onset=0.306 dur=0.272 level=0.050
180	proc	159	bead	train	shiftMags=0	500.562	1.5	1.5	1.5	30	16000	3	0@0.002	0.316	0.320-0.636	286.851	740.38	268	248	365.247	2310.83	650.766	2978.98	364.531	2309.98	651.349	2981.52	118.434	117.931	-7.36562	-8.55919	0.0873299	7.5625	-26.4346	0							synth "bead" male f0=118 vowels=IY onset=0.290 dur=0.293 level=0.050
181	proc	160	bod	train	shiftMags=0	503.248	1.5	1.5	1.5	30	16000	3	0@0.002	0.314	0.316-0.630	0	1006.1	0	452	756.008	1331.98	759.919	2346.54	759.563	1330.07	761.339	2348.29	117.968	117.802	-2.43833	-9.61389	0.130728	7.9375	-26.3408	0							synth "bod" male f0=118 vowels=AA onset=0.288 dur=0.291 level=0.050
182	proc	161	bead	train	shiftMags=0	505.924	1.5	1.5	1.5	30	16000	3	0@0.002	0.304	0.346-0.650	287.259	740.517	268	248	365.152	2312.48	657.483	2981.55	364.715	2312.26	658.068	2987.41	118.181	117.653	-7.7639	-8.56683	0.0940295	7.5625	-26.5051	0							synth "bead" male f0=118 vowels=IY onset=0.316 dur=0.281 level=0.050
183	proc	162	bad	train	shiftMags=0	508.614	1.5	1.5	1.5	30	16000	3	0@0.002	0.288	0.318-0.606	125.115	852.672	104.5	314	588.319	1950.41	705.914	2587.65	587.576	1950.38	708.958	2589.03	118.148	117.782	-5.37052	-5.57114	0.100102	7.8125	-26.5708	1	0.985+15.4ms						synth "bad" male f0=118 vowels=AE onset=0.289 dur=0.267 level=0.050
184	proc	163	booed	train	shiftMags=0	511.409	1.5	1.5	1.5	30	16000	3	0@0.002	0.302	0.330-0.632	-177.208	728.597	-126	243	384.417	974.368	386.353	814	384.277	974.045	386.353	811.579	118.328	118.356	0.405103	-2.08931	0.105173	8.0625	-26.4584	0							synth "booed" male f0=118 vowels=UW onset=0.301 dur=0.282 level=0.050
185	proc	164	booed	train	shiftMags=0	513.673	1.5	1.5	1.5	30	16000	3	0@0.002	0.292	0.306-0.598	-177.532	728.49	-126	243	382.879	974.322	386.869	812.337	382.603	973.068	386.587	811.557	118.296	118.177	-1.74882	-2.15321	0.0977897	8.0625	-26.4493	0							synth "booed" male f0=118 vowels=UW onset=0.278 dur=0.272 level=0.050
186	proc	165	bead	train	shiftMags=0	516.599	1.5	1.5	1.5	30	16000	3	0@0.002	0.334	0.308-0.642	286.82	739.648	268	248	365.67	2310.42	657.688	2980.81	363.908	2310.36	658.558	2985.13	118.522	117.637	-12.9832	-8.57828	0.0907041	7.5625	-26.4347	0							synth "bead" male f0=118 vowels=IY onset=0.279 dur=0.311 level=0.050
187	proc	166	bod	train	shiftMags=0	519.587	1.5	1.5	1.5	30	16000	3	0@0.002	0.344	0.348-0.692	5.12701	1007.1	3.99999	452	753.571	1336.31	762.484	2345.98	753.721	1335.94	762.924	2346.29	118	118.025	0.373646	-9.82384	0.133626	7.9375	-26.3084	0							synth "bod" male f0=118 vowels=AA onset=0.320 dur=0.320 level=0.050
188	proc	167	bad	train	shiftMags=0	522.3	1.5	1.5	1.5	30	16000	3	0@0.002	0.346	0.340-0.686	123.588	852.354	103	314	588.393	1948.99	705.167	2591.14	586.967	1947.8	708.017	2593.06	118.054	117.414	-9.404	-5.65677	0.104252	7.8125	-26.6039	0							synth "bad" male f0=118 vowels=AE onset=0.307 dur=0.329 level=0.050
189	proc	168	booed	train	shiftMags=0	524.595	1.5	1.5	1.5	30	16000	3	0@0.002	0.322	0.334-0.656	-177.504	728.125	-126	243	383.887	973.752	386.017	807.798	383.567	973.687	385.905	807.336	118.143	118.361	3.18424	-2.18582	0.104662	8.0625	-26.3667	0							synth "booed" male f0=118 vowels=UW onset=0.306 dur=0.302 level=0.050
190	proc	169	bad	train	shiftMags=0	527.051	1.5	1.5	1.5	30	16000	3	0@0.002	0.318	0.328-0.646	123.763	852.321	103	314	588.801	1949.63	707.247	2587.35	587.193	1949.66	708.404	2589.08	118.005	117.686	-4.69474	-5.61159	0.107474	7.8125	-26.4955	0							synth "bad" male f0=118 vowels=AE onset=0.296 dur=0.301 level=0.050
191	proc	170	bead	train	shiftMags=0	529.969	1.5	1.5	1.5	30	16000	3	0@0.002	0.308	0.322-0.630	286.84	740.37	268	248	364.941	2312.9	661.712	2982.7	364.617	2310.06	663.514	2986.08	118.611	117.598	-14.843	-8.47457	0.0951293	7.875	-26.4608	0							synth "bead" male f0=118 vowels=IY onset=0.292 dur=0.285 level=0.050
192	proc	171	bod	train	shiftMags=0	532.774	1.5	1.5	1.5	30	16000	3	0@0.002	0.308	0.350-0.658	5.13226	1006.12	3.99997	452	754.057	1335.3	763.177	2347.46	755.438	1335.07	764.457	2349.39	118.287	118.329	0.620275	-9.72646	0.13468	7.9375	-26.2901	0							synth "bod" male f0=118 vowels=AA onset=0.322 dur=0.284 level=0.050
193	proc	172	bod	train	shiftMags=0	535.572	1.5	1.5	1.5	30	16000	3	0@0.002	0.332	0.310-0.642	0	1006.08	0	452	755.466	1331.75	762.928	2350.76	756.271	1332.57	763.523	2352.7	118.129	117.606	-7.66992	-9.68968	0.127665	7.9375	-26.2911	0							synth "bod" male f0=118 vowels=AA onset=0.283 dur=0.309 level=0.050
194	proc	173	bad	train	shiftMags=0	537.971	1.5	1.5	1.5	30	16000	3	0@0.002	0.32	0.344-0.664	123.564	852.409	103	314	590.274	1951.44	706.521	2589.71	589.227	1950.34	709.189	2591.52	117.988	118.006	0.254105	-5.64626	0.104061	7.8125	-26.4789	0							synth "bad" male f0=118 vowels=AE onset=0.311 dur=0.303 level=0.050
195	proc	174	bead	train	shiftMags=0	540.247	1.5	1.5	1.5	30	16000	3	0@0.002	0.308	0.312-0.620	286.768	739.816	268	248	365.301	2311.58	656.053	2985.47	363.811	2310.08	656.069	2987.07	118.683	117.649	-15.1432	-8.50021	0.0932861	7.5625	-26.4968	0							synth "bead" male f0=118 vowels=IY onset=0.282 dur=0.286 level=0.050
196	proc	175	booed	train	shiftMags=0	542.818	1.5	1.5	1.5	30	16000	3	0@0.002	0.318	0.298-0.616	-177.209	728.463	-126	243	384.088	976.412	387.338	810.479	382.852	972.652	386.982	809.603	118.082	118.256	2.54005	-2.16941	0.0986533	8.0625	-26.4563	1	1.485+15.4ms						synth "booed" male f0=118 vowels=UW onset=0.270 dur=0.298 level=0.050
197	proc	176	bod	train	shiftMags=0	545.539	1.5	1.5	1.5	30	16000	3	0@0.002	0.304	0.366-0.670	0	1007.35	0	452	756.09	1330.94	761.142	2350.26	756.902	1327.07	762.354	2350.83	118.016	117.727	-4.23657	-9.63729	0.137033	7.9375	-26.3393	0							synth "bod" male f0=118 vowels=AA onset=0.338 dur=0.282 level=0.050
198	proc	177	bead	train	shiftMags=0	548.119	1.5	1.5	1.5	30	16000	3	0@0.002	0.312	0.314-0.626	286.867	740.301	268	248	365.472	2310.99	652.426	2987.67	365.153	2310.48	655.138	2988.51	118.711	117.773	-13.742	-8.69622	0.0897789	7.875	-26.5068	0							synth "bead" male f0=118 vowels=IY onset=0.283 dur=0.291 level=0.050
199	proc	178	booed	train	shiftMags=0	550.507	1.5	1.5	1.5	30	16000	3	0@0.002	0.292	0.366-0.658	-177.519	728.494	-126	243	383.544	975.431	387.839	812.953	383.544	975.181	387.645	812.158	118.258	118.478	3.20505	-2.16208	0.0986373	8.0625	-26.4687	0							synth "booed" male f0=118 vowels=UW onset=0.338 dur=0.271 level=0.050
200	proc	179	bad	train	shiftMags=0	552.937	1.5	1.5	1.5	30	16000	3	0@0.002	0.33	0.370-0.700	123.742	852.269	103	314	589.801	1949.92	705.786	2589.19	588.561	1948.49	709.271	2592.2	118.093	117.963	-1.90667	-5.66681	0.107684	7.8125	-26.528	0							synth "bad" male f0=118 vowels=AE onset=0.341 dur=0.308 level=0.050
201	proc	180	bead	train	shiftMags=0	555.448	1.5	1.5	1.5	30	16000	3	0@0.002	0.314	0.302-0.616	286.76	740.375	268	248	366.047	2313.26	648.217	2979.19	365.156	2310.81	649.339	2984.09	118.422	117.669	-11.0381	-8.59385	0.0852433	7.5625	-26.5352	0							synth "bead" male f0=118 vowels=IY onset=0.272 dur=0.290 level=0.050
202	proc	181	bod	train	shiftMags=0	558.95	1.5	1.5	1.5	30	16000	3	0@0.002	0.322	0.310-0.632	0	1007.28	0	452	754.318	1328.77	761.351	2350.66	756.587	1328.51	761.44	2350.99	118.165	117.541	-9.16385	-9.53653	0.140856	7.9375	-26.3246	0							synth "bod" male f0=118 vowels=AA onset=0.283 dur=0.298 level=0.050
203	proc	182	booed	train	shiftMags=0	561.386	1.5	1.5	1.5	30	16000	3	0@0.002	0.298	0.356-0.654	275.757	1068.94	256	557	383.089	972.638	651.589	2052.91	383.195	973.046	652.403	2054.6	118.22	120.183	28.5051	-13.4692	0.0984834	-16.625	-26.5233	1	0.985+15.4ms						synth "booed" male f0=118 vowels=UW onset=0.328 dur=0.279 level=0.050
204	proc	183	bad	train	shiftMags=0	563.957	1.5	1.5	1.5	30	16000	3	0@0.002	0.308	0.322-0.630	123.772	852.664	103	314	590.433	1950.55	704.378	2592.86	589.301	1951.29	708.129	2594.55	118.067	117.657	-6.01586	-5.58326	0.104497	7.8125	-26.5346	0							synth "bad" male f0=118 vowels=AE onset=0.289 dur=0.292 level=0.050
205	proc	184	bod	train	shiftMags=0	566.671	1.5	1.5	1.5	30	16000	3	0@0.002	0.342	0.342-0.684	5.13104	1006.07	3.99999	452	757.951	1329.79	761.14	2348.28	758.19	1329.67	761.52	2348.52	118.135	117.68	-6.67183	-9.76064	0.135115	7.9375	-26.3069	0							synth "bod" male f0=118 vowels=AA onset=0.314 dur=0.319 level=0.050
206	proc	185	booed	train	shiftMags=0	569.461	1.5	1.5	1.5	30	16000	3	0@0.002	0.318	0.314-0.632	275.734	1068.65	256	557	383.265	975.286	653.754	2045.05	383.229	975.819	655.048	2047.43	118.489	116.733	-25.8416	-13.4127	0.10181	7.8125	-26.4214	0							synth "booed" male f0=118 vowels=UW onset=0.285 dur=0.299 level=0.050
207	proc	186	bad	train	shiftMags=0	571.958	1.5	1.5	1.5	30	16000	3	0@0.002	0.284	0.352-0.636	125.107	852.682	104.5	314	588.769	1947.93	706.141	2592.65	587.521	1947.61	707.29	2594.64	118.193	118.008	-2.70732	-5.63385	0.10562	7.8125	-26.5914	0							synth "bad" male f0=118 vowels=AE onset=0.319 dur=0.266 level=0.050
208	proc	187	bead	train	shiftMags=0	574.793	1.5	1.5	1.5	30	16000	3	0@0.002	0.332	0.288-0.620	286.849	739.5	268	248	365.12	2310.55	655.219	2978.9	364.749	2310.35	657.043	2981.76	118.489	117.758	-10.7085	-8.61285	0.095641	7.5625	-26.4353	0							synth "bead" male f0=118 vowels=IY onset=0.258 dur=0.311 level=0.050
209	proc	188	bod	train	shiftMags=0	577.428	1.5	1.5	1.5	30	16000	3	0@0.002	0.288	0.358-0.646	0	1006.56	0	452	755.519	1330.07	761.614	2349.08	756.233	1328.97	764.865	2351.24	118.201	117.979	-3.2553	-9.61787	0.129569	7.9375	-26.3517	0							synth "bod" male f0=118 vowels=AA onset=0.330 dur=0.265 level=0.050
210	proc	189	bead	train	shiftMags=0	580.36	1.5	1.5	1.5	30	16000	3	0@0.002	0.32	0.292-0.612	287.245	740.221	268	248	364.649	2312.13	662.382	2976.44	364.149	2311.92	662.837	2979.97	118.088	118.067	-0.310983	-8.64386	0.0835201	7.875	-26.5047	0							synth "bead" male f0=118 vowels=IY onset=0.262 dur=0.298 level=0.050
211	proc	190	bad	train	shiftMags=0	583.166	1.5	1.5	1.5	30	16000	3	0@0.002	0.326	0.314-0.640	123.775	852.43	103	314	589.067	1946.72	707.644	2590.81	587.323	1946.26	708.187	2593.1	118.056	117.785	-3.97839	-5.68803	0.109763	7.8125	-26.521	0							synth "bad" male f0=118 vowels=AE onset=0.281 dur=0.310 level=0.050
212	proc	191	booed	train	shiftMags=0	585.595	1.5	1.5	1.5	30	16000	3	0@0.002	0.306	0.354-0.660	-177.518	728.44	-126	243	383.081	973.423	389.883	812.606	382.911	972.975	389.622	812.448	118.177	118.297	1.76501	-2.17018	0.0994235	8.0625	-26.4601	0							synth "booed" male f0=118 vowels=UW onset=0.326 dur=0.286 level=0.050
213	proc	192	bad	train	shiftMags=0	588.249	1.5	1.5	1.5	30	16000	3	0@0.002	0.316	0.334-0.650	125.116	852.514	104.5	314	589.905	1947.8	707.172	2591.66	588.666	1947.61	708.006	2592.55	118.08	117.763	-4.64936	-5.57634	0.107983	7.8125	-26.5299	0							synth "bad" male f0=118 vowels=AE onset=0.301 dur=0.299 level=0.050
214	proc	193	bead	train	shiftMags=0	590.56	1.5	1.5	1.5	30	16000	3	0@0.002	0.334	0.374-0.708	286.735	739.509	268	248	364.527	2311.01	657.75	2982.54	364.344	2310.44	657.991	2984.08	118.548	117.969	-8.4824	-8.54571	0.0890508	7.5625	-26.437	0							synth "bead" male f0=118 vowels=IY onset=0.344 dur=0.311 level=0.050
215	proc	194	bod	train	shiftMags=0	593.231	1.5	1.5	1.5	30	16000	3	0@0.002	0.346	0.322-0.668	5.12695	1006.5	3.99999	452	753.826	1336.27	758.206	2346.96	754.282	1333.17	758.305	2347.96	117.926	117.394	-7.83767	-9.72919	0.133053	7.9375	-26.3042	0							synth "bod" male f0=118 vowels=AA onset=0.295 dur=0.322 level=0.050
216	proc	195	booed	train	shiftMags=0	595.515	1.5	1.5	1.5	30	16000	3	0@0.002	0.288	0.330-0.618	275.733	1069.42	256	557	382.902	974.515	659.919	2043.18	382.837	972.963	659.964	2044.22	118.17	118.841	9.80838	-14.0157	0.105963	7.8125	-26.4627	1	1.485+15.4ms						synth "booed" male f0=118 vowels=UW onset=0.303 dur=0.268 level=0.050
217	proc	196	bead	train	shiftMags=0	597.965	1.5	1.5	1.5	30	16000	3	0@0.002	0.29	0.372-0.662	286.796	740.621	268	248	364.313	2311.14	657.496	2982.41	363.715	2310.74	658.782	2988	118.375	117.805	-8.36343	-8.56584	0.0863785	7.5625	-26.504	0							synth "bead" male f0=118 vowels=IY onset=0.341 dur=0.268 level=0.050
218	proc	197	bad	train	shiftMags=0	600.654	1.5	1.5	1.5	30	16000	3	0@0.002	0.29	0.336-0.626	123.566	852.261	103	314	588.781	1948.59	706.392	2590.32	588.63	1948.54	707.142	2590.66	118.179	117.659	-7.6336	-5.60985	0.109216	7.8125	-26.5431	0							synth "bad" male f0=118 vowels=AE onset=0.304 dur=0.272 level=0.050
219	proc	198	bod	train	shiftMags=0	603.375	1.5	1.5	1.5	30	16000	3	0@0.002	0.326	0.360-0.686	5.12952	1006.31	3.99998	452	754.626	1335.43	756.858	2347.41	754.927	1335.15	756.577	2348.03	117.95	117.757	-2.83941	-9.70421	0.141921	7.9375	-26.2331	0							synth "bod" male f0=118 vowels=AA onset=0.332 dur=0.302 level=0.050
220	proc	199	booed	train	shiftMags=0	605.706	1.5	1.5	1.5	30	16000	3	0@0.002	0.33	0.308-0.638	275.726	1069.14	256	557	384.081	974.233	653.188	2043.66	384.048	973.881	655.064	2047.64	118.039	121.23	46.1734	-13.8072	0.0981487	7.8125	-26.3941	0							synth "booed" male f0=118 vowels=UW onset=0.279 dur=0.310 level=0.050
221	proc	200	bad	train	shiftMags=0	608.066	1.5	1.5	1.5	30	16000	3	0@0.002	0.314	0.290-0.604	123.778	852.646	103	314	588.131	1949.12	705.979	2592.43	587.957	1949.58	707.71	2593.59	117.98	117.681	-4.38882	-5.67264	0.104179	7.8125	-26.4727	0							synth "bad" male f0=118 vowels=AE onset=0.260 dur=0.294 level=0.050
222	proc	201	bead	train	shiftMags=0	610.55	1.5	1.5	1.5	30	16000	3	0@0.002	0.318	0.334-0.652	286.812	740.501	268	248	363.701	2312.43	656.601	2980.19	363.46	2311.39	657.363	2980.91	118.385	117.627	-11.13	-8.58764	0.0972689	7.5625	-26.4264	0							synth "bead" male f0=118 vowels=IY onset=0.306 dur=0.294 level=0.050
223	proc	202	bod	train	shiftMags=0	613.445	1.5	1.5	1.5	30	16000	3	0@0.002	0.334	0.368-0.702	0	1006.33	0	452	754.621	1335.06	758.744	2349.7	756.079	1334.13	759.519	2350.92	118.052	117.836	-3.17489	-9.71042	0.12401	7.9375	-26.2657	1	0.985+15.4ms						synth "bod" male f0=118 vowels=AA onset=0.340 dur=0.311 level=0.050
224	proc	203	booed	train	shiftMags=0	616.033	1.5	1.5	1.5	30	16000	3	0@0.002	0.336	0.292-0.628	275.828	1069.06	256	557	383.755	973.893	657.139	2042.31	383.666	973.123	658.902	2042.33	118.457	117.31	-16.8472	-13.7241	0.102567	7.8125	-26.3686	0							synth "booed" male f0=118 vowels=UW onset=0.264 dur=0.315 level=0.050
225	proc	204	bead	train	shiftMags=0	618.847	1.5	1.5	1.5	30	16000	3	0@0.002	0.31	0.318-0.628	286.815	740.424	268	248	364.71	2313.83	652.414	2979.68	364.277	2311.88	652.457	2980.02	118.002	117.665	-4.94954	-8.56831	0.0908852	7.5625	-26.5875	0							synth "bead" male f0=118 vowels=IY onset=0.289 dur=0.287 level=0.050
226	proc	205	bad	train	shiftMags=0	621.329	1.5	1.5	1.5	30	16000	3	0@0.002	0.298	0.328-0.626	123.566	852.524	103	314	590.234	1951.48	705.983	2588.39	588.102	1950.4	708.19	2590.68	117.96	117.474	-7.15467	-5.59527	0.10461	7.8125	-26.6308	0							synth "bad" male f0=118 vowels=AE onset=0.296 dur=0.279 level=0.050
227	proc	206	booed	train	shiftMags=0	623.809	1.5	1.5	1.5	30	16000	3	0@0.002	0.286	0.338-0.624	-177.19	728.485	-126	243	383.883	975.44	386.48	804.285	383.414	974.83	386.029	802.906	118.462	118.693	3.36459	-2.10607	0.101339	8.0625	-26.4652	0							synth "booed" male f0=118 vowels=UW onset=0.310 dur=0.266 level=0.050
228	proc	207	bod	train	shiftMags=0	626.471	1.5	1.5	1.5	30	16000	3	0@0.002	0.3	0.294-0.594	5.13104	1005.89	3.99998	452	755.688	1327.75	756.632	2346.89	756.317	1327.26	756.632	2346.94	118.044	117.603	-6.48253	-9.68515	0.137934	7.9375	-26.375	0							synth "bod" male f0=118 vowels=AA onset=0.266 dur=0.276 level=0.050
229	proc	208	bod	train	shiftMags=0	629.35	1.5	1.5	1.5	30	16000	3	0@0.002	0.33	0.292-0.622	5.12793	1006.13	3.99999	452	754.628	1328.35	760.883	2349.24	756.685	1327.43	761.606	2349.68	118.036	117.902	-1.96846	-9.3818	0.134452	7.9375	-26.25	0							synth "bod" male f0=118 vowels=AA onset=0.266 dur=0.304 level=0.050
230	proc	209	booed	train	shiftMags=0	632.277	1.5	1.5	1.5	30	16000	3	0@0.002	0.352	0.332-0.684	275.762	1068.95	256	557	383.599	974.952	660.952	2044.85	383.43	974.569	661.11	2046.05	118.318	117.467	-12.4948	-14.5754	0.10111	7.8125	-26.4649	0							synth "booed" male f0=118 vowels=UW onset=0.305 dur=0.332 level=0.050
231	proc	210	bad	train	shiftMags=0	634.8	1.5	1.5	1.5	30	16000	3	0@0.002	0.304	0.318-0.622	125.098	852.432	104.5	314	590.241	1947.72	705.493	2587.03	590.154	1948.13	706.924	2588.71	118.077	117.618	-6.73384	-5.69882	0.106994	7.8125	-26.5524	0							synth "bad" male f0=118 vowels=AE onset=0.289 dur=0.282 level=0.050
232	proc	211	bead	train	shiftMags=0	638.537	1.5	1.5	1.5	30	16000	3	0@0.002	0.338	0.336-0.674	287.274	739.67	268	248	363.778	2313.12	655.914	2987.9	362.908	2310.86	660.351	2988.38	118.29	117.771	-7.62326	-8.60508	0.0874045	7.5625	-26.4117	0							synth "bead" male f0=118 vowels=IY onset=0.307 dur=0.314 level=0.050
233	proc	212	bod	train	shiftMags=0	641.172	1.5	1.5	1.5	30	16000	3	0@0.002	0.326	0.310-0.636	0	1006.05	0	452	751.182	1333.63	761.47	2351.16	752.022	1331.65	762.029	2351.62	118.276	117.55	-10.6608	-9.73052	0.13498	7.9375	-26.2561	0							synth "bod" male f0=118 vowels=AA onset=0.283 dur=0.301 level=0.050
234	proc	213	bead	train	shiftMags=0	643.725	1.5	1.5	1.5	30	16000	3	0@0.002	0.318	0.372-0.690	286.836	740.17	268	248	365.328	2312.28	659.092	2982.06	364.949	2310.18	659.9	2984.6	118.527	117.981	-7.99037	-8.52087	0.0955845	7.5625	-26.501	0							synth "bead" male f0=118 vowels=IY onset=0.342 dur=0.296 level=0.050
235	proc	214	booed	train	shiftMags=0	646.32	1.5	1.5	1.5	30	16000	3	0@0.002	0.316	0.364-0.680	-177.62	728.556	-126	243	384.302	974.826	386.733	813.09	383.962	974.793	386.708	812.587	118.192	118.092	-1.45729	-2.11098	0.107566	8.0625	-26.3745	0							synth "booed" male f0=118 vowels=UW onset=0.337 dur=0.295 level=0.050
236	proc	215	bad	train	shiftMags=0	648.784	1.5	1.5	1.5	30	16000	3	0@0.002	0.338	0.332-0.670	123.782	852.392	103	314	589.538	1950.33	706.049	2590.79	589.038	1950.33	709.837	2591.43	118.081	117.684	-5.83624	-5.63711	0.110846	7.8125	-26.5398	1	1.485+15.4ms						synth "bad" male f0=118 vowels=AE onset=0.303 dur=0.317 level=0.050
237	proc	216	booed	train	shiftMags=0	651.647	1.5	1.5	1.5	30	16000	3	0@0.002	0.312	0.296-0.608	-177.52	728.518	-126	243	383.826	975.182	387.619	815.927	383.095	975.182	387.432	814.12	118.24	118.268	0.417658	-2.14846	0.101046	8.0625	-26.4137	0							synth "booed" male f0=118 vowels=UW onset=0.268 dur=0.292 level=0.050
238	proc	217	bead	train	shiftMags=0	654.576	1.5	1.5	1.5	30	16000	3	0@0.002	0.3	0.288-0.588	286.764	740.456	268	248	364.954	2312.85	655.65	2977.85	364.258	2311.99	656.389	2982.41	117.985	117.647	-4.96261	-8.66829	0.0875071	7.875	-26.5469	0							synth "bead" male f0=118 vowels=IY onset=0.257 dur=0.279 level=0.050
239	proc	218	bod	train	shiftMags=0	656.976	1.5	1.5	1.5	30	16000	3	0@0.002	0.32	0.290-0.610	5.1319	1006.88	3.99998	452	753.034	1334.71	760.327	2346.98	755.62	1334.01	760.974	2347.66	118.006	117.743	-3.86429	-9.6854	0.137085	7.9375	-26.3127	0							synth "bod" male f0=118 vowels=AA onset=0.262 dur=0.297 level=0.050
240	proc	219	bad	train	shiftMags=0	659.805	1.5	1.5	1.5	30	16000	3	0@0.002	0.306	0.346-0.652	123.549	851.201	103	314	588.387	1947.63	707.185	2592.4	586.567	1946.27	709.197	2592.75	118.246	118.116	-1.90006	-5.67677	0.100223	7.8125	-26.6192	0							synth "bad" male f0=118 vowels=AE onset=0.313 dur=0.290 level=0.050
241	proc	220	booed	train	shiftMags=0	662.666	1.5	1.5	1.5	30	16000	3	0@0.002	0.32	0.338-0.658	-177.201	728.541	-126	243	383.803	974.615	387.954	810.434	383.715	974.615	387.128	809.828	118.04	118.111	1.04543	-2.10866	0.100113	8.0625	-26.3989	0							synth "booed" male f0=118 vowels=UW onset=0.309 dur=0.300 level=0.050
242	proc	221	bad	train	shiftMags=0	665.461	1.5	1.5	1.5	30	16000	3	0@0.002	0.304	0.294-0.598	123.569	852.298	103	314	589.02	1950.19	706.059	2587.73	588.875	1950.24	709.247	2590.11	118.113	117.591	-7.66795	-5.6043	0.106671	7.8125	-26.6647	0							synth "bad" male f0=118 vowels=AE onset=0.262 dur=0.287 level=0.050
243	proc	222	bead	train	shiftMags=0	668.119	1.5	1.5	1.5	30	16000	3	0@0.002	0.314	0.350-0.664	287.198	740.39	268	248	363.887	2312.55	657.651	2981.72	362.714	2310.66	657.947	2984.03	118.4	117.77	-9.22677	-8.58994	0.0833339	7.875	-26.5382	1	0.985+15.4ms						synth "bead" male f0=118 vowels=IY onset=0.321 dur=0.290 level=0.050
244	proc	223	bod	train	shiftMags=0	670.866	1.5	1.5	1.5	30	16000	3	0@0.002	0.354	0.308-0.662	5.12567	1006.68	3.99999	452	753.08	1327.75	756.879	2346.5	753.882	1325.11	758.129	2349.41	118.115	117.691	-6.23479	-9.69318	0.12385	7.9375	-26.3274	0							synth "bod" male f0=118 vowels=AA onset=0.280 dur=0.331 level=0.050
245	proc	224	bead	train	shiftMags=0	673.256	1.5	1.5	1.5	30	16000	3	0@0.002	0.298	0.334-0.632	286.861	740.578	268	248	364.544	2313.57	659.266	2981.25	363.826	2311.5	660.195	2986.45	118.497	117.679	-11.9793	-8.61447	0.0916454	7.5625	-26.4581	0							synth "bead" male f0=118 vowels=IY onset=0.303 dur=0.275 level=0.050
246	proc	225	bod	train	shiftMags=0	675.655	1.5	1.5	1.5	30	16000	3	0@0.002	0.326	0.298-0.624	0	1006.23	0	452	751.946	1337.78	758.684	2349.38	752.14	1337.36	759.348	2349.74	118.016	117.733	-4.15101	-9.69766	0.137081	7.9375	-26.2333	0							synth "bod" male f0=118 vowels=AA onset=0.270 dur=0.302 level=0.050
247	proc	226	bad	train	shiftMags=0	678.118	1.5	1.5	1.5	30	16000	3	0@0.002	0.29	0.354-0.644	123.51	852.54	103	314	588.299	1948.78	707.909	2593.82	587.659	1948.99	710.515	2594.69	117.884	117.74	-2.12282	-5.61002	0.101432	7.8125	-26.6052	0							synth "bad" male f0=118 vowels=AE onset=0.325 dur=0.270 level=0.050
248	proc	227	booed	train	shiftMags=0	680.975	1.5	1.5	1.5	30	16000	3	0@0.002	0.352	0.334-0.686	-177.188	728.429	-126	243	384.004	974.438	387.617	809.905	383.933	973.642	387.16	809.57	118.349	118.133	-3.16948	-2.10817	0.101698	8.0625	-26.4734	0							synth "booed" male f0=118 vowels=UW onset=0.306 dur=0.331 level=0.050
249	proc	228	bad	train	shiftMags=0	683.743	1.5	1.5	1.5	30	16000	3	0@0.002	0.33	0.332-0.662	123.779	852.156	103	314	589.315	1949.01	706.606	2587.76	588.437	1946.9	708.321	2589.18	118.123	117.817	-4.49202	-5.62307	0.112404	7.8125	-26.5158	0							synth "bad" male f0=118 vowels=AE onset=0.300 dur=0.312 level=0.050
250	proc	229	booed	train	shiftMags=0	686.101	1.5	1.5	1.5	30	16000	3	0@0.002	0.33	0.296-0.626	-177.565	728.168	-126	243	384.255	976.676	387.612	808.647	384.056	976.188	386.939	807.1	118.177	118.376	2.91891	-2.16035	0.101611	8.0625	-26.4056	0							synth "booed" male f0=118 vowels=UW onset=0.268 dur=0.309 level=0.050
251	proc	230	bead	train	shiftMags=0	688.393	1.5	1.5	1.5	30	16000	3	0@0.002	0.358	0.348-0.706	286.807	740.408	268	248	365.115	2311.25	657.029	2980.36	363.762	2310.16	657.995	2983.89	118.34	117.678	-9.7096	-8.57681	0.086475	7.5625	-26.382	0							synth "bead" male f0=118 vowels=IY onset=0.318 dur=0.336 level=0.050
252	proc	231	bod	train	shiftMags=0	691.295	1.5	1.5	1.5	30	16000	3	0@0.002	0.308	0.354-0.662	0	1006.42	0	452	756.493	1325.28	762.112	2346.87	758.888	1324.02	762.565	2347.6	117.997	117.881	-1.7042	-9.76584	0.13726	7.9375	-26.4004	0							synth "bod" male f0=118 vowels=AA onset=0.326 dur=0.286 level=0.050
253	proc	232	booed	train	shiftMags=0	693.974	1.5	1.5	1.5	30	16000	3	0@0.002	0.334	0.348-0.682	275.792	1069.49	256	557	383.434	975.477	666.34	2050.48	383.363	973.891	668.873	2051.34	118.101	119.078	14.2674	-14.2037	0.098054	7.75	-26.412	0							synth "booed" male f0=118 vowels=UW onset=0.321 dur=0.313 level=0.050
254	proc	233	bod	train	shiftMags=0	696.792	1.5	1.5	1.5	30	16000	3	0@0.002	0.306	0.322-0.628	0	1006.32	0	452	754.963	1335.74	760.207	2348.9	756.335	1334.77	760.395	2349.63	118.099	117.965	-1.95547	-9.59133	0.135836	7.9375	-26.2966	0							synth "bod" male f0=118 vowels=AA onset=0.294 dur=0.283 level=0.050
255	proc	234	bad	train	shiftMags=0	699.781	1.5	1.5	1.5	30	16000	3	0@0.002	0.292	0.322-0.614	126.481	852.41	106	314	589.116	1947.78	707.056	2587.93	587.887	1945.9	708.828	2590.34	118.169	117.49	-9.98187	-5.59561	0.106347	7.8125	-26.5032	0							synth "bad" male f0=118 vowels=AE onset=0.290 dur=0.273 level=0.050
256	proc	235	bead	train	shiftMags=0	702.212	1.5	1.5	1.5	30	16000	3	0@0.002	0.296	0.332-0.628	286.894	739.743	268	248	364.645	2311	660.509	2985.29	364.582	2310.39	660.56	2986.26	118.338	117.807	-7.78753	-8.72052	0.0830012	7.5625	-26.4736	1	1.485+15.4ms						synth "bead" male f0=118 vowels=IY onset=0.304 dur=0.272 level=0.050
257	proc	236	booed	train	shiftMags=0	704.683	1.5	1.5	1.5	30	16000	3	0@0.002	0.3	0.328-0.628	-177.618	728.508	-126	243	384.557	976.118	388.984	814.168	384.511	974.485	388.427	813.346	118.292	118.396	1.51927	-2.12601	0.10212	8.0625	-26.517	0							synth "booed" male f0=118 vowels=UW onset=0.301 dur=0.279 level=0.050
258	proc	237	bad	train	shiftMags=0	706.968	1.5	1.5	1.5	30	16000	3	0@0.002	0.35	0.300-0.650	123.716	851.444	103	314	589.293	1948.45	705.3	2586.68	587.081	1947.89	708.306	2586.94	118.047	117.622	-6.23563	-5.71515	0.10499	7.8125	-26.5277	0							synth "bad" male f0=118 vowels=AE onset=0.267 dur=0.332 level=0.050
259	proc	238	bead	train	shiftMags=0	709.611	1.5	1.5	1.5	30	16000	3	0@0.002	0.338	0.320-0.658	287.198	740.26	268	248	364.384	2310.19	657.27	2980.92	363.438	2309.29	657.768	2986.19	118.31	117.897	-6.04453	-8.66069	0.0900432	7.875	-26.3888	0							synth "bead" male f0=118 vowels=IY onset=0.290 dur=0.315 level=0.050
260	proc	239	bod	train	shiftMags=0	711.979	1.5	1.5	1.5	30	16000	3	0@0.002	0.312	0.290-0.602	5.13248	1006.03	3.99998	452	752.21	1335.66	758.403	2347.21	752.607	1335.66	759.055	2350.33	118.172	117.976	-2.86596	-9.50053	0.132312	7.9375	-26.4478	0							synth "bod" male f0=118 vowels=AA onset=0.263 dur=0.288 level=0.050
261	proc	240	bod	train	shiftMags=0	714.394	1.5	1.5	1.5	30	16000	3	0@0.002	0.294	0.290-0.584	5.13531	1006.17	4	452	751.201	1338.55	759.641	2349.63	754.677	1336.45	759.774	2350.38	118.23	118.118	-1.64322	-9.57177	0.129191	7.9375	-26.3075	0							synth "bod" male f0=118 vowels=AA onset=0.262 dur=0.272 level=0.050
262	proc	241	bead	train	shiftMags=0	717.782	1.5	1.5	1.5	30	16000	3	0@0.002	0.302	0.302-0.604	287.081	739.724	268	248	365.48	2311.79	659.124	2982.44	364.992	2311.06	659.29	2984.87	118.545	117.532	-14.8609	-8.54796	0.0888169	7.875	-26.551	0							synth "bead" male f0=118 vowels=IY onset=0.272 dur=0.280 level=0.050
263	proc	242	bad	train	shiftMags=0	720.716	1.5	1.5	1.5	30	16000	3	0@0.002	0.344	0.374-0.718	123.763	852.337	103	314	587.991	1949.54	707.463	2593.2	587.74	1949.54	709.053	2595.69	118.055	117.654	-5.8788	-5.60258	0.105637	7.8125	-26.4777	1	0.985+15.4ms						synth "bad" male f0=118 vowels=AE onset=0.342 dur=0.326 level=0.050
264	proc	243	booed	train	shiftMags=0	723.029	1.5	1.5	1.5	30	16000	3	0@0.002	0.312	0.294-0.606	-177.468	728.464	-126	243	383.219	973.912	387.274	809.209	383.178	973.771	387.256	809.187	118.178	118.231	0.768946	-2.16114	0.106897	8.0625	-26.4269	0							synth "booed" male f0=118 vowels=UW onset=0.266 dur=0.292 level=0.050
265	proc	244	booed	train	shiftMags=0	725.908	1.5	1.5	1.5	30	16000	3	0@0.002	0.326	0.284-0.610	-177.462	728.159	-126	243	384.962	976.292	387.618	811.412	384.906	976.22	387.563	810.546	118.288	118.346	0.857305	-2.21758	0.0993701	8.0625	-26.3821	0							synth "booed" male f0=118 vowels=UW onset=0.256 dur=0.306 level=0.050
266	proc	245	bod	train	shiftMags=0	728.378	1.5	1.5	1.5	30	16000	3	0@0.002	0.302	0.370-0.672	5.13007	1006.24	3.99999	452	753.876	1333.08	759.692	2347.09	754.647	1333.27	760.45	2349.45	118.168	117.625	-7.97131	-9.63566	0.128653	7.9375	-26.4082	0							synth "bod" male f0=118 vowels=AA onset=0.342 dur=0.279 level=0.050
267	proc	246	bead	train	shiftMags=0	731.259	1.5	1.5	1.5	30	16000	3	0@0.002	0.308	0.290-0.598	286.73	739.608	268	248	365.267	2310.43	657.937	2973.73	364.509	2309.68	657.94	2978.37	118.399	118.062	-4.92569	-8.60973	0.0948413	7.875	-26.4889	0							synth "bead" male f0=118 vowels=IY onset=0.261 dur=0.285 level=0.050
268	proc	247	bad	train	shiftMags=0	733.516	1.5	1.5	1.5	30	16000	3	0@0.002	0.29	0.292-0.582	126.449	852.496	106	314	589.846	1948.2	706.492	2592.17	588.574	1946.66	708.568	2592.89	118.239	117.265	-14.3183	-5.62901	0.114958	7.8125	-26.5642	0							synth "bad" male f0=118 vowels=AE onset=0.263 dur=0.269 level=0.050
269	proc	248	bead	train	shiftMags=0	736.047	1.5	1.5	1.5	30	16000	3	0@0.002	0.344	0.352-0.696	286.833	739.682	268	248	365.648	2310.3	662.02	2981.27	365.087	2309.19	662.44	2981.65	118.369	117.727	-9.41216	-8.60426	0.092714	7.5625	-26.4816	0							synth "bead" male f0=118 vowels=IY onset=0.321 dur=0.322 level=0.050
270	proc	249	bad	train	shiftMags=0	738.481	1.5	1.5	1.5	30	16000	3	0@0.002	0.3	0.336-0.636	123.68	852.551	103	314	588.342	1947.38	706.223	2593.6	586.803	1947.31	708.858	2595.67	117.964	117.517	-6.57622	-5.61364	0.107843	7.8125	-26.5948	0							synth "bad" male f0=118 vowels=AE onset=0.306 dur=0.281 level=0.050
271	proc	250	booed	train	shiftMags=0	740.761	1.5	1.5	1.5	30	16000	3	0@0.002	0.324	0.314-0.638	-177.576	728.434	-126	243	383.269	973.572	387.641	815.842	383.25	973.343	387.521	815.003	118.224	118.209	-0.228853	-2.15508	0.101267	8.0625	-26.3496	0							synth "booed" male f0=118 vowels=UW onset=0.286 dur=0.303 level=0.050
272	proc	251	bod	train	shiftMags=0	743.412	1.5	1.5	1.5	30	16000	3	0@0.002	0.288	0.304-0.592	0	1006.53	0	452	753.864	1337.58	758.772	2345.06	756.574	1337.06	760.053	2347.36	117.928	117.813	-1.69809	-9.63538	0.127906	7.9375	-26.3549	0							synth "bod" male f0=118 vowels=AA onset=0.275 dur=0.265 level=0.050
273	proc	252	booed	train	shiftMags=0	745.781	1.5	1.5	1.5	30	16000	3	0@0.002	0.324	0.360-0.684	275.747	1068.93	256	557	383.801	974.146	671.638	2043.46	383.481	974.097	671.977	2044.94	118.331	118.957	9.13108	-13.7505	0.102861	7.8125	-26.363	0							synth "booed" male f0=118 vowels=UW onset=0.333 dur=0.302 level=0.050
274	proc	253	bod	train	shiftMags=0	748.552	1.5	1.5	1.5	30	16000	3	0@0.002	0.31	0.294-0.604	5.12817	1006.03	3.99999	452	755.042	1335.7	757.884	2347.78	755.839	1335.28	759.168	2349.22	118.069	117.757	-4.58937	-9.6147	0.129071	7.9375	-26.4489	0							synth "bod" male f0=118 vowels=AA onset=0.266 dur=0.287 level=0.050
275	proc	254	bead	train	shiftMags=0	751.297	1.5	1.5	1.5	30	16000	3	0@0.002	0.354	0.344-0.698	286.891	739.696	268	248	365.521	2310.12	657.077	2983.8	365.49	2309.82	659.052	2986.4	118.559	117.798	-11.1438	-8.65913	0.0884079	7.5625	-26.5025	0							synth "bead" male f0=118 vowels=IY onset=0.314 dur=0.331 level=0.050
276	proc	255	bad	train	shiftMags=0	754.16	1.5	1.5	1.5	30	16000	3	0@0.002	0.34	0.310-0.650	123.575	852.469	103	314	588.579	1949.21	707.534	2588	587.901	1947.55	708.759	2590.72	118.069	117.703	-5.38012	-5.61108	0.112508	7.8125	-26.54	1	1.485+15.4ms						synth "bad" male f0=118 vowels=AE onset=0.277 dur=0.323 level=0.050
277	proc	256	bod	train	shiftMags=0	756.69	1.5	1.5	1.5	30	16000	3	0@0.002	0.342	0.302-0.644	0	1006.04	0	452	753.288	1331.33	756.15	2347.52	754.155	1331.33	757.283	2348.37	117.999	117.681	-4.66885	-9.74263	0.130966	7.9375	-26.3063	0							synth "bod" male f0=118 vowels=AA onset=0.275 dur=0.318 level=0.050
278	proc	257	bead	train	shiftMags=0	759.602	1.5	1.5	1.5	30	16000	3	0@0.002	0.35	0.290-0.640	286.818	739.736	268	248	365.47	2311.37	659.373	2979.19	364.925	2310.39	660.511	2980.11	118.444	117.643	-11.7464	-8.74646	0.0853121	7.875	-26.4307	0							synth "bead" male f0=118 vowels=IY onset=0.260 dur=0.328 level=0.050
279	proc	258	booed	train	shiftMags=0	762.156	1.5	1.5	1.5	30	16000	3	0@0.002	0.33	0.348-0.678	-177.595	728.343	-126	243	383.927	974.284	388.662	813.85	383.778	973.883	388.168	813.661	118.124	118.304	2.64328	-2.15426	0.0986235	8.0625	-26.4061	0							synth "booed" male f0=118 vowels=UW onset=0.321 dur=0.309 level=0.050
280	proc	259	bad	train	shiftMags=0	765.066	1.5	1.5	1.5	30	16000	3	0@0.002	0.31	0.364-0.674	123.777	851.118	103	314	589.433	1952.63	708.187	2591.98	588.847	1952.63	709.377	2593.22	118.18	118.016	-2.40733	-5.64317	0.114549	7.8125	-26.6024	0							synth "bad" male f0=118 vowels=AE onset=0.335 dur=0.290 level=0.050
281	proc	260	bead	train	shiftMags=0	767.887	1.5	1.5	1.5	30	16000	3	0@0.002	0.356	0.304-0.660	286.863	740.398	268	248	364.745	2311.13	649.929	2981.66	364.284	2311.09	651.912	2984.62	118.197	117.535	-9.72383	-8.61721	0.0934007	7.875	-26.4407	0							synth "bead" male f0=118 vowels=IY onset=0.275 dur=0.333 level=0.050
282	proc	261	bad	train	shiftMags=0	770.649	1.5	1.5	1.5	30	16000	3	0@0.002	0.296	0.292-0.588	123.611	852.584	103	314	588.577	1947.37	705.862	2589.99	587.768	1947.32	708.938	2591.5	118.031	117.549	-7.08645	-5.59734	0.106062	7.8125	-26.6479	0							synth "bad" male f0=118 vowels=AE onset=0.260 dur=0.278 level=0.050
283	proc	262	bod	train	shiftMags=0	773.439	1.5	1.5	1.5	30	16000	3	0@0.002	0.288	0.312-0.600	0	1006.23	0	452	753.343	1330.25	759.09	2348.75	755.948	1329.79	759.97	2348.96	118.115	117.723	-5.75272	-9.54826	0.136937	7.9375	-26.3634	1	0.985+15.4ms						synth "bod" male f0=118 vowels=AA onset=0.284 dur=0.265 level=0.050
284	proc	263	booed	train	shiftMags=0	775.775	1.5	1.5	1.5	30	16000	3	0@0.002	0.318	0.328-0.646	275.747	1069.03	256	557	384.324	973.838	641.466	2040.97	384.324	973.838	641.466	2040.97	118.092	117.714	-5.54808	-13.567	0.0994168	-49.75	-26.4284	0							synth "booed" male f0=118 vowels=UW onset=0.300 dur=0.299 level=0.050
285	proc	264	bead	train	shiftMags=0	778.199	1.5	1.5	1.5	30	16000	3	0@0.002	0.316	0.308-0.624	286.851	740.38	268	248	364.552	2311.89	660.94	2980.55	363.066	2309.98	661.206	2982.73	118.093	117.649	-6.52361	-8.62563	0.0914436	7.5625	-26.4346	0							synth "bead" male f0=118 vowels=IY onset=0.278 dur=0.293 level=0.050
286	proc	265	bod	train	shiftMags=0	780.744	1.5	1.5	1.5	30	16000	3	0@0.002	0.288	0.312-0.600	0	1007.41	0	452	753.092	1337.87	760.377	2351.05	753.901	1336.61	761.496	2351.73	117.928	117.503	-6.25014	-9.40023	0.131802	7.9375	-26.3534	0							synth "bod" male f0=118 vowels=AA onset=0.285 dur=0.264 level=0.050
287	proc	266	booed	train	shiftMags=0	783.244	1.5	1.5	1.5	30	16000	3	0@0.002	0.348	0.324-0.672	275.727	1068.66	256	557	383.915	975.278	651.384	2045.12	383.763	974.836	653.345	2046.31	118.244	118.118	-1.84147	-13.9737	0.100872	7.8125	-26.4174	0							synth "booed" male f0=118 vowels=UW onset=0.295 dur=0.328 level=0.050
288	proc	267	bad	train	shiftMags=0	785.733	1.5	1.5	1.5	30	16000	3	0@0.002	0.326	0.364-0.690	123.764	852.497	103	314	588.024	1951.93	705.634	2589.53	587.071	1951.57	709.399	2592.33	118.059	117.664	-5.80445	-5.64294	0.114901	7.8125	-26.5191	0							synth "bad" male f0=118 vowels=AE onset=0.331 dur=0.310 level=0.050
289	proc	268	bead	train	shiftMags=0	788.044	1.5	1.5	1.5	30	16000	3	0@0.002	0.334	0.336-0.670	286.82	739.465	268	248	364.807	2311.64	659.619	2981.74	364.419	2311.45	659.663	2981.74	118.499	117.856	-9.42319	-8.65204	0.0868122	7.875	-26.4333	0							synth "bead" male f0=118 vowels=IY onset=0.307 dur=0.311 level=0.050
290	proc	269	bad	train	shiftMags=0	790.315	1.5	1.5	1.5	30	16000	3	0@0.002	0.354	0.364-0.718	123.759	852.578	103	314	590.217	1952.28	707.774	2589.17	588.657	1952.13	710.406	2589.31	118.031	117.923	-1.59059	-5.64435	0.112281	7.8125	-26.4339	0							synth "bad" male f0=118 vowels=AE onset=0.332 dur=0.336 level=0.050
291	proc	270	bod	train	shiftMags=0	792.583	1.5	1.5	1.5	30	16000	3	0@0.002	0.316	0.334-0.650	0	1006.2	0	452	755.698	1332.39	763.167	2348.84	755.846	1329.48	763.306	2348.89	118.005	117.715	-4.26374	-9.62492	0.129202	7.9375	-26.3062	0							synth "bod" male f0=118 vowels=AA onset=0.307 dur=0.292 level=0.050
292	proc	271	booed	train	shiftMags=0	796.265	1.5	1.5	1.5	30	16000	3	0@0.002	0.324	0.320-0.644	275.728	1069.41	256	557	383.31	973.705	645.435	2050.18	383.31	973.484	646.215	2052.36	118.039	119.156	16.3018	-13.7143	0.0997039	7.875	-26.3522	0							synth "booed" male f0=118 vowels=UW onset=0.292 dur=0.303 level=0.050
293	proc	272	bod	train	shiftMags=0	799.147	1.5	1.5	1.5	30	16000	3	0@0.002	0.29	0.310-0.600	0	1006.2	0	452	753.803	1335.31	761.93	2350.36	754.607	1335.18	763.687	2351.19	118.097	117.966	-1.91168	-9.53727	0.123245	7.9375	-26.3447	0							synth "bod" male f0=118 vowels=AA onset=0.282 dur=0.268 level=0.050
294	proc	273	booed	train	shiftMags=0	801.524	1.5	1.5	1.5	30	16000	3	0@0.002	0.31	0.364-0.674	275.786	1069.03	256	557	384.671	975.394	658.874	2043.99	384.647	975.089	659.134	2044.53	118.327	121.198	41.4974	-13.5415	0.10492	7.875	-26.5307	0							synth "booed" male f0=118 vowels=UW onset=0.335 dur=0.290 level=0.050
295	proc	274	bead	train	shiftMags=0	803.828	1.5	1.5	1.5	30	16000	3	0@0.002	0.344	0.294-0.638	287.05	739.745	268	248	365.5	2310.69	653.36	2983.15	365.147	2310.16	654.337	2988.06	118.246	117.603	-9.43752	-8.66129	0.0872812	7.5625	-26.4887	0							synth "bead" male f0=118 vowels=IY onset=0.264 dur=0.321 level=0.050
296	proc	275	bad	train	shiftMags=0	806.082	1.5	1.5	1.5	30	16000	3	0@0.002	0.308	0.330-0.638	126.485	851.075	106	314	590.545	1949.77	706.499	2591.63	588.48	1949.99	708.707	2592.12	118.047	117.736	-4.55994	-5.58071	0.10801	7.8125	-26.5972	1	1.485+15.4ms						synth "bad" male f0=118 vowels=AE onset=0.298 dur=0.290 level=0.050
297	proc	276	bad	train	shiftMags=0	808.53	1.5	1.5	1.5	30	16000	3	0@0.002	0.348	0.324-0.672	123.769	852.74	103	314	588.883	1947.34	707.728	2590.55	587.716	1946.23	708.913	2592.21	118.166	117.61	-8.16955	-5.6319	0.105739	7.8125	-26.5761	0							synth "bad" male f0=118 vowels=AE onset=0.295 dur=0.329 level=0.050
298	proc	277	bead	train	shiftMags=0	811.129	1.5	1.5	1.5	30	16000	3	0@0.002	0.302	0.370-0.672	286.859	739.631	268	248	365.417	2311.57	656.841	2975.31	364.722	2310.18	657.886	2976.78	118.629	117.591	-15.2133	-8.65838	0.0891884	7.5625	-26.5419	0							synth "bead" male f0=118 vowels=IY onset=0.341 dur=0.278 level=0.050
299	proc	278	booed	train	shiftMags=0	813.409	1.5	1.5	1.5	30	16000	3	0@0.002	0.336	0.312-0.648	-177.226	728.356	-126	243	384.261	975.487	388.278	812.628	384.261	974.69	388.278	810.581	118.371	118.398	0.392665	-2.16169	0.10445	8.0625	-26.3706	0							synth "booed" male f0=118 vowels=UW onset=0.284 dur=0.315 level=0.050
300	proc	279	bod	train	shiftMags=0	816.072	1.5	1.5	1.5	30	16000	3	0@0.002	0.314	0.316-0.630	0	1006.28	0	452	754.849	1334.79	758.895	2347.95	756.388	1335.7	759.606	2349.02	118.009	118.034	0.369038	-9.75013	0.135112	7.9375	-26.2821	0							synth "bod" male f0=118 vowels=AA onset=0.287 dur=0.292 level=0.050
301	proc	280	booed	train	shiftMags=0	818.799	1.5	1.5	1.5	30	16000	3	0@0.002	0.32	0.358-0.678	275.75	1069.04	256	557	384.641	975.275	659.74	2048.13	384.521	975.275	661.336	2050.77	118.071	117.881	-2.79601	-13.4903	0.104879	7.875	-26.3948	0							synth "booed" male f0=118 vowels=UW onset=0.330 dur=0.300 level=0.050
302	proc	281	bad	train	shiftMags=0	821.099	1.5	1.5	1.5	30	16000	3	0@0.002	0.294	0.360-0.654	123.779	851.552	103	314	592.008	1950.17	706.715	2587.74	588.873	1949.98	708.592	2588.79	118.114	117.593	-7.65996	-5.55059	0.11352	7.8125	-26.5126	0							synth "bad" male f0=118 vowels=AE onset=0.330 dur=0.273 level=0.050
303	proc	282	bead	train	shiftMags=0	823.733	1.5	1.5	1.5	30	16000	3	0@0.002	0.35	0.318-0.668	286.731	740.448	268	248	364.722	2310.67	655.124	2982	364.331	2310.61	655.866	2982.75	118.353	117.884	-6.87173	-8.50078	0.0948678	7.5625	-26.4249	1	0.985+15.4ms						synth "bead" male f0=118 vowels=IY onset=0.288 dur=0.327 level=0.050
304	proc	283	bod	train	shiftMags=0	826.259	1.5	1.5	1.5	30	16000	3	0@0.002	0.35	0.318-0.668	0	1006.12	0	452	753.855	1336.31	757.905	2348.03	755.182	1336.33	760.382	2348.16	118.086	117.749	-4.948	-9.72637	0.127881	7.9375	-26.2489	0							synth "bod" male f0=118 vowels=AA onset=0.291 dur=0.325 level=0.050
305	proc	284	bad	train	shiftMags=0	828.693	1.5	1.5	1.5	30	16000	3	0@0.002	0.312	0.300-0.612	123.758	852.515	103	314	588.645	1949.1	705.58	2591.23	588.329	1949.75	708.669	2594.58	118.143	117.69	-6.66209	-5.5919	0.109475	7.8125	-26.5215	0							synth "bad" male f0=118 vowels=AE onset=0.270 dur=0.292 level=0.050
306	proc	285	booed	train	shiftMags=0	831.469	1.5	1.5	1.5	30	16000	3	0@0.002	0.318	0.354-0.672	-177.2	728.557	-126	243	384.552	974.758	388.248	812.114	384.448	974.888	388.062	811.309	118.319	118.1	-3.21111	-2.23108	0.106527	8.0625	-26.4377	0							synth "booed" male f0=118 vowels=UW onset=0.326 dur=0.299 level=0.050
307	proc	286	bead	train	shiftMags=0	834.386	1.5	1.5	1.5	30	16000	3	0@0.002	0.338	0.336-0.674	286.862	740.433	268	248	364.326	2310.65	656.815	2982.61	363.612	2310.46	657.322	2982.61	118.422	117.944	-6.99417	-8.68695	0.0888522	7.875	-26.4232	0							synth "bead" male f0=118 vowels=IY onset=0.307 dur=0.314 level=0.050
308	proc	287	bod	train	shiftMags=0	837.205	1.5	1.5	1.5	30	16000	3	0@0.002	0.3	0.328-0.628	5.13034	1005.78	3.99996	452	755.559	1331.84	760.972	2349.04	756.681	1331	761.531	2349.26	118.001	117.498	-7.39997	-9.7043	0.137602	7.9375	-26.3754	0							synth "bod" male f0=118 vowels=AA onset=0.300 dur=0.277 level=0.050
309	proc	288	bead	train	shiftMags=0	840.093	1.5	1.5	1.5	30	16000	3	0@0.002	0.338	0.330-0.668	286.825	740.421	268	248	365.157	2311.59	656.871	2980.25	364.59	2310.64	657.544	2980.3	118.525	117.846	-9.9491	-8.62505	0.0860382	7.5625	-26.4039	0							synth "bead" male f0=118 vowels=IY onset=0.300 dur=0.316 level=0.050
310	proc	289	bod	train	shiftMags=0	843.025	1.5	1.5	1.5	30	16000	3	0@0.002	0.33	0.366-0.696	5.12811	1007.3	3.99999	452	751.741	1337.98	759.549	2349.58	753.433	1337.1	760.749	2350.31	118.077	117.565	-7.52532	-9.62393	0.132028	7.9375	-26.2369	0							synth "bod" male f0=118 vowels=AA onset=0.339 dur=0.305 level=0.050
311	proc	290	bad	train	shiftMags=0	845.912	1.5	1.5	1.5	30	16000	3	0@0.002	0.304	0.300-0.604	123.564	852.581	103	314	589.654	1949.08	706.243	2592.55	587.297	1948.83	709.029	2592.65	117.967	117.541	-6.25904	-5.59274	0.106589	7.8125	-26.6616	0							synth "bad" male f0=118 vowels=AE onset=0.268 dur=0.287 level=0.050
312	proc	291	booed	train	shiftMags=0	848.203	1.5	1.5	1.5	30	16000	3	0@0.002	0.32	0.334-0.654	-177.52	728.147	-126	243	383.704	975.191	388.582	808.204	383.596	975.453	388.479	807.829	118.531	118.477	-0.790458	-2.14152	0.103917	8.0625	-26.3896	0							synth "booed" male f0=118 vowels=UW onset=0.305 dur=0.300 level=0.050
313	proc	292	bead	train	shiftMags=0	851.187	1.5	1.5	1.5	30	16000	3	0@0.002	0.35	0.364-0.714	286.882	740.65	268	248	364.063	2313.61	658.383	2982.32	363.807	2311.96	658.978	2985.08	118.401	117.671	-10.7117	-8.56523	0.0892704	7.5625	-26.4306	0							synth "bead" male f0=118 vowels=IY onset=0.334 dur=0.327 level=0.050
314	proc	293	bad	train	shiftMags=0	853.687	1.5	1.5	1.5	30	16000	3	0@0.002	0.314	0.320-0.634	123.757	852.517	103	314	588.928	1950.28	705.482	2586.57	588.322	1950.76	709.076	2590.23	117.978	117.543	-6.38161	-5.64491	0.103466	7.8125	-26.4723	0							synth "bad" male f0=118 vowels=AE onset=0.290 dur=0.294 level=0.050
315	proc	294	bod	train	shiftMags=0	856.436	1.5	1.5	1.5	30	16000	3	0@0.002	0.314	0.318-0.632	0	1006.44	0	452	755.238	1332.83	760.098	2346.99	756.194	1332.2	760.614	2347.89	118.036	117.493	-7.98688	-9.73395	0.136055	7.9375	-26.3193	0							synth "bod" male f0=118 vowels=AA onset=0.290 dur=0.292 level=0.050
316	proc	295	booed	train	shiftMags=0	859.201	1.5	1.5	1.5	30	16000	3	0@0.002	0.302	0.302-0.604	275.729	1069.28	256	557	384.502	975.944	657.165	2047.87	384.502	974.949	657.874	2049	118.44	119.317	12.7708	-13.4895	0.0990667	7.875	-26.4696	1	1.485+15.4ms						synth "booed" male f0=118 vowels=UW onset=0.274 dur=0.282 level=0.050
317	proc	296	booed	train	shiftMags=0	862.124	1.5	1.5	1.5	30	16000	3	0@0.002	0.308	0.338-0.646	275.78	1070.5	256	557	384.341	974.28	646.564	2045.9	384.341	974.28	647.153	2048.61	118.055	119.477	20.7303	-13.9787	0.0961314	7.75	-26.5385	0							synth "booed" male f0=118 vowels=UW onset=0.311 dur=0.287 level=0.050
318	proc	297	bod	train	shiftMags=0	864.931	1.5	1.5	1.5	30	16000	3	0@0.002	0.308	0.360-0.668	5.13129	1006.07	3.99997	452	751.85	1337.34	757.681	2346.31	752.768	1336.97	757.987	2346.64	118.195	118.056	-2.04249	-9.77139	0.139108	7.9375	-26.2883	0							synth "bod" male f0=118 vowels=AA onset=0.332 dur=0.284 level=0.050
319	proc	298	bad	train	shiftMags=0	867.681	1.5	1.5	1.5	30	16000	3	0@0.002	0.344	0.324-0.668	123.755	852.584	103	314	588.456	1948.74	706.094	2590.84	587.336	1948.02	707.779	2594.05	118.113	117.97	-2.08941	-5.63383	0.108137	7.8125	-26.5306	0							synth "bad" male f0=118 vowels=AE onset=0.291 dur=0.327 level=0.050
320	proc	299	bead	train	shiftMags=0	870.009	1.5	1.5	1.5	30	16000	3	0@0.002	0.328	0.296-0.624	286.807	739.75	268	248	364.719	2312.41	653.756	2983.13	363.857	2312.41	657.721	2984.75	118.262	117.934	-4.80697	-8.67617	0.0882504	7.5625	-26.4029	0							synth "bead" male f0=118 vowels=IY onset=0.268 dur=0.303 level=0.050
321	proc	300	booed	train	shiftMags=0	872.29	1.5	1.5	1.5	30	16000	3	0@0.002	0.316	0.332-0.648	-177.559	728.475	-126	243	383.778	974.974	386.588	807.699	383.75	974.974	386.514	805.106	118.356	118.213	-2.09377	-2.09956	0.106571	8.0625	-26.452	0							synth "booed" male f0=118 vowels=UW onset=0.303 dur=0.296 level=0.050
322	proc	301	bad	train	shiftMags=0	875.799	1.5	1.5	1.5	30	16000	3	0@0.002	0.302	0.324-0.626	123.773	852.447	103	314	587.901	1950.41	706.213	2590.35	587.326	1950.97	709.206	2592.06	118.112	117.579	-7.8302	-5.60106	0.109383	7.8125	-26.5624	0							synth "bad" male f0=118 vowels=AE onset=0.292 dur=0.285 level=0.050
323	proc	302	bead	train	shiftMags=0	878.579	1.5	1.5	1.5	30	16000	3	0@0.002	0.318	0.370-0.688	286.812	740.35	268	248	364.096	2311.48	659.211	2980.6	363.82	2310.96	660.704	2984.95	117.99	117.854	-1.99978	-8.51533	0.0905344	7.5625	-26.4995	1	0.985+15.4ms						synth "bead" male f0=118 vowels=IY onset=0.340 dur=0.296 level=0.050
324	proc	303	bod	train	shiftMags=0	881.448	1.5	1.5	1.5	30	16000	3	0@0.002	0.316	0.324-0.640	0	1006.31	0	452	753.375	1336.49	763.842	2348.01	754.14	1335.76	764.148	2348.57	118.002	117.612	-5.72611	-9.62052	0.130855	7.9375	-26.2956	0							synth "bod" male f0=118 vowels=AA onset=0.297 dur=0.292 level=0.050
325	proc	304	bad	train	shiftMags=0	884.016	1.5	1.5	1.5	30	16000	3	0@0.002	0.346	0.372-0.718	123.572	852.511	103	314	589.641	1947.86	707.098	2592.12	589.249	1946.7	709.162	2593.8	118.119	117.693	-6.2538	-5.67844	0.108636	7.8125	-26.6065	0							synth "bad" male f0=118 vowels=AE onset=0.339 dur=0.330 level=0.050
326	proc	305	bod	train	shiftMags=0	886.632	1.5	1.5	1.5	30	16000	3	0@0.002	0.358	0.326-0.684	0	1006.27	0	452	754.022	1337.8	762.494	2348.73	755.375	1336.79	763.095	2350.63	118.059	117.678	-5.59562	-9.66013	0.130296	7.9375	-26.2016	0							synth "bod" male f0=118 vowels=AA onset=0.299 dur=0.334 level=0.050
327	proc	306	booed	train	shiftMags=0	888.946	1.5	1.5	1.5	30	16000	3	0@0.002	0.322	0.304-0.626	275.735	1069.35	256	557	383.325	973.904	645.035	2054.33	383.316	973.745	645.461	2055	118.147	117.971	-2.58224	-13.8347	0.098794	7.875	-26.3677	0							synth "booed" male f0=118 vowels=UW onset=0.276 dur=0.302 level=0.050
328	proc	307	bead	train	shiftMags=0	891.515	1.5	1.5	1.5	30	16000	3	0@0.002	0.324	0.298-0.622	286.867	740.388	268	248	363.345	2310.89	658.986	2974.75	363.272	2310.41	660.788	2978.43	118.198	117.466	-10.7526	-8.59369	0.0877785	7.875	-26.4288	0							synth "bead" male f0=118 vowels=IY onset=0.268 dur=0.301 level=0.050
329	proc	308	booed	train	shiftMags=0	894.326	1.5	1.5	1.5	30	16000	3	0@0.002	0.294	0.320-0.614	-177.519	728.423	-126	243	383.187	974.81	386.461	811.527	382.827	974.623	386.429	811.336	118.238	118.392	2.25535	-2.19324	0.100146	8.0625	-26.4361	0							synth "booed" male f0=118 vowels=UW onset=0.291 dur=0.275 level=0.050
330	proc	309	bod	train	shiftMags=0	897.189	1.5	1.5	1.5	30	16000	3	0@0.002	0.298	0.314-0.612	5.13019	1006.14	3.99997	452	754.898	1331.11	757.379	2348.82	756.987	1330.83	757.749	2349.43	118.011	117.733	-4.07831	-9.71135	0.131194	7.9375	-26.3591	0							synth "bod" male f0=118 vowels=AA onset=0.286 dur=0.276 level=0.050
331	proc	310	bead	train	shiftMags=0	899.91	1.5	1.5	1.5	30	16000	3	0@0.002	0.322	0.336-0.658	287.316	739.724	268	248	364.474	2312.65	659.464	2984.12	363.989	2310.59	660.296	2984.13	118.343	117.684	-9.6751	-8.5852	0.0876761	7.5625	-26.4891	0							synth "bead" male f0=118 vowels=IY onset=0.307 dur=0.299 level=0.050
332	proc	311	bad	train	shiftMags=0	902.867	1.5	1.5	1.5	30	16000	3	0@0.002	0.308	0.292-0.600	126.449	852.442	106	314	590.763	1948.53	705.336	2589.16	589.016	1948.18	708.646	2591.11	118.061	117.757	-4.46093	-5.6547	0.106237	7.8125	-26.5482	0							synth "bad" male f0=118 vowels=AE onset=0.259 dur=0.292 level=0.050
333	proc	312	bad	train	shiftMags=0	905.541	1.5	1.5	1.5	30	16000	3	0@0.002	0.35	0.328-0.678	123.51	851.594	103	314	590.647	1950.52	705.493	2589.97	588.13	1951.96	708.623	2590.79	118.089	117.612	-7.01149	-5.56414	0.102406	7.8125	-26.5734	0							synth "bad" male f0=118 vowels=AE onset=0.299 dur=0.331 level=0.050
334	proc	313	bead	train	shiftMags=0	907.954	1.5	1.5	1.5	30	16000	3	0@0.002	0.342	0.344-0.686	286.869	740.581	268	248	364.373	2312.1	658.116	2985.6	363.971	2312.05	658.171	2986.11	118.622	117.891	-10.7123	-8.61445	0.0966698	7.5625	-26.451	0							synth "bead" male f0=118 vowels=IY onset=0.315 dur=0.318 level=0.050
335	proc	314	bod	train	shiftMags=0	910.217	1.5	1.5	1.5	30	16000	3	0@0.002	0.36	0.348-0.708	5.13327	1006.26	3.99999	452	756.932	1329.59	760.4	2347.52	758.811	1328.16	761.312	2347.65	117.996	117.501	-7.28668	-9.76535	0.140573	7.9375	-26.1678	0							synth "bod" male f0=118 vowels=AA onset=0.321 dur=0.335 level=0.050
336	proc	315	booed	train	shiftMags=0	913.009	1.5	1.5	1.5	30	16000	3	0@0.002	0.292	0.328-0.620	275.786	1068.99	256	557	383.485	974.44	651.044	2041.65	383.406	973.264	660.971	2046.05	118.258	118.975	10.464	-13.8778	0.105953	7.8125	-26.4512	1	1.485+15.4ms						synth "booed" male f0=118 vowels=UW onset=0.301 dur=0.272 level=0.050
337	proc	316	bad	train	shiftMags=0	915.619	1.5	1.5	1.5	30	16000	3	0@0.002	0.324	0.340-0.664	125.117	852.641	104.5	314	589.754	1950.36	705.286	2592.89	588.054	1950.36	708.057	2593.58	118.137	117.678	-6.73713	-5.59133	0.104775	7.8125	-26.4805	0							synth "bad" male f0=118 vowels=AE onset=0.311 dur=0.302 level=0.050
338	proc	317	booed	train	shiftMags=0	918.118	1.5	1.5	1.5	30	16000	3	0@0.002	0.334	0.362-0.696	-177.262	728.423	-126	243	383.933	974.997	387.617	808.991	383.614	974.997	387.534	807.666	118.344	118.256	-1.29201	-2.22516	0.0997686	8.0625	-26.39	0							synth "booed" male f0=118 vowels=UW onset=0.333 dur=0.314 level=0.050
339	proc	318	bod	train	shiftMags=0	920.732	1.5	1.5	1.5	30	16000	3	0@0.002	0.306	0.340-0.646	0	1006.16	0	452	755.753	1333.08	761.757	2347.2	756.117	1331.41	762.025	2350.81	118.204	118.2	-0.0647305	-9.6477	0.128927	7.9375	-26.2872	0							synth "bod" male f0=118 vowels=AA onset=0.311 dur=0.284 level=0.050
340	proc	319	bead	train	shiftMags=0	923.693	1.5	1.5	1.5	30	16000	3	0@0.002	0.348	0.316-0.664	286.814	740.272	268	248	364.428	2312.89	652.359	2980.03	364.033	2312.29	653.208	2982.15	118.529	117.963	-8.29658	-8.57989	0.095937	7.5625	-26.4083	0							synth "bead" male f0=118 vowels=IY onset=0.287 dur=0.326 level=0.050
341	proc	320	booed	train	shiftMags=0	926.613	1.5	1.5	1.5	30	16000	3	0@0.002	0.326	0.324-0.650	-177.438	728.137	-126	243	384.556	975.294	386.689	807.72	384.387	975.364	386.419	807.075	118.237	118.2	-0.549819	-2.15568	0.106308	8.0625	-26.3512	0							synth "booed" male f0=118 vowels=UW onset=0.296 dur=0.305 level=0.050
342	proc	321	bad	train	shiftMags=0	928.962	1.5	1.5	1.5	30	16000	3	0@0.002	0.348	0.360-0.708	123.728	852.363	103	314	589.81	1949.31	707.433	2591.4	589.062	1949.42	708.288	2592.15	118.07	117.704	-5.38442	-5.61715	0.107664	7.8125	-26.612	0							synth "bad" male f0=118 vowels=AE onset=0.331 dur=0.329 level=0.050
343	proc	322	bead	train	shiftMags=0	931.647	1.5	1.5	1.5	30	16000	3	0@0.002	0.302	0.314-0.616	286.756	740.422	268	248	363.695	2311.69	657.223	2989.06	363.277	2310.71	657.61	2990.45	118.438	117.768	-9.8084	-8.69568	0.085	7.5625	-26.5502	1	0.985+15.4ms						synth "bead" male f0=118 vowels=IY onset=0.285 dur=0.279 level=0.050
344	proc	323	bod	train	shiftMags=0	934.578	1.5	1.5	1.5	30	16000	3	0@0.002	0.316	0.320-0.636	0	1006.3	0	452	753.427	1333.64	759.005	2347.42	755.364	1335.03	759.188	2349.22	118.137	117.519	-9.07735	-9.39672	0.133043	7.9375	-26.3163	0							synth "bod" male f0=118 vowels=AA onset=0.293 dur=0.292 level=0.050
345	proc	324	bead	train	shiftMags=0	937.518	1.5	1.5	1.5	30	16000	3	0@0.002	0.356	0.294-0.650	286.928	740.408	268	248	365.179	2313.23	650.651	2981.25	364.687	2311.33	651.463	2982.12	118.431	117.665	-11.2253	-8.71117	0.0862847	7.5625	-26.4539	0							synth "bead" male f0=118 vowels=IY onset=0.264 dur=0.333 level=0.050
346	proc	325	booed	train	shiftMags=0	940.045	1.5	1.5	1.5	30	16000	3	0@0.002	0.332	0.310-0.642	-177.467	728.383	-126	243	384.816	976.393	388.109	813.3	384.775	975.857	387.299	810.763	117.996	117.905	-1.33816	-2.12365	0.106809	8.0625	-26.4132	0							synth "booed" male f0=118 vowels=UW onset=0.282 dur=0.313 level=0.050
347	proc	326	bad	train	shiftMags=0	942.504	1.5	1.5	1.5	30	16000	3	0@0.002	0.336	0.372-0.708	123.749	852.081	103	314	588.504	1945.78	706.604	2588.85	586.48	1945.67	706.973	2591.84	118.091	117.75	-5.01003	-5.66796	0.109896	7.8125	-26.499	0							synth "bad" male f0=118 vowels=AE onset=0.343 dur=0.316 level=0.050
348	proc	327	bod	train	shiftMags=0	944.861	1.5	1.5	1.5	30	16000	3	0@0.002	0.316	0.372-0.688	0	1006.14	0	452	753.755	1335.78	760.995	2346.37	756.284	1335.43	760.995	2346.39	118.258	117.549	-10.41	-9.75687	0.132233	7.9375	-26.2956	0							synth "bod" male f0=118 vowels=AA onset=0.344 dur=0.292 level=0.050
349	proc	328	booed	train	shiftMags=0	947.39	1.5	1.5	1.5	30	16000	3	0@0.002	0.328	0.284-0.612	275.739	1068.77	256	557	384.969	976.531	655.866	2052.72	384.829	976.241	655.941	2053.55	118.3	121.209	42.0598	-13.993	0.0980901	7.875	-26.4132	0							synth "booed" male f0=118 vowels=UW onset=0.255 dur=0.308 level=0.050
350	proc	329	bad	train	shiftMags=0	950.341	1.5	1.5	1.5	30	16000	3	0@0.002	0.282	0.332-0.614	126.466	852.535	106	314	588.309	1948.62	705.983	2588.22	587.151	1947.34	709.428	2591.47	118.183	117.615	-8.33886	-5.62426	0.103548	7.8125	-26.5941	0							synth "bad" male f0=118 vowels=AE onset=0.299 dur=0.265 level=0.050
351	proc	330	bod	train	shiftMags=0	952.769	1.5	1.5	1.5	30	16000	3	0@0.002	0.292	0.298-0.590	5.12665	1006.05	3.99998	452	754.197	1333.67	762.756	2347.26	755.161	1330.16	764.104	2348.66	118.051	117.816	-3.45108	-9.69624	0.134885	7.9375	-26.3328	0							synth "bod" male f0=118 vowels=AA onset=0.270 dur=0.269 level=0.050
352	proc	331	bead	train	shiftMags=0	956.614	1.5	1.5	1.5	30	16000	3	0@0.002	0.35	0.312-0.662	286.822	739.591	268	248	364.746	2311.78	658.401	2975.31	363.654	2311.6	658.95	2975.55	118.589	117.835	-11.0476	-8.63504	0.0877396	7.5625	-26.4314	0							synth "bead" male f0=118 vowels=IY onset=0.282 dur=0.328 level=0.050
353	proc	332	bod	train	shiftMags=0	959.324	1.5	1.5	1.5	30	16000	3	0@0.002	0.332	0.300-0.632	0	1006.28	0	452	751.765	1331.39	761.122	2350.44	753.212	1330.47	762.866	2350.62	118.111	117.625	-7.14097	-9.79697	0.133733	7.9375	-26.2794	0							synth "bod" male f0=118 vowels=AA onset=0.273 dur=0.308 level=0.050
354	proc	333	bad	train	shiftMags=0	962.278	1.5	1.5	1.5	30	16000	3	0@0.002	0.29	0.336-0.626	123.782	851.359	103	314	589.322	1948.19	707.642	2591.25	588.399	1947.64	708.202	2591.36	118.472	117.756	-10.4981	-5.58762	0.106877	7.8125	-26.5208	0							synth "bad" male f0=118 vowels=AE onset=0.303 dur=0.273 level=0.050
355	proc	334	bead	train	shiftMags=0	964.639	1.5	1.5	1.5	30	16000	3	0@0.002	0.298	0.344-0.642	286.966	740.557	268	248	364.421	2311.43	651.867	2979.53	364.353	2311.16	652.486	2980.25	118.212	117.669	-7.96493	-8.55297	0.0854396	7.5625	-26.4454	0							synth "bead" male f0=118 vowels=IY onset=0.316 dur=0.274 level=0.050
356	proc	335	booed	train	shiftMags=0	966.916	1.5	1.5	1.5	30	16000	3	0@0.002	0.33	0.306-0.636	-177.459	728.434	-126	243	383.774	975.012	386.079	811.374	383.774	975.012	385.537	810.79	118.25	118.398	2.15732	-2.12377	0.10564	8.0625	-26.3768	1	1.485+15.4ms						synth "booed" male f0=118 vowels=UW onset=0.277 dur=0.311 level=0.050
357	proc	336	bead	train	shiftMags=0	969.498	1.5	1.5	1.5	30	16000	3	0@0.002	0.316	0.374-0.690	286.834	739.699	268	248	364.64	2313.37	658.762	2985.9	364.45	2311.12	659.728	2989.09	118.773	117.832	-13.7739	-8.56389	0.0933206	7.875	-26.4208	0							synth "bead" male f0=118 vowels=IY onset=0.343 dur=0.295 level=0.050
358	proc	337	bod	train	shiftMags=0	972.215	1.5	1.5	1.5	30	16000	3	0@0.002	0.294	0.284-0.578	5.1311	1006.14	3.99998	452	753.492	1326.39	756.143	2345.53	756.761	1325.75	756.143	2345.82	117.937	117.631	-4.49631	-9.73506	0.135079	7.9375	-26.3552	0							synth "bod" male f0=118 vowels=AA onset=0.256 dur=0.270 level=0.050
359	proc	338	booed	train	shiftMags=0	974.553	1.5	1.5	1.5	30	16000	3	0@0.002	0.302	0.368-0.670	275.777	1069.57	256	557	384.752	975.511	652.534	2044.79	384.668	974.8	656.223	2049.88	118.153	118.281	1.8673	-13.4048	0.0975304	7.8125	-26.4716	0							synth "booed" male f0=118 vowels=UW onset=0.340 dur=0.282 level=0.050
360	proc	339	bad	train	shiftMags=0	977.188	1.5	1.5	1.5	30	16000	3	0@0.002	0.344	0.356-0.700	123.72	851.711	103	314	590.896	1950.59	706.563	2592.1	588.719	1950.58	708.915	2594.63	118.015	117.914	-1.47428	-5.64538	0.102728	7.8125	-26.5374	0							synth "bad" male f0=118 vowels=AE onset=0.327 dur=0.323 level=0.050
361	proc	340	bod	train	shiftMags=0	979.455	1.5	1.5	1.5	30	16000	3	0@0.002	0.31	0.294-0.604	5.12854	1006.98	3.99999	452	752.383	1335.54	760.074	2348.6	753.489	1334.85	760.313	2349.39	118.071	117.73	-5.01377	-9.62168	0.130516	7.9375	-26.4175	0							synth "bod" male f0=118 vowels=AA onset=0.265 dur=0.289 level=0.050
362	proc	341	bead	train	shiftMags=0	982.453	1.5	1.5	1.5	30	16000	3	0@0.002	0.338	0.358-0.696	287.223	740.238	268	248	363.468	2310.48	654.826	2974.65	363.156	2310.47	656.571	2978.02	118.428	117.749	-9.96642	-8.64504	0.0824976	7.5625	-26.3872	0							synth "bead" male f0=118 vowels=IY onset=0.329 dur=0.315 level=0.050
363	proc	342	booed	train	shiftMags=0	984.946	1.5	1.5	1.5	30	16000	3	0@0.002	0.29	0.300-0.590	-177.554	728.553	-126	243	384.905	975.7	389.513	815.868	384.668	974.093	388.329	812.296	118.148	118.316	2.4626	-2.13711	0.102882	8.0625	-26.4413	1	0.985+15.4ms						synth "booed" male f0=118 vowels=UW onset=0.273 dur=0.270 level=0.050
364	proc	343	bad	train	shiftMags=0	987.294	1.5	1.5	1.5	30	16000	3	0@0.002	0.296	0.352-0.648	126.469	852.496	106	314	589.846	1951.3	706.589	2592.18	588.927	1951.09	709.314	2592.47	118.203	117.815	-5.68195	-5.54083	0.114286	7.8125	-26.5946	0							synth "bad" male f0=118 vowels=AE onset=0.323 dur=0.275 level=0.050
365	proc	344	booed	train	shiftMags=0	989.95	1.5	1.5	1.5	30	16000	3	0@0.002	0.302	0.368-0.670	-177.423	728.412	-126	243	383.844	974.46	385.907	812.457	383.491	973.913	385.598	809.007	118.201	118.231	0.451692	-2.16908	0.106563	8.0625	-26.4588	0							synth "booed" male f0=118 vowels=UW onset=0.340 dur=0.282 level=0.050
366	proc	345	bod	train	shiftMags=0	992.444	1.5	1.5	1.5	30	16000	3	0@0.002	0.324	0.330-0.654	0	1006.24	0	452	751.795	1337.12	760.012	2345.84	756.498	1330.65	761.346	2348.5	118.058	117.671	-5.67577	-9.68814	0.135869	7.9375	-26.2422	0							synth "bod" male f0=118 vowels=AA onset=0.302 dur=0.302 level=0.050
367	proc	346	bead	train	shiftMags=0	995.44	1.5	1.5	1.5	30	16000	3	0@0.002	0.296	0.320-0.616	286.998	739.634	268	248	364.526	2311.63	658.167	2983.1	364.154	2308.95	658.724	2986.8	118.423	118.057	-5.35994	-8.68394	0.0915282	7.5625	-26.4974	0							synth "bead" male f0=118 vowels=IY onset=0.292 dur=0.271 level=0.050
368	proc	347	bad	train	shiftMags=0	997.824	1.5	1.5	1.5	30	16000	3	0@0.002	0.326	0.304-0.630	123.526	851.403	103	314	589.947	1948.56	706.441	2592.97	588.893	1946.72	708.014	2594.68	118.122	117.359	-11.2105	-5.66362	0.109677	7.8125	-26.5277	0							synth "bad" male f0=118 vowels=AE onset=0.275 dur=0.307 level=0.050
369	proc	348	bead	train	shiftMags=0	1000.19	1.5	1.5	1.5	30	16000	3	0@0.002	0.308	0.338-0.646	286.752	739.518	268	248	364.972	2310.98	658.523	2981.07	364.091	2310.85	659.872	2982.97	118.361	117.786	-8.42517	-8.5579	0.0893113	7.5625	-26.4759	0							synth "bead" male f0=118 vowels=IY onset=0.308 dur=0.285 level=0.050
370	proc	349	bod	train	shiftMags=0	1002.63	1.5	1.5	1.5	30	16000	3	0@0.002	0.306	0.340-0.646	0	1006.34	0	452	752.67	1332.11	762.874	2349.82	753.464	1332.44	762.917	2350.18	118.294	117.706	-8.62638	-9.50885	0.130443	7.9375	-26.314	0							synth "bod" male f0=118 vowels=AA onset=0.313 dur=0.283 level=0.050
371	proc	350	booed	train	shiftMags=0	1005.33	1.5	1.5	1.5	30	16000	3	0@0.002	0.306	0.344-0.650	275.747	1068.77	256	557	384.5	975.098	658.176	2047.65	384.501	975.614	661.206	2047.87	118.335	116.641	-24.9606	-13.3561	0.0974706	7.875	-26.5554	0							synth "booed" male f0=118 vowels=UW onset=0.315 dur=0.288 level=0.050
372	proc	351	bad	train	shiftMags=0	1007.85	1.5	1.5	1.5	30	16000	3	0@0.002	0.292	0.348-0.640	123.534	852.511	103	314	588.215	1949.08	705.019	2592.72	587.077	1947.38	707.175	2595.07	118.036	117.694	-5.03323	-5.55249	0.115999	7.8125	-26.5585	0							synth "bad" male f0=118 vowels=AE onset=0.318 dur=0.271 level=0.050
373	proc	352	bod	train	shiftMags=0	1010.59	1.5	1.5	1.5	30	16000	3	0@0.002	0.3	0.286-0.586	0	1006.17	0	452	750.836	1337.39	761.463	2350.52	753.153	1337.15	765.327	2351.67	117.961	117.603	-5.25689	-9.40768	0.132897	7.9375	-26.3767	0							synth "bod" male f0=118 vowels=AA onset=0.259 dur=0.277 level=0.050
374	proc	353	bead	train	shiftMags=0	1012.94	1.5	1.5	1.5	30	16000	3	0@0.002	0.354	0.286-0.640	287.2	739.689	268	248	365.17	2311.91	659.527	2977.83	363.99	2309.69	659.565	2977.83	118.27	117.577	-10.1752	-8.59466	0.0902661	7.5625	-26.5006	0							synth "bead" male f0=118 vowels=IY onset=0.256 dur=0.331 level=0.050
375	proc	354	bad	train	shiftMags=0	1015.65	1.5	1.5	1.5	30	16000	3	0@0.002	0.288	0.290-0.578	123.774	852.416	103	314	588.639	1950.88	706.495	2586.73	587.032	1951.12	707.546	2590.5	118.045	117.357	-10.1182	-5.58002	0.118955	7.8125	-26.5771	0							synth "bad" male f0=118 vowels=AE onset=0.260 dur=0.268 level=0.050
376	proc	355	booed	train	shiftMags=0	1018.03	1.5	1.5	1.5	30	16000	3	0@0.002	0.302	0.326-0.628	-177.513	728.543	-126	243	384.851	975.781	386.177	807.948	384.851	975.781	385.857	807.42	118.214	118.197	-0.242838	-2.08776	0.105103	8.0625	-26.4313	1	1.485+15.4ms						synth "booed" male f0=118 vowels=UW onset=0.297 dur=0.283 level=0.050
377	proc	356	booed	train	shiftMags=0	1020.51	1.5	1.5	1.5	30	16000	3	0@0.002	0.284	0.296-0.580	-177.222	728.425	-126	243	383.784	975.536	388.659	811.945	383.57	975.47	388.14	810.394	118.356	118.312	-0.636844	-2.12223	0.101328	8.0625	-26.4469	0							synth "booed" male f0=118 vowels=UW onset=0.268 dur=0.264 level=0.050
378	proc	357	bod	train	shiftMags=0	1023.44	1.5	1.5	1.5	30	16000	3	0@0.002	0.298	0.284-0.582	0	1006.15	0	452	753.969	1334.37	756.598	2345.93	754.41	1334.37	756.598	2346.32	118.011	117.731	-4.11251	-9.74851	0.133731	7.9375	-26.3592	0							synth "bod" male f0=118 vowels=AA onset=0.256 dur=0.276 level=0.050
379	proc	358	bead	train	shiftMags=0	1025.71	1.5	1.5	1.5	30	16000	3	0@0.002	0.304	0.350-0.654	287.31	740.449	268	248	364.675	2311.28	654.328	2983.85	364.523	2310.68	656.773	2985.43	118.418	117.754	-9.73615	-8.59918	0.0936624	7.5625	-26.4838	0							synth "bead" male f0=118 vowels=IY onset=0.320 dur=0.282 level=0.050
380	proc	359	bad	train	shiftMags=0	1028.42	1.5	1.5	1.5	30	16000	3	0@0.002	0.324	0.346-0.670	123.719	852.511	103	314	589.146	1948.68	707.45	2596.03	587	1948.51	707.827	2596.52	118.171	118.059	-1.63281	-5.62343	0.106278	7.8125	-26.4975	0							synth "bad" male f0=118 vowels=AE onset=0.314 dur=0.306 level=0.050
381	proc	360	bead	train	shiftMags=0	1030.7	1.5	1.5	1.5	30	16000	3	0@0.002	0.34	0.372-0.712	287.266	740.437	268	248	365.496	2312.71	658.572	2983.5	365.242	2311.63	659.893	2985.73	118.371	117.725	-9.4782	-8.66606	0.090522	7.5625	-26.3961	0							synth "bead" male f0=118 vowels=IY onset=0.344 dur=0.315 level=0.050
382	proc	361	bod	train	shiftMags=0	1033.99	1.5	1.5	1.5	30	16000	3	0@0.002	0.318	0.342-0.660	0	1006	0	452	752.449	1339.33	764.791	2348.08	754.936	1337.98	765.055	2348.21	118.027	117.692	-4.92822	-9.61534	0.133992	7.9375	-26.2021	0							synth "bod" male f0=118 vowels=AA onset=0.315 dur=0.294 level=0.050
383	proc	362	bad	train	shiftMags=0	1036.56	1.5	1.5	1.5	30	16000	3	0@0.002	0.302	0.298-0.600	123.776	852.285	103	314	588.468	1948.52	708	2588.16	587.704	1948.33	708.211	2594.75	118.098	117.757	-5.00633	-5.62254	0.10273	7.8125	-26.5723	1	0.985+15.4ms						synth "bad" male f0=118 vowels=AE onset=0.266 dur=0.285 level=0.050
384	proc	363	booed	train	shiftMags=0	1038.94	1.5	1.5	1.5	30	16000	3	0@0.002	0.306	0.370-0.676	-177.525	728.529	-126	243	384.45	974.721	386.321	807.306	384.201	973.994	386.121	806.984	118.252	118.269	0.243656	-2.13551	0.103017	8.0625	-26.496	0							synth "booed" male f0=118 vowels=UW onset=0.341 dur=0.286 level=0.050
385	proc	364	bead	train	shiftMags=0	1041.3	1.5	1.5	1.5	30	16000	3	0@0.002	0.302	0.298-0.600	286.801	740.422	268	248	364.401	2316.11	657.691	2976.68	364.04	2315.7	658.433	2980.66	118.372	117.664	-10.3826	-8.65991	0.0873959	7.875	-26.546	0							synth "bead" male f0=118 vowels=IY onset=0.269 dur=0.279 level=0.050
386	proc	365	bod	train	shiftMags=0	1043.63	1.5	1.5	1.5	30	16000	3	0@0.002	0.3	0.362-0.662	5.1308	1006.16	3.99999	452	752.34	1342.57	756.106	2347.5	752.536	1341.58	756.713	2347.58	118.271	117.84	-6.32314	-9.66521	0.144711	7.9375	-26.3765	0							synth "bod" male f0=118 vowels=AA onset=0.333 dur=0.277 level=0.050
387	proc	366	bad	train	shiftMags=0	1046.01	1.5	1.5	1.5	30	16000	3	0@0.002	0.33	0.360-0.690	123.753	852.582	103	314	588.09	1949.19	706.855	2589.32	586.971	1949.14	708.084	2589.67	118.046	117.891	-2.26237	-5.62743	0.10623	7.8125	-26.5195	0							synth "bad" male f0=118 vowels=AE onset=0.331 dur=0.310 level=0.050
388	proc	367	booed	train	shiftMags=0	1048.6	1.5	1.5	1.5	30	16000	3	0@0.002	0.33	0.336-0.666	-177.512	728.478	-126	243	382.962	973.247	387.261	810.202	382.95	973.247	386.809	808.396	118.164	118.14	-0.355734	-2.14165	0.107433	8.0625	-26.3938	0							synth "booed" male f0=118 vowels=UW onset=0.308 dur=0.310 level=0.050
389	proc	368	booed	train	shiftMags=0	1051.11	1.5	1.5	1.5	30	16000	3	0@0.002	0.322	0.288-0.610	-177.5	728.505	-126	243	384.337	974.412	386.711	811.793	384.337	974.1	385.909	810.567	118.108	118.209	1.48674	-2.16105	0.100107	8.0625	-26.3483	0							synth "booed" male f0=118 vowels=UW onset=0.259 dur=0.303 level=0.050
390	proc	369	bod	train	shiftMags=0	1054	1.5	1.5	1.5	30	16000	3	0@0.002	0.296	0.290-0.586	5.12967	1006.21	3.99998	452	754.652	1334.46	760.347	2350.54	754.812	1333.41	761.131	2351.94	118.223	117.899	-4.73987	-9.666	0.129419	7.9375	-26.3269	0							synth "bod" male f0=118 vowels=AA onset=0.263 dur=0.271 level=0.050
391	proc	370	bead	train	shiftMags=0	1056.49	1.5	1.5	1.5	30	16000	3	0@0.002	0.346	0.298-0.644	287.33	739.833	268	248	364.634	2312.05	661.326	2981.16	364.49	2310.49	662.271	2983	118.274	117.661	-9.00595	-8.60254	0.0922743	7.875	-26.4366	0							synth "bead" male f0=118 vowels=IY onset=0.267 dur=0.324 level=0.050
392	proc	371	bad	train	shiftMags=0	1059.23	1.5	1.5	1.5	30	16000	3	0@0.002	0.346	0.308-0.654	123.727	852.785	103	314	589.794	1948.07	706.76	2586.03	589.128	1947.08	707.373	2586.35	118.217	117.902	-4.6254	-5.68026	0.107663	7.8125	-26.5141	0							synth "bad" male f0=118 vowels=AE onset=0.278 dur=0.327 level=0.050
393	proc	372	bad	train	shiftMags=0	1062.22	1.5	1.5	1.5	30	16000	3	0@0.002	0.31	0.318-0.628	123.66	852.544	103	314	589.047	1950.1	706.068	2594.8	587.769	1949.3	707.928	2595.22	117.979	117.601	-5.55819	-5.6571	0.098362	7.8125	-26.648	0							synth "bad" male f0=118 vowels=AE onset=0.289 dur=0.289 level=0.050
394	proc	373	bead	train	shiftMags=0	1065.16	1.5	1.5	1.5	30	16000	3	0@0.002	0.32	0.320-0.640	287.165	740.429	268	248	364.169	2312.47	659.9	2980.86	363.106	2311.17	661.685	2982.64	118.093	117.579	-7.55134	-8.52899	0.0913353	7.5625	-26.487	0							synth "bead" male f0=118 vowels=IY onset=0.291 dur=0.296 level=0.050
395	proc	374	booed	train	shiftMags=0	1067.92	1.5	1.5	1.5	30	16000	3	0@0.002	0.302	0.342-0.644	-177.517	728.447	-126	243	383.341	974.488	388.831	810.127	383.076	974.217	388.335	808.87	118.253	118.008	-3.59159	-2.18025	0.102069	8.0625	-26.4612	0							synth "booed" male f0=118 vowels=UW onset=0.314 dur=0.282 level=0.050
396	proc	375	bod	train	shiftMags=0	1070.28	1.5	1.5	1.5	30	16000	3	0@0.002	0.34	0.290-0.630	0	1006.29	0	452	753.021	1336.16	759.813	2345.74	755.213	1330.85	760.285	2347.52	118.014	118.038	0.352624	-9.78596	0.133011	7.9375	-26.2909	1	1.485+15.4ms						synth "bod" male f0=118 vowels=AA onset=0.262 dur=0.317 level=0.050
397	proc	376	bad	train	shiftMags=0	1073.19	1.5	1.5	1.5	30	16000	3	0@0.002	0.296	0.294-0.590	123.589	852.825	103	314	588.469	1947.11	706.375	2591.25	587.836	1946.13	707.158	2591.63	118.212	117.764	-6.5708	-5.63068	0.109275	7.8125	-26.6345	0							synth "bad" male f0=118 vowels=AE onset=0.262 dur=0.279 level=0.050
398	proc	377	booed	train	shiftMags=0	1075.83	1.5	1.5	1.5	30	16000	3	0@0.002	0.338	0.314-0.652	-177.438	728.499	-126	243	383.86	976.141	387.051	809.207	383.783	975.51	387.001	809.094	118.369	118.415	0.664469	-2.22943	0.103047	8.0625	-26.4084	0							synth "booed" male f0=118 vowels=UW onset=0.285 dur=0.318 level=0.050
399	proc	378	bead	train	shiftMags=0	1078.3	1.5	1.5	1.5	30	16000	3	0@0.002	0.306	0.330-0.636	287.257	740.211	268	248	364.873	2312.32	658.694	2977.77	364.315	2310.86	658.939	2981.34	118.636	117.707	-13.6012	-8.53082	0.0910547	7.5625	-26.49	0							synth "bead" male f0=118 vowels=IY onset=0.302 dur=0.282 level=0.050
400	proc	379	bod	train	shiftMags=0	1080.81	1.5	1.5	1.5	30	16000	3	0@0.002	0.328	0.298-0.626	0	1006.64	0	452	752.912	1333.83	764.674	2350.89	754.23	1332.31	764.913	2352.08	118.015	117.946	-1.00971	-9.77112	0.130117	7.9375	-26.2373	0							synth "bod" male f0=118 vowels=AA onset=0.270 dur=0.304 level=0.050
401	proc	380	bead	train	shiftMags=0	1083.59	1.5	1.5	1.5	30	16000	3	0@0.002	0.318	0.350-0.668	286.806	739.857	268	248	365.244	2311.87	654.288	2983.68	364.43	2311.66	656.317	2986.7	118.102	118.045	-0.832029	-8.69524	0.0801981	7.5625	-26.5001	0							synth "bead" male f0=118 vowels=IY onset=0.321 dur=0.296 level=0.050
402	proc	381	bad	train	shiftMags=0	1086.57	1.5	1.5	1.5	30	16000	3	0@0.002	0.286	0.340-0.626	126.481	852.254	106	314	589.662	1947.95	706.211	2590.38	586.588	1947.79	707.348	2591.61	118.277	117.872	-5.93586	-5.60781	0.105178	7.8125	-26.5925	0							synth "bad" male f0=118 vowels=AE onset=0.311 dur=0.266 level=0.050
403	proc	382	booed	train	shiftMags=0	1088.92	1.5	1.5	1.5	30	16000	3	0@0.002	0.294	0.312-0.606	-177.152	728.616	-126	243	384.974	975.814	386.657	807.214	384.957	975.706	386.37	804.744	118.329	118.478	2.17686	-2.1097	0.0988232	8.0625	-26.4028	1	0.985+15.4ms						synth "booed" male f0=118 vowels=UW onset=0.284 dur=0.274 level=0.050
404	proc	383	bod	train	shiftMags=0	1091.46	1.5	1.5	1.5	30	16000	3	0@0.002	0.3	0.352-0.652	5.1293	1006.46	3.99999	452	753.077	1338.16	756.813	2347.97	754.39	1337.98	757.057	2348.37	118.038	117.537	-7.36688	-9.6741	0.125414	7.9375	-26.3591	0							synth "bod" male f0=118 vowels=AA onset=0.325 dur=0.275 level=0.050
405	proc	384	bad	train	shiftMags=0	1094.15	1.5	1.5	1.5	30	16000	3	0@0.002	0.302	0.322-0.624	123.747	851.702	103	314	589.182	1950.63	706.414	2586.02	587.327	1950.63	709.77	2588.72	118.267	117.553	-10.4805	-5.65937	0.115595	7.8125	-26.5774	0							synth "bad" male f0=118 vowels=AE onset=0.293 dur=0.281 level=0.050
406	proc	385	booed	train	shiftMags=0	1096.87	1.5	1.5	1.5	30	16000	3	0@0.002	0.324	0.366-0.690	-177.559	728.531	-126	243	384.305	975.595	387.863	812.401	383.983	975.051	387.594	811.675	118.125	118.205	1.18373	-2.18645	0.102894	8.0625	-26.3649	0							synth "booed" male f0=118 vowels=UW onset=0.339 dur=0.302 level=0.050
407	proc	386	bod	train	shiftMags=0	1099.77	1.5	1.5	1.5	30	16000	3	0@0.002	0.322	0.290-0.612	5.12836	1007.07	3.99998	452	756.121	1328.7	761.956	2347.97	757.006	1326.28	762.038	2348.35	118.157	117.779	-5.54536	-9.63074	0.131662	7.9375	-26.319	0							synth "bod" male f0=118 vowels=AA onset=0.263 dur=0.298 level=0.050
408	proc	387	bead	train	shiftMags=0	1102.2	1.5	1.5	1.5	30	16000	3	0@0.002	0.296	0.328-0.624	287.022	739.66	268	248	365.917	2313.53	658.283	2980.38	365.088	2311.55	658.806	2983.06	118.329	117.39	-13.7967	-8.52392	0.0945719	7.875	-26.4747	0							synth "bead" male f0=118 vowels=IY onset=0.299 dur=0.272 level=0.050
409	proc	388	bead	train	shiftMags=0	1104.62	1.5	1.5	1.5	30	16000	3	0@0.002	0.336	0.288-0.624	286.743	739.573	268	248	364.519	2311.34	656.161	2975.01	363.905	2310.59	656.167	2975.8	118.407	117.797	-8.93687	-8.58842	0.0972583	7.5625	-26.4566	0							synth "bead" male f0=118 vowels=IY onset=0.258 dur=0.312 level=0.050
410	proc	389	booed	train	shiftMags=0	1107.05	1.5	1.5	1.5	30	16000	3	0@0.002	0.308	0.310-0.618	-177.228	728.421	-126	243	383.733	973.258	387.599	812.161	383.035	971.594	387.364	811.69	118.203	118.371	2.45694	-2.19374	0.101599	8.0625	-26.546	0							synth "booed" male f0=118 vowels=UW onset=0.282 dur=0.289 level=0.050
411	proc	390	bod	train	shiftMags=0	1109.35	1.5	1.5	1.5	30	16000	3	0@0.002	0.332	0.352-0.684	0	1006.1	0	452	758.504	1333.7	757.432	2350.93	760.305	1333.08	757.615	2351.19	118.128	117.846	-4.12845	-9.69616	0.131803	7.9375	-26.2779	0							synth "bod" male f0=118 vowels=AA onset=0.324 dur=0.309 level=0.050
412	proc	391	bad	train	shiftMags=0	1113.26	1.5	1.5	1.5	30	16000	3	0@0.002	0.284	0.362-0.646	125.111	852.784	104.5	314	588.529	1948.07	706.342	2587.01	587.495	1947.31	708.047	2589.79	118.183	117.796	-5.68567	-5.60817	0.108693	7.8125	-26.5918	0							synth "bad" male f0=118 vowels=AE onset=0.329 dur=0.266 level=0.050
413	proc	392	bad	train	shiftMags=0	1115.89	1.5	1.5	1.5	30	16000	3	0@0.002	0.292	0.326-0.618	123.533	852.481	103	314	588.227	1948.02	704.775	2590.04	587.392	1947.65	706.299	2592.9	117.97	117.543	-6.27816	-5.56893	0.10575	7.8125	-26.5611	0							synth "bad" male f0=118 vowels=AE onset=0.296 dur=0.271 level=0.050
414	proc	393	bod	train	shiftMags=0	1118.31	1.5	1.5	1.5	30	16000	3	0@0.002	0.336	0.358-0.694	5.12936	1006.3	3.99997	452	753.722	1332.23	763.453	2348.64	756.249	1330.33	763.5	2351.09	118.071	117.948	-1.79375	-9.66559	0.128414	7.9375	-26.2865	0							synth "bod" male f0=118 vowels=AA onset=0.331 dur=0.312 level=0.050
415	proc	394	bead	train	shiftMags=0	1120.58	1.5	1.5	1.5	30	16000	3	0@0.002	0.348	0.362-0.710	286.872	740.384	268	248	364.62	2311.43	654.792	2980.95	363.884	2311	656.391	2982.55	118.625	117.704	-13.486	-8.7287	0.0857861	7.5625	-26.4002	0							synth "bead" male f0=118 vowels=IY onset=0.332 dur=0.326 level=0.050
416	proc	395	booed	train	shiftMags=0	1123.39	1.5	1.5	1.5	30	16000	3	0@0.002	0.336	0.292-0.628	-177.203	728.539	-126	243	384.161	975.227	385.223	803.993	384.161	974.695	385.03	803.926	118.364	118.413	0.715118	-2.12024	0.101661	8.0625	-26.3614	1	1.485+15.4ms						synth "booed" male f0=118 vowels=UW onset=0.263 dur=0.315 level=0.050
417	proc	396	bed	generalization	shiftMags=0	1130.89	1.5	1.5	1.5	30	16000	4	0@0.002	0.334	0.316-0.650	126.772	892.724	106	342	583.544	1801.06	437.419	1470.66	583.544	1801.06	437.419	1470.66	118.087	NaN	NaN	-7.23144	0.0661624	-18.75	-26.4473	0							synth "bed" male f0=118 vowels=EH onset=0.283 dur=0.315 level=0.050
418	proc	397	bid	generalization	shiftMags=0	1133.63	1.5	1.5	1.5	30	16000	4	0@0.002	0.288	0.354-0.642	225.241	828.665	201	298	449.517	2033.6	527.603	1520.93	450.096	2033.39	526.056	1485.65	118.179	NaN	NaN	-9.19961	0.0649137	28.9375	-26.4401	0							synth "bid" male f0=118 vowels=IH onset=0.325 dur=0.265 level=0.050
419	proc	398	bayed	generalization	shiftMags=0	1135.91	1.5	1.5	1.5	30	16000	4	0@0.002	0.346	0.336-0.682	205.107	819.217	181	292	478.339	2078.36	435.431	1387.43	478.128	2077.52	435.431	1387.43	118.517	NaN	NaN	-6.93873	0.0699109	27.875	-26.4703	0							synth "bayed" male f0=118 vowels=EY onset=0.306 dur=0.326 level=0.050
420	proc	399	bode	generalization	shiftMags=0	1138.27	1.5	1.5	1.5	30	16000	4	0@0.002	0.314	0.366-0.680	197.35	1078.28	173	579	492.348	903.301	443.152	1200.65	492.323	903.574	442.52	1193.09	118.236	154.275	460.603	-6.78429	0.0820587	16.25	-26.3694	0							synth "bode" male f0=118 vowels=OW onset=0.338 dur=0.294 level=0.050
421	proc	400	bud	generalization	shiftMags=0	1140.94	1.5	1.5	1.5	30	16000	4	0@0.002	0.296	0.288-0.584	110.123	1038.75	91	491	611.208	1191.02	468.076	2305.44	611.208	1191.02	468.076	2305.44	118.119	NaN	NaN	-6.35698	0.0782668	35	-26.4548	0							synth "bud" male f0=118 vowels=AH onset=0.260 dur=0.277 level=0.050
422	proc	401	bud	generalization	shiftMags=0	1143.44	1.5	1.5	1.5	30	16000	4	0@0.002	0.316	0.302-0.618	110.038	1038.37	91	491	611.618	1190.7	497.321	3327.91	611.569	1190.42	511.329	3245.67	118.144	143.215	333.158	-6.23838	0.0782719	43.3125	-26.4019	0							synth "bud" male f0=118 vowels=AH onset=0.274 dur=0.296 level=0.050
423	proc	402	bid	generalization	shiftMags=0	1145.81	1.5	1.5	1.5	30	16000	4	0@0.002	0.324	0.358-0.682	225.245	828.842	201	298	450.072	2034.25	425.242	1300.73	450.072	2034.25	425.242	1300.73	118.014	233.042	1177.96	-7.38948	0.0587535	-22.125	-26.3708	0							synth "bid" male f0=118 vowels=IH onset=0.330 dur=0.300 level=0.050
424	proc	403	bed	generalization	shiftMags=0	1148.8	1.5	1.5	1.5	30	16000	4	0@0.002	0.318	0.292-0.610	126.729	891.427	106	342	588.042	1800.63	455.205	2318.07	587.981	1800.25	455.205	2318.07	118.045	NaN	NaN	-5.8093	0.0774736	48.625	-26.5054	0							synth "bed" male f0=118 vowels=EH onset=0.259 dur=0.300 level=0.050
425	proc	404	bayed	generalization	shiftMags=0	1151.62	1.5	1.5	1.5	30	16000	4	0@0.002	0.31	0.314-0.624	205.173	819.295	181	292	478.871	2078.18	490.861	2161.96	478.871	2078.18	490.861	2161.96	118.551	NaN	NaN	-7.47243	0.0743348	-6.875	-26.5583	0							synth "bayed" male f0=118 vowels=EY onset=0.284 dur=0.291 level=0.050
426	proc	405	bode	generalization	shiftMags=0	1154.13	1.5	1.5	1.5	30	16000	4	0@0.002	0.354	0.372-0.726	197.327	1078.58	173	579	494.167	904.018	392.773	1291.24	493.996	904.167	395.009	1312.76	118.272	NaN	NaN	-6.72374	0.0704622	20.4375	-26.3623	0							synth "bode" male f0=118 vowels=OW onset=0.345 dur=0.334 level=0.050
427	proc	406	bid	generalization	shiftMags=0	1156.57	1.5	1.5	1.5	30	16000	4	0@0.002	0.304	0.352-0.656	225.315	828.481	201	298	449.529	2033.28	521.741	2879.62	449.529	2033.28	521.741	2879.62	118.418	NaN	NaN	-7.8388	0.0607065	-7.6875	-26.4454	0							synth "bid" male f0=118 vowels=IH onset=0.323 dur=0.281 level=0.050
428	proc	407	bode	generalization	shiftMags=0	1158.95	1.5	1.5	1.5	30	16000	4	0@0.002	0.32	0.330-0.650	197.278	1078.5	173	579	494.642	904.181	488.735	1306.37	494.642	904.181	488.735	1306.37	118.208	NaN	NaN	-7.94549	0.0608934	-42.75	-26.375	0							synth "bode" male f0=118 vowels=OW onset=0.302 dur=0.301 level=0.050
429	proc	408	bud	generalization	shiftMags=0	1161.54	1.5	1.5	1.5	30	16000	4	0@0.002	0.354	0.292-0.646	110.086	1039.01	91	491	611.808	1185.19	466.309	1456.09	611.808	1185.19	466.309	1456.09	118.068	NaN	NaN	-6.75284	0.0861842	1.375	-26.3445	0							synth "bud" male f0=118 vowels=AH onset=0.265 dur=0.334 level=0.050
430	proc	409	bayed	generalization	shiftMags=0	1164.35	1.5	1.5	1.5	30	16000	4	0@0.002	0.33	0.362-0.692	205.38	818.97	181	292	476.97	2075.89	445.72	2006.36	476.97	2075.89	445.72	2006.36	118.433	138.816	274.917	-7.40042	0.0640925	-19.4375	-26.4926	0							synth "bayed" male f0=118 vowels=EY onset=0.333 dur=0.310 level=0.050
431	proc	410	bed	generalization	shiftMags=0	1167.03	1.5	1.5	1.5	30	16000	4	0@0.002	0.308	0.334-0.642	126.51	898.406	106	347	583.456	1802.11	463.643	1363.64	583.456	1802.11	463.643	1363.64	118.187	181.814	745.678	-7.64429	0.0695128	-20.9375	-26.6452	0							synth "bed" male f0=118 vowels=EH onset=0.302 dur=0.288 level=0.050
432	proc	411	bud	generalization	shiftMags=0	1169.51	1.5	1.5	1.5	30	16000	4	0@0.002	0.356	0.326-0.682	110.128	1038.79	91	491	611.768	1182	488.92	1248.58	611.718	1181.38	485.205	1227.86	117.968	210.098	999.203	-6.89424	0.0902032	19.4375	-26.2608	0							synth "bud" male f0=118 vowels=AH onset=0.298 dur=0.336 level=0.050
433	proc	412	bed	generalization	shiftMags=0	1172.1	1.5	1.5	1.5	30	16000	4	0@0.002	0.352	0.352-0.704	126.679	891.729	106	342	583.974	1805.75	407.912	1339.11	583.974	1805.75	407.912	1339.11	118.143	NaN	NaN	-6.79379	0.0823575	-47.375	-26.5156	0							synth "bed" male f0=118 vowels=EH onset=0.321 dur=0.332 level=0.050
434	proc	413	bid	generalization	shiftMags=0	1174.4	1.5	1.5	1.5	30	16000	4	0@0.002	0.296	0.284-0.580	225.241	828.884	201	298	449.866	2032.48	423.64	1376.2	449.965	2031.28	444.562	1389.51	118.082	197.24	888.2	-6.85879	0.0776713	20.125	-26.36	0							synth "bid" male f0=118 vowels=IH onset=0.255 dur=0.273 level=0.050
435	proc	414	bayed	generalization	shiftMags=0	1177.15	1.5	1.5	1.5	30	16000	4	0@0.002	0.33	0.374-0.704	205.159	818.888	181	292	477.968	2077.87	500.964	2133.79	477.968	2077.87	500.964	2133.79	118.616	277.177	1469.41	-7.75455	0.0831139	-22.375	-26.4886	0							synth "bayed" male f0=118 vowels=EY onset=0.344 dur=0.311 level=0.050
436	proc	415	bode	generalization	shiftMags=0	1179.42	1.5	1.5	1.5	30	16000	4	0@0.002	0.324	0.354-0.678	197.312	1078.33	173	579	494.217	904.897	479.947	2341.95	494.217	904.897	479.947	2341.95	118.397	NaN	NaN	-6.29985	0.0845653	-22.1875	-26.3615	0							synth "bode" male f0=118 vowels=OW onset=0.326 dur=0.304 level=0.050
437	proc	416	bode	generalization	shiftMags=0	1182.2	1.5	1.5	1.5	30	16000	4	0@0.002	0.34	0.302-0.642	197.36	1078.45	173	579	493.076	904.481	500.754	2049.24	493.076	904.481	500.754	2049.24	118.285	NaN	NaN	-6.76667	0.068995	-10.3125	-26.404	0							synth "bode" male f0=118 vowels=OW onset=0.274 dur=0.320 level=0.050
438	proc	417	bid	generalization	shiftMags=0	1185.01	1.5	1.5	1.5	30	16000	4	0@0.002	0.342	0.368-0.710	225.234	828.495	201	298	448.969	2031.52	525.863	1584.77	448.969	2033.54	525.38	1782.46	118.022	231.936	1169.61	-8.49699	0.0836996	43.375	-26.3778	0							synth "bid" male f0=118 vowels=IH onset=0.341 dur=0.318 level=0.050
439	proc	418	bayed	generalization	shiftMags=0	1187.52	1.5	1.5	1.5	30	16000	4	0@0.002	0.294	0.330-0.624	205.349	819.26	181	292	480.515	2078.04	453.136	1379.03	477.946	2078.62	444.299	1382.75	118.624	NaN	NaN	-7.1352	0.0712951	58.6875	-26.5453	0							synth "bayed" male f0=118 vowels=EY onset=0.300 dur=0.275 level=0.050
440	proc	419	bud	generalization	shiftMags=0	1190.22	1.5	1.5	1.5	30	16000	4	0@0.002	0.338	0.304-0.642	110.095	1039.37	91	491	611.078	1187.26	430.234	1227.52	611.078	1187.26	430.234	1227.52	118.177	154.191	460.517	-7.51713	0.0798266	-43.9375	-26.3836	0							synth "bud" male f0=118 vowels=AH onset=0.276 dur=0.320 level=0.050
441	proc	420	bed	generalization	shiftMags=0	1192.99	1.5	1.5	1.5	30	16000	4	0@0.002	0.306	0.356-0.662	126.76	895.601	106	342	585.939	1802.96	447.028	3265.1	584.099	1800.57	454.904	1849.27	118.045	NaN	NaN	-6.72183	0.0796983	53.625	-26.4977	0							synth "bed" male f0=118 vowels=EH onset=0.327 dur=0.284 level=0.050
442	proc	421	bud	generalization	shiftMags=0	1196.31	1.5	1.5	1.5	30	16000	4	0@0.002	0.348	0.348-0.696	110.093	1039.51	91	491	611.366	1185.32	432.167	1900.63	611.366	1185.32	432.167	1900.63	118.05	NaN	NaN	-6.47182	0.0706949	-18.8125	-26.4115	0							synth "bud" male f0=118 vowels=AH onset=0.320 dur=0.328 level=0.050
443	proc	422	bode	generalization	shiftMags=0	1199.23	1.5	1.5	1.5	30	16000	4	0@0.002	0.336	0.304-0.640	197.266	1078.42	173	579	494.114	903.5	447.281	1695.26	494.114	903.5	447.281	1695.26	118.367	221.512	1084.94	-6.48089	0.0661647	10.3125	-26.3554	0							synth "bode" male f0=118 vowels=OW onset=0.277 dur=0.315 level=0.050
444	proc	423	bed	generalization	shiftMags=0	1201.89	1.5	1.5	1.5	30	16000	4	0@0.002	0.348	0.348-0.696	126.745	899.252	106	347	586.347	1802.37	509.005	2245.51	585.26	1801.04	488.662	2163.29	118	194.138	861.952	-6.55146	0.0773903	57	-26.5454	0							synth "bed" male f0=118 vowels=EH onset=0.317 dur=0.328 level=0.050
445	proc	424	bayed	generalization	shiftMags=0	1204.57	1.5	1.5	1.5	30	16000	4	0@0.002	0.294	0.310-0.604	205.143	818.643	181	292	479.25	2078.26	482.549	2233.67	479.25	2078.26	482.549	2233.67	118.43	243.161	1245.45	-7.31376	0.0745191	8.5625	-26.5787	0							synth "bayed" male f0=118 vowels=EY onset=0.277 dur=0.277 level=0.050
446	proc	425	bid	generalization	shiftMags=0	1207.54	1.5	1.5	1.5	30	16000	4	0@0.002	0.328	0.314-0.642	225.251	828.906	201	298	448.894	2031.49	394.848	1359.79	449.15	2029.33	395.399	1319.23	118.228	240.93	1232.45	-6.43126	0.0724859	31.5	-26.3313	0							synth "bid" male f0=118 vowels=IH onset=0.285 dur=0.303 level=0.050
447	proc	426	bed	generalization	shiftMags=0	1210.36	1.5	1.5	1.5	30	16000	4	0@0.002	0.316	0.294-0.610	126.623	899.252	106	347	583.235	1803.13	508.037	1843.91	583.072	1800.77	512.099	2064.98	118.189	NaN	NaN	-7.75908	0.0596989	44.375	-26.5257	0							synth "bed" male f0=118 vowels=EH onset=0.263 dur=0.295 level=0.050
448	proc	427	bud	generalization	shiftMags=0	1213.36	1.5	1.5	1.5	30	16000	4	0@0.002	0.298	0.322-0.620	110.121	1038.82	91	491	612.19	1178.87	429.403	1253.89	612.19	1178.87	429.403	1253.89	118.116	NaN	NaN	-7.90105	0.0796993	-51.875	-26.4875	0							synth "bud" male f0=118 vowels=AH onset=0.294 dur=0.278 level=0.050
449	proc	428	bid	generalization	shiftMags=0	1216.3	1.5	1.5	1.5	30	16000	4	0@0.002	0.342	0.292-0.634	225.258	828.57	201	298	449.679	2031.88	498.681	3514.72	449.679	2031.88	498.681	3514.72	118.365	NaN	NaN	-7.69617	0.0782202	-36.75	-26.3805	0							synth "bid" male f0=118 vowels=IH onset=0.264 dur=0.319 level=0.050
450	proc	429	bayed	generalization	shiftMags=0	1218.94	1.5	1.5	1.5	30	16000	4	0@0.002	0.294	0.334-0.628	205.332	819.229	181	292	477.205	2076.29	440.004	1314.92	477.103	2074.42	443.681	1330.62	118.336	137.696	262.315	-7.0053	0.0655527	10.6875	-26.528	0							synth "bayed" male f0=118 vowels=EY onset=0.304 dur=0.275 level=0.050
451	proc	430	bode	generalization	shiftMags=0	1221.22	1.5	1.5	1.5	30	16000	4	0@0.002	0.302	0.314-0.616	197.366	1078.69	173	579	492.119	902.366	479.327	2023.04	491.869	903.287	479.327	2181.89	118.156	NaN	NaN	-6.51755	0.0696797	50.1875	-26.4467	0							synth "bode" male f0=118 vowels=OW onset=0.287 dur=0.282 level=0.050
452	proc	431	bayed	generalization	shiftMags=0	1223.69	1.5	1.5	1.5	30	16000	4	0@0.002	0.352	0.308-0.660	205.361	819.281	181	292	478.88	2077.73	495.733	1880.24	478.385	2077.73	497.73	1599.31	118.404	NaN	NaN	-7.16538	0.0860976	29.75	-26.5009	0							synth "bayed" male f0=118 vowels=EY onset=0.279 dur=0.333 level=0.050
453	proc	432	bode	generalization	shiftMags=0	1226.43	1.5	1.5	1.5	30	16000	4	0@0.002	0.338	0.310-0.648	197.309	1078.6	173	579	493.853	903.957	420.524	1349.22	493.853	903.957	420.524	1349.22	118.142	NaN	NaN	-5.70644	0.0865628	-0.4375	-26.4066	0							synth "bode" male f0=118 vowels=OW onset=0.282 dur=0.319 level=0.050
454	proc	433	bed	generalization	shiftMags=0	1228.86	1.5	1.5	1.5	30	16000	4	0@0.002	0.33	0.352-0.682	126.741	891.604	106	342	587.881	1803.76	433.849	1427.49	587.477	1803.46	412.562	1427.49	118.083	NaN	NaN	-6.82119	0.0748227	51.375	-26.4976	0							synth "bed" male f0=118 vowels=EH onset=0.320 dur=0.310 level=0.050
455	proc	434	bud	generalization	shiftMags=0	1231.58	1.5	1.5	1.5	30	16000	4	0@0.002	0.286	0.332-0.618	110.112	1038.75	91	491	611.746	1193.27	506.494	1468.04	611.696	1193.13	506.494	1804.32	118.174	NaN	NaN	-6.91646	0.0738392	35.5625	-26.4316	0							synth "bud" male f0=118 vowels=AH onset=0.304 dur=0.267 level=0.050
456	proc	435	bid	generalization	shiftMags=0	1234.08	1.5	1.5	1.5	30	16000	4	0@0.002	0.3	0.324-0.624	225.249	828.83	201	298	450.186	2031.54	525.915	3449.35	450.186	2031.54	525.915	3449.35	118.031	206.585	969.078	-6.82822	0.0797099	-9.8125	-26.3825	0							synth "bid" male f0=118 vowels=IH onset=0.297 dur=0.275 level=0.050
457	proc	436	bud	generalization	shiftMags=0	1236.4	1.5	1.5	1.5	30	16000	4	0@0.002	0.32	0.314-0.634	110.13	1038.67	91	491	611.271	1189	406.623	1372.63	611.271	1189	406.623	1372.63	118.246	201.738	924.833	-6.24926	0.0700025	33.5	-26.3697	0							synth "bud" male f0=118 vowels=AH onset=0.286 dur=0.300 level=0.050
458	proc	437	bid	generalization	shiftMags=0	1239.27	1.5	1.5	1.5	30	16000	4	0@0.002	0.334	0.294-0.628	225.234	828.625	201	298	448.651	2034.28	535.014	1527.96	449.266	2033.9	528.37	1504.35	118.025	NaN	NaN	-8.90373	0.0631682	9.9375	-26.3602	0							synth "bid" male f0=118 vowels=IH onset=0.266 dur=0.310 level=0.050
459	proc	438	bode	generalization	shiftMags=0	1242.07	1.5	1.5	1.5	30	16000	4	0@0.002	0.29	0.320-0.610	197.38	1078.27	173	579	492.745	903.091	486.574	1804.71	492.745	903.091	486.574	1804.71	118.202	184.032	766.448	-6.72	0.0748107	-3.5	-26.4557	0							synth "bode" male f0=118 vowels=OW onset=0.292 dur=0.271 level=0.050
460	proc	439	bed	generalization	shiftMags=0	1244.44	1.5	1.5	1.5	30	16000	4	0@0.002	0.346	0.348-0.694	126.722	893.83	106	342	584.309	1806.9	479.739	1389.89	581.273	1803.16	480.971	1453.74	118.072	NaN	NaN	-7.11758	0.0786084	27.9375	-26.464	0							synth "bed" male f0=118 vowels=EH onset=0.316 dur=0.326 level=0.050
461	proc	440	bayed	generalization	shiftMags=0	1247.22	1.5	1.5	1.5	30	16000	4	0@0.002	0.288	0.288-0.576	205.354	819.315	181	292	477.716	2080.13	442.724	3379.79	477.716	2080.13	442.724	3379.79	118.761	NaN	NaN	-6.62601	0.0773741	9.5625	-26.5594	0							synth "bayed" male f0=118 vowels=EY onset=0.259 dur=0.267 level=0.050
462	proc	441	bud	generalization	shiftMags=0	1249.97	1.5	1.5	1.5	30	16000	4	0@0.002	0.35	0.306-0.656	110.099	1038.38	91	491	612.39	1188.86	439.82	1995.45	612.198	1188.57	439.263	2065.82	118.043	145.603	363.27	-6.05383	0.0709013	22.75	-26.4586	0							synth "bud" male f0=118 vowels=AH onset=0.278 dur=0.330 level=0.050
463	proc	442	bayed	generalization	shiftMags=0	1252.83	1.5	1.5	1.5	30	16000	4	0@0.002	0.296	0.342-0.638	205.401	818.781	181	292	475.848	2082.14	448.371	1316.16	475.848	2082.14	448.371	1316.16	118.479	225.466	1113.94	-6.88193	0.0607825	-1	-26.5747	0							synth "bayed" male f0=118 vowels=EY onset=0.313 dur=0.277 level=0.050
464	proc	443	bid	generalization	shiftMags=0	1255.81	1.5	1.5	1.5	30	16000	4	0@0.002	0.36	0.312-0.672	225.26	828.63	201	298	447.748	2031.85	459.532	3247.63	447.795	2031.76	473.422	3228.82	118.234	NaN	NaN	-6.18225	0.0795317	59.75	-26.299	0							synth "bid" male f0=118 vowels=IH onset=0.284 dur=0.336 level=0.050
465	proc	444	bed	generalization	shiftMags=0	1258.46	1.5	1.5	1.5	30	16000	4	0@0.002	0.324	0.306-0.630	126.776	891.556	106	342	586.538	1800.93	477.473	2136.53	586.538	1800.93	477.473	2136.53	118.067	NaN	NaN	-7.81362	0.0730214	-7.25	-26.4773	0							synth "bed" male f0=118 vowels=EH onset=0.277 dur=0.302 level=0.050
466	proc	445	bode	generalization	shiftMags=0	1260.98	1.5	1.5	1.5	30	16000	4	0@0.002	0.31	0.338-0.648	197.294	1078.52	173	579	493.139	906.003	394.628	1285.44	493.139	906.003	394.628	1285.44	118.142	196.34	879.395	-6.58811	0.0683248	-0.625	-26.4803	0							synth "bode" male f0=118 vowels=OW onset=0.310 dur=0.291 level=0.050
