vtime	trial	running	op	args
0.0000	0	0	plan:cbPermutation	dir=\\wcs-cifs\wc\smng\experiments\simonSingleWord\ expt=simonSingleWord
0.0000	0	0	ask:input	answer=n prompt=Does the participant appear to be above the height 5' 8"? (y/n):  rule=above the height|5' ?8
2.0030	0	0	dbstop-ignored	args=if error
2.0060	0	0	deviceName	args=Focusrite USB
2.0060	0	0	ost	file=/w/sandbox/repos/free-speech/experiment_helpers/measureFormantsWorking.ost
2.0060	0	0	pcf	file=/w/sandbox/repos/free-speech/experiment_helpers/measureFormantsWorking.pcf
2.0060	0	0	getMaxPBLen	args=
2.0060	0	0	setParam	name=datapb value=[479230x1 min -1 max 0.946991 mean 6.3739e-06 rms 0.244684 hash 7814e4e9b5]
2.0060	0	0	setParam	name=downfact value=3
2.0060	0	0	setParam	name=srate value=16000
2.0060	0	0	setParam	name=framelen value=32
2.0060	0	0	setParam	name=ndelay value=5
2.0060	0	0	setParam	name=nwin value=1
2.0060	0	0	setParam	name=nlpc value=15
2.0060	0	0	setParam	name=nfmts value=2
2.0060	0	0	setParam	name=ntracks value=4
2.0060	0	0	setParam	name=scale value=0.795271
2.0060	0	0	setParam	name=preemp value=0.98
2.0060	0	0	setParam	name=rmsthr value=0.011354
2.0060	0	0	setParam	name=rmsratio value=0.7
2.0060	0	0	setParam	name=rmsff value=0.95
2.0060	0	0	setParam	name=dfmtsff value=0.93
2.0060	0	0	setParam	name=bgainadapt value=0
2.0060	0	0	setParam	name=bshift value=0
2.0060	0	0	setParam	name=btrack value=1
2.0060	0	0	setParam	name=bdetect value=1
2.0060	0	0	setParam	name=avglen value=8
2.0060	0	0	setParam	name=bweight value=1
2.0060	0	0	setParam	name=minvowellen value=60
2.0060	0	0	setParam	name=bratioshift value=1
2.0060	0	0	setParam	name=bmelshift value=0
2.0060	0	0	setParam	name=bcepslift value=0
2.0060	0	0	setParam	name=cepswinwidth value=30
2.0060	0	0	setParam	name=bbypassfmt value=0
2.0060	0	0	setParam	name=f2min value=0
2.0060	0	0	setParam	name=f2max value=5000
2.0060	0	0	setParam	name=f1min value=0
2.0060	0	0	setParam	name=f1max value=5000
2.0060	0	0	setParam	name=lbk value=0
2.0060	0	0	setParam	name=lbb value=0
2.0060	0	0	setParam	name=pertf1 value=[257 x 0]
2.0060	0	0	setParam	name=pertf2 value=[257 x 0]
2.0060	0	0	setParam	name=pertamp value=[257 x 0]
2.0060	0	0	setParam	name=pertphi value=[257 x 0]
2.0060	0	0	setParam	name=pertamp2d value=[66049 x 0]
2.0060	0	0	setParam	name=pertphi2d value=[66049 x 0]
2.0060	0	0	setParam	name=fb value=3
2.0060	0	0	setParam	name=nfb value=1
2.0060	0	0	setParam	name=triallen value=0
2.0060	0	0	setParam	name=ramplen value=0
2.0060	0	0	setParam	name=afact value=1
2.0060	0	0	setParam	name=bfact value=0.8
2.0060	0	0	setParam	name=gfact value=1
2.0060	0	0	setParam	name=fn1 value=675
2.0060	0	0	setParam	name=fn2 value=1392
2.0060	0	0	setParam	name=fb2gain value=1
2.0060	0	0	setParam	name=fb3gain value=0.02
2.0060	0	0	setParam	name=fb4gaindb value=10
2.0060	0	0	setParam	name=fb5gaindb_speech value=0
2.0060	0	0	setParam	name=fb5gain_playback value=1
2.0060	0	0	setParam	name=rmsff_fb value=[0.8 0.99 0.1 0.1]
2.0060	0	0	setParam	name=bpitchshift value=0
2.0060	0	0	setParam	name=bshift2d value=0
2.0060	0	0	setParam	name=pitchshiftratio value=1
2.0060	0	0	setParam	name=pvocframelen value=256
2.0060	0	0	setParam	name=pvochop value=64
2.0060	0	0	setParam	name=bdownsampfilt value=1
2.0060	0	0	setParam	name=stereomode value=1
2.0060	0	0	setParam	name=delayFrames value=0
2.0060	0	0	setParam	name=btimedomainshift value=0
2.0060	0	0	setParam	name=pitchlowerboundhz value=0
2.0060	0	0	setParam	name=pitchupperboundhz value=0
2.0060	0	0	setParam	name=timedomainpitchshiftschedule value=1
2.0060	0	0	setParam	name=timedomainpitchshiftalgorithm value=0
2.0060	0	0	setParam	name=bclampformants value=0
2.0060	0	0	setParam	name=clamposts value=[0 0]
2.0060	0	0	setParam	name=clampf1 value=[2048 x 0]
2.0060	0	0	setParam	name=clampf2 value=[2048 x 0]
2.0060	0	0	keywait	fn=pause
3.0060	0	0	key	key=space
4.0060	0	0	reset	
4.0060	0	0	start	
5.8060	1	1	stop	
5.8060	1	0	getData	
5.8060	1	0	dbstop-ignored	args=if error
5.8060	1	0	dbstop-ignored	args=if error
7.1378	1	0	reset	
7.1378	1	0	start	
8.9378	2	1	stop	
8.9378	2	0	getData	
8.9378	2	0	dbstop-ignored	args=if error
8.9378	2	0	dbstop-ignored	args=if error
10.3514	2	0	reset	
10.3514	2	0	start	
12.1514	3	1	stop	
12.1514	3	0	getData	
12.1514	3	0	dbstop-ignored	args=if error
12.1514	3	0	dbstop-ignored	args=if error
13.4301	3	0	reset	
13.4301	3	0	start	
15.2301	4	1	stop	
15.2301	4	0	getData	
15.2301	4	0	dbstop-ignored	args=if error
15.2301	4	0	dbstop-ignored	args=if error
16.5089	4	0	reset	
16.5089	4	0	start	
18.3089	5	1	stop	
18.3089	5	0	getData	
18.3089	5	0	dbstop-ignored	args=if error
18.3089	5	0	dbstop-ignored	args=if error
19.7135	5	0	reset	
19.7135	5	0	start	
21.5135	6	1	stop	
21.5135	6	0	getData	
21.5135	6	0	dbstop-ignored	args=if error
21.5135	6	0	dbstop-ignored	args=if error
22.9823	6	0	reset	
22.9823	6	0	start	
24.7823	7	1	stop	
24.7823	7	0	getData	
24.7823	7	0	dbstop-ignored	args=if error
24.7823	7	0	dbstop-ignored	args=if error
26.0795	7	0	reset	
26.0795	7	0	start	
27.8795	8	1	stop	
27.8795	8	0	getData	
27.8795	8	0	dbstop-ignored	args=if error
27.8795	8	0	dbstop-ignored	args=if error
29.1444	8	0	reset	
29.1444	8	0	start	
30.9444	9	1	stop	
30.9444	9	0	getData	
30.9444	9	0	dbstop-ignored	args=if error
30.9444	9	0	dbstop-ignored	args=if error
35.3338	9	0	waitfor	
35.3338	9	0	gui	figure=check_LPC  steps=^ok$
35.3338	9	0	gui-click	control=OK
35.3338	9	0	ask:questdlg	answer=Save and exit prompt=Save LPC order and exit? rule=save lpc order and exit
35.3338	9	0	dbstop-ignored	args=if error
35.3338	9	0	ask:input	answer=yes prompt=Is the perturbation field OK? (yes/no):  rule=\(y/n\)|y/n|\[y/n\]|yes/no
37.3338	9	0	ask:input	answer=1 prompt=[Test mode only] Run ost pretest phase (1), or skip it (0)?  rule=default
39.3338	9	0	dbstop-ignored	args=if error
39.3398	9	0	ost	file=/w/sandbox/repos/<unpublished-repo>/simonSingleWord/bedheadWorking.ost
39.3398	9	0	pcf	file=/w/sandbox/repos/<unpublished-repo>/simonSingleWord/bedheadWorking.pcf
39.3398	9	0	deviceName	args=Focusrite USB
39.3398	9	0	setParam	name=sRate value=16000
39.3398	9	0	setParam	name=downFact value=3
39.3398	9	0	setParam	name=frameLen value=32
39.3398	9	0	getMaxPBLen	args=
39.3398	9	0	setParam	name=datapb value=[479230x1 min -1 max 0.946991 mean 6.3739e-06 rms 0.244684 hash 7814e4e9b5]
39.3398	9	0	setParam	name=downfact value=3
39.3398	9	0	setParam	name=srate value=16000
39.3398	9	0	setParam	name=framelen value=32
39.3398	9	0	setParam	name=ndelay value=5
39.3398	9	0	setParam	name=nwin value=1
39.3398	9	0	setParam	name=nlpc value=15
39.3398	9	0	setParam	name=nfmts value=2
39.3398	9	0	setParam	name=ntracks value=4
39.3398	9	0	setParam	name=scale value=0.795271
39.3398	9	0	setParam	name=preemp value=0.98
39.3398	9	0	setParam	name=rmsthr value=0.011354
39.3398	9	0	setParam	name=rmsratio value=0.7
39.3398	9	0	setParam	name=rmsff value=0.95
39.3398	9	0	setParam	name=dfmtsff value=0.93
39.3398	9	0	setParam	name=bgainadapt value=0
39.3398	9	0	setParam	name=bshift value=1
39.3398	9	0	setParam	name=btrack value=1
39.3398	9	0	setParam	name=bdetect value=1
39.3398	9	0	setParam	name=avglen value=8
39.3398	9	0	setParam	name=bweight value=1
39.3398	9	0	setParam	name=minvowellen value=60
39.3398	9	0	setParam	name=bratioshift value=0
39.3398	9	0	setParam	name=bmelshift value=1
39.3398	9	0	setParam	name=bcepslift value=0
39.3398	9	0	setParam	name=cepswinwidth value=30
39.3398	9	0	setParam	name=bbypassfmt value=0
39.3398	9	0	setParam	name=f2min value=0
39.3398	9	0	setParam	name=f2max value=5000
39.3398	9	0	setParam	name=f1min value=0
39.3398	9	0	setParam	name=f1max value=5000
39.3398	9	0	setParam	name=lbk value=0
39.3398	9	0	setParam	name=lbb value=0
39.3398	9	0	setParam	name=pertf1 value=[257 x 0]
39.3398	9	0	setParam	name=pertf2 value=[257 x 0]
39.3398	9	0	setParam	name=pertamp value=[257 x 0]
39.3398	9	0	setParam	name=pertphi value=[257 x 0]
39.3398	9	0	setParam	name=pertamp2d value=[66049 x 0]
39.3398	9	0	setParam	name=pertphi2d value=[66049 x 0]
39.3398	9	0	setParam	name=fb value=3
39.3398	9	0	setParam	name=nfb value=1
39.3398	9	0	setParam	name=triallen value=0
39.3398	9	0	setParam	name=ramplen value=0
39.3398	9	0	setParam	name=afact value=1
39.3398	9	0	setParam	name=bfact value=0.8
39.3398	9	0	setParam	name=gfact value=1
39.3398	9	0	setParam	name=fn1 value=675
39.3398	9	0	setParam	name=fn2 value=1392
39.3398	9	0	setParam	name=fb2gain value=1
39.3398	9	0	setParam	name=fb3gain value=0.02
39.3398	9	0	setParam	name=fb4gaindb value=10
39.3398	9	0	setParam	name=fb5gaindb_speech value=0
39.3398	9	0	setParam	name=fb5gain_playback value=1
39.3398	9	0	setParam	name=rmsff_fb value=[0.8 0.99 0.1 0.1]
39.3398	9	0	setParam	name=bpitchshift value=0
39.3398	9	0	setParam	name=bshift2d value=0
39.3398	9	0	setParam	name=pitchshiftratio value=1
39.3398	9	0	setParam	name=pvocframelen value=256
39.3398	9	0	setParam	name=pvochop value=64
39.3398	9	0	setParam	name=bdownsampfilt value=1
39.3398	9	0	setParam	name=stereomode value=1
39.3398	9	0	setParam	name=delayFrames value=0
39.3398	9	0	setParam	name=btimedomainshift value=0
39.3398	9	0	setParam	name=pitchlowerboundhz value=0
39.3398	9	0	setParam	name=pitchupperboundhz value=0
39.3398	9	0	setParam	name=timedomainpitchshiftschedule value=1
39.3398	9	0	setParam	name=timedomainpitchshiftalgorithm value=0
39.3398	9	0	setParam	name=bclampformants value=0
39.3398	9	0	setParam	name=clamposts value=[0 0]
39.3398	9	0	setParam	name=clampf1 value=[2048 x 0]
39.3398	9	0	setParam	name=clampf2 value=[2048 x 0]
39.3398	9	0	keywait	fn=pause
40.3398	9	0	key	key=space
41.3398	9	0	dbstop-ignored	args=if error
41.3398	9	0	dbstop-ignored	args=if error
41.3398	9	0	dbstop-ignored	args=if error
41.3398	9	0	dbstop-ignored	args=if error
41.3398	9	0	dbstop-ignored	args=if error
41.3398	9	0	dbstop-ignored	args=if error
41.3398	9	0	dbstop-ignored	args=if error
41.3398	9	0	dbstop-ignored	args=if error
41.3398	9	0	dbstop-ignored	args=if error
41.3398	9	0	dbstop-ignored	args=if error
41.3398	9	0	dbstop-ignored	args=if error
41.3398	9	0	dbstop-ignored	args=if error
41.3398	9	0	dbstop-ignored	args=if error
41.3398	9	0	dbstop-ignored	args=if error
41.3398	9	0	dbstop-ignored	args=if error
41.3398	9	0	dbstop-ignored	args=if error
41.3398	9	0	dbstop-ignored	args=if error
41.3398	9	0	dbstop-ignored	args=if error
41.3398	9	0	dbstop-ignored	args=if error
41.3398	9	0	dbstop-ignored	args=if error
41.3398	9	0	dbstop-ignored	args=if error
41.3398	9	0	dbstop-ignored	args=if error
41.3398	9	0	dbstop-ignored	args=if error
41.3398	9	0	dbstop-ignored	args=if error
41.3398	9	0	dbstop-ignored	args=if error
41.3398	9	0	dbstop-ignored	args=if error
41.3398	9	0	dbstop-ignored	args=if error
41.3398	9	0	dbstop-ignored	args=if error
41.3398	9	0	dbstop-ignored	args=if error
41.3398	9	0	dbstop-ignored	args=if error
41.3398	9	0	dbstop-ignored	args=if error
41.3398	9	0	dbstop-ignored	args=if error
41.3398	9	0	dbstop-ignored	args=if error
41.3398	9	0	dbstop-ignored	args=if error
41.3398	9	0	dbstop-ignored	args=if error
41.3398	9	0	dbstop-ignored	args=if error
41.3398	9	0	pcf	file=/w/sandbox/repos/<unpublished-repo>/simonSingleWord/bedheadWorking.pcf
41.3398	9	0	reset	
41.3398	9	0	start	
43.1398	10	1	stop	
43.1398	10	0	getData	
43.1398	10	0	dbstop-ignored	args=if error
43.1398	10	0	dbstop-ignored	args=if error
44.4230	10	0	dbstop-ignored	args=if error
44.4230	10	0	dbstop-ignored	args=if error
44.4230	10	0	dbstop-ignored	args=if error
44.4230	10	0	dbstop-ignored	args=if error
44.4230	10	0	dbstop-ignored	args=if error
44.4230	10	0	dbstop-ignored	args=if error
44.4230	10	0	dbstop-ignored	args=if error
44.4230	10	0	dbstop-ignored	args=if error
44.4230	10	0	dbstop-ignored	args=if error
44.4230	10	0	dbstop-ignored	args=if error
44.4230	10	0	dbstop-ignored	args=if error
44.4230	10	0	dbstop-ignored	args=if error
44.4230	10	0	dbstop-ignored	args=if error
44.4230	10	0	dbstop-ignored	args=if error
44.4230	10	0	dbstop-ignored	args=if error
44.4230	10	0	dbstop-ignored	args=if error
44.4230	10	0	dbstop-ignored	args=if error
44.4230	10	0	dbstop-ignored	args=if error
44.4230	10	0	dbstop-ignored	args=if error
44.4230	10	0	dbstop-ignored	args=if error
44.4230	10	0	dbstop-ignored	args=if error
44.4230	10	0	dbstop-ignored	args=if error
44.4230	10	0	dbstop-ignored	args=if error
44.4230	10	0	dbstop-ignored	args=if error
44.4230	10	0	dbstop-ignored	args=if error
44.4230	10	0	dbstop-ignored	args=if error
44.4230	10	0	dbstop-ignored	args=if error
44.4230	10	0	dbstop-ignored	args=if error
44.4230	10	0	dbstop-ignored	args=if error
44.4230	10	0	dbstop-ignored	args=if error
44.4230	10	0	dbstop-ignored	args=if error
44.4230	10	0	dbstop-ignored	args=if error
44.4230	10	0	dbstop-ignored	args=if error
44.4230	10	0	dbstop-ignored	args=if error
44.4230	10	0	dbstop-ignored	args=if error
44.4230	10	0	dbstop-ignored	args=if error
44.4230	10	0	pcf	file=/w/sandbox/repos/<unpublished-repo>/simonSingleWord/bedheadWorking.pcf
44.4230	10	0	reset	
44.4230	10	0	start	
46.2230	11	1	stop	
46.2230	11	0	getData	
46.2230	11	0	dbstop-ignored	args=if error
46.2230	11	0	dbstop-ignored	args=if error
47.7106	11	0	dbstop-ignored	args=if error
47.7106	11	0	dbstop-ignored	args=if error
47.7106	11	0	dbstop-ignored	args=if error
47.7106	11	0	dbstop-ignored	args=if error
47.7106	11	0	dbstop-ignored	args=if error
47.7106	11	0	dbstop-ignored	args=if error
47.7106	11	0	dbstop-ignored	args=if error
47.7106	11	0	dbstop-ignored	args=if error
47.7106	11	0	dbstop-ignored	args=if error
47.7106	11	0	dbstop-ignored	args=if error
47.7106	11	0	dbstop-ignored	args=if error
47.7106	11	0	dbstop-ignored	args=if error
47.7106	11	0	dbstop-ignored	args=if error
47.7106	11	0	dbstop-ignored	args=if error
47.7106	11	0	dbstop-ignored	args=if error
47.7106	11	0	dbstop-ignored	args=if error
47.7106	11	0	dbstop-ignored	args=if error
47.7106	11	0	dbstop-ignored	args=if error
47.7106	11	0	dbstop-ignored	args=if error
47.7106	11	0	dbstop-ignored	args=if error
47.7106	11	0	dbstop-ignored	args=if error
47.7106	11	0	dbstop-ignored	args=if error
47.7106	11	0	dbstop-ignored	args=if error
47.7106	11	0	dbstop-ignored	args=if error
47.7106	11	0	dbstop-ignored	args=if error
47.7106	11	0	dbstop-ignored	args=if error
47.7106	11	0	dbstop-ignored	args=if error
47.7106	11	0	dbstop-ignored	args=if error
47.7106	11	0	dbstop-ignored	args=if error
47.7106	11	0	dbstop-ignored	args=if error
47.7106	11	0	dbstop-ignored	args=if error
47.7106	11	0	dbstop-ignored	args=if error
47.7106	11	0	dbstop-ignored	args=if error
47.7106	11	0	dbstop-ignored	args=if error
47.7106	11	0	dbstop-ignored	args=if error
47.7106	11	0	dbstop-ignored	args=if error
47.7106	11	0	pcf	file=/w/sandbox/repos/<unpublished-repo>/simonSingleWord/bedheadWorking.pcf
47.7106	11	0	reset	
47.7106	11	0	start	
49.5106	12	1	stop	
49.5106	12	0	getData	
49.5106	12	0	dbstop-ignored	args=if error
49.5106	12	0	dbstop-ignored	args=if error
53.8582	12	0	dbstop-ignored	args=if error
53.8582	12	0	dbstop-ignored	args=if error
53.8582	12	0	dbstop-ignored	args=if error
53.8582	12	0	dbstop-ignored	args=if error
53.8582	12	0	dbstop-ignored	args=if error
53.8582	12	0	dbstop-ignored	args=if error
53.8582	12	0	dbstop-ignored	args=if error
53.8582	12	0	dbstop-ignored	args=if error
53.8582	12	0	dbstop-ignored	args=if error
53.8582	12	0	dbstop-ignored	args=if error
53.8582	12	0	dbstop-ignored	args=if error
53.8582	12	0	dbstop-ignored	args=if error
53.8582	12	0	dbstop-ignored	args=if error
53.8582	12	0	dbstop-ignored	args=if error
53.8582	12	0	dbstop-ignored	args=if error
53.8582	12	0	dbstop-ignored	args=if error
53.8582	12	0	dbstop-ignored	args=if error
53.8582	12	0	dbstop-ignored	args=if error
53.8582	12	0	dbstop-ignored	args=if error
53.8582	12	0	dbstop-ignored	args=if error
53.8582	12	0	dbstop-ignored	args=if error
54.3582	12	0	dbstop-ignored	args=if error
54.3582	12	0	dbstop-ignored	args=if error
54.3582	12	0	dbstop-ignored	args=if error
54.3582	12	0	dbstop-ignored	args=if error
54.3582	12	0	ost	file=/w/sandbox/repos/<unpublished-repo>/simonSingleWord/bedheadWorking.ost
54.3582	12	0	pcf	file=/w/sandbox/repos/<unpublished-repo>/simonSingleWord/bedheadWorking.pcf
54.3582	12	0	setParam	name=downfact value=3
54.3582	12	0	setParam	name=srate value=16000
54.3582	12	0	setParam	name=framelen value=32
54.3582	12	0	setParam	name=ndelay value=5
54.3582	12	0	setParam	name=nwin value=1
54.3582	12	0	setParam	name=nlpc value=15
54.3582	12	0	setParam	name=nfmts value=2
54.3582	12	0	setParam	name=ntracks value=4
54.3582	12	0	setParam	name=scale value=0.795271
54.3582	12	0	setParam	name=preemp value=0.98
54.3582	12	0	setParam	name=rmsthr value=0.011354
54.3582	12	0	setParam	name=rmsratio value=0.7
54.3582	12	0	setParam	name=rmsff value=0.95
54.3582	12	0	setParam	name=dfmtsff value=0.93
54.3582	12	0	setParam	name=bgainadapt value=0
54.3582	12	0	setParam	name=bshift value=1
54.3582	12	0	setParam	name=btrack value=1
54.3582	12	0	setParam	name=bdetect value=1
54.3582	12	0	setParam	name=avglen value=8
54.3582	12	0	setParam	name=bweight value=1
54.3582	12	0	setParam	name=minvowellen value=60
54.3582	12	0	setParam	name=bratioshift value=0
54.3582	12	0	setParam	name=bmelshift value=1
54.3582	12	0	setParam	name=bcepslift value=0
54.3582	12	0	setParam	name=cepswinwidth value=30
54.3582	12	0	setParam	name=bbypassfmt value=0
54.3582	12	0	setParam	name=lbk value=0
54.3582	12	0	setParam	name=lbb value=0
54.3582	12	0	setParam	name=pertf1 value=[257 x 0]
54.3582	12	0	setParam	name=pertf2 value=[257 x 0]
54.3582	12	0	setParam	name=pertamp value=[257 x 0]
54.3582	12	0	setParam	name=pertphi value=[257 x 0]
54.3582	12	0	setParam	name=pertamp2d value=[66049 x 0]
54.3582	12	0	setParam	name=pertphi2d value=[66049 x 0]
54.3582	12	0	setParam	name=fb value=3
54.3582	12	0	setParam	name=nfb value=1
54.3582	12	0	setParam	name=triallen value=0
54.3582	12	0	setParam	name=ramplen value=0
54.3582	12	0	setParam	name=afact value=1
54.3582	12	0	setParam	name=bfact value=0.8
54.3582	12	0	setParam	name=gfact value=1
54.3582	12	0	setParam	name=fn1 value=675
54.3582	12	0	setParam	name=fn2 value=1392
54.3582	12	0	setParam	name=fb2gain value=1
54.3582	12	0	setParam	name=fb3gain value=0.02
54.3582	12	0	setParam	name=fb4gaindb value=10
54.3582	12	0	setParam	name=fb5gaindb_speech value=0
54.3582	12	0	setParam	name=fb5gain_playback value=1
54.3582	12	0	setParam	name=rmsff_fb value=[0.85 0.85 0 0]
54.3582	12	0	setParam	name=bpitchshift value=0
54.3582	12	0	setParam	name=bshift2d value=0
54.3582	12	0	setParam	name=pitchshiftratio value=1
54.3582	12	0	setParam	name=gain value=1
54.3582	12	0	setParam	name=mute value=0
54.3582	12	0	setParam	name=pvocframelen value=256
54.3582	12	0	setParam	name=pvochop value=64
54.3582	12	0	setParam	name=bdownsampfilt value=1
54.3582	12	0	setParam	name=stereomode value=1
54.3582	12	0	setParam	name=tsgNTones value=0
54.3582	12	0	setParam	name=tsgToneDur value=[]
54.3582	12	0	setParam	name=tsgToneFreq value=[]
54.3582	12	0	setParam	name=tsgToneAmp value=[]
54.3582	12	0	setParam	name=tsgToneRamp value=[]
54.3582	12	0	setParam	name=tsgInt value=[]
54.3582	12	0	setParam	name=delayFrames value=0
54.3582	12	0	setParam	name=wgFreq value=1000
54.3582	12	0	setParam	name=wgAmp value=0.1
54.3582	12	0	setParam	name=wgTime value=0
54.3582	12	0	setParam	name=btimedomainshift value=0
54.3582	12	0	setParam	name=pitchlowerboundhz value=0
54.3582	12	0	setParam	name=pitchupperboundhz value=0
54.3582	12	0	setParam	name=timedomainpitchshiftschedule value=1
54.3582	12	0	setParam	name=timedomainpitchshiftalgorithm value=0
54.3582	12	0	setParam	name=bclampformants value=0
54.3582	12	0	reset	
54.3582	12	0	getData	
54.3582	12	0	reset	
54.3582	12	0	getData	
54.3582	12	0	reset	
54.3582	12	0	getData	
54.8582	12	0	dbstop-ignored	args=if error
54.8582	12	0	dbstop-ignored	args=if error
54.8582	12	0	dbstop-ignored	args=if error
54.8582	12	0	dbstop-ignored	args=if error
54.8582	12	0	waitfor	
54.8582	12	0	gui	figure=audapter_viewer signal steps=^continue
54.8582	12	0	gui-click	control=Continue/Exit
54.8582	12	0	ask:questdlg	answer=Save and exit prompt=Save current OST parameters and exit? rule=default
54.8582	12	0	dbstop-ignored	args=if error
54.8582	12	0	uiwait	
54.8582	12	0	gui	figure= Verify save location steps=^ok$
54.8582	12	0	gui-click	control=OK
54.8582	12	0	gui-close	figure= Verify save location
55.3582	12	0	dbstop-ignored	args=if error
55.3582	12	0	ask:input	answer=redo prompt=Redo OST testing phase, or move on? (redo/move on):  rule=\((redo|repeat)/(move on|continue)\)
57.3582	12	0	dbstop-ignored	args=if error
57.3642	12	0	ost	file=/w/sandbox/repos/<unpublished-repo>/simonSingleWord/bedheadWorking.ost
57.3642	12	0	pcf	file=/w/sandbox/repos/<unpublished-repo>/simonSingleWord/bedheadWorking.pcf
57.3642	12	0	deviceName	args=Focusrite USB
57.3642	12	0	setParam	name=sRate value=16000
57.3642	12	0	setParam	name=downFact value=3
57.3642	12	0	setParam	name=frameLen value=32
57.3642	12	0	getMaxPBLen	args=
57.3642	12	0	setParam	name=datapb value=[479230x1 min -1 max 0.946991 mean 6.3739e-06 rms 0.244684 hash 7814e4e9b5]
57.3642	12	0	setParam	name=downfact value=3
57.3642	12	0	setParam	name=srate value=16000
57.3642	12	0	setParam	name=framelen value=32
57.3642	12	0	setParam	name=ndelay value=5
57.3642	12	0	setParam	name=nwin value=1
57.3642	12	0	setParam	name=nlpc value=15
57.3642	12	0	setParam	name=nfmts value=2
57.3642	12	0	setParam	name=ntracks value=4
57.3642	12	0	setParam	name=scale value=0.795271
57.3642	12	0	setParam	name=preemp value=0.98
57.3642	12	0	setParam	name=rmsthr value=0.011354
57.3642	12	0	setParam	name=rmsratio value=0.7
57.3642	12	0	setParam	name=rmsff value=0.95
57.3642	12	0	setParam	name=dfmtsff value=0.93
57.3642	12	0	setParam	name=bgainadapt value=0
57.3642	12	0	setParam	name=bshift value=1
57.3642	12	0	setParam	name=btrack value=1
57.3642	12	0	setParam	name=bdetect value=1
57.3642	12	0	setParam	name=avglen value=8
57.3642	12	0	setParam	name=bweight value=1
57.3642	12	0	setParam	name=minvowellen value=60
57.3642	12	0	setParam	name=bratioshift value=0
57.3642	12	0	setParam	name=bmelshift value=1
57.3642	12	0	setParam	name=bcepslift value=0
57.3642	12	0	setParam	name=cepswinwidth value=30
57.3642	12	0	setParam	name=bbypassfmt value=0
57.3642	12	0	setParam	name=f2min value=0
57.3642	12	0	setParam	name=f2max value=5000
57.3642	12	0	setParam	name=f1min value=0
57.3642	12	0	setParam	name=f1max value=5000
57.3642	12	0	setParam	name=lbk value=0
57.3642	12	0	setParam	name=lbb value=0
57.3642	12	0	setParam	name=pertf1 value=[257 x 0]
57.3642	12	0	setParam	name=pertf2 value=[257 x 0]
57.3642	12	0	setParam	name=pertamp value=[257 x 0]
57.3642	12	0	setParam	name=pertphi value=[257 x 0]
57.3642	12	0	setParam	name=pertamp2d value=[66049 x 0]
57.3642	12	0	setParam	name=pertphi2d value=[66049 x 0]
57.3642	12	0	setParam	name=fb value=3
57.3642	12	0	setParam	name=nfb value=1
57.3642	12	0	setParam	name=triallen value=0
57.3642	12	0	setParam	name=ramplen value=0
57.3642	12	0	setParam	name=afact value=1
57.3642	12	0	setParam	name=bfact value=0.8
57.3642	12	0	setParam	name=gfact value=1
57.3642	12	0	setParam	name=fn1 value=675
57.3642	12	0	setParam	name=fn2 value=1392
57.3642	12	0	setParam	name=fb2gain value=1
57.3642	12	0	setParam	name=fb3gain value=0.02
57.3642	12	0	setParam	name=fb4gaindb value=10
57.3642	12	0	setParam	name=fb5gaindb_speech value=0
57.3642	12	0	setParam	name=fb5gain_playback value=1
57.3642	12	0	setParam	name=rmsff_fb value=[0.8 0.99 0.1 0.1]
57.3642	12	0	setParam	name=bpitchshift value=0
57.3642	12	0	setParam	name=bshift2d value=0
57.3642	12	0	setParam	name=pitchshiftratio value=1
57.3642	12	0	setParam	name=pvocframelen value=256
57.3642	12	0	setParam	name=pvochop value=64
57.3642	12	0	setParam	name=bdownsampfilt value=1
57.3642	12	0	setParam	name=stereomode value=1
57.3642	12	0	setParam	name=delayFrames value=0
57.3642	12	0	setParam	name=btimedomainshift value=0
57.3642	12	0	setParam	name=pitchlowerboundhz value=0
57.3642	12	0	setParam	name=pitchupperboundhz value=0
57.3642	12	0	setParam	name=timedomainpitchshiftschedule value=1
57.3642	12	0	setParam	name=timedomainpitchshiftalgorithm value=0
57.3642	12	0	setParam	name=bclampformants value=0
57.3642	12	0	setParam	name=clamposts value=[0 0]
57.3642	12	0	setParam	name=clampf1 value=[2048 x 0]
57.3642	12	0	setParam	name=clampf2 value=[2048 x 0]
57.3642	12	0	keywait	fn=pause
58.3642	12	0	key	key=space
59.3642	12	0	dbstop-ignored	args=if error
59.3642	12	0	dbstop-ignored	args=if error
59.3642	12	0	dbstop-ignored	args=if error
59.3642	12	0	dbstop-ignored	args=if error
59.3642	12	0	dbstop-ignored	args=if error
59.3642	12	0	dbstop-ignored	args=if error
59.3642	12	0	dbstop-ignored	args=if error
59.3642	12	0	dbstop-ignored	args=if error
59.3642	12	0	dbstop-ignored	args=if error
59.3642	12	0	dbstop-ignored	args=if error
59.3642	12	0	dbstop-ignored	args=if error
59.3642	12	0	dbstop-ignored	args=if error
59.3642	12	0	dbstop-ignored	args=if error
59.3642	12	0	dbstop-ignored	args=if error
59.3642	12	0	dbstop-ignored	args=if error
59.3642	12	0	dbstop-ignored	args=if error
59.3642	12	0	dbstop-ignored	args=if error
59.3642	12	0	dbstop-ignored	args=if error
59.3642	12	0	dbstop-ignored	args=if error
59.3642	12	0	dbstop-ignored	args=if error
59.3642	12	0	dbstop-ignored	args=if error
59.3642	12	0	dbstop-ignored	args=if error
59.3642	12	0	dbstop-ignored	args=if error
59.3642	12	0	dbstop-ignored	args=if error
59.3642	12	0	dbstop-ignored	args=if error
59.3642	12	0	dbstop-ignored	args=if error
59.3642	12	0	dbstop-ignored	args=if error
59.3642	12	0	dbstop-ignored	args=if error
59.3642	12	0	dbstop-ignored	args=if error
59.3642	12	0	dbstop-ignored	args=if error
59.3642	12	0	dbstop-ignored	args=if error
59.3642	12	0	dbstop-ignored	args=if error
59.3642	12	0	dbstop-ignored	args=if error
59.3642	12	0	dbstop-ignored	args=if error
59.3642	12	0	dbstop-ignored	args=if error
59.3642	12	0	dbstop-ignored	args=if error
59.3642	12	0	pcf	file=/w/sandbox/repos/<unpublished-repo>/simonSingleWord/bedheadWorking.pcf
59.3642	12	0	reset	
59.3642	12	0	start	
61.1642	13	1	stop	
61.1642	13	0	getData	
61.1642	13	0	dbstop-ignored	args=if error
61.1642	13	0	dbstop-ignored	args=if error
62.6115	13	0	dbstop-ignored	args=if error
62.6115	13	0	dbstop-ignored	args=if error
62.6115	13	0	dbstop-ignored	args=if error
62.6115	13	0	dbstop-ignored	args=if error
62.6115	13	0	dbstop-ignored	args=if error
62.6115	13	0	dbstop-ignored	args=if error
62.6115	13	0	dbstop-ignored	args=if error
62.6115	13	0	dbstop-ignored	args=if error
62.6115	13	0	dbstop-ignored	args=if error
62.6115	13	0	dbstop-ignored	args=if error
62.6115	13	0	dbstop-ignored	args=if error
62.6115	13	0	dbstop-ignored	args=if error
62.6115	13	0	dbstop-ignored	args=if error
62.6115	13	0	dbstop-ignored	args=if error
62.6115	13	0	dbstop-ignored	args=if error
62.6115	13	0	dbstop-ignored	args=if error
62.6115	13	0	dbstop-ignored	args=if error
62.6115	13	0	dbstop-ignored	args=if error
62.6115	13	0	dbstop-ignored	args=if error
62.6115	13	0	dbstop-ignored	args=if error
62.6115	13	0	dbstop-ignored	args=if error
62.6115	13	0	dbstop-ignored	args=if error
62.6115	13	0	dbstop-ignored	args=if error
62.6115	13	0	dbstop-ignored	args=if error
62.6115	13	0	dbstop-ignored	args=if error
62.6115	13	0	dbstop-ignored	args=if error
62.6115	13	0	dbstop-ignored	args=if error
62.6115	13	0	dbstop-ignored	args=if error
62.6115	13	0	dbstop-ignored	args=if error
62.6115	13	0	dbstop-ignored	args=if error
62.6115	13	0	dbstop-ignored	args=if error
62.6115	13	0	dbstop-ignored	args=if error
62.6115	13	0	dbstop-ignored	args=if error
62.6115	13	0	dbstop-ignored	args=if error
62.6115	13	0	dbstop-ignored	args=if error
62.6115	13	0	dbstop-ignored	args=if error
62.6115	13	0	pcf	file=/w/sandbox/repos/<unpublished-repo>/simonSingleWord/bedheadWorking.pcf
62.6115	13	0	reset	
62.6115	13	0	start	
64.4115	14	1	stop	
64.4115	14	0	getData	
64.4115	14	0	dbstop-ignored	args=if error
64.4115	14	0	dbstop-ignored	args=if error
65.8946	14	0	dbstop-ignored	args=if error
65.8946	14	0	dbstop-ignored	args=if error
65.8946	14	0	dbstop-ignored	args=if error
65.8946	14	0	dbstop-ignored	args=if error
65.8946	14	0	dbstop-ignored	args=if error
65.8946	14	0	dbstop-ignored	args=if error
65.8946	14	0	dbstop-ignored	args=if error
65.8946	14	0	dbstop-ignored	args=if error
65.8946	14	0	dbstop-ignored	args=if error
65.8946	14	0	dbstop-ignored	args=if error
65.8946	14	0	dbstop-ignored	args=if error
65.8946	14	0	dbstop-ignored	args=if error
65.8946	14	0	dbstop-ignored	args=if error
65.8946	14	0	dbstop-ignored	args=if error
65.8946	14	0	dbstop-ignored	args=if error
65.8946	14	0	dbstop-ignored	args=if error
65.8946	14	0	dbstop-ignored	args=if error
65.8946	14	0	dbstop-ignored	args=if error
65.8946	14	0	dbstop-ignored	args=if error
65.8946	14	0	dbstop-ignored	args=if error
65.8946	14	0	dbstop-ignored	args=if error
65.8946	14	0	dbstop-ignored	args=if error
65.8946	14	0	dbstop-ignored	args=if error
65.8946	14	0	dbstop-ignored	args=if error
65.8946	14	0	dbstop-ignored	args=if error
65.8946	14	0	dbstop-ignored	args=if error
65.8946	14	0	dbstop-ignored	args=if error
65.8946	14	0	dbstop-ignored	args=if error
65.8946	14	0	dbstop-ignored	args=if error
65.8946	14	0	dbstop-ignored	args=if error
65.8946	14	0	dbstop-ignored	args=if error
65.8946	14	0	dbstop-ignored	args=if error
65.8946	14	0	dbstop-ignored	args=if error
65.8946	14	0	dbstop-ignored	args=if error
65.8946	14	0	dbstop-ignored	args=if error
65.8946	14	0	dbstop-ignored	args=if error
65.8946	14	0	pcf	file=/w/sandbox/repos/<unpublished-repo>/simonSingleWord/bedheadWorking.pcf
65.8946	14	0	reset	
65.8946	14	0	start	
67.6946	15	1	stop	
67.6946	15	0	getData	
67.6946	15	0	dbstop-ignored	args=if error
67.6946	15	0	dbstop-ignored	args=if error
72.1137	15	0	dbstop-ignored	args=if error
72.1137	15	0	dbstop-ignored	args=if error
72.1137	15	0	dbstop-ignored	args=if error
72.1137	15	0	dbstop-ignored	args=if error
72.1137	15	0	dbstop-ignored	args=if error
72.1137	15	0	dbstop-ignored	args=if error
72.1137	15	0	dbstop-ignored	args=if error
72.1137	15	0	dbstop-ignored	args=if error
72.1137	15	0	dbstop-ignored	args=if error
72.1137	15	0	dbstop-ignored	args=if error
72.1137	15	0	dbstop-ignored	args=if error
72.1137	15	0	dbstop-ignored	args=if error
72.1137	15	0	dbstop-ignored	args=if error
72.1137	15	0	dbstop-ignored	args=if error
72.1137	15	0	dbstop-ignored	args=if error
72.1137	15	0	dbstop-ignored	args=if error
72.1137	15	0	dbstop-ignored	args=if error
72.1137	15	0	dbstop-ignored	args=if error
72.1137	15	0	dbstop-ignored	args=if error
72.1137	15	0	dbstop-ignored	args=if error
72.1137	15	0	dbstop-ignored	args=if error
72.6137	15	0	dbstop-ignored	args=if error
72.6137	15	0	dbstop-ignored	args=if error
72.6137	15	0	dbstop-ignored	args=if error
72.6137	15	0	dbstop-ignored	args=if error
72.6137	15	0	ost	file=/w/sandbox/repos/<unpublished-repo>/simonSingleWord/bedheadWorking.ost
72.6137	15	0	pcf	file=/w/sandbox/repos/<unpublished-repo>/simonSingleWord/bedheadWorking.pcf
72.6137	15	0	setParam	name=downfact value=3
72.6137	15	0	setParam	name=srate value=16000
72.6137	15	0	setParam	name=framelen value=32
72.6137	15	0	setParam	name=ndelay value=5
72.6137	15	0	setParam	name=nwin value=1
72.6137	15	0	setParam	name=nlpc value=15
72.6137	15	0	setParam	name=nfmts value=2
72.6137	15	0	setParam	name=ntracks value=4
72.6137	15	0	setParam	name=scale value=0.795271
72.6137	15	0	setParam	name=preemp value=0.98
72.6137	15	0	setParam	name=rmsthr value=0.011354
72.6137	15	0	setParam	name=rmsratio value=0.7
72.6137	15	0	setParam	name=rmsff value=0.95
72.6137	15	0	setParam	name=dfmtsff value=0.93
72.6137	15	0	setParam	name=bgainadapt value=0
72.6137	15	0	setParam	name=bshift value=1
72.6137	15	0	setParam	name=btrack value=1
72.6137	15	0	setParam	name=bdetect value=1
72.6137	15	0	setParam	name=avglen value=8
72.6137	15	0	setParam	name=bweight value=1
72.6137	15	0	setParam	name=minvowellen value=60
72.6137	15	0	setParam	name=bratioshift value=0
72.6137	15	0	setParam	name=bmelshift value=1
72.6137	15	0	setParam	name=bcepslift value=0
72.6137	15	0	setParam	name=cepswinwidth value=30
72.6137	15	0	setParam	name=bbypassfmt value=0
72.6137	15	0	setParam	name=lbk value=0
72.6137	15	0	setParam	name=lbb value=0
72.6137	15	0	setParam	name=pertf1 value=[257 x 0]
72.6137	15	0	setParam	name=pertf2 value=[257 x 0]
72.6137	15	0	setParam	name=pertamp value=[257 x 0]
72.6137	15	0	setParam	name=pertphi value=[257 x 0]
72.6137	15	0	setParam	name=pertamp2d value=[66049 x 0]
72.6137	15	0	setParam	name=pertphi2d value=[66049 x 0]
72.6137	15	0	setParam	name=fb value=3
72.6137	15	0	setParam	name=nfb value=1
72.6137	15	0	setParam	name=triallen value=0
72.6137	15	0	setParam	name=ramplen value=0
72.6137	15	0	setParam	name=afact value=1
72.6137	15	0	setParam	name=bfact value=0.8
72.6137	15	0	setParam	name=gfact value=1
72.6137	15	0	setParam	name=fn1 value=675
72.6137	15	0	setParam	name=fn2 value=1392
72.6137	15	0	setParam	name=fb2gain value=1
72.6137	15	0	setParam	name=fb3gain value=0.02
72.6137	15	0	setParam	name=fb4gaindb value=10
72.6137	15	0	setParam	name=fb5gaindb_speech value=0
72.6137	15	0	setParam	name=fb5gain_playback value=1
72.6137	15	0	setParam	name=rmsff_fb value=[0.85 0.85 0 0]
72.6137	15	0	setParam	name=bpitchshift value=0
72.6137	15	0	setParam	name=bshift2d value=0
72.6137	15	0	setParam	name=pitchshiftratio value=1
72.6137	15	0	setParam	name=gain value=1
72.6137	15	0	setParam	name=mute value=0
72.6137	15	0	setParam	name=pvocframelen value=256
72.6137	15	0	setParam	name=pvochop value=64
72.6137	15	0	setParam	name=bdownsampfilt value=1
72.6137	15	0	setParam	name=stereomode value=1
72.6137	15	0	setParam	name=tsgNTones value=0
72.6137	15	0	setParam	name=tsgToneDur value=[]
72.6137	15	0	setParam	name=tsgToneFreq value=[]
72.6137	15	0	setParam	name=tsgToneAmp value=[]
72.6137	15	0	setParam	name=tsgToneRamp value=[]
72.6137	15	0	setParam	name=tsgInt value=[]
72.6137	15	0	setParam	name=delayFrames value=0
72.6137	15	0	setParam	name=wgFreq value=1000
72.6137	15	0	setParam	name=wgAmp value=0.1
72.6137	15	0	setParam	name=wgTime value=0
72.6137	15	0	setParam	name=btimedomainshift value=0
72.6137	15	0	setParam	name=pitchlowerboundhz value=0
72.6137	15	0	setParam	name=pitchupperboundhz value=0
72.6137	15	0	setParam	name=timedomainpitchshiftschedule value=1
72.6137	15	0	setParam	name=timedomainpitchshiftalgorithm value=0
72.6137	15	0	setParam	name=bclampformants value=0
72.6137	15	0	reset	
72.6137	15	0	getData	
72.6137	15	0	reset	
72.6137	15	0	getData	
72.6137	15	0	reset	
72.6137	15	0	getData	
73.1137	15	0	dbstop-ignored	args=if error
73.1137	15	0	dbstop-ignored	args=if error
73.1137	15	0	dbstop-ignored	args=if error
73.1137	15	0	dbstop-ignored	args=if error
73.1137	15	0	waitfor	
73.1137	15	0	gui	figure=audapter_viewer signal steps=^continue
73.1137	15	0	gui-click	control=Continue/Exit
73.1137	15	0	ask:questdlg	answer=Save and exit prompt=Save current OST parameters and exit? rule=default
73.1137	15	0	dbstop-ignored	args=if error
73.1137	15	0	uiwait	
73.1137	15	0	gui	figure= Verify save location steps=^ok$
73.1137	15	0	gui-click	control=OK
73.1137	15	0	gui-close	figure= Verify save location
73.6137	15	0	dbstop-ignored	args=if error
73.6137	15	0	ask:input	answer=move on prompt=Redo OST testing phase, or move on? (redo/move on):  rule=\((redo|repeat)/(move on|continue)\)
75.6137	15	0	dbstop-ignored	args=if error
75.6137	15	0	dbstop-ignored	args=if error
75.6137	15	0	dbstop-ignored	args=if error
75.6137	15	0	dbstop-ignored	args=if error
75.6137	15	0	dbstop-ignored	args=if error
75.6137	15	0	dbstop-ignored	args=if error
75.6137	15	0	dbstop-ignored	args=if error
75.6137	15	0	dbstop-ignored	args=if error
75.6137	15	0	dbstop-ignored	args=if error
75.6137	15	0	dbstop-ignored	args=if error
75.6137	15	0	dbstop-ignored	args=if error
75.6137	15	0	rng	arg=shuffle seed=1001
75.6167	15	0	ask:questdlg	answer=Overwrite prompt=\fontsize{10}There is already a file named \color{blue}expt.mat\color{black} here: C:/Users/Public/Documents/experiments//simonSingleWord/acousticdata/lr001 Do you want to overwrite \color{blue}expt.mat\color{black}? rule=overwrite
75.6197	15	0	ost	file=/w/sandbox/repos/<unpublished-repo>/simonSingleWord/bedheadWorking.ost
75.6197	15	0	pcf	file=/w/sandbox/repos/<unpublished-repo>/simonSingleWord/bedheadWorking.pcf
75.6197	15	0	deviceName	args=Focusrite USB
75.6197	15	0	setParam	name=sRate value=16000
75.6197	15	0	setParam	name=downFact value=3
75.6197	15	0	setParam	name=frameLen value=32
75.6197	15	0	getMaxPBLen	args=
75.6197	15	0	setParam	name=datapb value=[479230x1 min -1 max 0.946991 mean 6.3739e-06 rms 0.244684 hash 7814e4e9b5]
75.6197	15	0	setParam	name=downfact value=3
75.6197	15	0	setParam	name=srate value=16000
75.6197	15	0	setParam	name=framelen value=32
75.6197	15	0	setParam	name=ndelay value=5
75.6197	15	0	setParam	name=nwin value=1
75.6197	15	0	setParam	name=nlpc value=15
75.6197	15	0	setParam	name=nfmts value=2
75.6197	15	0	setParam	name=ntracks value=4
75.6197	15	0	setParam	name=scale value=0.795271
75.6197	15	0	setParam	name=preemp value=0.98
75.6197	15	0	setParam	name=rmsthr value=0.011354
75.6197	15	0	setParam	name=rmsratio value=0.7
75.6197	15	0	setParam	name=rmsff value=0.95
75.6197	15	0	setParam	name=dfmtsff value=0.93
75.6197	15	0	setParam	name=bgainadapt value=0
75.6197	15	0	setParam	name=bshift value=1
75.6197	15	0	setParam	name=btrack value=1
75.6197	15	0	setParam	name=bdetect value=1
75.6197	15	0	setParam	name=avglen value=8
75.6197	15	0	setParam	name=bweight value=1
75.6197	15	0	setParam	name=minvowellen value=60
75.6197	15	0	setParam	name=bratioshift value=0
75.6197	15	0	setParam	name=bmelshift value=1
75.6197	15	0	setParam	name=bcepslift value=0
75.6197	15	0	setParam	name=cepswinwidth value=30
75.6197	15	0	setParam	name=bbypassfmt value=0
75.6197	15	0	setParam	name=f2min value=0
75.6197	15	0	setParam	name=f2max value=5000
75.6197	15	0	setParam	name=f1min value=0
75.6197	15	0	setParam	name=f1max value=5000
75.6197	15	0	setParam	name=lbk value=0
75.6197	15	0	setParam	name=lbb value=0
75.6197	15	0	setParam	name=pertf1 value=[257 x 0]
75.6197	15	0	setParam	name=pertf2 value=[257 x 0]
75.6197	15	0	setParam	name=pertamp value=[257 x 0]
75.6197	15	0	setParam	name=pertphi value=[257 x 0]
75.6197	15	0	setParam	name=pertamp2d value=[66049 x 0]
75.6197	15	0	setParam	name=pertphi2d value=[66049 x 0]
75.6197	15	0	setParam	name=fb value=3
75.6197	15	0	setParam	name=nfb value=1
75.6197	15	0	setParam	name=triallen value=0
75.6197	15	0	setParam	name=ramplen value=0
75.6197	15	0	setParam	name=afact value=1
75.6197	15	0	setParam	name=bfact value=0.8
75.6197	15	0	setParam	name=gfact value=1
75.6197	15	0	setParam	name=fn1 value=675
75.6197	15	0	setParam	name=fn2 value=1392
75.6197	15	0	setParam	name=fb2gain value=1
75.6197	15	0	setParam	name=fb3gain value=0.02
75.6197	15	0	setParam	name=fb4gaindb value=10
75.6197	15	0	setParam	name=fb5gaindb_speech value=0
75.6197	15	0	setParam	name=fb5gain_playback value=1
75.6197	15	0	setParam	name=rmsff_fb value=[0.8 0.99 0.1 0.1]
75.6197	15	0	setParam	name=bpitchshift value=0
75.6197	15	0	setParam	name=bshift2d value=0
75.6197	15	0	setParam	name=pitchshiftratio value=1
75.6197	15	0	setParam	name=pvocframelen value=256
75.6197	15	0	setParam	name=pvochop value=64
75.6197	15	0	setParam	name=bdownsampfilt value=1
75.6197	15	0	setParam	name=stereomode value=1
75.6197	15	0	setParam	name=delayFrames value=0
75.6197	15	0	setParam	name=btimedomainshift value=0
75.6197	15	0	setParam	name=pitchlowerboundhz value=0
75.6197	15	0	setParam	name=pitchupperboundhz value=0
75.6197	15	0	setParam	name=timedomainpitchshiftschedule value=1
75.6197	15	0	setParam	name=timedomainpitchshiftalgorithm value=0
75.6197	15	0	setParam	name=bclampformants value=0
75.6197	15	0	setParam	name=clamposts value=[0 0]
75.6197	15	0	setParam	name=clampf1 value=[2048 x 0]
75.6197	15	0	setParam	name=clampf2 value=[2048 x 0]
75.6197	15	0	keywait	fn=pause
76.6197	15	0	key	key=space
77.6197	15	0	dbstop-ignored	args=if error
77.6197	15	0	dbstop-ignored	args=if error
77.6197	15	0	dbstop-ignored	args=if error
77.6197	15	0	dbstop-ignored	args=if error
77.6197	15	0	dbstop-ignored	args=if error
77.6197	15	0	dbstop-ignored	args=if error
77.6197	15	0	dbstop-ignored	args=if error
77.6197	15	0	dbstop-ignored	args=if error
77.6197	15	0	dbstop-ignored	args=if error
77.6197	15	0	dbstop-ignored	args=if error
77.6197	15	0	dbstop-ignored	args=if error
77.6197	15	0	dbstop-ignored	args=if error
77.6197	15	0	dbstop-ignored	args=if error
77.6197	15	0	dbstop-ignored	args=if error
77.6197	15	0	dbstop-ignored	args=if error
77.6197	15	0	dbstop-ignored	args=if error
77.6197	15	0	dbstop-ignored	args=if error
77.6197	15	0	dbstop-ignored	args=if error
77.6197	15	0	dbstop-ignored	args=if error
77.6197	15	0	dbstop-ignored	args=if error
77.6197	15	0	dbstop-ignored	args=if error
77.6197	15	0	dbstop-ignored	args=if error
77.6197	15	0	dbstop-ignored	args=if error
77.6197	15	0	dbstop-ignored	args=if error
77.6197	15	0	dbstop-ignored	args=if error
77.6197	15	0	dbstop-ignored	args=if error
77.6197	15	0	dbstop-ignored	args=if error
77.6197	15	0	dbstop-ignored	args=if error
77.6197	15	0	dbstop-ignored	args=if error
77.6197	15	0	dbstop-ignored	args=if error
77.6197	15	0	dbstop-ignored	args=if error
77.6197	15	0	dbstop-ignored	args=if error
77.6197	15	0	dbstop-ignored	args=if error
77.6197	15	0	dbstop-ignored	args=if error
77.6197	15	0	dbstop-ignored	args=if error
77.6197	15	0	dbstop-ignored	args=if error
77.6197	15	0	pcf	file=/w/sandbox/repos/<unpublished-repo>/simonSingleWord/bedheadWorking.pcf
77.6197	15	0	reset	
77.6197	15	0	start	
79.4197	16	1	stop	
79.4197	16	0	getData	
79.4197	16	0	dbstop-ignored	args=if error
79.4197	16	0	dbstop-ignored	args=if error
80.7404	16	0	dbstop-ignored	args=if error
80.7404	16	0	dbstop-ignored	args=if error
80.7404	16	0	dbstop-ignored	args=if error
80.7404	16	0	dbstop-ignored	args=if error
80.7404	16	0	dbstop-ignored	args=if error
80.7404	16	0	dbstop-ignored	args=if error
80.7404	16	0	dbstop-ignored	args=if error
80.7404	16	0	dbstop-ignored	args=if error
80.7404	16	0	dbstop-ignored	args=if error
80.7404	16	0	dbstop-ignored	args=if error
80.7404	16	0	dbstop-ignored	args=if error
80.7404	16	0	dbstop-ignored	args=if error
80.7404	16	0	dbstop-ignored	args=if error
80.7404	16	0	dbstop-ignored	args=if error
80.7404	16	0	dbstop-ignored	args=if error
80.7404	16	0	dbstop-ignored	args=if error
80.7404	16	0	dbstop-ignored	args=if error
80.7404	16	0	dbstop-ignored	args=if error
80.7404	16	0	dbstop-ignored	args=if error
80.7404	16	0	dbstop-ignored	args=if error
80.7404	16	0	dbstop-ignored	args=if error
80.7404	16	0	dbstop-ignored	args=if error
80.7404	16	0	dbstop-ignored	args=if error
80.7404	16	0	dbstop-ignored	args=if error
80.7404	16	0	dbstop-ignored	args=if error
80.7404	16	0	dbstop-ignored	args=if error
80.7404	16	0	dbstop-ignored	args=if error
80.7404	16	0	dbstop-ignored	args=if error
80.7404	16	0	dbstop-ignored	args=if error
80.7404	16	0	dbstop-ignored	args=if error
80.7404	16	0	dbstop-ignored	args=if error
80.7404	16	0	dbstop-ignored	args=if error
80.7404	16	0	dbstop-ignored	args=if error
80.7404	16	0	dbstop-ignored	args=if error
80.7404	16	0	dbstop-ignored	args=if error
80.7404	16	0	dbstop-ignored	args=if error
80.7404	16	0	pcf	file=/w/sandbox/repos/<unpublished-repo>/simonSingleWord/bedheadWorking.pcf
80.7404	16	0	reset	
80.7404	16	0	start	
82.5404	17	1	stop	
82.5404	17	0	getData	
82.5404	17	0	dbstop-ignored	args=if error
82.5404	17	0	dbstop-ignored	args=if error
83.8540	17	0	dbstop-ignored	args=if error
83.8540	17	0	dbstop-ignored	args=if error
83.8540	17	0	dbstop-ignored	args=if error
83.8540	17	0	dbstop-ignored	args=if error
83.8540	17	0	dbstop-ignored	args=if error
83.8540	17	0	dbstop-ignored	args=if error
83.8540	17	0	dbstop-ignored	args=if error
83.8540	17	0	dbstop-ignored	args=if error
83.8540	17	0	dbstop-ignored	args=if error
83.8540	17	0	dbstop-ignored	args=if error
83.8540	17	0	dbstop-ignored	args=if error
83.8540	17	0	dbstop-ignored	args=if error
83.8540	17	0	dbstop-ignored	args=if error
83.8540	17	0	dbstop-ignored	args=if error
83.8540	17	0	dbstop-ignored	args=if error
83.8540	17	0	dbstop-ignored	args=if error
83.8540	17	0	dbstop-ignored	args=if error
83.8540	17	0	dbstop-ignored	args=if error
83.8540	17	0	dbstop-ignored	args=if error
83.8540	17	0	dbstop-ignored	args=if error
83.8540	17	0	dbstop-ignored	args=if error
83.8540	17	0	dbstop-ignored	args=if error
83.8540	17	0	dbstop-ignored	args=if error
83.8540	17	0	dbstop-ignored	args=if error
83.8540	17	0	dbstop-ignored	args=if error
83.8540	17	0	dbstop-ignored	args=if error
83.8540	17	0	dbstop-ignored	args=if error
83.8540	17	0	dbstop-ignored	args=if error
83.8540	17	0	dbstop-ignored	args=if error
83.8540	17	0	dbstop-ignored	args=if error
83.8540	17	0	dbstop-ignored	args=if error
83.8540	17	0	dbstop-ignored	args=if error
83.8540	17	0	dbstop-ignored	args=if error
83.8540	17	0	dbstop-ignored	args=if error
83.8540	17	0	dbstop-ignored	args=if error
83.8540	17	0	dbstop-ignored	args=if error
83.8540	17	0	pcf	file=/w/sandbox/repos/<unpublished-repo>/simonSingleWord/bedheadWorking.pcf
83.8540	17	0	reset	
83.8540	17	0	start	
85.6540	18	1	stop	
85.6540	18	0	getData	
85.6540	18	0	dbstop-ignored	args=if error
85.6540	18	0	dbstop-ignored	args=if error
87.1399	18	0	dbstop-ignored	args=if error
87.1399	18	0	dbstop-ignored	args=if error
87.1399	18	0	dbstop-ignored	args=if error
87.1399	18	0	dbstop-ignored	args=if error
87.1399	18	0	dbstop-ignored	args=if error
87.1399	18	0	dbstop-ignored	args=if error
87.1399	18	0	dbstop-ignored	args=if error
87.1399	18	0	dbstop-ignored	args=if error
87.1399	18	0	dbstop-ignored	args=if error
87.1399	18	0	dbstop-ignored	args=if error
87.1399	18	0	dbstop-ignored	args=if error
87.1399	18	0	dbstop-ignored	args=if error
87.1399	18	0	dbstop-ignored	args=if error
87.1399	18	0	dbstop-ignored	args=if error
87.1399	18	0	dbstop-ignored	args=if error
87.1399	18	0	dbstop-ignored	args=if error
87.1399	18	0	dbstop-ignored	args=if error
87.1399	18	0	dbstop-ignored	args=if error
87.1399	18	0	dbstop-ignored	args=if error
87.1399	18	0	dbstop-ignored	args=if error
87.1399	18	0	dbstop-ignored	args=if error
87.1399	18	0	dbstop-ignored	args=if error
87.1399	18	0	dbstop-ignored	args=if error
87.1399	18	0	dbstop-ignored	args=if error
87.1399	18	0	dbstop-ignored	args=if error
87.1399	18	0	dbstop-ignored	args=if error
87.1399	18	0	dbstop-ignored	args=if error
87.1399	18	0	dbstop-ignored	args=if error
87.1399	18	0	dbstop-ignored	args=if error
87.1399	18	0	dbstop-ignored	args=if error
87.1399	18	0	dbstop-ignored	args=if error
87.1399	18	0	dbstop-ignored	args=if error
87.1399	18	0	dbstop-ignored	args=if error
87.1399	18	0	dbstop-ignored	args=if error
87.1399	18	0	dbstop-ignored	args=if error
87.1399	18	0	dbstop-ignored	args=if error
87.1399	18	0	pcf	file=/w/sandbox/repos/<unpublished-repo>/simonSingleWord/bedheadWorking.pcf
87.1399	18	0	reset	
87.1399	18	0	start	
88.9399	19	1	stop	
88.9399	19	0	getData	
88.9399	19	0	dbstop-ignored	args=if error
88.9399	19	0	dbstop-ignored	args=if error
90.2895	19	0	dbstop-ignored	args=if error
90.2895	19	0	dbstop-ignored	args=if error
90.2895	19	0	dbstop-ignored	args=if error
90.2895	19	0	dbstop-ignored	args=if error
90.2895	19	0	dbstop-ignored	args=if error
90.2895	19	0	dbstop-ignored	args=if error
90.2895	19	0	dbstop-ignored	args=if error
90.2895	19	0	dbstop-ignored	args=if error
90.2895	19	0	dbstop-ignored	args=if error
90.2895	19	0	dbstop-ignored	args=if error
90.2895	19	0	dbstop-ignored	args=if error
90.2895	19	0	dbstop-ignored	args=if error
90.2895	19	0	dbstop-ignored	args=if error
90.2895	19	0	dbstop-ignored	args=if error
90.2895	19	0	dbstop-ignored	args=if error
90.2895	19	0	dbstop-ignored	args=if error
90.2895	19	0	dbstop-ignored	args=if error
90.2895	19	0	dbstop-ignored	args=if error
90.2895	19	0	dbstop-ignored	args=if error
90.2895	19	0	dbstop-ignored	args=if error
90.2895	19	0	dbstop-ignored	args=if error
90.2895	19	0	dbstop-ignored	args=if error
90.2895	19	0	dbstop-ignored	args=if error
90.2895	19	0	dbstop-ignored	args=if error
90.2895	19	0	dbstop-ignored	args=if error
90.2895	19	0	dbstop-ignored	args=if error
90.2895	19	0	dbstop-ignored	args=if error
90.2895	19	0	dbstop-ignored	args=if error
90.2895	19	0	dbstop-ignored	args=if error
90.2895	19	0	dbstop-ignored	args=if error
90.2895	19	0	dbstop-ignored	args=if error
90.2895	19	0	dbstop-ignored	args=if error
90.2895	19	0	dbstop-ignored	args=if error
90.2895	19	0	dbstop-ignored	args=if error
90.2895	19	0	dbstop-ignored	args=if error
90.2895	19	0	dbstop-ignored	args=if error
90.2895	19	0	pcf	file=/w/sandbox/repos/<unpublished-repo>/simonSingleWord/bedheadWorking.pcf
90.2895	19	0	reset	
90.2895	19	0	start	
92.0895	20	1	stop	
92.0895	20	0	getData	
92.0895	20	0	dbstop-ignored	args=if error
92.0895	20	0	dbstop-ignored	args=if error
93.4464	20	0	dbstop-ignored	args=if error
93.4464	20	0	dbstop-ignored	args=if error
93.4464	20	0	dbstop-ignored	args=if error
93.4464	20	0	dbstop-ignored	args=if error
93.4464	20	0	dbstop-ignored	args=if error
93.4464	20	0	dbstop-ignored	args=if error
93.4464	20	0	dbstop-ignored	args=if error
93.4464	20	0	dbstop-ignored	args=if error
93.4464	20	0	dbstop-ignored	args=if error
93.4464	20	0	dbstop-ignored	args=if error
93.4464	20	0	dbstop-ignored	args=if error
93.4464	20	0	dbstop-ignored	args=if error
93.4464	20	0	dbstop-ignored	args=if error
93.4464	20	0	dbstop-ignored	args=if error
93.4464	20	0	dbstop-ignored	args=if error
93.4464	20	0	dbstop-ignored	args=if error
93.4464	20	0	dbstop-ignored	args=if error
93.4464	20	0	dbstop-ignored	args=if error
93.4464	20	0	dbstop-ignored	args=if error
93.4464	20	0	dbstop-ignored	args=if error
93.4464	20	0	dbstop-ignored	args=if error
93.4464	20	0	dbstop-ignored	args=if error
93.4464	20	0	dbstop-ignored	args=if error
93.4464	20	0	dbstop-ignored	args=if error
93.4464	20	0	dbstop-ignored	args=if error
93.4464	20	0	dbstop-ignored	args=if error
93.4464	20	0	dbstop-ignored	args=if error
93.4464	20	0	dbstop-ignored	args=if error
93.4464	20	0	dbstop-ignored	args=if error
93.4464	20	0	dbstop-ignored	args=if error
93.4464	20	0	dbstop-ignored	args=if error
93.4464	20	0	dbstop-ignored	args=if error
93.4464	20	0	dbstop-ignored	args=if error
93.4464	20	0	dbstop-ignored	args=if error
93.4464	20	0	dbstop-ignored	args=if error
93.4464	20	0	dbstop-ignored	args=if error
93.4464	20	0	pcf	file=/w/sandbox/repos/<unpublished-repo>/simonSingleWord/bedheadWorking.pcf
93.4464	20	0	reset	
93.4464	20	0	start	
95.2464	21	1	stop	
95.2464	21	0	getData	
95.2464	21	0	dbstop-ignored	args=if error
95.2464	21	0	dbstop-ignored	args=if error
96.5665	21	0	dbstop-ignored	args=if error
96.5665	21	0	dbstop-ignored	args=if error
96.5665	21	0	dbstop-ignored	args=if error
96.5665	21	0	dbstop-ignored	args=if error
96.5665	21	0	dbstop-ignored	args=if error
96.5665	21	0	dbstop-ignored	args=if error
96.5665	21	0	dbstop-ignored	args=if error
96.5665	21	0	dbstop-ignored	args=if error
96.5665	21	0	dbstop-ignored	args=if error
96.5665	21	0	dbstop-ignored	args=if error
96.5665	21	0	dbstop-ignored	args=if error
96.5665	21	0	dbstop-ignored	args=if error
96.5665	21	0	dbstop-ignored	args=if error
96.5665	21	0	dbstop-ignored	args=if error
96.5665	21	0	dbstop-ignored	args=if error
96.5665	21	0	dbstop-ignored	args=if error
96.5665	21	0	dbstop-ignored	args=if error
96.5665	21	0	dbstop-ignored	args=if error
96.5665	21	0	dbstop-ignored	args=if error
96.5665	21	0	dbstop-ignored	args=if error
96.5665	21	0	dbstop-ignored	args=if error
96.5665	21	0	dbstop-ignored	args=if error
96.5665	21	0	dbstop-ignored	args=if error
96.5665	21	0	dbstop-ignored	args=if error
96.5665	21	0	dbstop-ignored	args=if error
96.5665	21	0	dbstop-ignored	args=if error
96.5665	21	0	dbstop-ignored	args=if error
96.5665	21	0	dbstop-ignored	args=if error
96.5665	21	0	dbstop-ignored	args=if error
96.5665	21	0	dbstop-ignored	args=if error
96.5665	21	0	dbstop-ignored	args=if error
96.5665	21	0	dbstop-ignored	args=if error
96.5665	21	0	dbstop-ignored	args=if error
96.5665	21	0	dbstop-ignored	args=if error
96.5665	21	0	dbstop-ignored	args=if error
96.5665	21	0	dbstop-ignored	args=if error
96.5665	21	0	pcf	file=/w/sandbox/repos/<unpublished-repo>/simonSingleWord/bedheadWorking.pcf
96.5665	21	0	reset	
96.5665	21	0	start	
98.3665	22	1	stop	
98.3665	22	0	getData	
98.3665	22	0	dbstop-ignored	args=if error
98.3665	22	0	dbstop-ignored	args=if error
99.7981	22	0	dbstop-ignored	args=if error
99.7981	22	0	dbstop-ignored	args=if error
99.7981	22	0	dbstop-ignored	args=if error
99.7981	22	0	dbstop-ignored	args=if error
99.7981	22	0	dbstop-ignored	args=if error
99.7981	22	0	dbstop-ignored	args=if error
99.7981	22	0	dbstop-ignored	args=if error
99.7981	22	0	dbstop-ignored	args=if error
99.7981	22	0	dbstop-ignored	args=if error
99.7981	22	0	dbstop-ignored	args=if error
99.7981	22	0	dbstop-ignored	args=if error
99.7981	22	0	dbstop-ignored	args=if error
99.7981	22	0	dbstop-ignored	args=if error
99.7981	22	0	dbstop-ignored	args=if error
99.7981	22	0	dbstop-ignored	args=if error
99.7981	22	0	dbstop-ignored	args=if error
99.7981	22	0	dbstop-ignored	args=if error
99.7981	22	0	dbstop-ignored	args=if error
99.7981	22	0	dbstop-ignored	args=if error
99.7981	22	0	dbstop-ignored	args=if error
99.7981	22	0	dbstop-ignored	args=if error
99.7981	22	0	dbstop-ignored	args=if error
99.7981	22	0	dbstop-ignored	args=if error
99.7981	22	0	dbstop-ignored	args=if error
99.7981	22	0	dbstop-ignored	args=if error
99.7981	22	0	dbstop-ignored	args=if error
99.7981	22	0	dbstop-ignored	args=if error
99.7981	22	0	dbstop-ignored	args=if error
99.7981	22	0	dbstop-ignored	args=if error
99.7981	22	0	dbstop-ignored	args=if error
99.7981	22	0	dbstop-ignored	args=if error
99.7981	22	0	dbstop-ignored	args=if error
99.7981	22	0	dbstop-ignored	args=if error
99.7981	22	0	dbstop-ignored	args=if error
99.7981	22	0	dbstop-ignored	args=if error
99.7981	22	0	dbstop-ignored	args=if error
99.7981	22	0	pcf	file=/w/sandbox/repos/<unpublished-repo>/simonSingleWord/bedheadWorking.pcf
99.7981	22	0	reset	
99.7981	22	0	start	
101.5981	23	1	stop	
101.5981	23	0	getData	
101.5981	23	0	dbstop-ignored	args=if error
101.5981	23	0	dbstop-ignored	args=if error
103.0770	23	0	dbstop-ignored	args=if error
103.0770	23	0	dbstop-ignored	args=if error
103.0770	23	0	dbstop-ignored	args=if error
103.0770	23	0	dbstop-ignored	args=if error
103.0770	23	0	dbstop-ignored	args=if error
103.0770	23	0	dbstop-ignored	args=if error
103.0770	23	0	dbstop-ignored	args=if error
103.0770	23	0	dbstop-ignored	args=if error
103.0770	23	0	dbstop-ignored	args=if error
103.0770	23	0	dbstop-ignored	args=if error
103.0770	23	0	dbstop-ignored	args=if error
103.0770	23	0	dbstop-ignored	args=if error
103.0770	23	0	dbstop-ignored	args=if error
103.0770	23	0	dbstop-ignored	args=if error
103.0770	23	0	dbstop-ignored	args=if error
103.0770	23	0	dbstop-ignored	args=if error
103.0770	23	0	dbstop-ignored	args=if error
103.0770	23	0	dbstop-ignored	args=if error
103.0770	23	0	dbstop-ignored	args=if error
103.0770	23	0	dbstop-ignored	args=if error
103.0770	23	0	dbstop-ignored	args=if error
103.0770	23	0	dbstop-ignored	args=if error
103.0770	23	0	dbstop-ignored	args=if error
103.0770	23	0	dbstop-ignored	args=if error
103.0770	23	0	dbstop-ignored	args=if error
103.0770	23	0	dbstop-ignored	args=if error
103.0770	23	0	dbstop-ignored	args=if error
103.0770	23	0	dbstop-ignored	args=if error
103.0770	23	0	dbstop-ignored	args=if error
103.0770	23	0	dbstop-ignored	args=if error
103.0770	23	0	dbstop-ignored	args=if error
103.0770	23	0	dbstop-ignored	args=if error
103.0770	23	0	dbstop-ignored	args=if error
103.0770	23	0	dbstop-ignored	args=if error
103.0770	23	0	dbstop-ignored	args=if error
103.0770	23	0	dbstop-ignored	args=if error
103.0770	23	0	pcf	file=/w/sandbox/repos/<unpublished-repo>/simonSingleWord/bedheadWorking.pcf
103.0770	23	0	reset	
103.0770	23	0	start	
104.8770	24	1	stop	
104.8770	24	0	getData	
104.8770	24	0	dbstop-ignored	args=if error
104.8770	24	0	dbstop-ignored	args=if error
106.3341	24	0	dbstop-ignored	args=if error
106.3341	24	0	dbstop-ignored	args=if error
106.3341	24	0	dbstop-ignored	args=if error
106.3341	24	0	dbstop-ignored	args=if error
106.3341	24	0	dbstop-ignored	args=if error
106.3341	24	0	dbstop-ignored	args=if error
106.3341	24	0	dbstop-ignored	args=if error
106.3341	24	0	dbstop-ignored	args=if error
106.3341	24	0	dbstop-ignored	args=if error
106.3341	24	0	dbstop-ignored	args=if error
106.3341	24	0	dbstop-ignored	args=if error
106.3341	24	0	dbstop-ignored	args=if error
106.3341	24	0	dbstop-ignored	args=if error
106.3341	24	0	dbstop-ignored	args=if error
106.3341	24	0	dbstop-ignored	args=if error
106.3341	24	0	dbstop-ignored	args=if error
106.3341	24	0	dbstop-ignored	args=if error
106.3341	24	0	dbstop-ignored	args=if error
106.3341	24	0	dbstop-ignored	args=if error
106.3341	24	0	dbstop-ignored	args=if error
106.3341	24	0	dbstop-ignored	args=if error
106.3341	24	0	dbstop-ignored	args=if error
106.3341	24	0	dbstop-ignored	args=if error
106.3341	24	0	dbstop-ignored	args=if error
106.3341	24	0	dbstop-ignored	args=if error
106.3341	24	0	dbstop-ignored	args=if error
106.3341	24	0	dbstop-ignored	args=if error
106.3341	24	0	dbstop-ignored	args=if error
106.3341	24	0	dbstop-ignored	args=if error
106.3341	24	0	dbstop-ignored	args=if error
106.3341	24	0	dbstop-ignored	args=if error
106.3341	24	0	dbstop-ignored	args=if error
106.3341	24	0	dbstop-ignored	args=if error
106.3341	24	0	dbstop-ignored	args=if error
106.3341	24	0	dbstop-ignored	args=if error
106.3341	24	0	dbstop-ignored	args=if error
106.3341	24	0	pcf	file=/w/sandbox/repos/<unpublished-repo>/simonSingleWord/bedheadWorking.pcf
106.3341	24	0	reset	
106.3341	24	0	start	
108.1341	25	1	stop	
108.1341	25	0	getData	
108.1341	25	0	dbstop-ignored	args=if error
108.1341	25	0	dbstop-ignored	args=if error
109.6334	25	0	keywait	fn=pause
110.6334	25	0	key	key=space
110.6334	25	0	dbstop-ignored	args=if error
110.6334	25	0	dbstop-ignored	args=if error
110.6334	25	0	dbstop-ignored	args=if error
110.6334	25	0	dbstop-ignored	args=if error
110.6334	25	0	dbstop-ignored	args=if error
110.6334	25	0	dbstop-ignored	args=if error
110.6334	25	0	dbstop-ignored	args=if error
110.6334	25	0	dbstop-ignored	args=if error
110.6334	25	0	dbstop-ignored	args=if error
110.6334	25	0	dbstop-ignored	args=if error
110.6334	25	0	dbstop-ignored	args=if error
110.6334	25	0	dbstop-ignored	args=if error
110.6334	25	0	dbstop-ignored	args=if error
110.6334	25	0	dbstop-ignored	args=if error
110.6334	25	0	dbstop-ignored	args=if error
110.6334	25	0	dbstop-ignored	args=if error
110.6334	25	0	dbstop-ignored	args=if error
110.6334	25	0	dbstop-ignored	args=if error
110.6334	25	0	dbstop-ignored	args=if error
110.6334	25	0	dbstop-ignored	args=if error
110.6334	25	0	dbstop-ignored	args=if error
110.6334	25	0	dbstop-ignored	args=if error
110.6334	25	0	dbstop-ignored	args=if error
110.6334	25	0	dbstop-ignored	args=if error
110.6334	25	0	dbstop-ignored	args=if error
110.6334	25	0	dbstop-ignored	args=if error
110.6334	25	0	dbstop-ignored	args=if error
110.6334	25	0	dbstop-ignored	args=if error
110.6334	25	0	dbstop-ignored	args=if error
110.6334	25	0	dbstop-ignored	args=if error
110.6334	25	0	dbstop-ignored	args=if error
110.6334	25	0	dbstop-ignored	args=if error
110.6334	25	0	dbstop-ignored	args=if error
110.6334	25	0	dbstop-ignored	args=if error
110.6334	25	0	dbstop-ignored	args=if error
110.6334	25	0	dbstop-ignored	args=if error
110.6334	25	0	pcf	file=/w/sandbox/repos/<unpublished-repo>/simonSingleWord/bedheadWorking.pcf
110.6334	25	0	reset	
110.6334	25	0	start	
112.4334	26	1	stop	
112.4334	26	0	getData	
112.4334	26	0	dbstop-ignored	args=if error
112.4334	26	0	dbstop-ignored	args=if error
113.8313	26	0	dbstop-ignored	args=if error
113.8313	26	0	dbstop-ignored	args=if error
113.8313	26	0	dbstop-ignored	args=if error
113.8313	26	0	dbstop-ignored	args=if error
113.8313	26	0	dbstop-ignored	args=if error
113.8313	26	0	dbstop-ignored	args=if error
113.8313	26	0	dbstop-ignored	args=if error
113.8313	26	0	dbstop-ignored	args=if error
113.8313	26	0	dbstop-ignored	args=if error
113.8313	26	0	dbstop-ignored	args=if error
113.8313	26	0	dbstop-ignored	args=if error
113.8313	26	0	dbstop-ignored	args=if error
113.8313	26	0	dbstop-ignored	args=if error
113.8313	26	0	dbstop-ignored	args=if error
113.8313	26	0	dbstop-ignored	args=if error
113.8313	26	0	dbstop-ignored	args=if error
113.8313	26	0	dbstop-ignored	args=if error
113.8313	26	0	dbstop-ignored	args=if error
113.8313	26	0	dbstop-ignored	args=if error
113.8313	26	0	dbstop-ignored	args=if error
113.8313	26	0	dbstop-ignored	args=if error
113.8313	26	0	dbstop-ignored	args=if error
113.8313	26	0	dbstop-ignored	args=if error
113.8313	26	0	dbstop-ignored	args=if error
113.8313	26	0	dbstop-ignored	args=if error
113.8313	26	0	dbstop-ignored	args=if error
113.8313	26	0	dbstop-ignored	args=if error
113.8313	26	0	dbstop-ignored	args=if error
113.8313	26	0	dbstop-ignored	args=if error
113.8313	26	0	dbstop-ignored	args=if error
113.8313	26	0	dbstop-ignored	args=if error
113.8313	26	0	dbstop-ignored	args=if error
113.8313	26	0	dbstop-ignored	args=if error
113.8313	26	0	dbstop-ignored	args=if error
113.8313	26	0	dbstop-ignored	args=if error
113.8313	26	0	dbstop-ignored	args=if error
113.8313	26	0	pcf	file=/w/sandbox/repos/<unpublished-repo>/simonSingleWord/bedheadWorking.pcf
113.8313	26	0	reset	
113.8313	26	0	start	
115.6313	27	1	stop	
115.6313	27	0	getData	
115.6313	27	0	dbstop-ignored	args=if error
115.6313	27	0	dbstop-ignored	args=if error
116.9732	27	0	dbstop-ignored	args=if error
116.9732	27	0	dbstop-ignored	args=if error
116.9732	27	0	dbstop-ignored	args=if error
116.9732	27	0	dbstop-ignored	args=if error
116.9732	27	0	dbstop-ignored	args=if error
116.9732	27	0	dbstop-ignored	args=if error
116.9732	27	0	dbstop-ignored	args=if error
116.9732	27	0	dbstop-ignored	args=if error
116.9732	27	0	dbstop-ignored	args=if error
116.9732	27	0	dbstop-ignored	args=if error
116.9732	27	0	dbstop-ignored	args=if error
116.9732	27	0	dbstop-ignored	args=if error
116.9732	27	0	dbstop-ignored	args=if error
116.9732	27	0	dbstop-ignored	args=if error
116.9732	27	0	dbstop-ignored	args=if error
116.9732	27	0	dbstop-ignored	args=if error
116.9732	27	0	dbstop-ignored	args=if error
116.9732	27	0	dbstop-ignored	args=if error
116.9732	27	0	dbstop-ignored	args=if error
116.9732	27	0	dbstop-ignored	args=if error
116.9732	27	0	dbstop-ignored	args=if error
116.9732	27	0	dbstop-ignored	args=if error
116.9732	27	0	dbstop-ignored	args=if error
116.9732	27	0	dbstop-ignored	args=if error
116.9732	27	0	dbstop-ignored	args=if error
116.9732	27	0	dbstop-ignored	args=if error
116.9732	27	0	dbstop-ignored	args=if error
116.9732	27	0	dbstop-ignored	args=if error
116.9732	27	0	dbstop-ignored	args=if error
116.9732	27	0	dbstop-ignored	args=if error
116.9732	27	0	dbstop-ignored	args=if error
116.9732	27	0	dbstop-ignored	args=if error
116.9732	27	0	dbstop-ignored	args=if error
116.9732	27	0	dbstop-ignored	args=if error
116.9732	27	0	dbstop-ignored	args=if error
116.9732	27	0	dbstop-ignored	args=if error
116.9732	27	0	pcf	file=/w/sandbox/repos/<unpublished-repo>/simonSingleWord/bedheadWorking.pcf
116.9732	27	0	reset	
116.9732	27	0	start	
118.7732	28	1	stop	
118.7732	28	0	getData	
118.7732	28	0	dbstop-ignored	args=if error
118.7732	28	0	dbstop-ignored	args=if error
120.0364	28	0	dbstop-ignored	args=if error
120.0364	28	0	dbstop-ignored	args=if error
120.0364	28	0	dbstop-ignored	args=if error
120.0364	28	0	dbstop-ignored	args=if error
120.0364	28	0	dbstop-ignored	args=if error
120.0364	28	0	dbstop-ignored	args=if error
120.0364	28	0	dbstop-ignored	args=if error
120.0364	28	0	dbstop-ignored	args=if error
120.0364	28	0	dbstop-ignored	args=if error
120.0364	28	0	dbstop-ignored	args=if error
120.0364	28	0	dbstop-ignored	args=if error
120.0364	28	0	dbstop-ignored	args=if error
120.0364	28	0	dbstop-ignored	args=if error
120.0364	28	0	dbstop-ignored	args=if error
120.0364	28	0	dbstop-ignored	args=if error
120.0364	28	0	dbstop-ignored	args=if error
120.0364	28	0	dbstop-ignored	args=if error
120.0364	28	0	dbstop-ignored	args=if error
120.0364	28	0	dbstop-ignored	args=if error
120.0364	28	0	dbstop-ignored	args=if error
120.0364	28	0	dbstop-ignored	args=if error
120.0364	28	0	dbstop-ignored	args=if error
120.0364	28	0	dbstop-ignored	args=if error
120.0364	28	0	dbstop-ignored	args=if error
120.0364	28	0	dbstop-ignored	args=if error
120.0364	28	0	dbstop-ignored	args=if error
120.0364	28	0	dbstop-ignored	args=if error
120.0364	28	0	dbstop-ignored	args=if error
120.0364	28	0	dbstop-ignored	args=if error
120.0364	28	0	dbstop-ignored	args=if error
120.0364	28	0	dbstop-ignored	args=if error
120.0364	28	0	dbstop-ignored	args=if error
120.0364	28	0	dbstop-ignored	args=if error
120.0364	28	0	dbstop-ignored	args=if error
120.0364	28	0	dbstop-ignored	args=if error
120.0364	28	0	dbstop-ignored	args=if error
120.0364	28	0	pcf	file=/w/sandbox/repos/<unpublished-repo>/simonSingleWord/bedheadWorking.pcf
120.0364	28	0	reset	
120.0364	28	0	start	
121.8364	29	1	stop	
121.8364	29	0	getData	
121.8364	29	0	dbstop-ignored	args=if error
121.8364	29	0	dbstop-ignored	args=if error
123.2920	29	0	dbstop-ignored	args=if error
123.2920	29	0	dbstop-ignored	args=if error
123.2920	29	0	dbstop-ignored	args=if error
123.2920	29	0	dbstop-ignored	args=if error
123.2920	29	0	dbstop-ignored	args=if error
123.2920	29	0	dbstop-ignored	args=if error
123.2920	29	0	dbstop-ignored	args=if error
123.2920	29	0	dbstop-ignored	args=if error
123.2920	29	0	dbstop-ignored	args=if error
123.2920	29	0	dbstop-ignored	args=if error
123.2920	29	0	dbstop-ignored	args=if error
123.2920	29	0	dbstop-ignored	args=if error
123.2920	29	0	dbstop-ignored	args=if error
123.2920	29	0	dbstop-ignored	args=if error
123.2920	29	0	dbstop-ignored	args=if error
123.2920	29	0	dbstop-ignored	args=if error
123.2920	29	0	dbstop-ignored	args=if error
123.2920	29	0	dbstop-ignored	args=if error
123.2920	29	0	dbstop-ignored	args=if error
123.2920	29	0	dbstop-ignored	args=if error
123.2920	29	0	dbstop-ignored	args=if error
123.2920	29	0	dbstop-ignored	args=if error
123.2920	29	0	dbstop-ignored	args=if error
123.2920	29	0	dbstop-ignored	args=if error
123.2920	29	0	dbstop-ignored	args=if error
123.2920	29	0	dbstop-ignored	args=if error
123.2920	29	0	dbstop-ignored	args=if error
123.2920	29	0	dbstop-ignored	args=if error
123.2920	29	0	dbstop-ignored	args=if error
123.2920	29	0	dbstop-ignored	args=if error
123.2920	29	0	dbstop-ignored	args=if error
123.2920	29	0	dbstop-ignored	args=if error
123.2920	29	0	dbstop-ignored	args=if error
123.2920	29	0	dbstop-ignored	args=if error
123.2920	29	0	dbstop-ignored	args=if error
123.2920	29	0	dbstop-ignored	args=if error
123.2920	29	0	pcf	file=/w/sandbox/repos/<unpublished-repo>/simonSingleWord/bedheadWorking.pcf
123.2920	29	0	reset	
123.2920	29	0	start	
125.0920	30	1	stop	
125.0920	30	0	getData	
125.0920	30	0	dbstop-ignored	args=if error
125.0920	30	0	dbstop-ignored	args=if error
126.4641	30	0	dbstop-ignored	args=if error
126.4641	30	0	dbstop-ignored	args=if error
126.4641	30	0	dbstop-ignored	args=if error
126.4641	30	0	dbstop-ignored	args=if error
126.4641	30	0	dbstop-ignored	args=if error
126.4641	30	0	dbstop-ignored	args=if error
126.4641	30	0	dbstop-ignored	args=if error
126.4641	30	0	dbstop-ignored	args=if error
126.4641	30	0	dbstop-ignored	args=if error
126.4641	30	0	dbstop-ignored	args=if error
126.4641	30	0	dbstop-ignored	args=if error
126.4641	30	0	dbstop-ignored	args=if error
126.4641	30	0	dbstop-ignored	args=if error
126.4641	30	0	dbstop-ignored	args=if error
126.4641	30	0	dbstop-ignored	args=if error
126.4641	30	0	dbstop-ignored	args=if error
126.4641	30	0	dbstop-ignored	args=if error
126.4641	30	0	dbstop-ignored	args=if error
126.4641	30	0	dbstop-ignored	args=if error
126.4641	30	0	dbstop-ignored	args=if error
126.4641	30	0	dbstop-ignored	args=if error
126.4641	30	0	dbstop-ignored	args=if error
126.4641	30	0	dbstop-ignored	args=if error
126.4641	30	0	dbstop-ignored	args=if error
126.4641	30	0	dbstop-ignored	args=if error
126.4641	30	0	dbstop-ignored	args=if error
126.4641	30	0	dbstop-ignored	args=if error
126.4641	30	0	dbstop-ignored	args=if error
126.4641	30	0	dbstop-ignored	args=if error
126.4641	30	0	dbstop-ignored	args=if error
126.4641	30	0	dbstop-ignored	args=if error
126.4641	30	0	dbstop-ignored	args=if error
126.4641	30	0	dbstop-ignored	args=if error
126.4641	30	0	dbstop-ignored	args=if error
126.4641	30	0	dbstop-ignored	args=if error
126.4641	30	0	dbstop-ignored	args=if error
126.4641	30	0	pcf	file=/w/sandbox/repos/<unpublished-repo>/simonSingleWord/bedheadWorking.pcf
126.4641	30	0	reset	
126.4641	30	0	start	
128.2641	31	1	stop	
128.2641	31	0	getData	
128.2641	31	0	dbstop-ignored	args=if error
128.2641	31	0	dbstop-ignored	args=if error
129.6726	31	0	dbstop-ignored	args=if error
129.6726	31	0	dbstop-ignored	args=if error
129.6726	31	0	dbstop-ignored	args=if error
129.6726	31	0	dbstop-ignored	args=if error
129.6726	31	0	dbstop-ignored	args=if error
129.6726	31	0	dbstop-ignored	args=if error
129.6726	31	0	dbstop-ignored	args=if error
129.6726	31	0	dbstop-ignored	args=if error
129.6726	31	0	dbstop-ignored	args=if error
129.6726	31	0	dbstop-ignored	args=if error
129.6726	31	0	dbstop-ignored	args=if error
129.6726	31	0	dbstop-ignored	args=if error
129.6726	31	0	dbstop-ignored	args=if error
129.6726	31	0	dbstop-ignored	args=if error
129.6726	31	0	dbstop-ignored	args=if error
129.6726	31	0	dbstop-ignored	args=if error
129.6726	31	0	dbstop-ignored	args=if error
129.6726	31	0	dbstop-ignored	args=if error
129.6726	31	0	dbstop-ignored	args=if error
129.6726	31	0	dbstop-ignored	args=if error
129.6726	31	0	dbstop-ignored	args=if error
129.6726	31	0	dbstop-ignored	args=if error
129.6726	31	0	dbstop-ignored	args=if error
129.6726	31	0	dbstop-ignored	args=if error
129.6726	31	0	dbstop-ignored	args=if error
129.6726	31	0	dbstop-ignored	args=if error
129.6726	31	0	dbstop-ignored	args=if error
129.6726	31	0	dbstop-ignored	args=if error
129.6726	31	0	dbstop-ignored	args=if error
129.6726	31	0	dbstop-ignored	args=if error
129.6726	31	0	dbstop-ignored	args=if error
129.6726	31	0	dbstop-ignored	args=if error
129.6726	31	0	dbstop-ignored	args=if error
129.6726	31	0	dbstop-ignored	args=if error
129.6726	31	0	dbstop-ignored	args=if error
129.6726	31	0	dbstop-ignored	args=if error
129.6726	31	0	pcf	file=/w/sandbox/repos/<unpublished-repo>/simonSingleWord/bedheadWorking.pcf
129.6726	31	0	reset	
129.6726	31	0	start	
131.4726	32	1	stop	
131.4726	32	0	getData	
131.4726	32	0	dbstop-ignored	args=if error
131.4726	32	0	dbstop-ignored	args=if error
132.8410	32	0	dbstop-ignored	args=if error
132.8410	32	0	dbstop-ignored	args=if error
132.8410	32	0	dbstop-ignored	args=if error
132.8410	32	0	dbstop-ignored	args=if error
132.8410	32	0	dbstop-ignored	args=if error
132.8410	32	0	dbstop-ignored	args=if error
132.8410	32	0	dbstop-ignored	args=if error
132.8410	32	0	dbstop-ignored	args=if error
132.8410	32	0	dbstop-ignored	args=if error
132.8410	32	0	dbstop-ignored	args=if error
132.8410	32	0	dbstop-ignored	args=if error
132.8410	32	0	dbstop-ignored	args=if error
132.8410	32	0	dbstop-ignored	args=if error
132.8410	32	0	dbstop-ignored	args=if error
132.8410	32	0	dbstop-ignored	args=if error
132.8410	32	0	dbstop-ignored	args=if error
132.8410	32	0	dbstop-ignored	args=if error
132.8410	32	0	dbstop-ignored	args=if error
132.8410	32	0	dbstop-ignored	args=if error
132.8410	32	0	dbstop-ignored	args=if error
132.8410	32	0	dbstop-ignored	args=if error
132.8410	32	0	dbstop-ignored	args=if error
132.8410	32	0	dbstop-ignored	args=if error
132.8410	32	0	dbstop-ignored	args=if error
132.8410	32	0	dbstop-ignored	args=if error
132.8410	32	0	dbstop-ignored	args=if error
132.8410	32	0	dbstop-ignored	args=if error
132.8410	32	0	dbstop-ignored	args=if error
132.8410	32	0	dbstop-ignored	args=if error
132.8410	32	0	dbstop-ignored	args=if error
132.8410	32	0	dbstop-ignored	args=if error
132.8410	32	0	dbstop-ignored	args=if error
132.8410	32	0	dbstop-ignored	args=if error
132.8410	32	0	dbstop-ignored	args=if error
132.8410	32	0	dbstop-ignored	args=if error
132.8410	32	0	dbstop-ignored	args=if error
132.8410	32	0	pcf	file=/w/sandbox/repos/<unpublished-repo>/simonSingleWord/bedheadWorking.pcf
132.8410	32	0	reset	
132.8410	32	0	start	
134.6410	33	1	stop	
134.6410	33	0	getData	
134.6410	33	0	dbstop-ignored	args=if error
134.6410	33	0	dbstop-ignored	args=if error
136.0007	33	0	dbstop-ignored	args=if error
136.0007	33	0	dbstop-ignored	args=if error
136.0007	33	0	dbstop-ignored	args=if error
136.0007	33	0	dbstop-ignored	args=if error
136.0007	33	0	dbstop-ignored	args=if error
136.0007	33	0	dbstop-ignored	args=if error
136.0007	33	0	dbstop-ignored	args=if error
136.0007	33	0	dbstop-ignored	args=if error
136.0007	33	0	dbstop-ignored	args=if error
136.0007	33	0	dbstop-ignored	args=if error
136.0007	33	0	dbstop-ignored	args=if error
136.0007	33	0	dbstop-ignored	args=if error
136.0007	33	0	dbstop-ignored	args=if error
136.0007	33	0	dbstop-ignored	args=if error
136.0007	33	0	dbstop-ignored	args=if error
136.0007	33	0	dbstop-ignored	args=if error
136.0007	33	0	dbstop-ignored	args=if error
136.0007	33	0	dbstop-ignored	args=if error
136.0007	33	0	dbstop-ignored	args=if error
136.0007	33	0	dbstop-ignored	args=if error
136.0007	33	0	dbstop-ignored	args=if error
136.0007	33	0	dbstop-ignored	args=if error
136.0007	33	0	dbstop-ignored	args=if error
136.0007	33	0	dbstop-ignored	args=if error
136.0007	33	0	dbstop-ignored	args=if error
136.0007	33	0	dbstop-ignored	args=if error
136.0007	33	0	dbstop-ignored	args=if error
136.0007	33	0	dbstop-ignored	args=if error
136.0007	33	0	dbstop-ignored	args=if error
136.0007	33	0	dbstop-ignored	args=if error
136.0007	33	0	dbstop-ignored	args=if error
136.0007	33	0	dbstop-ignored	args=if error
136.0007	33	0	dbstop-ignored	args=if error
136.0007	33	0	dbstop-ignored	args=if error
136.0007	33	0	dbstop-ignored	args=if error
136.0007	33	0	dbstop-ignored	args=if error
136.0007	33	0	pcf	file=/w/sandbox/repos/<unpublished-repo>/simonSingleWord/bedheadWorking.pcf
136.0007	33	0	reset	
136.0007	33	0	start	
137.8007	34	1	stop	
137.8007	34	0	getData	
137.8007	34	0	dbstop-ignored	args=if error
137.8007	34	0	dbstop-ignored	args=if error
139.0717	34	0	dbstop-ignored	args=if error
139.0717	34	0	dbstop-ignored	args=if error
139.0717	34	0	dbstop-ignored	args=if error
139.0717	34	0	dbstop-ignored	args=if error
139.0717	34	0	dbstop-ignored	args=if error
139.0717	34	0	dbstop-ignored	args=if error
139.0717	34	0	dbstop-ignored	args=if error
139.0717	34	0	dbstop-ignored	args=if error
139.0717	34	0	dbstop-ignored	args=if error
139.0717	34	0	dbstop-ignored	args=if error
139.0717	34	0	dbstop-ignored	args=if error
139.0717	34	0	dbstop-ignored	args=if error
139.0717	34	0	dbstop-ignored	args=if error
139.0717	34	0	dbstop-ignored	args=if error
139.0717	34	0	dbstop-ignored	args=if error
139.0717	34	0	dbstop-ignored	args=if error
139.0717	34	0	dbstop-ignored	args=if error
139.0717	34	0	dbstop-ignored	args=if error
139.0717	34	0	dbstop-ignored	args=if error
139.0717	34	0	dbstop-ignored	args=if error
139.0717	34	0	dbstop-ignored	args=if error
139.0717	34	0	dbstop-ignored	args=if error
139.0717	34	0	dbstop-ignored	args=if error
139.0717	34	0	dbstop-ignored	args=if error
139.0717	34	0	dbstop-ignored	args=if error
139.0717	34	0	dbstop-ignored	args=if error
139.0717	34	0	dbstop-ignored	args=if error
139.0717	34	0	dbstop-ignored	args=if error
139.0717	34	0	dbstop-ignored	args=if error
139.0717	34	0	dbstop-ignored	args=if error
139.0717	34	0	dbstop-ignored	args=if error
139.0717	34	0	dbstop-ignored	args=if error
139.0717	34	0	dbstop-ignored	args=if error
139.0717	34	0	dbstop-ignored	args=if error
139.0717	34	0	dbstop-ignored	args=if error
139.0717	34	0	dbstop-ignored	args=if error
139.0717	34	0	pcf	file=/w/sandbox/repos/<unpublished-repo>/simonSingleWord/bedheadWorking.pcf
139.0717	34	0	reset	
139.0717	34	0	start	
140.8717	35	1	stop	
140.8717	35	0	getData	
140.8717	35	0	dbstop-ignored	args=if error
140.8717	35	0	dbstop-ignored	args=if error
142.3269	35	0	keywait	fn=pause
143.3269	35	0	key	key=space
143.3269	35	0	dbstop-ignored	args=if error
143.3269	35	0	dbstop-ignored	args=if error
143.3269	35	0	dbstop-ignored	args=if error
143.3269	35	0	dbstop-ignored	args=if error
143.3269	35	0	dbstop-ignored	args=if error
143.3269	35	0	dbstop-ignored	args=if error
143.3269	35	0	dbstop-ignored	args=if error
143.3269	35	0	dbstop-ignored	args=if error
143.3269	35	0	dbstop-ignored	args=if error
143.3269	35	0	dbstop-ignored	args=if error
143.3269	35	0	dbstop-ignored	args=if error
143.3269	35	0	dbstop-ignored	args=if error
143.3269	35	0	dbstop-ignored	args=if error
143.3269	35	0	dbstop-ignored	args=if error
143.3269	35	0	dbstop-ignored	args=if error
143.3269	35	0	dbstop-ignored	args=if error
143.3269	35	0	dbstop-ignored	args=if error
143.3269	35	0	dbstop-ignored	args=if error
143.3269	35	0	dbstop-ignored	args=if error
143.3269	35	0	dbstop-ignored	args=if error
143.3269	35	0	dbstop-ignored	args=if error
143.3269	35	0	dbstop-ignored	args=if error
143.3269	35	0	dbstop-ignored	args=if error
143.3269	35	0	dbstop-ignored	args=if error
143.3269	35	0	dbstop-ignored	args=if error
143.3269	35	0	dbstop-ignored	args=if error
143.3269	35	0	dbstop-ignored	args=if error
143.3269	35	0	dbstop-ignored	args=if error
143.3269	35	0	dbstop-ignored	args=if error
143.3269	35	0	dbstop-ignored	args=if error
143.3269	35	0	dbstop-ignored	args=if error
143.3269	35	0	dbstop-ignored	args=if error
143.3269	35	0	dbstop-ignored	args=if error
143.3269	35	0	dbstop-ignored	args=if error
143.3269	35	0	dbstop-ignored	args=if error
143.3269	35	0	dbstop-ignored	args=if error
143.3269	35	0	pcf	file=/w/sandbox/repos/<unpublished-repo>/simonSingleWord/bedheadWorking.pcf
143.3269	35	0	reset	
143.3269	35	0	start	
145.1269	36	1	stop	
145.1269	36	0	getData	
145.1269	36	0	dbstop-ignored	args=if error
145.1269	36	0	dbstop-ignored	args=if error
146.4066	36	0	dbstop-ignored	args=if error
146.4066	36	0	dbstop-ignored	args=if error
146.4066	36	0	dbstop-ignored	args=if error
146.4066	36	0	dbstop-ignored	args=if error
146.4066	36	0	dbstop-ignored	args=if error
146.4066	36	0	dbstop-ignored	args=if error
146.4066	36	0	dbstop-ignored	args=if error
146.4066	36	0	dbstop-ignored	args=if error
146.4066	36	0	dbstop-ignored	args=if error
146.4066	36	0	dbstop-ignored	args=if error
146.4066	36	0	dbstop-ignored	args=if error
146.4066	36	0	dbstop-ignored	args=if error
146.4066	36	0	dbstop-ignored	args=if error
146.4066	36	0	dbstop-ignored	args=if error
146.4066	36	0	dbstop-ignored	args=if error
146.4066	36	0	dbstop-ignored	args=if error
146.4066	36	0	dbstop-ignored	args=if error
146.4066	36	0	dbstop-ignored	args=if error
146.4066	36	0	dbstop-ignored	args=if error
146.4066	36	0	dbstop-ignored	args=if error
146.4066	36	0	dbstop-ignored	args=if error
146.4066	36	0	dbstop-ignored	args=if error
146.4066	36	0	dbstop-ignored	args=if error
146.4066	36	0	dbstop-ignored	args=if error
146.4066	36	0	dbstop-ignored	args=if error
146.4066	36	0	dbstop-ignored	args=if error
146.4066	36	0	dbstop-ignored	args=if error
146.4066	36	0	dbstop-ignored	args=if error
146.4066	36	0	dbstop-ignored	args=if error
146.4066	36	0	dbstop-ignored	args=if error
146.4066	36	0	dbstop-ignored	args=if error
146.4066	36	0	dbstop-ignored	args=if error
146.4066	36	0	dbstop-ignored	args=if error
146.4066	36	0	dbstop-ignored	args=if error
146.4066	36	0	dbstop-ignored	args=if error
146.4066	36	0	dbstop-ignored	args=if error
146.4066	36	0	pcf	file=/w/sandbox/repos/<unpublished-repo>/simonSingleWord/bedheadWorking.pcf
146.4066	36	0	reset	
146.4066	36	0	start	
148.2066	37	1	stop	
148.2066	37	0	getData	
148.2066	37	0	dbstop-ignored	args=if error
148.2066	37	0	dbstop-ignored	args=if error
149.5774	37	0	dbstop-ignored	args=if error
149.5774	37	0	dbstop-ignored	args=if error
149.5774	37	0	dbstop-ignored	args=if error
149.5774	37	0	dbstop-ignored	args=if error
149.5774	37	0	dbstop-ignored	args=if error
149.5774	37	0	dbstop-ignored	args=if error
149.5774	37	0	dbstop-ignored	args=if error
149.5774	37	0	dbstop-ignored	args=if error
149.5774	37	0	dbstop-ignored	args=if error
149.5774	37	0	dbstop-ignored	args=if error
149.5774	37	0	dbstop-ignored	args=if error
149.5774	37	0	dbstop-ignored	args=if error
149.5774	37	0	dbstop-ignored	args=if error
149.5774	37	0	dbstop-ignored	args=if error
149.5774	37	0	dbstop-ignored	args=if error
149.5774	37	0	dbstop-ignored	args=if error
149.5774	37	0	dbstop-ignored	args=if error
149.5774	37	0	dbstop-ignored	args=if error
149.5774	37	0	dbstop-ignored	args=if error
149.5774	37	0	dbstop-ignored	args=if error
149.5774	37	0	dbstop-ignored	args=if error
149.5774	37	0	dbstop-ignored	args=if error
149.5774	37	0	dbstop-ignored	args=if error
149.5774	37	0	dbstop-ignored	args=if error
149.5774	37	0	dbstop-ignored	args=if error
149.5774	37	0	dbstop-ignored	args=if error
149.5774	37	0	dbstop-ignored	args=if error
149.5774	37	0	dbstop-ignored	args=if error
149.5774	37	0	dbstop-ignored	args=if error
149.5774	37	0	dbstop-ignored	args=if error
149.5774	37	0	dbstop-ignored	args=if error
149.5774	37	0	dbstop-ignored	args=if error
149.5774	37	0	dbstop-ignored	args=if error
149.5774	37	0	dbstop-ignored	args=if error
149.5774	37	0	dbstop-ignored	args=if error
149.5774	37	0	dbstop-ignored	args=if error
149.5774	37	0	pcf	file=/w/sandbox/repos/<unpublished-repo>/simonSingleWord/bedheadWorking.pcf
149.5774	37	0	reset	
149.5774	37	0	start	
151.3774	38	1	stop	
151.3774	38	0	getData	
151.3774	38	0	dbstop-ignored	args=if error
151.3774	38	0	dbstop-ignored	args=if error
152.8462	38	0	dbstop-ignored	args=if error
152.8462	38	0	dbstop-ignored	args=if error
152.8462	38	0	dbstop-ignored	args=if error
152.8462	38	0	dbstop-ignored	args=if error
152.8462	38	0	dbstop-ignored	args=if error
152.8462	38	0	dbstop-ignored	args=if error
152.8462	38	0	dbstop-ignored	args=if error
152.8462	38	0	dbstop-ignored	args=if error
152.8462	38	0	dbstop-ignored	args=if error
152.8462	38	0	dbstop-ignored	args=if error
152.8462	38	0	dbstop-ignored	args=if error
152.8462	38	0	dbstop-ignored	args=if error
152.8462	38	0	dbstop-ignored	args=if error
152.8462	38	0	dbstop-ignored	args=if error
152.8462	38	0	dbstop-ignored	args=if error
152.8462	38	0	dbstop-ignored	args=if error
152.8462	38	0	dbstop-ignored	args=if error
152.8462	38	0	dbstop-ignored	args=if error
152.8462	38	0	dbstop-ignored	args=if error
152.8462	38	0	dbstop-ignored	args=if error
152.8462	38	0	dbstop-ignored	args=if error
152.8462	38	0	dbstop-ignored	args=if error
152.8462	38	0	dbstop-ignored	args=if error
152.8462	38	0	dbstop-ignored	args=if error
152.8462	38	0	dbstop-ignored	args=if error
152.8462	38	0	dbstop-ignored	args=if error
152.8462	38	0	dbstop-ignored	args=if error
152.8462	38	0	dbstop-ignored	args=if error
152.8462	38	0	dbstop-ignored	args=if error
152.8462	38	0	dbstop-ignored	args=if error
152.8462	38	0	dbstop-ignored	args=if error
152.8462	38	0	dbstop-ignored	args=if error
152.8462	38	0	dbstop-ignored	args=if error
152.8462	38	0	dbstop-ignored	args=if error
152.8462	38	0	dbstop-ignored	args=if error
152.8462	38	0	dbstop-ignored	args=if error
152.8462	38	0	pcf	file=/w/sandbox/repos/<unpublished-repo>/simonSingleWord/bedheadWorking.pcf
152.8462	38	0	reset	
152.8462	38	0	start	
154.6462	39	1	stop	
154.6462	39	0	getData	
154.6462	39	0	dbstop-ignored	args=if error
154.6462	39	0	dbstop-ignored	args=if error
155.9529	39	0	dbstop-ignored	args=if error
155.9529	39	0	dbstop-ignored	args=if error
155.9529	39	0	dbstop-ignored	args=if error
155.9529	39	0	dbstop-ignored	args=if error
155.9529	39	0	dbstop-ignored	args=if error
155.9529	39	0	dbstop-ignored	args=if error
155.9529	39	0	dbstop-ignored	args=if error
155.9529	39	0	dbstop-ignored	args=if error
155.9529	39	0	dbstop-ignored	args=if error
155.9529	39	0	dbstop-ignored	args=if error
155.9529	39	0	dbstop-ignored	args=if error
155.9529	39	0	dbstop-ignored	args=if error
155.9529	39	0	dbstop-ignored	args=if error
155.9529	39	0	dbstop-ignored	args=if error
155.9529	39	0	dbstop-ignored	args=if error
155.9529	39	0	dbstop-ignored	args=if error
155.9529	39	0	dbstop-ignored	args=if error
155.9529	39	0	dbstop-ignored	args=if error
155.9529	39	0	dbstop-ignored	args=if error
155.9529	39	0	dbstop-ignored	args=if error
155.9529	39	0	dbstop-ignored	args=if error
155.9529	39	0	dbstop-ignored	args=if error
155.9529	39	0	dbstop-ignored	args=if error
155.9529	39	0	dbstop-ignored	args=if error
155.9529	39	0	dbstop-ignored	args=if error
155.9529	39	0	dbstop-ignored	args=if error
155.9529	39	0	dbstop-ignored	args=if error
155.9529	39	0	dbstop-ignored	args=if error
155.9529	39	0	dbstop-ignored	args=if error
155.9529	39	0	dbstop-ignored	args=if error
155.9529	39	0	dbstop-ignored	args=if error
155.9529	39	0	dbstop-ignored	args=if error
155.9529	39	0	dbstop-ignored	args=if error
155.9529	39	0	dbstop-ignored	args=if error
155.9529	39	0	dbstop-ignored	args=if error
155.9529	39	0	dbstop-ignored	args=if error
155.9529	39	0	pcf	file=/w/sandbox/repos/<unpublished-repo>/simonSingleWord/bedheadWorking.pcf
155.9529	39	0	reset	
155.9529	39	0	start	
157.7529	40	1	stop	
157.7529	40	0	getData	
157.7529	40	0	dbstop-ignored	args=if error
157.7529	40	0	dbstop-ignored	args=if error
159.0423	40	0	dbstop-ignored	args=if error
159.0423	40	0	dbstop-ignored	args=if error
159.0423	40	0	dbstop-ignored	args=if error
159.0423	40	0	dbstop-ignored	args=if error
159.0423	40	0	dbstop-ignored	args=if error
159.0423	40	0	dbstop-ignored	args=if error
159.0423	40	0	dbstop-ignored	args=if error
159.0423	40	0	dbstop-ignored	args=if error
159.0423	40	0	dbstop-ignored	args=if error
159.0423	40	0	dbstop-ignored	args=if error
159.0423	40	0	dbstop-ignored	args=if error
159.0423	40	0	dbstop-ignored	args=if error
159.0423	40	0	dbstop-ignored	args=if error
159.0423	40	0	dbstop-ignored	args=if error
159.0423	40	0	dbstop-ignored	args=if error
159.0423	40	0	dbstop-ignored	args=if error
159.0423	40	0	dbstop-ignored	args=if error
159.0423	40	0	dbstop-ignored	args=if error
159.0423	40	0	dbstop-ignored	args=if error
159.0423	40	0	dbstop-ignored	args=if error
159.0423	40	0	dbstop-ignored	args=if error
159.0423	40	0	dbstop-ignored	args=if error
159.0423	40	0	dbstop-ignored	args=if error
159.0423	40	0	dbstop-ignored	args=if error
159.0423	40	0	dbstop-ignored	args=if error
159.0423	40	0	dbstop-ignored	args=if error
159.0423	40	0	dbstop-ignored	args=if error
159.0423	40	0	dbstop-ignored	args=if error
159.0423	40	0	dbstop-ignored	args=if error
159.0423	40	0	dbstop-ignored	args=if error
159.0423	40	0	dbstop-ignored	args=if error
159.0423	40	0	dbstop-ignored	args=if error
159.0423	40	0	dbstop-ignored	args=if error
159.0423	40	0	dbstop-ignored	args=if error
159.0423	40	0	dbstop-ignored	args=if error
159.0423	40	0	dbstop-ignored	args=if error
159.0423	40	0	pcf	file=/w/sandbox/repos/<unpublished-repo>/simonSingleWord/bedheadWorking.pcf
159.0423	40	0	reset	
159.0423	40	0	start	
160.8423	41	1	stop	
160.8423	41	0	getData	
160.8423	41	0	dbstop-ignored	args=if error
160.8423	41	0	dbstop-ignored	args=if error
162.2528	41	0	dbstop-ignored	args=if error
162.2528	41	0	dbstop-ignored	args=if error
162.2528	41	0	dbstop-ignored	args=if error
162.2528	41	0	dbstop-ignored	args=if error
162.2528	41	0	dbstop-ignored	args=if error
162.2528	41	0	dbstop-ignored	args=if error
162.2528	41	0	dbstop-ignored	args=if error
162.2528	41	0	dbstop-ignored	args=if error
162.2528	41	0	dbstop-ignored	args=if error
162.2528	41	0	dbstop-ignored	args=if error
162.2528	41	0	dbstop-ignored	args=if error
162.2528	41	0	dbstop-ignored	args=if error
162.2528	41	0	dbstop-ignored	args=if error
162.2528	41	0	dbstop-ignored	args=if error
162.2528	41	0	dbstop-ignored	args=if error
162.2528	41	0	dbstop-ignored	args=if error
162.2528	41	0	dbstop-ignored	args=if error
162.2528	41	0	dbstop-ignored	args=if error
162.2528	41	0	dbstop-ignored	args=if error
162.2528	41	0	dbstop-ignored	args=if error
162.2528	41	0	dbstop-ignored	args=if error
162.2528	41	0	dbstop-ignored	args=if error
162.2528	41	0	dbstop-ignored	args=if error
162.2528	41	0	dbstop-ignored	args=if error
162.2528	41	0	dbstop-ignored	args=if error
162.2528	41	0	dbstop-ignored	args=if error
162.2528	41	0	dbstop-ignored	args=if error
162.2528	41	0	dbstop-ignored	args=if error
162.2528	41	0	dbstop-ignored	args=if error
162.2528	41	0	dbstop-ignored	args=if error
162.2528	41	0	dbstop-ignored	args=if error
162.2528	41	0	dbstop-ignored	args=if error
162.2528	41	0	dbstop-ignored	args=if error
162.2528	41	0	dbstop-ignored	args=if error
162.2528	41	0	dbstop-ignored	args=if error
162.2528	41	0	dbstop-ignored	args=if error
162.2528	41	0	pcf	file=/w/sandbox/repos/<unpublished-repo>/simonSingleWord/bedheadWorking.pcf
162.2528	41	0	reset	
162.2528	41	0	start	
164.0528	42	1	stop	
164.0528	42	0	getData	
164.0528	42	0	dbstop-ignored	args=if error
164.0528	42	0	dbstop-ignored	args=if error
165.4923	42	0	dbstop-ignored	args=if error
165.4923	42	0	dbstop-ignored	args=if error
165.4923	42	0	dbstop-ignored	args=if error
165.4923	42	0	dbstop-ignored	args=if error
165.4923	42	0	dbstop-ignored	args=if error
165.4923	42	0	dbstop-ignored	args=if error
165.4923	42	0	dbstop-ignored	args=if error
165.4923	42	0	dbstop-ignored	args=if error
165.4923	42	0	dbstop-ignored	args=if error
165.4923	42	0	dbstop-ignored	args=if error
165.4923	42	0	dbstop-ignored	args=if error
165.4923	42	0	dbstop-ignored	args=if error
165.4923	42	0	dbstop-ignored	args=if error
165.4923	42	0	dbstop-ignored	args=if error
165.4923	42	0	dbstop-ignored	args=if error
165.4923	42	0	dbstop-ignored	args=if error
165.4923	42	0	dbstop-ignored	args=if error
165.4923	42	0	dbstop-ignored	args=if error
165.4923	42	0	dbstop-ignored	args=if error
165.4923	42	0	dbstop-ignored	args=if error
165.4923	42	0	dbstop-ignored	args=if error
165.4923	42	0	dbstop-ignored	args=if error
165.4923	42	0	dbstop-ignored	args=if error
165.4923	42	0	dbstop-ignored	args=if error
165.4923	42	0	dbstop-ignored	args=if error
165.4923	42	0	dbstop-ignored	args=if error
165.4923	42	0	dbstop-ignored	args=if error
165.4923	42	0	dbstop-ignored	args=if error
165.4923	42	0	dbstop-ignored	args=if error
165.4923	42	0	dbstop-ignored	args=if error
165.4923	42	0	dbstop-ignored	args=if error
165.4923	42	0	dbstop-ignored	args=if error
165.4923	42	0	dbstop-ignored	args=if error
165.4923	42	0	dbstop-ignored	args=if error
165.4923	42	0	dbstop-ignored	args=if error
165.4923	42	0	dbstop-ignored	args=if error
165.4923	42	0	pcf	file=/w/sandbox/repos/<unpublished-repo>/simonSingleWord/bedheadWorking.pcf
165.4923	42	0	reset	
165.4923	42	0	start	
167.2923	43	1	stop	
167.2923	43	0	getData	
167.2923	43	0	dbstop-ignored	args=if error
167.2923	43	0	dbstop-ignored	args=if error
168.7069	43	0	dbstop-ignored	args=if error
168.7069	43	0	dbstop-ignored	args=if error
168.7069	43	0	dbstop-ignored	args=if error
168.7069	43	0	dbstop-ignored	args=if error
168.7069	43	0	dbstop-ignored	args=if error
168.7069	43	0	dbstop-ignored	args=if error
168.7069	43	0	dbstop-ignored	args=if error
168.7069	43	0	dbstop-ignored	args=if error
168.7069	43	0	dbstop-ignored	args=if error
168.7069	43	0	dbstop-ignored	args=if error
168.7069	43	0	dbstop-ignored	args=if error
168.7069	43	0	dbstop-ignored	args=if error
168.7069	43	0	dbstop-ignored	args=if error
168.7069	43	0	dbstop-ignored	args=if error
168.7069	43	0	dbstop-ignored	args=if error
168.7069	43	0	dbstop-ignored	args=if error
168.7069	43	0	dbstop-ignored	args=if error
168.7069	43	0	dbstop-ignored	args=if error
168.7069	43	0	dbstop-ignored	args=if error
168.7069	43	0	dbstop-ignored	args=if error
168.7069	43	0	dbstop-ignored	args=if error
168.7069	43	0	dbstop-ignored	args=if error
168.7069	43	0	dbstop-ignored	args=if error
168.7069	43	0	dbstop-ignored	args=if error
168.7069	43	0	dbstop-ignored	args=if error
168.7069	43	0	dbstop-ignored	args=if error
168.7069	43	0	dbstop-ignored	args=if error
168.7069	43	0	dbstop-ignored	args=if error
168.7069	43	0	dbstop-ignored	args=if error
168.7069	43	0	dbstop-ignored	args=if error
168.7069	43	0	dbstop-ignored	args=if error
168.7069	43	0	dbstop-ignored	args=if error
168.7069	43	0	dbstop-ignored	args=if error
168.7069	43	0	dbstop-ignored	args=if error
168.7069	43	0	dbstop-ignored	args=if error
168.7069	43	0	dbstop-ignored	args=if error
168.7069	43	0	pcf	file=/w/sandbox/repos/<unpublished-repo>/simonSingleWord/bedheadWorking.pcf
168.7069	43	0	reset	
168.7069	43	0	start	
170.5069	44	1	stop	
170.5069	44	0	getData	
170.5069	44	0	dbstop-ignored	args=if error
170.5069	44	0	dbstop-ignored	args=if error
171.8609	44	0	dbstop-ignored	args=if error
171.8609	44	0	dbstop-ignored	args=if error
171.8609	44	0	dbstop-ignored	args=if error
171.8609	44	0	dbstop-ignored	args=if error
171.8609	44	0	dbstop-ignored	args=if error
171.8609	44	0	dbstop-ignored	args=if error
171.8609	44	0	dbstop-ignored	args=if error
171.8609	44	0	dbstop-ignored	args=if error
171.8609	44	0	dbstop-ignored	args=if error
171.8609	44	0	dbstop-ignored	args=if error
171.8609	44	0	dbstop-ignored	args=if error
171.8609	44	0	dbstop-ignored	args=if error
171.8609	44	0	dbstop-ignored	args=if error
171.8609	44	0	dbstop-ignored	args=if error
171.8609	44	0	dbstop-ignored	args=if error
171.8609	44	0	dbstop-ignored	args=if error
171.8609	44	0	dbstop-ignored	args=if error
171.8609	44	0	dbstop-ignored	args=if error
171.8609	44	0	dbstop-ignored	args=if error
171.8609	44	0	dbstop-ignored	args=if error
171.8609	44	0	dbstop-ignored	args=if error
171.8609	44	0	dbstop-ignored	args=if error
171.8609	44	0	dbstop-ignored	args=if error
171.8609	44	0	dbstop-ignored	args=if error
171.8609	44	0	dbstop-ignored	args=if error
171.8609	44	0	dbstop-ignored	args=if error
171.8609	44	0	dbstop-ignored	args=if error
171.8609	44	0	dbstop-ignored	args=if error
171.8609	44	0	dbstop-ignored	args=if error
171.8609	44	0	dbstop-ignored	args=if error
171.8609	44	0	dbstop-ignored	args=if error
171.8609	44	0	dbstop-ignored	args=if error
171.8609	44	0	dbstop-ignored	args=if error
171.8609	44	0	dbstop-ignored	args=if error
171.8609	44	0	dbstop-ignored	args=if error
171.8609	44	0	dbstop-ignored	args=if error
171.8609	44	0	pcf	file=/w/sandbox/repos/<unpublished-repo>/simonSingleWord/bedheadWorking.pcf
171.8609	44	0	reset	
171.8609	44	0	start	
173.6609	45	1	stop	
173.6609	45	0	getData	
173.6609	45	0	dbstop-ignored	args=if error
173.6609	45	0	dbstop-ignored	args=if error
174.9796	45	0	keywait	fn=pause
175.9796	45	0	key	key=space
175.9796	45	0	dbstop-ignored	args=if error
175.9796	45	0	dbstop-ignored	args=if error
175.9796	45	0	dbstop-ignored	args=if error
175.9796	45	0	dbstop-ignored	args=if error
175.9796	45	0	dbstop-ignored	args=if error
175.9796	45	0	dbstop-ignored	args=if error
175.9796	45	0	dbstop-ignored	args=if error
175.9796	45	0	dbstop-ignored	args=if error
175.9796	45	0	dbstop-ignored	args=if error
175.9796	45	0	dbstop-ignored	args=if error
175.9796	45	0	dbstop-ignored	args=if error
175.9796	45	0	dbstop-ignored	args=if error
175.9796	45	0	dbstop-ignored	args=if error
175.9796	45	0	dbstop-ignored	args=if error
175.9796	45	0	dbstop-ignored	args=if error
175.9796	45	0	dbstop-ignored	args=if error
175.9796	45	0	dbstop-ignored	args=if error
175.9796	45	0	dbstop-ignored	args=if error
175.9796	45	0	dbstop-ignored	args=if error
175.9796	45	0	dbstop-ignored	args=if error
175.9796	45	0	dbstop-ignored	args=if error
175.9796	45	0	dbstop-ignored	args=if error
175.9796	45	0	dbstop-ignored	args=if error
175.9796	45	0	dbstop-ignored	args=if error
175.9796	45	0	dbstop-ignored	args=if error
175.9796	45	0	dbstop-ignored	args=if error
175.9796	45	0	dbstop-ignored	args=if error
175.9796	45	0	dbstop-ignored	args=if error
175.9796	45	0	dbstop-ignored	args=if error
175.9796	45	0	dbstop-ignored	args=if error
175.9796	45	0	dbstop-ignored	args=if error
175.9796	45	0	dbstop-ignored	args=if error
175.9796	45	0	dbstop-ignored	args=if error
175.9796	45	0	dbstop-ignored	args=if error
175.9796	45	0	dbstop-ignored	args=if error
175.9796	45	0	dbstop-ignored	args=if error
175.9796	45	0	pcf	file=/w/sandbox/repos/<unpublished-repo>/simonSingleWord/bedheadWorking.pcf
175.9796	45	0	reset	
175.9796	45	0	start	
177.7796	46	1	stop	
177.7796	46	0	getData	
177.7796	46	0	dbstop-ignored	args=if error
177.7796	46	0	dbstop-ignored	args=if error
179.1279	46	0	dbstop-ignored	args=if error
179.1279	46	0	dbstop-ignored	args=if error
179.1279	46	0	dbstop-ignored	args=if error
179.1279	46	0	dbstop-ignored	args=if error
179.1279	46	0	dbstop-ignored	args=if error
179.1279	46	0	dbstop-ignored	args=if error
179.1279	46	0	dbstop-ignored	args=if error
179.1279	46	0	dbstop-ignored	args=if error
179.1279	46	0	dbstop-ignored	args=if error
179.1279	46	0	dbstop-ignored	args=if error
179.1279	46	0	dbstop-ignored	args=if error
179.1279	46	0	dbstop-ignored	args=if error
179.1279	46	0	dbstop-ignored	args=if error
179.1279	46	0	dbstop-ignored	args=if error
179.1279	46	0	dbstop-ignored	args=if error
179.1279	46	0	dbstop-ignored	args=if error
179.1279	46	0	dbstop-ignored	args=if error
179.1279	46	0	dbstop-ignored	args=if error
179.1279	46	0	dbstop-ignored	args=if error
179.1279	46	0	dbstop-ignored	args=if error
179.1279	46	0	dbstop-ignored	args=if error
179.1279	46	0	dbstop-ignored	args=if error
179.1279	46	0	dbstop-ignored	args=if error
179.1279	46	0	dbstop-ignored	args=if error
179.1279	46	0	dbstop-ignored	args=if error
179.1279	46	0	dbstop-ignored	args=if error
179.1279	46	0	dbstop-ignored	args=if error
179.1279	46	0	dbstop-ignored	args=if error
179.1279	46	0	dbstop-ignored	args=if error
179.1279	46	0	dbstop-ignored	args=if error
179.1279	46	0	dbstop-ignored	args=if error
179.1279	46	0	dbstop-ignored	args=if error
179.1279	46	0	dbstop-ignored	args=if error
179.1279	46	0	dbstop-ignored	args=if error
179.1279	46	0	dbstop-ignored	args=if error
179.1279	46	0	dbstop-ignored	args=if error
179.1279	46	0	pcf	file=/w/sandbox/repos/<unpublished-repo>/simonSingleWord/bedheadWorking.pcf
179.1279	46	0	reset	
179.1279	46	0	start	
180.9279	47	1	stop	
180.9279	47	0	getData	
180.9279	47	0	dbstop-ignored	args=if error
180.9279	47	0	dbstop-ignored	args=if error
182.4131	47	0	dbstop-ignored	args=if error
182.4131	47	0	dbstop-ignored	args=if error
182.4131	47	0	dbstop-ignored	args=if error
182.4131	47	0	dbstop-ignored	args=if error
182.4131	47	0	dbstop-ignored	args=if error
182.4131	47	0	dbstop-ignored	args=if error
182.4131	47	0	dbstop-ignored	args=if error
182.4131	47	0	dbstop-ignored	args=if error
182.4131	47	0	dbstop-ignored	args=if error
182.4131	47	0	dbstop-ignored	args=if error
182.4131	47	0	dbstop-ignored	args=if error
182.4131	47	0	dbstop-ignored	args=if error
182.4131	47	0	dbstop-ignored	args=if error
182.4131	47	0	dbstop-ignored	args=if error
182.4131	47	0	dbstop-ignored	args=if error
182.4131	47	0	dbstop-ignored	args=if error
182.4131	47	0	dbstop-ignored	args=if error
182.4131	47	0	dbstop-ignored	args=if error
182.4131	47	0	dbstop-ignored	args=if error
182.4131	47	0	dbstop-ignored	args=if error
182.4131	47	0	dbstop-ignored	args=if error
182.4131	47	0	dbstop-ignored	args=if error
182.4131	47	0	dbstop-ignored	args=if error
182.4131	47	0	dbstop-ignored	args=if error
182.4131	47	0	dbstop-ignored	args=if error
182.4131	47	0	dbstop-ignored	args=if error
182.4131	47	0	dbstop-ignored	args=if error
182.4131	47	0	dbstop-ignored	args=if error
182.4131	47	0	dbstop-ignored	args=if error
182.4131	47	0	dbstop-ignored	args=if error
182.4131	47	0	dbstop-ignored	args=if error
182.4131	47	0	dbstop-ignored	args=if error
182.4131	47	0	dbstop-ignored	args=if error
182.4131	47	0	dbstop-ignored	args=if error
182.4131	47	0	dbstop-ignored	args=if error
182.4131	47	0	dbstop-ignored	args=if error
182.4131	47	0	pcf	file=/w/sandbox/repos/<unpublished-repo>/simonSingleWord/bedheadWorking.pcf
182.4131	47	0	reset	
182.4131	47	0	start	
184.2131	48	1	stop	
184.2131	48	0	getData	
184.2131	48	0	dbstop-ignored	args=if error
184.2131	48	0	dbstop-ignored	args=if error
185.5623	48	0	dbstop-ignored	args=if error
185.5623	48	0	dbstop-ignored	args=if error
185.5623	48	0	dbstop-ignored	args=if error
185.5623	48	0	dbstop-ignored	args=if error
185.5623	48	0	dbstop-ignored	args=if error
185.5623	48	0	dbstop-ignored	args=if error
185.5623	48	0	dbstop-ignored	args=if error
185.5623	48	0	dbstop-ignored	args=if error
185.5623	48	0	dbstop-ignored	args=if error
185.5623	48	0	dbstop-ignored	args=if error
185.5623	48	0	dbstop-ignored	args=if error
185.5623	48	0	dbstop-ignored	args=if error
185.5623	48	0	dbstop-ignored	args=if error
185.5623	48	0	dbstop-ignored	args=if error
185.5623	48	0	dbstop-ignored	args=if error
185.5623	48	0	dbstop-ignored	args=if error
185.5623	48	0	dbstop-ignored	args=if error
185.5623	48	0	dbstop-ignored	args=if error
185.5623	48	0	dbstop-ignored	args=if error
185.5623	48	0	dbstop-ignored	args=if error
185.5623	48	0	dbstop-ignored	args=if error
185.5623	48	0	dbstop-ignored	args=if error
185.5623	48	0	dbstop-ignored	args=if error
185.5623	48	0	dbstop-ignored	args=if error
185.5623	48	0	dbstop-ignored	args=if error
185.5623	48	0	dbstop-ignored	args=if error
185.5623	48	0	dbstop-ignored	args=if error
185.5623	48	0	dbstop-ignored	args=if error
185.5623	48	0	dbstop-ignored	args=if error
185.5623	48	0	dbstop-ignored	args=if error
185.5623	48	0	dbstop-ignored	args=if error
185.5623	48	0	dbstop-ignored	args=if error
185.5623	48	0	dbstop-ignored	args=if error
185.5623	48	0	dbstop-ignored	args=if error
185.5623	48	0	dbstop-ignored	args=if error
185.5623	48	0	dbstop-ignored	args=if error
185.5623	48	0	pcf	file=/w/sandbox/repos/<unpublished-repo>/simonSingleWord/bedheadWorking.pcf
185.5623	48	0	reset	
185.5623	48	0	start	
187.3623	49	1	stop	
187.3623	49	0	getData	
187.3623	49	0	dbstop-ignored	args=if error
187.3623	49	0	dbstop-ignored	args=if error
188.7227	49	0	dbstop-ignored	args=if error
188.7227	49	0	dbstop-ignored	args=if error
188.7227	49	0	dbstop-ignored	args=if error
188.7227	49	0	dbstop-ignored	args=if error
188.7227	49	0	dbstop-ignored	args=if error
188.7227	49	0	dbstop-ignored	args=if error
188.7227	49	0	dbstop-ignored	args=if error
188.7227	49	0	dbstop-ignored	args=if error
188.7227	49	0	dbstop-ignored	args=if error
188.7227	49	0	dbstop-ignored	args=if error
188.7227	49	0	dbstop-ignored	args=if error
188.7227	49	0	dbstop-ignored	args=if error
188.7227	49	0	dbstop-ignored	args=if error
188.7227	49	0	dbstop-ignored	args=if error
188.7227	49	0	dbstop-ignored	args=if error
188.7227	49	0	dbstop-ignored	args=if error
188.7227	49	0	dbstop-ignored	args=if error
188.7227	49	0	dbstop-ignored	args=if error
188.7227	49	0	dbstop-ignored	args=if error
188.7227	49	0	dbstop-ignored	args=if error
188.7227	49	0	dbstop-ignored	args=if error
188.7227	49	0	dbstop-ignored	args=if error
188.7227	49	0	dbstop-ignored	args=if error
188.7227	49	0	dbstop-ignored	args=if error
188.7227	49	0	dbstop-ignored	args=if error
188.7227	49	0	dbstop-ignored	args=if error
188.7227	49	0	dbstop-ignored	args=if error
188.7227	49	0	dbstop-ignored	args=if error
188.7227	49	0	dbstop-ignored	args=if error
188.7227	49	0	dbstop-ignored	args=if error
188.7227	49	0	dbstop-ignored	args=if error
188.7227	49	0	dbstop-ignored	args=if error
188.7227	49	0	dbstop-ignored	args=if error
188.7227	49	0	dbstop-ignored	args=if error
188.7227	49	0	dbstop-ignored	args=if error
188.7227	49	0	dbstop-ignored	args=if error
188.7227	49	0	pcf	file=/w/sandbox/repos/<unpublished-repo>/simonSingleWord/bedheadWorking.pcf
188.7227	49	0	reset	
188.7227	49	0	start	
190.5227	50	1	stop	
190.5227	50	0	getData	
190.5227	50	0	dbstop-ignored	args=if error
190.5227	50	0	dbstop-ignored	args=if error
191.7925	50	0	dbstop-ignored	args=if error
191.7925	50	0	dbstop-ignored	args=if error
191.7925	50	0	dbstop-ignored	args=if error
191.7925	50	0	dbstop-ignored	args=if error
191.7925	50	0	dbstop-ignored	args=if error
191.7925	50	0	dbstop-ignored	args=if error
191.7925	50	0	dbstop-ignored	args=if error
191.7925	50	0	dbstop-ignored	args=if error
191.7925	50	0	dbstop-ignored	args=if error
191.7925	50	0	dbstop-ignored	args=if error
191.7925	50	0	dbstop-ignored	args=if error
191.7925	50	0	dbstop-ignored	args=if error
191.7925	50	0	dbstop-ignored	args=if error
191.7925	50	0	dbstop-ignored	args=if error
191.7925	50	0	dbstop-ignored	args=if error
191.7925	50	0	dbstop-ignored	args=if error
191.7925	50	0	dbstop-ignored	args=if error
191.7925	50	0	dbstop-ignored	args=if error
191.7925	50	0	dbstop-ignored	args=if error
191.7925	50	0	dbstop-ignored	args=if error
191.7925	50	0	dbstop-ignored	args=if error
191.7925	50	0	dbstop-ignored	args=if error
191.7925	50	0	dbstop-ignored	args=if error
191.7925	50	0	dbstop-ignored	args=if error
191.7925	50	0	dbstop-ignored	args=if error
191.7925	50	0	dbstop-ignored	args=if error
191.7925	50	0	dbstop-ignored	args=if error
191.7925	50	0	dbstop-ignored	args=if error
191.7925	50	0	dbstop-ignored	args=if error
191.7925	50	0	dbstop-ignored	args=if error
191.7925	50	0	dbstop-ignored	args=if error
191.7925	50	0	dbstop-ignored	args=if error
191.7925	50	0	dbstop-ignored	args=if error
191.7925	50	0	dbstop-ignored	args=if error
191.7925	50	0	dbstop-ignored	args=if error
191.7925	50	0	dbstop-ignored	args=if error
191.7925	50	0	pcf	file=/w/sandbox/repos/<unpublished-repo>/simonSingleWord/bedheadWorking.pcf
191.7925	50	0	reset	
191.7925	50	0	start	
193.5925	51	1	stop	
193.5925	51	0	getData	
193.5925	51	0	dbstop-ignored	args=if error
193.5925	51	0	dbstop-ignored	args=if error
195.0599	51	0	dbstop-ignored	args=if error
195.0599	51	0	dbstop-ignored	args=if error
195.0599	51	0	dbstop-ignored	args=if error
195.0599	51	0	dbstop-ignored	args=if error
195.0599	51	0	dbstop-ignored	args=if error
195.0599	51	0	dbstop-ignored	args=if error
195.0599	51	0	dbstop-ignored	args=if error
195.0599	51	0	dbstop-ignored	args=if error
195.0599	51	0	dbstop-ignored	args=if error
195.0599	51	0	dbstop-ignored	args=if error
195.0599	51	0	dbstop-ignored	args=if error
195.0599	51	0	dbstop-ignored	args=if error
195.0599	51	0	dbstop-ignored	args=if error
195.0599	51	0	dbstop-ignored	args=if error
195.0599	51	0	dbstop-ignored	args=if error
195.0599	51	0	dbstop-ignored	args=if error
195.0599	51	0	dbstop-ignored	args=if error
195.0599	51	0	dbstop-ignored	args=if error
195.0599	51	0	dbstop-ignored	args=if error
195.0599	51	0	dbstop-ignored	args=if error
195.0599	51	0	dbstop-ignored	args=if error
195.0599	51	0	dbstop-ignored	args=if error
195.0599	51	0	dbstop-ignored	args=if error
195.0599	51	0	dbstop-ignored	args=if error
195.0599	51	0	dbstop-ignored	args=if error
195.0599	51	0	dbstop-ignored	args=if error
195.0599	51	0	dbstop-ignored	args=if error
195.0599	51	0	dbstop-ignored	args=if error
195.0599	51	0	dbstop-ignored	args=if error
195.0599	51	0	dbstop-ignored	args=if error
195.0599	51	0	dbstop-ignored	args=if error
195.0599	51	0	dbstop-ignored	args=if error
195.0599	51	0	dbstop-ignored	args=if error
195.0599	51	0	dbstop-ignored	args=if error
195.0599	51	0	dbstop-ignored	args=if error
195.0599	51	0	dbstop-ignored	args=if error
195.0599	51	0	pcf	file=/w/sandbox/repos/<unpublished-repo>/simonSingleWord/bedheadWorking.pcf
195.0599	51	0	reset	
195.0599	51	0	start	
196.8599	52	1	stop	
196.8599	52	0	getData	
196.8599	52	0	dbstop-ignored	args=if error
196.8599	52	0	dbstop-ignored	args=if error
198.2250	52	0	dbstop-ignored	args=if error
198.2250	52	0	dbstop-ignored	args=if error
198.2250	52	0	dbstop-ignored	args=if error
198.2250	52	0	dbstop-ignored	args=if error
198.2250	52	0	dbstop-ignored	args=if error
198.2250	52	0	dbstop-ignored	args=if error
198.2250	52	0	dbstop-ignored	args=if error
198.2250	52	0	dbstop-ignored	args=if error
198.2250	52	0	dbstop-ignored	args=if error
198.2250	52	0	dbstop-ignored	args=if error
198.2250	52	0	dbstop-ignored	args=if error
198.2250	52	0	dbstop-ignored	args=if error
198.2250	52	0	dbstop-ignored	args=if error
198.2250	52	0	dbstop-ignored	args=if error
198.2250	52	0	dbstop-ignored	args=if error
198.2250	52	0	dbstop-ignored	args=if error
198.2250	52	0	dbstop-ignored	args=if error
198.2250	52	0	dbstop-ignored	args=if error
198.2250	52	0	dbstop-ignored	args=if error
198.2250	52	0	dbstop-ignored	args=if error
198.2250	52	0	dbstop-ignored	args=if error
198.2250	52	0	dbstop-ignored	args=if error
198.2250	52	0	dbstop-ignored	args=if error
198.2250	52	0	dbstop-ignored	args=if error
198.2250	52	0	dbstop-ignored	args=if error
198.2250	52	0	dbstop-ignored	args=if error
198.2250	52	0	dbstop-ignored	args=if error
198.2250	52	0	dbstop-ignored	args=if error
198.2250	52	0	dbstop-ignored	args=if error
198.2250	52	0	dbstop-ignored	args=if error
198.2250	52	0	dbstop-ignored	args=if error
198.2250	52	0	dbstop-ignored	args=if error
198.2250	52	0	dbstop-ignored	args=if error
198.2250	52	0	dbstop-ignored	args=if error
198.2250	52	0	dbstop-ignored	args=if error
198.2250	52	0	dbstop-ignored	args=if error
198.2250	52	0	pcf	file=/w/sandbox/repos/<unpublished-repo>/simonSingleWord/bedheadWorking.pcf
198.2250	52	0	reset	
198.2250	52	0	start	
200.0250	53	1	stop	
200.0250	53	0	getData	
200.0250	53	0	dbstop-ignored	args=if error
200.0250	53	0	dbstop-ignored	args=if error
201.4197	53	0	dbstop-ignored	args=if error
201.4197	53	0	dbstop-ignored	args=if error
201.4197	53	0	dbstop-ignored	args=if error
201.4197	53	0	dbstop-ignored	args=if error
201.4197	53	0	dbstop-ignored	args=if error
201.4197	53	0	dbstop-ignored	args=if error
201.4197	53	0	dbstop-ignored	args=if error
201.4197	53	0	dbstop-ignored	args=if error
201.4197	53	0	dbstop-ignored	args=if error
201.4197	53	0	dbstop-ignored	args=if error
201.4197	53	0	dbstop-ignored	args=if error
201.4197	53	0	dbstop-ignored	args=if error
201.4197	53	0	dbstop-ignored	args=if error
201.4197	53	0	dbstop-ignored	args=if error
201.4197	53	0	dbstop-ignored	args=if error
201.4197	53	0	dbstop-ignored	args=if error
201.4197	53	0	dbstop-ignored	args=if error
201.4197	53	0	dbstop-ignored	args=if error
201.4197	53	0	dbstop-ignored	args=if error
201.4197	53	0	dbstop-ignored	args=if error
201.4197	53	0	dbstop-ignored	args=if error
201.4197	53	0	dbstop-ignored	args=if error
201.4197	53	0	dbstop-ignored	args=if error
201.4197	53	0	dbstop-ignored	args=if error
201.4197	53	0	dbstop-ignored	args=if error
201.4197	53	0	dbstop-ignored	args=if error
201.4197	53	0	dbstop-ignored	args=if error
201.4197	53	0	dbstop-ignored	args=if error
201.4197	53	0	dbstop-ignored	args=if error
201.4197	53	0	dbstop-ignored	args=if error
201.4197	53	0	dbstop-ignored	args=if error
201.4197	53	0	dbstop-ignored	args=if error
201.4197	53	0	dbstop-ignored	args=if error
201.4197	53	0	dbstop-ignored	args=if error
201.4197	53	0	dbstop-ignored	args=if error
201.4197	53	0	dbstop-ignored	args=if error
201.4197	53	0	pcf	file=/w/sandbox/repos/<unpublished-repo>/simonSingleWord/bedheadWorking.pcf
201.4197	53	0	reset	
201.4197	53	0	start	
203.2197	54	1	stop	
203.2197	54	0	getData	
203.2197	54	0	dbstop-ignored	args=if error
203.2197	54	0	dbstop-ignored	args=if error
204.5895	54	0	dbstop-ignored	args=if error
204.5895	54	0	dbstop-ignored	args=if error
204.5895	54	0	dbstop-ignored	args=if error
204.5895	54	0	dbstop-ignored	args=if error
204.5895	54	0	dbstop-ignored	args=if error
204.5895	54	0	dbstop-ignored	args=if error
204.5895	54	0	dbstop-ignored	args=if error
204.5895	54	0	dbstop-ignored	args=if error
204.5895	54	0	dbstop-ignored	args=if error
204.5895	54	0	dbstop-ignored	args=if error
204.5895	54	0	dbstop-ignored	args=if error
204.5895	54	0	dbstop-ignored	args=if error
204.5895	54	0	dbstop-ignored	args=if error
204.5895	54	0	dbstop-ignored	args=if error
204.5895	54	0	dbstop-ignored	args=if error
204.5895	54	0	dbstop-ignored	args=if error
204.5895	54	0	dbstop-ignored	args=if error
204.5895	54	0	dbstop-ignored	args=if error
204.5895	54	0	dbstop-ignored	args=if error
204.5895	54	0	dbstop-ignored	args=if error
204.5895	54	0	dbstop-ignored	args=if error
204.5895	54	0	dbstop-ignored	args=if error
204.5895	54	0	dbstop-ignored	args=if error
204.5895	54	0	dbstop-ignored	args=if error
204.5895	54	0	dbstop-ignored	args=if error
204.5895	54	0	dbstop-ignored	args=if error
204.5895	54	0	dbstop-ignored	args=if error
204.5895	54	0	dbstop-ignored	args=if error
204.5895	54	0	dbstop-ignored	args=if error
204.5895	54	0	dbstop-ignored	args=if error
204.5895	54	0	dbstop-ignored	args=if error
204.5895	54	0	dbstop-ignored	args=if error
204.5895	54	0	dbstop-ignored	args=if error
204.5895	54	0	dbstop-ignored	args=if error
204.5895	54	0	dbstop-ignored	args=if error
204.5895	54	0	dbstop-ignored	args=if error
204.5895	54	0	pcf	file=/w/sandbox/repos/<unpublished-repo>/simonSingleWord/bedheadWorking.pcf
204.5895	54	0	reset	
204.5895	54	0	start	
206.3895	55	1	stop	
206.3895	55	0	getData	
206.3895	55	0	dbstop-ignored	args=if error
206.3895	55	0	dbstop-ignored	args=if error
207.7723	55	0	keywait	fn=pause
208.7723	55	0	key	key=space
208.7723	55	0	dbstop-ignored	args=if error
208.7723	55	0	dbstop-ignored	args=if error
208.7723	55	0	dbstop-ignored	args=if error
208.7723	55	0	dbstop-ignored	args=if error
208.7723	55	0	dbstop-ignored	args=if error
208.7723	55	0	dbstop-ignored	args=if error
208.7723	55	0	dbstop-ignored	args=if error
208.7723	55	0	dbstop-ignored	args=if error
208.7723	55	0	dbstop-ignored	args=if error
208.7723	55	0	dbstop-ignored	args=if error
208.7723	55	0	dbstop-ignored	args=if error
208.7723	55	0	dbstop-ignored	args=if error
208.7723	55	0	dbstop-ignored	args=if error
208.7723	55	0	dbstop-ignored	args=if error
208.7723	55	0	dbstop-ignored	args=if error
208.7723	55	0	dbstop-ignored	args=if error
208.7723	55	0	dbstop-ignored	args=if error
208.7723	55	0	dbstop-ignored	args=if error
208.7723	55	0	dbstop-ignored	args=if error
208.7723	55	0	dbstop-ignored	args=if error
208.7723	55	0	dbstop-ignored	args=if error
208.7723	55	0	dbstop-ignored	args=if error
208.7723	55	0	dbstop-ignored	args=if error
208.7723	55	0	dbstop-ignored	args=if error
208.7723	55	0	dbstop-ignored	args=if error
208.7723	55	0	dbstop-ignored	args=if error
208.7723	55	0	dbstop-ignored	args=if error
208.7723	55	0	dbstop-ignored	args=if error
208.7723	55	0	dbstop-ignored	args=if error
208.7723	55	0	dbstop-ignored	args=if error
208.7723	55	0	dbstop-ignored	args=if error
208.7723	55	0	dbstop-ignored	args=if error
208.7723	55	0	dbstop-ignored	args=if error
208.7723	55	0	dbstop-ignored	args=if error
208.7723	55	0	dbstop-ignored	args=if error
208.7723	55	0	dbstop-ignored	args=if error
208.7723	55	0	pcf	file=/w/sandbox/repos/<unpublished-repo>/simonSingleWord/bedheadWorking.pcf
208.7723	55	0	reset	
208.7723	55	0	start	
210.5723	56	1	stop	
210.5723	56	0	getData	
210.5723	56	0	dbstop-ignored	args=if error
210.5723	56	0	dbstop-ignored	args=if error
211.8847	56	0	dbstop-ignored	args=if error
211.8847	56	0	dbstop-ignored	args=if error
211.8847	56	0	dbstop-ignored	args=if error
211.8847	56	0	dbstop-ignored	args=if error
211.8847	56	0	dbstop-ignored	args=if error
211.8847	56	0	dbstop-ignored	args=if error
211.8847	56	0	dbstop-ignored	args=if error
211.8847	56	0	dbstop-ignored	args=if error
211.8847	56	0	dbstop-ignored	args=if error
211.8847	56	0	dbstop-ignored	args=if error
211.8847	56	0	dbstop-ignored	args=if error
211.8847	56	0	dbstop-ignored	args=if error
211.8847	56	0	dbstop-ignored	args=if error
211.8847	56	0	dbstop-ignored	args=if error
211.8847	56	0	dbstop-ignored	args=if error
211.8847	56	0	dbstop-ignored	args=if error
211.8847	56	0	dbstop-ignored	args=if error
211.8847	56	0	dbstop-ignored	args=if error
211.8847	56	0	dbstop-ignored	args=if error
211.8847	56	0	dbstop-ignored	args=if error
211.8847	56	0	dbstop-ignored	args=if error
211.8847	56	0	dbstop-ignored	args=if error
211.8847	56	0	dbstop-ignored	args=if error
211.8847	56	0	dbstop-ignored	args=if error
211.8847	56	0	dbstop-ignored	args=if error
211.8847	56	0	dbstop-ignored	args=if error
211.8847	56	0	dbstop-ignored	args=if error
211.8847	56	0	dbstop-ignored	args=if error
211.8847	56	0	dbstop-ignored	args=if error
211.8847	56	0	dbstop-ignored	args=if error
211.8847	56	0	dbstop-ignored	args=if error
211.8847	56	0	dbstop-ignored	args=if error
211.8847	56	0	dbstop-ignored	args=if error
211.8847	56	0	dbstop-ignored	args=if error
211.8847	56	0	dbstop-ignored	args=if error
211.8847	56	0	dbstop-ignored	args=if error
211.8847	56	0	pcf	file=/w/sandbox/repos/<unpublished-repo>/simonSingleWord/bedheadWorking.pcf
211.8847	56	0	reset	
211.8847	56	0	start	
213.6847	57	1	stop	
213.6847	57	0	getData	
213.6847	57	0	dbstop-ignored	args=if error
213.6847	57	0	dbstop-ignored	args=if error
215.0654	57	0	dbstop-ignored	args=if error
215.0654	57	0	dbstop-ignored	args=if error
215.0654	57	0	dbstop-ignored	args=if error
215.0654	57	0	dbstop-ignored	args=if error
215.0654	57	0	dbstop-ignored	args=if error
215.0654	57	0	dbstop-ignored	args=if error
215.0654	57	0	dbstop-ignored	args=if error
215.0654	57	0	dbstop-ignored	args=if error
215.0654	57	0	dbstop-ignored	args=if error
215.0654	57	0	dbstop-ignored	args=if error
215.0654	57	0	dbstop-ignored	args=if error
215.0654	57	0	dbstop-ignored	args=if error
215.0654	57	0	dbstop-ignored	args=if error
215.0654	57	0	dbstop-ignored	args=if error
215.0654	57	0	dbstop-ignored	args=if error
215.0654	57	0	dbstop-ignored	args=if error
215.0654	57	0	dbstop-ignored	args=if error
215.0654	57	0	dbstop-ignored	args=if error
215.0654	57	0	dbstop-ignored	args=if error
215.0654	57	0	dbstop-ignored	args=if error
215.0654	57	0	dbstop-ignored	args=if error
215.0654	57	0	dbstop-ignored	args=if error
215.0654	57	0	dbstop-ignored	args=if error
215.0654	57	0	dbstop-ignored	args=if error
215.0654	57	0	dbstop-ignored	args=if error
215.0654	57	0	dbstop-ignored	args=if error
215.0654	57	0	dbstop-ignored	args=if error
215.0654	57	0	dbstop-ignored	args=if error
215.0654	57	0	dbstop-ignored	args=if error
215.0654	57	0	dbstop-ignored	args=if error
215.0654	57	0	dbstop-ignored	args=if error
215.0654	57	0	dbstop-ignored	args=if error
215.0654	57	0	dbstop-ignored	args=if error
215.0654	57	0	dbstop-ignored	args=if error
215.0654	57	0	dbstop-ignored	args=if error
215.0654	57	0	dbstop-ignored	args=if error
215.0654	57	0	pcf	file=/w/sandbox/repos/<unpublished-repo>/simonSingleWord/bedheadWorking.pcf
215.0654	57	0	reset	
215.0654	57	0	start	
216.8654	58	1	stop	
216.8654	58	0	getData	
216.8654	58	0	dbstop-ignored	args=if error
216.8654	58	0	dbstop-ignored	args=if error
218.3585	58	0	dbstop-ignored	args=if error
218.3585	58	0	dbstop-ignored	args=if error
218.3585	58	0	dbstop-ignored	args=if error
218.3585	58	0	dbstop-ignored	args=if error
218.3585	58	0	dbstop-ignored	args=if error
218.3585	58	0	dbstop-ignored	args=if error
218.3585	58	0	dbstop-ignored	args=if error
218.3585	58	0	dbstop-ignored	args=if error
218.3585	58	0	dbstop-ignored	args=if error
218.3585	58	0	dbstop-ignored	args=if error
218.3585	58	0	dbstop-ignored	args=if error
218.3585	58	0	dbstop-ignored	args=if error
218.3585	58	0	dbstop-ignored	args=if error
218.3585	58	0	dbstop-ignored	args=if error
218.3585	58	0	dbstop-ignored	args=if error
218.3585	58	0	dbstop-ignored	args=if error
218.3585	58	0	dbstop-ignored	args=if error
218.3585	58	0	dbstop-ignored	args=if error
218.3585	58	0	dbstop-ignored	args=if error
218.3585	58	0	dbstop-ignored	args=if error
218.3585	58	0	dbstop-ignored	args=if error
218.3585	58	0	dbstop-ignored	args=if error
218.3585	58	0	dbstop-ignored	args=if error
218.3585	58	0	dbstop-ignored	args=if error
218.3585	58	0	dbstop-ignored	args=if error
218.3585	58	0	dbstop-ignored	args=if error
218.3585	58	0	dbstop-ignored	args=if error
218.3585	58	0	dbstop-ignored	args=if error
218.3585	58	0	dbstop-ignored	args=if error
218.3585	58	0	dbstop-ignored	args=if error
218.3585	58	0	dbstop-ignored	args=if error
218.3585	58	0	dbstop-ignored	args=if error
218.3585	58	0	dbstop-ignored	args=if error
218.3585	58	0	dbstop-ignored	args=if error
218.3585	58	0	dbstop-ignored	args=if error
218.3585	58	0	dbstop-ignored	args=if error
218.3585	58	0	pcf	file=/w/sandbox/repos/<unpublished-repo>/simonSingleWord/bedheadWorking.pcf
218.3585	58	0	reset	
218.3585	58	0	start	
220.1585	59	1	stop	
220.1585	59	0	getData	
220.1585	59	0	dbstop-ignored	args=if error
220.1585	59	0	dbstop-ignored	args=if error
221.6202	59	0	dbstop-ignored	args=if error
221.6202	59	0	dbstop-ignored	args=if error
221.6202	59	0	dbstop-ignored	args=if error
221.6202	59	0	dbstop-ignored	args=if error
221.6202	59	0	dbstop-ignored	args=if error
221.6202	59	0	dbstop-ignored	args=if error
221.6202	59	0	dbstop-ignored	args=if error
221.6202	59	0	dbstop-ignored	args=if error
221.6202	59	0	dbstop-ignored	args=if error
221.6202	59	0	dbstop-ignored	args=if error
221.6202	59	0	dbstop-ignored	args=if error
221.6202	59	0	dbstop-ignored	args=if error
221.6202	59	0	dbstop-ignored	args=if error
221.6202	59	0	dbstop-ignored	args=if error
221.6202	59	0	dbstop-ignored	args=if error
221.6202	59	0	dbstop-ignored	args=if error
221.6202	59	0	dbstop-ignored	args=if error
221.6202	59	0	dbstop-ignored	args=if error
221.6202	59	0	dbstop-ignored	args=if error
221.6202	59	0	dbstop-ignored	args=if error
221.6202	59	0	dbstop-ignored	args=if error
221.6202	59	0	dbstop-ignored	args=if error
221.6202	59	0	dbstop-ignored	args=if error
221.6202	59	0	dbstop-ignored	args=if error
221.6202	59	0	dbstop-ignored	args=if error
221.6202	59	0	dbstop-ignored	args=if error
221.6202	59	0	dbstop-ignored	args=if error
221.6202	59	0	dbstop-ignored	args=if error
221.6202	59	0	dbstop-ignored	args=if error
221.6202	59	0	dbstop-ignored	args=if error
221.6202	59	0	dbstop-ignored	args=if error
221.6202	59	0	dbstop-ignored	args=if error
221.6202	59	0	dbstop-ignored	args=if error
221.6202	59	0	dbstop-ignored	args=if error
221.6202	59	0	dbstop-ignored	args=if error
221.6202	59	0	dbstop-ignored	args=if error
221.6202	59	0	pcf	file=/w/sandbox/repos/<unpublished-repo>/simonSingleWord/bedheadWorking.pcf
221.6202	59	0	reset	
221.6202	59	0	start	
223.4202	60	1	stop	
223.4202	60	0	getData	
223.4202	60	0	dbstop-ignored	args=if error
223.4202	60	0	dbstop-ignored	args=if error
224.6989	60	0	dbstop-ignored	args=if error
224.6989	60	0	dbstop-ignored	args=if error
224.6989	60	0	dbstop-ignored	args=if error
224.6989	60	0	dbstop-ignored	args=if error
224.6989	60	0	dbstop-ignored	args=if error
224.6989	60	0	dbstop-ignored	args=if error
224.6989	60	0	dbstop-ignored	args=if error
224.6989	60	0	dbstop-ignored	args=if error
224.6989	60	0	dbstop-ignored	args=if error
224.6989	60	0	dbstop-ignored	args=if error
224.6989	60	0	dbstop-ignored	args=if error
224.6989	60	0	dbstop-ignored	args=if error
224.6989	60	0	dbstop-ignored	args=if error
224.6989	60	0	dbstop-ignored	args=if error
224.6989	60	0	dbstop-ignored	args=if error
224.6989	60	0	dbstop-ignored	args=if error
224.6989	60	0	dbstop-ignored	args=if error
224.6989	60	0	dbstop-ignored	args=if error
224.6989	60	0	dbstop-ignored	args=if error
224.6989	60	0	dbstop-ignored	args=if error
224.6989	60	0	dbstop-ignored	args=if error
224.6989	60	0	dbstop-ignored	args=if error
224.6989	60	0	dbstop-ignored	args=if error
224.6989	60	0	dbstop-ignored	args=if error
224.6989	60	0	dbstop-ignored	args=if error
224.6989	60	0	dbstop-ignored	args=if error
224.6989	60	0	dbstop-ignored	args=if error
224.6989	60	0	dbstop-ignored	args=if error
224.6989	60	0	dbstop-ignored	args=if error
224.6989	60	0	dbstop-ignored	args=if error
224.6989	60	0	dbstop-ignored	args=if error
224.6989	60	0	dbstop-ignored	args=if error
224.6989	60	0	dbstop-ignored	args=if error
224.6989	60	0	dbstop-ignored	args=if error
224.6989	60	0	dbstop-ignored	args=if error
224.6989	60	0	dbstop-ignored	args=if error
224.6989	60	0	pcf	file=/w/sandbox/repos/<unpublished-repo>/simonSingleWord/bedheadWorking.pcf
224.6989	60	0	reset	
224.6989	60	0	start	
226.4989	61	1	stop	
226.4989	61	0	getData	
226.4989	61	0	dbstop-ignored	args=if error
226.4989	61	0	dbstop-ignored	args=if error
227.7690	61	0	dbstop-ignored	args=if error
227.7690	61	0	dbstop-ignored	args=if error
227.7690	61	0	dbstop-ignored	args=if error
227.7690	61	0	dbstop-ignored	args=if error
227.7690	61	0	dbstop-ignored	args=if error
227.7690	61	0	dbstop-ignored	args=if error
227.7690	61	0	dbstop-ignored	args=if error
227.7690	61	0	dbstop-ignored	args=if error
227.7690	61	0	dbstop-ignored	args=if error
227.7690	61	0	dbstop-ignored	args=if error
227.7690	61	0	dbstop-ignored	args=if error
227.7690	61	0	dbstop-ignored	args=if error
227.7690	61	0	dbstop-ignored	args=if error
227.7690	61	0	dbstop-ignored	args=if error
227.7690	61	0	dbstop-ignored	args=if error
227.7690	61	0	dbstop-ignored	args=if error
227.7690	61	0	dbstop-ignored	args=if error
227.7690	61	0	dbstop-ignored	args=if error
227.7690	61	0	dbstop-ignored	args=if error
227.7690	61	0	dbstop-ignored	args=if error
227.7690	61	0	dbstop-ignored	args=if error
227.7690	61	0	dbstop-ignored	args=if error
227.7690	61	0	dbstop-ignored	args=if error
227.7690	61	0	dbstop-ignored	args=if error
227.7690	61	0	dbstop-ignored	args=if error
227.7690	61	0	dbstop-ignored	args=if error
227.7690	61	0	dbstop-ignored	args=if error
227.7690	61	0	dbstop-ignored	args=if error
227.7690	61	0	dbstop-ignored	args=if error
227.7690	61	0	dbstop-ignored	args=if error
227.7690	61	0	dbstop-ignored	args=if error
227.7690	61	0	dbstop-ignored	args=if error
227.7690	61	0	dbstop-ignored	args=if error
227.7690	61	0	dbstop-ignored	args=if error
227.7690	61	0	dbstop-ignored	args=if error
227.7690	61	0	dbstop-ignored	args=if error
227.7690	61	0	pcf	file=/w/sandbox/repos/<unpublished-repo>/simonSingleWord/bedheadWorking.pcf
227.7690	61	0	reset	
227.7690	61	0	start	
229.5690	62	1	stop	
229.5690	62	0	getData	
229.5690	62	0	dbstop-ignored	args=if error
229.5690	62	0	dbstop-ignored	args=if error
230.8205	62	0	dbstop-ignored	args=if error
230.8205	62	0	dbstop-ignored	args=if error
230.8205	62	0	dbstop-ignored	args=if error
230.8205	62	0	dbstop-ignored	args=if error
230.8205	62	0	dbstop-ignored	args=if error
230.8205	62	0	dbstop-ignored	args=if error
230.8205	62	0	dbstop-ignored	args=if error
230.8205	62	0	dbstop-ignored	args=if error
230.8205	62	0	dbstop-ignored	args=if error
230.8205	62	0	dbstop-ignored	args=if error
230.8205	62	0	dbstop-ignored	args=if error
230.8205	62	0	dbstop-ignored	args=if error
230.8205	62	0	dbstop-ignored	args=if error
230.8205	62	0	dbstop-ignored	args=if error
230.8205	62	0	dbstop-ignored	args=if error
230.8205	62	0	dbstop-ignored	args=if error
230.8205	62	0	dbstop-ignored	args=if error
230.8205	62	0	dbstop-ignored	args=if error
230.8205	62	0	dbstop-ignored	args=if error
230.8205	62	0	dbstop-ignored	args=if error
230.8205	62	0	dbstop-ignored	args=if error
230.8205	62	0	dbstop-ignored	args=if error
230.8205	62	0	dbstop-ignored	args=if error
230.8205	62	0	dbstop-ignored	args=if error
230.8205	62	0	dbstop-ignored	args=if error
230.8205	62	0	dbstop-ignored	args=if error
230.8205	62	0	dbstop-ignored	args=if error
230.8205	62	0	dbstop-ignored	args=if error
230.8205	62	0	dbstop-ignored	args=if error
230.8205	62	0	dbstop-ignored	args=if error
230.8205	62	0	dbstop-ignored	args=if error
230.8205	62	0	dbstop-ignored	args=if error
230.8205	62	0	dbstop-ignored	args=if error
230.8205	62	0	dbstop-ignored	args=if error
230.8205	62	0	dbstop-ignored	args=if error
230.8205	62	0	dbstop-ignored	args=if error
230.8205	62	0	pcf	file=/w/sandbox/repos/<unpublished-repo>/simonSingleWord/bedheadWorking.pcf
230.8205	62	0	reset	
230.8205	62	0	start	
232.6205	63	1	stop	
232.6205	63	0	getData	
232.6205	63	0	dbstop-ignored	args=if error
232.6205	63	0	dbstop-ignored	args=if error
234.1032	63	0	dbstop-ignored	args=if error
234.1032	63	0	dbstop-ignored	args=if error
234.1032	63	0	dbstop-ignored	args=if error
234.1032	63	0	dbstop-ignored	args=if error
234.1032	63	0	dbstop-ignored	args=if error
234.1032	63	0	dbstop-ignored	args=if error
234.1032	63	0	dbstop-ignored	args=if error
234.1032	63	0	dbstop-ignored	args=if error
234.1032	63	0	dbstop-ignored	args=if error
234.1032	63	0	dbstop-ignored	args=if error
234.1032	63	0	dbstop-ignored	args=if error
234.1032	63	0	dbstop-ignored	args=if error
234.1032	63	0	dbstop-ignored	args=if error
234.1032	63	0	dbstop-ignored	args=if error
234.1032	63	0	dbstop-ignored	args=if error
234.1032	63	0	dbstop-ignored	args=if error
234.1032	63	0	dbstop-ignored	args=if error
234.1032	63	0	dbstop-ignored	args=if error
234.1032	63	0	dbstop-ignored	args=if error
234.1032	63	0	dbstop-ignored	args=if error
234.1032	63	0	dbstop-ignored	args=if error
234.1032	63	0	dbstop-ignored	args=if error
234.1032	63	0	dbstop-ignored	args=if error
234.1032	63	0	dbstop-ignored	args=if error
234.1032	63	0	dbstop-ignored	args=if error
234.1032	63	0	dbstop-ignored	args=if error
234.1032	63	0	dbstop-ignored	args=if error
234.1032	63	0	dbstop-ignored	args=if error
234.1032	63	0	dbstop-ignored	args=if error
234.1032	63	0	dbstop-ignored	args=if error
234.1032	63	0	dbstop-ignored	args=if error
234.1032	63	0	dbstop-ignored	args=if error
234.1032	63	0	dbstop-ignored	args=if error
234.1032	63	0	dbstop-ignored	args=if error
234.1032	63	0	dbstop-ignored	args=if error
234.1032	63	0	dbstop-ignored	args=if error
234.1032	63	0	pcf	file=/w/sandbox/repos/<unpublished-repo>/simonSingleWord/bedheadWorking.pcf
234.1032	63	0	reset	
234.1032	63	0	start	
235.9032	64	1	stop	
235.9032	64	0	getData	
235.9032	64	0	dbstop-ignored	args=if error
235.9032	64	0	dbstop-ignored	args=if error
237.3178	64	0	dbstop-ignored	args=if error
237.3178	64	0	dbstop-ignored	args=if error
237.3178	64	0	dbstop-ignored	args=if error
237.3178	64	0	dbstop-ignored	args=if error
237.3178	64	0	dbstop-ignored	args=if error
237.3178	64	0	dbstop-ignored	args=if error
237.3178	64	0	dbstop-ignored	args=if error
237.3178	64	0	dbstop-ignored	args=if error
237.3178	64	0	dbstop-ignored	args=if error
237.3178	64	0	dbstop-ignored	args=if error
237.3178	64	0	dbstop-ignored	args=if error
237.3178	64	0	dbstop-ignored	args=if error
237.3178	64	0	dbstop-ignored	args=if error
237.3178	64	0	dbstop-ignored	args=if error
237.3178	64	0	dbstop-ignored	args=if error
237.3178	64	0	dbstop-ignored	args=if error
237.3178	64	0	dbstop-ignored	args=if error
237.3178	64	0	dbstop-ignored	args=if error
237.3178	64	0	dbstop-ignored	args=if error
237.3178	64	0	dbstop-ignored	args=if error
237.3178	64	0	dbstop-ignored	args=if error
237.3178	64	0	dbstop-ignored	args=if error
237.3178	64	0	dbstop-ignored	args=if error
237.3178	64	0	dbstop-ignored	args=if error
237.3178	64	0	dbstop-ignored	args=if error
237.3178	64	0	dbstop-ignored	args=if error
237.3178	64	0	dbstop-ignored	args=if error
237.3178	64	0	dbstop-ignored	args=if error
237.3178	64	0	dbstop-ignored	args=if error
237.3178	64	0	dbstop-ignored	args=if error
237.3178	64	0	dbstop-ignored	args=if error
237.3178	64	0	dbstop-ignored	args=if error
237.3178	64	0	dbstop-ignored	args=if error
237.3178	64	0	dbstop-ignored	args=if error
237.3178	64	0	dbstop-ignored	args=if error
237.3178	64	0	dbstop-ignored	args=if error
237.3178	64	0	pcf	file=/w/sandbox/repos/<unpublished-repo>/simonSingleWord/bedheadWorking.pcf
237.3178	64	0	reset	
237.3178	64	0	start	
239.1178	65	1	stop	
239.1178	65	0	getData	
239.1178	65	0	dbstop-ignored	args=if error
239.1178	65	0	dbstop-ignored	args=if error
