k	mode	itrial	word	cond	shiftInfo	t0	dur	pumped_s	rec_s	rec_limit_s	sr	fb	ost	shift_s	shift_span	shift_F1_Hz	shift_F2_Hz	shift_F1_mel	shift_F2_mel	in_F1	in_F2	out_F1	out_F2	span_in_F1	span_in_F2	span_out_F1	span_out_F2	in_f0	out_f0	pitch_cents	gain_dB	heard_peak	lag_ms	in_rms_dB	noise_zero_runs	noise_zero_at	play_s	play_rms_dB	play_peak	read_s	lost_s	input
1	proc	1	bead	baselineTrain	shiftMags=0	6.003	1.5	1.5	1.5	30	16000	3	0@0.002 1@0.402 2@0.452 3@0.508 4@0.596	0		0	0	0	0	286.485	2858.97	272.967	2908.91					161.504	163.876	25.2438	-1.89054	0.110401	8	-29.2976	0							voice sage "bead" tok=a1cca3e1670e1a36 take=0 src=tts:gpt-audio-1.5 f0=166 onset=0.357 dur=0.630 vowel=0.397-0.717 level=0.050
2	proc	2	booed	baselineTrain	shiftMags=0	8.59016	1.5	1.5	1.5	30	16000	3	0@0.002 1@0.384 2@0.434 3@0.552 4@0.708	0		0	0	0	0	402.656	1641.93	397.262	1624.21					185.377	172.293	-126.717	-1.91677	0.109029	8	-26.9489	0							voice sage "booed" tok=648f84d54d536760 take=0 src=tts:gpt-audio-1.5 f0=171 onset=0.332 dur=0.980 vowel=0.352-0.862 level=0.050
3	proc	3	bad	baselineTrain	shiftMags=0	11.0688	1.5	1.5	1.5	30	16000	3	0@0.002 1@0.374 2@0.424 3@0.480 4@0.590	0		0	0	0	0	1113.36	2088.06	1111.93	2080.57					200.742	189.094	-103.486	-1.89641	0.119433	8	-28.7513	0							voice sage "bad" tok=0b94949d38b38e9b take=0 src=tts:gpt-audio-1.5 f0=172 onset=0.330 dur=0.850 vowel=0.360-0.710 level=0.050
4	proc	4	bod	baselineTrain	shiftMags=0	13.6183	1.5	1.5	1.5	30	16000	3	0@0.002 1@0.530 2@0.580 3@0.626 4@0.720	0		0	0	0	0	848.335	1199.01	1077.35	2208.21					191.289	158.222	-328.57	-1.95018	0.12817	8	-28.5094	0							voice sage "bod" tok=0bcabf410c0dcfb0 take=0 src=tts:gpt-audio-1.5 f0=154 onset=0.323 dur=0.890 vowel=0.523-0.863 level=0.050
5	proc	5	booed	baselineTrain	shiftMags=0	16.4556	1.5	1.5	1.5	30	16000	3	0@0.002 1@0.380 2@0.430 3@0.508 4@0.598	0		0	0	0	0	414.635	1410.48	415.759	1399.25					200.711	178.453	-203.487	-1.86913	0.104298	8	-28.2965	0							voice sage "booed" tok=1b6acbc1f5ea98cb take=1 src=tts:gpt-audio-1.5 f0=177 onset=0.328 dur=0.650 vowel=0.368-0.628 level=0.050
6	proc	6	bod	baselineTrain	shiftMags=0	19.2182	1.5	1.5	1.5	30	16000	3	0@0.002 1@0.440 2@0.490 3@0.558 4@0.652	0		0	0	0	0	980.131	1233.56	976.072	1226.74					164.704	164.714	0.113531	-1.96549	0.138415	8	-28.6103	0							voice sage "bod" tok=3c84533b90645ed4 take=1 src=tts:gpt-audio-1.5 f0=162 onset=0.311 dur=0.840 vowel=0.431-0.731 level=0.050
7	proc	7	bead	baselineTrain	shiftMags=0	21.8374	1.5	1.5	1.5	30	16000	3	0@0.002 1@0.412 2@0.462 3@0.550 4@0.632	0		0	0	0	0	301.165	2780.68	268.51	2869.27					159.178	159.504	3.53992	-1.93282	0.10046	8	-28.454	0							voice sage "bead" tok=57b183fe58481e66 take=1 src=tts:gpt-audio-1.5 f0=157 onset=0.362 dur=0.650 vowel=0.392-0.922 level=0.050
8	proc	8	bad	baselineTrain	shiftMags=0	24.5732	1.5	1.5	1.5	30	16000	3	0@0.002 1@0.372 2@0.422 3@0.488 4@0.590	0		0	0	0	0	1074.42	1956.18	1076.7	1958.75					165.503	166.992	15.5068	-1.91633	0.135214	8	-28.6551	0							voice sage "bad" tok=bff059c145c05575 take=1 src=tts:gpt-audio-1.5 f0=161 onset=0.332 dur=0.630 vowel=0.362-0.882 level=0.050
9	proc	9	booed	baselineTrain	shiftMags=0	27.1063	1.5	1.5	1.5	30	16000	3	0@0.002 1@0.344 2@0.394 3@0.480 4@0.578	0		0	0	0	0	541.706	1669.81	541.798	1669.1					181.5	171.009	-103.077	-2.00136	0.122737	8	-27.4605	0							voice sage "booed" tok=634ca7bde90b1e5e take=2 src=tts:gpt-audio-1.5 f0=167 onset=0.301 dur=0.830 vowel=0.341-0.651 level=0.050
10	proc	10	bad	baselineTrain	shiftMags=0	29.5093	1.5	1.5	1.5	30	16000	3	0@0.002 1@0.390 2@0.440 3@0.534 4@0.610	0		0	0	0	0	1154.61	3207.89	1154.11	2928.41					154.636	162.191	82.582	-1.92682	0.149174	8	-27.2481	0							voice sage "bad" tok=55bf3cc2c5719dc4 take=2 src=tts:gpt-audio-1.5 f0=151 onset=0.345 dur=0.690 vowel=0.365-0.685 level=0.050
11	proc	11	bod	baselineTrain	shiftMags=0	31.7622	1.5	1.5	1.5	30	16000	3	0@0.002 1@0.306 2@0.356 3@0.384 4@0.500	0		0	0	0	0	1006.93	1226.18	996.808	1223.6					189.588	193.231	32.9573	-1.94717	0.228818	8	-25.9676	0							voice sage "bod" tok=cfa4fc51e856fa56 take=2 src=tts:gpt-audio-1.5 f0=175 onset=0.313 dur=0.880 vowel=0.313-0.543 level=0.050
12	proc	12	bead	baselineTrain	shiftMags=0	34.2204	1.5	1.5	1.5	30	16000	3	0@0.002 1@0.368 2@0.418 3@0.514 4@0.628	0		0	0	0	0	354.112	3127.86	317.426	3117.56					168.959	169.52	5.73482	-1.86497	0.120585	8	-27.774	0							voice sage "bead" tok=0911d7bfc62ed3d0 take=2 src=tts:gpt-audio-1.5 f0=168 onset=0.315 dur=0.600 vowel=0.355-0.825 level=0.050
13	proc	13	booed	baselineTrain	shiftMags=0	36.919	1.5	1.5	1.5	30	16000	3	0@0.002 1@0.534 2@0.584 3@0.654 4@0.812	0		0	0	0	0	392.713	1448.18	371.764	1450.5					171.022	184.839	134.498	-1.90155	0.120841	8	-28.1832	0							voice sage "booed" tok=4df2a42ad7b9d57d take=3 src=tts:gpt-audio-1.5 f0=180 onset=0.366 dur=0.730 vowel=0.526-0.846 level=0.050
14	proc	14	bod	baselineTrain	shiftMags=0	39.8303	1.5	1.5	1.5	30	16000	3	0@0.002 1@0.484 2@0.534 3@0.588 4@0.680	0		0	0	0	0	1023.37	1240.9	1025.7	1242.21					157.337	158.927	17.4154	-1.90575	0.141506	8	-29.0417	0							voice sage "bod" tok=1fa3845a40050895 take=3 src=tts:gpt-audio-1.5 f0=158 onset=0.331 dur=0.560 vowel=0.361-0.701 level=0.050
15	proc	15	bad	baselineTrain	shiftMags=0	42.7023	1.5	1.5	1.5	30	16000	3	0@0.002 1@0.486 2@0.536 3@0.634 4@0.722	0		0	0	0	0	1129.16	1893.5	1125.64	1899.98					160.802	172.918	125.772	-2.01556	0.15639	8	-27.416	0							voice sage "bad" tok=beedd2b4240955c0 take=3 src=tts:gpt-audio-1.5 f0=162 onset=0.294 dur=0.700 vowel=0.464-0.764 level=0.050
16	proc	16	bead	baselineTrain	shiftMags=0	45.3355	1.5	1.5	1.5	30	16000	3	0@0.002 1@0.308 2@0.358 3@0.514 2@0.516 3@0.548 4@0.730	0		0	0	0	0	301.675	3153.25	261.378	3158.18					156.514	163.904	79.8717	-1.90828	0.104287	8	-26.7577	0							voice sage "bead" tok=f7c2e97736d2cca4 take=3 src=tts:gpt-audio-1.5 f0=158 onset=0.318 dur=0.830 vowel=0.318-0.828 level=0.050
17	proc	17	booed	baselineTrain	shiftMags=0	48.3258	1.5	1.5	1.5	30	16000	3	0@0.002 1@0.380 2@0.430 3@0.552 4@0.702	0		0	0	0	0	397.407	1619.61	398.557	1621.84					176.292	171.951	-43.1665	-1.87548	0.111446	8	-26.9488	0							voice sage "booed" tok=648f84d54d536760 take=0 src=tts:gpt-audio-1.5 f0=171 onset=0.328 dur=0.980 vowel=0.348-0.858 level=0.050
18	proc	18	bead	baselineTrain	shiftMags=0	50.922	1.5	1.5	1.5	30	16000	3	0@0.002 1@0.364 2@0.414 3@0.470 4@0.560	0		0	0	0	0	294.446	2874.85	277.159	2891.23					162.911	167.085	43.7977	-1.82571	0.111529	8	-29.2975	0							voice sage "bead" tok=a1cca3e1670e1a36 take=0 src=tts:gpt-audio-1.5 f0=166 onset=0.320 dur=0.630 vowel=0.360-0.680 level=0.050
19	proc	19	bod	baselineTrain	shiftMags=0	53.7979	1.5	1.5	1.5	30	16000	3	0@0.002 1@0.494 2@0.544 3@0.590 4@0.686	0		0	0	0	0	1065.08	1238.04	1120.63	3047.55					196.653	157.145	-388.272	-1.9222	0.135827	8	-28.5141	0							voice sage "bod" tok=0bcabf410c0dcfb0 take=0 src=tts:gpt-audio-1.5 f0=154 onset=0.288 dur=0.890 vowel=0.488-0.828 level=0.050
20	proc	20	bad	baselineTrain	shiftMags=0	56.3547	1.5	1.5	1.5	30	16000	3	0@0.002 1@0.340 2@0.390 3@0.444 4@0.556	0		0	0	0	0	1117.16	2096.08	1116.37	2092.46					187.435	187.431	-0.0398305	-1.88111	0.131402	8	-28.7513	1	1.485+15.4ms						voice sage "bad" tok=0b94949d38b38e9b take=0 src=tts:gpt-audio-1.5 f0=172 onset=0.295 dur=0.850 vowel=0.325-0.675 level=0.050
21	proc	1	bid	baselineGeneralize	shiftMags=0	66.1661	1.5	1.5	1.5	30	16000	4	0@0.002	0.268	0.470-0.738	67.2125	878.531	59	287	559.154	2363.63	431.646	1371.37	559.154	2363.63	431.646	1371.37	167.541	201.998	323.79	-4.22966	0.0901634	11.3125	-27.8825	0							voice sage "bid" tok=e2d42447a326ea3c take=0 src=tts:gpt-audio-1.5 f0=166 onset=0.328 dur=0.770 vowel=0.458-0.698 level=0.050
22	proc	2	bud	baselineGeneralize	shiftMags=0	68.4554	1.5	1.5	1.5	30	16000	4	0@0.002	0.366	0.342-0.726	-280.78	1040.94	-205	397	1066.16	1514.02	524.777	1439.53	1066.16	1514.02	524.777	1439.53	167.251	239.158	619.138	-6.55202	0.0895183	42.125	-27.3601	0							voice sage "bud" tok=42d3985182e1991d take=0 src=tts:gpt-audio-1.5 f0=163 onset=0.297 dur=0.750 vowel=0.337-0.697 level=0.050
23	proc	3	bayed	baselineGeneralize	shiftMags=0	70.9805	1.5	1.5	1.5	30	16000	4	0@0.002	0.432	0.346-0.796	133.091	768.167	122	231	488.74	2718.96	439.526	2207.65	488.74	2718.96	439.526	2207.65	173.458	194.302	196.464	-5.79887	0.0935607	-53.4375	-26.7748	0							voice sage "bayed" tok=1019834daace345e take=0 src=tts:gpt-audio-1.5 f0=158 onset=0.324 dur=0.890 vowel=0.334-0.664 level=0.050
24	proc	4	bode	baselineGeneralize	shiftMags=0	73.6499	1.5	1.5	1.5	30	16000	4	0@0.002	0.32	0.400-0.730	34.8777	1148.24	30	524	784.976	1331.76	477.79	3456.27	784.976	1331.76	477.79	3456.27	163.9	NaN	NaN	-4.78028	0.109327	-19.25	-26.6857	0							voice sage "bode" tok=0468ea131241410e take=0 src=tts:gpt-audio-1.5 f0=153 onset=0.357 dur=0.740 vowel=0.397-0.687 level=0.050
25	proc	5	bed	baselineGeneralize	shiftMags=0	76.0015	1.5	1.5	1.5	30	16000	4	0@0.002	0.298	0.406-0.704	-226.243	939.548	-169	320	1000.99	3663.06	436.706	1207.64	1000.99	3663.06	436.706	1207.64	176.194	NaN	NaN	-4.33166	0.0883173	-39.4375	-29.8475	0							voice sage "bed" tok=bed8da4c125b832f take=0 src=tts:gpt-audio-1.5 f0=170 onset=0.304 dur=0.880 vowel=0.304-0.774 level=0.050
26	proc	6	bed	baselineGeneralize	shiftMags=0	78.3027	1.5	1.5	1.5	30	16000	4	0@0.002	0.37	0.344-0.768	-130.268	901.551	-102	298	582.927	2094.53	393.487	1286.99	687.093	2176.32	481.495	2420	164.13	NaN	NaN	-4.44868	0.102636	26.875	-27.666	0							voice sage "bed" tok=717760444433b274 take=1 src=tts:gpt-audio-1.5 f0=156 onset=0.287 dur=1.040 vowel=0.337-0.607 level=0.050
27	proc	7	bode	baselineGeneralize	shiftMags=0	80.7919	1.5	1.5	1.5	30	16000	4	0@0.002	0.626	0.282-0.936	148.625	1159.05	138	540	605.678	1220.17	417.301	2439.61	728.091	1205.88	425.717	1295.06	160.058	164.9	51.6015	-5.65589	0.10493	44.875	-26.5617	0							voice sage "bode" tok=9b306c2bd6cfbe28 take=1 src=tts:gpt-audio-1.5 f0=155 onset=0.282 dur=1.080 vowel=0.282-0.822 level=0.050
28	proc	8	bud	baselineGeneralize	shiftMags=0	83.598	1.5	1.5	1.5	30	16000	4	0@0.002	0.24	0.424-0.750	-298.871	1074.26	-216	430	924.783	1351.9	425.206	2320.71	924.783	1351.9	425.206	2320.71	170.511	NaN	NaN	-3.95041	0.0911926	27.625	-29.4763	0							voice sage "bud" tok=b75d2aef75be6f0e take=1 src=tts:gpt-audio-1.5 f0=148 onset=0.322 dur=0.840 vowel=0.422-0.742 level=0.050
29	proc	9	bayed	baselineGeneralize	shiftMags=0	86.2734	1.5	1.5	1.5	30	16000	4	0@0.002	0.646	0.326-0.978	136.93	789.946	126	242	561.459	2604.64	486.349	2203.12	572.751	2613.76	479.277	2232.23	159.343	NaN	NaN	-6.89807	0.0792503	16.0625	-26.419	0							voice sage "bayed" tok=b811ba89361b85b1 take=1 src=tts:gpt-audio-1.5 f0=159 onset=0.334 dur=1.040 vowel=0.334-0.924 level=0.050
30	proc	10	bid	baselineGeneralize	shiftMags=0	89.271	1.5	1.5	1.5	30	16000	4	0@0.002	0.32	0.530-0.850	116.833	857.782	106	276	NaN	NaN	NaN	NaN					165.184	NaN	NaN	-5.7109	0.0758734	32.9375	-28.2278	0							voice sage "bid" tok=c315bd4cea02a0e6 take=1 src=tts:gpt-audio-1.5 f0=181 onset=0.371 dur=0.720 vowel=0.521-0.791 level=0.050
31	proc	11	bud	baselineGeneralize	shiftMags=0	91.9748	1.5	1.5	1.5	30	16000	4	0@0.002	0.254	0.398-0.652	-226.129	1069.4	-169	424	869.579	1375.24	511.308	1264.12	869.579	1375.24	511.308	1264.12	149.632	NaN	NaN	-5.03379	0.0877209	13.5625	-29.2485	0							voice sage "bud" tok=d29451860356428f take=2 src=tts:gpt-audio-1.5 f0=150 onset=0.348 dur=0.620 vowel=0.378-0.608 level=0.050
32	proc	12	bed	baselineGeneralize	shiftMags=0	94.8926	1.5	1.5	1.5	30	16000	4	0@0.002	0.384	0.312-0.766	-232.437	923.509	-173	309	887.774	2438.1	359.996	1206.99	887.774	2438.1	359.996	1206.99	136.997	234.597	931.249	-5.48953	0.174777	1	-26.4517	0							voice sage "bed" tok=69bd5ea153d462c2 take=2 src=tts:gpt-audio-1.5 f0=152 onset=0.315 dur=0.740 vowel=0.315-0.565 level=0.050
33	proc	13	bid	baselineGeneralize	shiftMags=0	97.5723	1.5	1.5	1.5	30	16000	4	0@0.002	0.228	0.474-0.702	67.2569	885.897	59	289.5	529.924	2296.65	430.258	1096.28	539.847	2334.08	435.765	1096.11	162.48	165.115	27.8557	-5.25677	0.120077	48.75	-29.0468	0							voice sage "bid" tok=c600254ac5dd8f94 take=2 src=tts:gpt-audio-1.5 f0=160 onset=0.371 dur=0.910 vowel=0.461-0.651 level=0.050
34	proc	14	bode	baselineGeneralize	shiftMags=0	100.183	1.5	1.5	1.5	30	16000	4	0@0.002	0.41	0.528-0.938	129.09	1170.3	118	562	584.398	1222.2	388.341	1291.98	619.599	1228.78	369.207	1419.82	166.393	138.459	-318.162	-4.35207	0.0940869	20.625	-27.8574	0							voice sage "bode" tok=42cdc51d2022a9a6 take=2 src=tts:gpt-audio-1.5 f0=167 onset=0.354 dur=0.730 vowel=0.524-1.024 level=0.050
35	proc	15	bayed	baselineGeneralize	shiftMags=0	102.745	1.5	1.5	1.5	30	16000	4	0@0.002	0.408	0.478-0.886	135.071	759.079	124	226	NaN	NaN	NaN	NaN					167.546	166.638	-9.40522	-4.42852	0.104733	22.0625	-27.7786	0							voice sage "bayed" tok=b77a186866b8f302 take=2 src=tts:gpt-audio-1.5 f0=163 onset=0.348 dur=0.750 vowel=0.478-0.848 level=0.050
36	proc	16	bode	baselineGeneralize	shiftMags=0	105.048	1.5	1.5	1.5	30	16000	4	0@0.002	0.338	0.306-0.666	4.73865	1158.97	4	540	716.264	1220.07	455.959	3513.29	716.264	1220.07	455.959	3513.29	197.282	NaN	NaN	-6.06049	0.0990645	0.1875	-26.0243	0							voice sage "bode" tok=b539b2fbec6e3545 take=3 src=tts:gpt-audio-1.5 f0=199 onset=0.322 dur=0.780 vowel=0.322-0.552 level=0.050
37	proc	17	bayed	baselineGeneralize	shiftMags=0	107.345	1.5	1.5	1.5	30	16000	4	0@0.002	0.39	0.280-0.724	140.944	781.711	130	237	497.615	2198.75	414.895	1307.35					137.277	NaN	NaN	-5.8552	0.175696	43.4375	-25.8359	0							voice sage "bayed" tok=46c89b1a03e872a9 take=3 src=tts:gpt-audio-1.5 f0=161 onset=0.293 dur=1.230 vowel=0.293-0.573 level=0.050
38	proc	18	bud	baselineGeneralize	shiftMags=0	110.089	1.5	1.5	1.5	30	16000	4	0@0.002	0.264	0.498-0.762	-223.033	1094.3	-167	449.5	784.939	1291.61	563.203	3827.89	784.939	1291.61	563.203	3827.89	159.267	NaN	NaN	-4.76931	0.084463	31.75	-27.8801	0							voice sage "bud" tok=897be1a59674c8e9 take=3 src=tts:gpt-audio-1.5 f0=157 onset=0.295 dur=0.610 vowel=0.485-0.825 level=0.050
39	proc	19	bed	baselineGeneralize	shiftMags=0	112.984	1.5	1.5	1.5	30	16000	4	0@0.002	0.272	0.534-0.806	-168.956	895.943	-130	298	912.615	2236.64	428.672	1436.47	930.179	2240.69	445.146	1346.03	162.917	143.846	-215.531	-5.37794	0.115422	52.25	-28.5564	0							voice sage "bed" tok=b215427f139033e1 take=3 src=tts:gpt-audio-1.5 f0=169 onset=0.346 dur=0.620 vowel=0.526-0.766 level=0.050
40	proc	20	bid	baselineGeneralize	shiftMags=0	115.248	1.5	1.5	1.5	30	16000	4	0@0.002	0.272	0.358-0.734	108.615	856.059	98	276	537.959	2492.87	527.978	3519.48	537.959	2492.87	527.978	3519.48	160.465	143.001	-199.477	-4.39369	0.106571	-28.1875	-28.6953	0							voice sage "bid" tok=789a0b8dcefc3b87 take=3 src=tts:gpt-audio-1.5 f0=159 onset=0.312 dur=0.710 vowel=0.342-0.722 level=0.050
41	proc	21	bid	baselineGeneralize	shiftMags=0	117.633	1.5	1.5	1.5	30	16000	4	0@0.002	0.268	0.462-0.730	67.2141	878.721	59	287	545.084	2351.73	592.329	1446.23	545.084	2351.73	592.329	1446.23	169.038	205.858	341.163	-4.16571	0.0888731	19.1875	-27.8814	0							voice sage "bid" tok=e2d42447a326ea3c take=0 src=tts:gpt-audio-1.5 f0=166 onset=0.320 dur=0.770 vowel=0.450-0.690 level=0.050
42	proc	22	bode	baselineGeneralize	shiftMags=0	120.129	1.5	1.5	1.5	30	16000	4	0@0.002	0.322	0.350-0.680	32.6403	1148.13	28	524	780.042	1314.78	550.678	1522.46	780.921	1320.3	529.102	1493.44	164.059	NaN	NaN	-6.63478	0.0942971	20.0625	-26.6854	0							voice sage "bode" tok=0468ea131241410e take=0 src=tts:gpt-audio-1.5 f0=153 onset=0.307 dur=0.740 vowel=0.347-0.637 level=0.050
43	proc	23	bud	baselineGeneralize	shiftMags=0	122.613	1.5	1.5	1.5	30	16000	4	0@0.002	0.366	0.416-0.800	-275.708	1050.94	-201	408	1080.37	1461.23	472.133	1345.42	1105.72	1470.56	482.428	1268.21	168.921	187.2	177.871	-5.52	0.0831546	45.625	-27.3602	0							voice sage "bud" tok=42d3985182e1991d take=0 src=tts:gpt-audio-1.5 f0=163 onset=0.371 dur=0.750 vowel=0.411-0.771 level=0.050
44	proc	24	bayed	baselineGeneralize	shiftMags=0	125.489	1.5	1.5	1.5	30	16000	4	0@0.002	0.43	0.374-0.822	133.074	767.43	122	231	490.855	2694.73	468.812	1117.3	490.855	2694.73	468.812	1117.3	169.737	153.613	-172.793	-5.64909	0.0948005	-24.5	-26.7749	0							voice sage "bayed" tok=1019834daace345e take=0 src=tts:gpt-audio-1.5 f0=158 onset=0.352 dur=0.890 vowel=0.362-0.692 level=0.050
45	proc	25	bed	baselineGeneralize	shiftMags=0	127.928	1.5	1.5	1.5	30	16000	4	0@0.002	0.288	0.470-0.758	-235.145	936.709	-175	320	846.864	2322.31	410.148	1361.07	859.549	2352.94	411.481	1322.83	169.849	NaN	NaN	-4.19188	0.103571	38.875	-29.8478	0							voice sage "bed" tok=bed8da4c125b832f take=0 src=tts:gpt-audio-1.5 f0=170 onset=0.368 dur=0.880 vowel=0.368-0.838 level=0.050
46	proc	26	bed	baselineGeneralize	shiftMags=0	130.408	1.5	1.5	1.5	30	16000	4	0@0.002	0.368	0.382-0.806	-146.671	900.879	-114	298	578.507	2140.56	604.701	2790.26	710.533	2236.07	618.528	2361.57	161.053	NaN	NaN	-5.10455	0.102356	51.125	-27.666	0							voice sage "bed" tok=717760444433b274 take=1 src=tts:gpt-audio-1.5 f0=156 onset=0.327 dur=1.040 vowel=0.377-0.647 level=0.050
47	proc	27	bayed	baselineGeneralize	shiftMags=0	133.024	1.5	1.5	1.5	30	16000	4	0@0.002	0.646	0.280-0.930	141.017	788.571	130	242	505.578	2614.57	426.404	2197.29	503.379	2629.69	427.354	1746.06	157.843	152.905	-55.0263	-6.13455	0.101928	24.875	-26.4191	0							voice sage "bayed" tok=b811ba89361b85b1 take=1 src=tts:gpt-audio-1.5 f0=159 onset=0.287 dur=1.040 vowel=0.287-0.877 level=0.050
48	proc	28	bid	baselineGeneralize	shiftMags=0	135.987	1.5	1.5	1.5	30	16000	4	0@0.002	0.32	0.468-0.788	116.855	857.662	106	276	384.596	2193.49	378.782	2772.13					162.692	NaN	NaN	-5.31398	0.0833286	36.9375	-28.2269	0							voice sage "bid" tok=c315bd4cea02a0e6 take=1 src=tts:gpt-audio-1.5 f0=181 onset=0.309 dur=0.720 vowel=0.459-0.729 level=0.050
49	proc	29	bode	baselineGeneralize	shiftMags=0	138.458	1.5	1.5	1.5	30	16000	4	0@0.002	0.626	0.370-1.024	148.897	1159.19	138	540	937.549	2135.1	459.193	1356.51	1115.85	3049.18	454.35	1256.78	156.783	NaN	NaN	-6.282	0.101206	39.375	-26.5618	0							voice sage "bode" tok=9b306c2bd6cfbe28 take=1 src=tts:gpt-audio-1.5 f0=155 onset=0.370 dur=1.080 vowel=0.370-0.910 level=0.050
50	proc	30	bud	baselineGeneralize	shiftMags=0	141.183	1.5	1.5	1.5	30	16000	4	0@0.002	0.242	0.410-0.738	-293.065	1073.78	-212	430	925.356	1349.26	396.848	1139.47	925.356	1349.26	367.232	1139.47	166.526	193.306	258.167	-5.18701	0.0813926	57.5625	-29.4747	0							voice sage "bud" tok=b75d2aef75be6f0e take=1 src=tts:gpt-audio-1.5 f0=148 onset=0.309 dur=0.840 vowel=0.409-0.729 level=0.050
51	proc	31	bayed	baselineGeneralize	shiftMags=0	144.47	1.5	1.5	1.5	30	16000	4	0@0.002	0.408	0.414-0.822	137.045	760.028	126	226	612.686	2422.04	466.025	1448.07	612.686	2422.04	466.025	1448.07	170.708	198.9	264.611	-5.65238	0.090017	52	-27.7784	0							voice sage "bayed" tok=b77a186866b8f302 take=2 src=tts:gpt-audio-1.5 f0=163 onset=0.284 dur=0.750 vowel=0.414-0.784 level=0.050
52	proc	32	bid	baselineGeneralize	shiftMags=0	147.043	1.5	1.5	1.5	30	16000	4	0@0.002	0.23	0.472-0.702	67.2565	886.584	59	292	608.931	2433.75	821.75	1669.91	608.931	2433.75	821.75	1669.91	163.069	173.981	112.13	-5.95087	0.0747842	-21.8125	-29.0464	0							voice sage "bid" tok=c600254ac5dd8f94 take=2 src=tts:gpt-audio-1.5 f0=160 onset=0.369 dur=0.910 vowel=0.459-0.649 level=0.050
53	proc	33	bed	baselineGeneralize	shiftMags=0	149.988	1.5	1.5	1.5	30	16000	4	0@0.002	0.372	0.344-0.788	-199.557	920.734	-151	309	658.765	2195.18	422.849	2364.07	687.575	2262.66	496.573	1329.25	138.2	159.055	243.319	-6.29829	0.165347	39.4375	-26.4518	0							voice sage "bed" tok=69bd5ea153d462c2 take=2 src=tts:gpt-audio-1.5 f0=152 onset=0.348 dur=0.740 vowel=0.348-0.598 level=0.050
54	proc	34	bode	baselineGeneralize	shiftMags=0	152.402	1.5	1.5	1.5	30	16000	4	0@0.002	0.41	0.466-0.876	124.94	1168.22	114	562	617.617	1137.73	450.535	1163.67	617.617	1137.73	450.535	1163.67	166.224	140.664	-289.054	-4.91307	0.0854825	-54.1875	-27.8573	0							voice sage "bode" tok=42cdc51d2022a9a6 take=2 src=tts:gpt-audio-1.5 f0=167 onset=0.291 dur=0.730 vowel=0.461-0.961 level=0.050
55	proc	35	bud	baselineGeneralize	shiftMags=0	154.919	1.5	1.5	1.5	30	16000	4	0@0.002	0.254	0.342-0.596	-226.204	1070.75	-169	424	894.444	1430.71	496.91	3418.27	894.444	1430.71	496.91	3418.27	153.244	NaN	NaN	-4.69318	0.0829547	15.25	-29.2491	0							voice sage "bud" tok=d29451860356428f take=2 src=tts:gpt-audio-1.5 f0=150 onset=0.293 dur=0.620 vowel=0.323-0.553 level=0.050
56	proc	36	bid	baselineGeneralize	shiftMags=0	157.659	1.5	1.5	1.5	30	16000	4	0@0.002	0.274	0.340-0.718	104.332	851.378	94	270	446.095	2531.56	675.607	2461.98	446.095	2531.56	675.607	2461.98	160.948	NaN	NaN	-5.49268	0.082078	8	-28.6961	0							voice sage "bid" tok=789a0b8dcefc3b87 take=3 src=tts:gpt-audio-1.5 f0=159 onset=0.295 dur=0.710 vowel=0.325-0.705 level=0.050
57	proc	37	bud	baselineGeneralize	shiftMags=0	160.334	1.5	1.5	1.5	30	16000	4	0@0.002	0.264	0.562-0.826	-220.34	1095.62	-165	452	725.441	1285.12	418.907	1130.19	745.392	1286.16	797.653	1680.25	159.351	222.858	580.696	-5.38856	0.0892438	49.625	-27.881	0							voice sage "bud" tok=897be1a59674c8e9 take=3 src=tts:gpt-audio-1.5 f0=157 onset=0.360 dur=0.610 vowel=0.550-0.890 level=0.050
58	proc	38	bode	baselineGeneralize	shiftMags=0	163.016	1.5	1.5	1.5	30	16000	4	0@0.002	0.336	0.296-0.656	4.74271	1158.74	4.00002	540	786.013	1250.02	377.467	1458.32	786.013	1250.02	377.467	1458.32	208.729	193.952	-127.115	-5.48298	0.118093	-37.0625	-26.0223	0							voice sage "bode" tok=b539b2fbec6e3545 take=3 src=tts:gpt-audio-1.5 f0=199 onset=0.312 dur=0.780 vowel=0.312-0.542 level=0.050
59	proc	39	bayed	baselineGeneralize	shiftMags=0	165.722	1.5	1.5	1.5	30	16000	4	0@0.002	0.384	0.276-0.722	150.909	782.814	140	237	488.518	2194.5	390.792	1317.49	551.8	2345.07	389.34	1080.3	146.102	231.962	800.299	-7.11718	0.115758	39.9375	-25.8363	0							voice sage "bayed" tok=46c89b1a03e872a9 take=3 src=tts:gpt-audio-1.5 f0=161 onset=0.289 dur=1.230 vowel=0.289-0.569 level=0.050
60	proc	40	bed	baselineGeneralize	shiftMags=0	168.479	1.5	1.5	1.5	30	16000	4	0@0.002	0.272	0.494-0.766	-169.023	892.106	-130	292	896.522	2240.27	406.55	1215.15	896.522	2240.27	406.55	1215.15	164.095	228.473	572.995	-4.79357	0.077062	37.4375	-28.5573	0							voice sage "bed" tok=b215427f139033e1 take=3 src=tts:gpt-audio-1.5 f0=169 onset=0.307 dur=0.620 vowel=0.487-0.727 level=0.050
61	proc	41	bud	baselineGeneralize	shiftMags=0	170.971	1.5	1.5	1.5	30	16000	4	0@0.002	0.366	0.378-0.762	-275.686	1063.09	-201	413	1090.17	1478.74	386.113	1455.01	1090.17	1478.74	386.113	1455.01	161.931	178.407	167.749	-4.5304	0.0946524	45.0625	-27.3597	0							voice sage "bud" tok=42d3985182e1991d take=0 src=tts:gpt-audio-1.5 f0=163 onset=0.333 dur=0.750 vowel=0.373-0.733 level=0.050
62	proc	42	bid	baselineGeneralize	shiftMags=0	173.484	1.5	1.5	1.5	30	16000	4	0@0.002	0.268	0.434-0.702	67.1149	878.486	59	287	553.032	2371.14	537.851	1512.48	553.032	2371.14	537.851	1512.48	167.819	NaN	NaN	-7.32152	0.0901904	-52.125	-27.8813	0							voice sage "bid" tok=e2d42447a326ea3c take=0 src=tts:gpt-audio-1.5 f0=166 onset=0.290 dur=0.770 vowel=0.420-0.660 level=0.050
63	proc	43	bed	baselineGeneralize	shiftMags=0	176.032	1.5	1.5	1.5	30	16000	4	0@0.002	0.288	0.406-0.694	-238.18	937.321	-177	320	907.553	2341.84	423.72	2471.87	907.553	2341.84	423.72	2471.87	173.399	192.931	184.787	-4.87099	0.0872131	19.5	-29.8457	0							voice sage "bed" tok=bed8da4c125b832f take=0 src=tts:gpt-audio-1.5 f0=170 onset=0.303 dur=0.880 vowel=0.303-0.773 level=0.050
64	proc	44	bode	baselineGeneralize	shiftMags=0	178.674	1.5	1.5	1.5	30	16000	4	0@0.002	0.322	0.350-0.680	37.2289	1147.97	32	524	1149.98	3242.78	465.977	1481.29	1149.98	3242.78	465.977	1481.29	164.015	NaN	NaN	-4.83118	0.0997134	23.3125	-26.6857	0							voice sage "bode" tok=0468ea131241410e take=0 src=tts:gpt-audio-1.5 f0=153 onset=0.307 dur=0.740 vowel=0.347-0.637 level=0.050
65	proc	45	bayed	baselineGeneralize	shiftMags=0	181.349	1.5	1.5	1.5	30	16000	4	0@0.002	0.432	0.382-0.832	136.914	768.161	126	231	528.98	2685.39	437.614	1226.88	528.98	2685.39	437.614	1226.88	172.409	235.439	539.426	-5.11262	0.114061	-8.1875	-26.7753	0							voice sage "bayed" tok=1019834daace345e take=0 src=tts:gpt-audio-1.5 f0=158 onset=0.360 dur=0.890 vowel=0.370-0.700 level=0.050
66	proc	46	bode	baselineGeneralize	shiftMags=0	184.255	1.5	1.5	1.5	30	16000	4	0@0.002	0.626	0.360-1.014	149.2	1159.75	138	540	1165.29	3094.04	442.102	1970.85	1177.91	3140.67	505.094	2152.22	161	89.0281	-1025.67	-5.8648	0.0913165	58.125	-26.5617	0							voice sage "bode" tok=9b306c2bd6cfbe28 take=1 src=tts:gpt-audio-1.5 f0=155 onset=0.360 dur=1.080 vowel=0.360-0.900 level=0.050
67	proc	47	bud	baselineGeneralize	shiftMags=0	186.802	1.5	1.5	1.5	30	16000	4	0@0.002	0.246	0.382-0.710	-293.201	1073.53	-212	430	931.536	1350.9	764.791	3492.74	931.536	1350.9	764.791	3492.74	163.353	NaN	NaN	-4.97948	0.0730544	50.3125	-29.4754	0							voice sage "bud" tok=b75d2aef75be6f0e take=1 src=tts:gpt-audio-1.5 f0=148 onset=0.281 dur=0.840 vowel=0.381-0.701 level=0.050
68	proc	48	bid	baselineGeneralize	shiftMags=0	189.388	1.5	1.5	1.5	30	16000	4	0@0.002	0.322	0.480-0.802	121.02	857.999	110	276	448.736	2357.24	389.569	1134.27	448.736	2357.24	389.569	1134.27	162.42	NaN	NaN	-5.02395	0.0833715	23.1875	-28.2271	0							voice sage "bid" tok=c315bd4cea02a0e6 take=1 src=tts:gpt-audio-1.5 f0=181 onset=0.323 dur=0.720 vowel=0.473-0.743 level=0.050
69	proc	49	bayed	baselineGeneralize	shiftMags=0	192.263	1.5	1.5	1.5	30	16000	4	0@0.002	0.646	0.358-1.010	137.05	787.767	126	242	547.884	2627.46	467.915	1265.81	547.884	2627.46	467.915	1265.81	157.641	NaN	NaN	-6.92262	0.0839948	-15.125	-26.4193	0							voice sage "bayed" tok=b811ba89361b85b1 take=1 src=tts:gpt-audio-1.5 f0=159 onset=0.366 dur=1.040 vowel=0.366-0.956 level=0.050
70	proc	50	bed	baselineGeneralize	shiftMags=0	195.241	1.5	1.5	1.5	30	16000	4	0@0.002	0.368	0.372-0.796	-146.499	902.12	-114	298	794.24	2278.11	410.505	1249.37	794.24	2278.11	410.505	1249.37	164.149	192.327	274.263	-4.51336	0.0887357	7.0625	-27.6667	0							voice sage "bed" tok=717760444433b274 take=1 src=tts:gpt-audio-1.5 f0=156 onset=0.316 dur=1.040 vowel=0.366-0.636 level=0.050
71	proc	51	bayed	baselineGeneralize	shiftMags=0	197.673	1.5	1.5	1.5	30	16000	4	0@0.002	0.408	0.420-0.828	137.003	752.408	126	226	585.959	2389.65	535.306	3066.82	607.674	2401.38	476.413	2122.54	169.101	196.183	257.181	-5.67822	0.0894247	56.4375	-27.7775	0							voice sage "bayed" tok=b77a186866b8f302 take=2 src=tts:gpt-audio-1.5 f0=163 onset=0.290 dur=0.750 vowel=0.420-0.790 level=0.050
72	proc	52	bode	baselineGeneralize	shiftMags=0	200.471	1.5	1.5	1.5	30	16000	4	0@0.002	0.41	0.528-0.938	125.013	1169.18	114	562	653.118	1220.59	423.739	2025.12	653.118	1220.59	423.739	2025.12	166.503	174.865	84.8404	-5.09151	0.0861104	-20.75	-27.8578	0							voice sage "bode" tok=42cdc51d2022a9a6 take=2 src=tts:gpt-audio-1.5 f0=167 onset=0.353 dur=0.730 vowel=0.523-1.023 level=0.050
73	proc	53	bud	baselineGeneralize	shiftMags=0	202.907	1.5	1.5	1.5	30	16000	4	0@0.002	0.254	0.364-0.618	-226.19	1070.59	-169	424	658.737	1260.32	1310.09	2396.7					153.304	NaN	NaN	-5.17722	0.0757986	30.9375	-29.2488	0							voice sage "bud" tok=d29451860356428f take=2 src=tts:gpt-audio-1.5 f0=150 onset=0.314 dur=0.620 vowel=0.344-0.574 level=0.050
74	proc	54	bed	baselineGeneralize	shiftMags=0	205.713	1.5	1.5	1.5	30	16000	4	0@0.002	0.374	0.350-0.800	-214.237	922.936	-161	309	801.686	2321.23	518.821	1873.77	801.686	2321.23	518.821	1873.77	142.716	117.847	-331.474	-5.99071	0.0977427	26.25	-26.451	0							voice sage "bed" tok=69bd5ea153d462c2 take=2 src=tts:gpt-audio-1.5 f0=152 onset=0.353 dur=0.740 vowel=0.353-0.603 level=0.050
75	proc	55	bid	baselineGeneralize	shiftMags=0	207.992	1.5	1.5	1.5	30	16000	4	0@0.002	0.228	0.426-0.654	67.257	883.896	59	289.5	NaN	NaN	NaN	NaN					166.253	205.621	367.932	-4.86063	0.0852779	44.125	-29.0465	0							voice sage "bid" tok=c600254ac5dd8f94 take=2 src=tts:gpt-audio-1.5 f0=160 onset=0.324 dur=0.910 vowel=0.414-0.604 level=0.050
76	proc	56	bed	baselineGeneralize	shiftMags=0	210.622	1.5	1.5	1.5	30	16000	4	0@0.002	0.272	0.504-0.776	-169.033	898.093	-130	298	857.196	2209	447.572	1201.53	907.78	2215.55	417.728	1246.05	164.002	NaN	NaN	-4.9065	0.108534	57.125	-28.5572	0							voice sage "bed" tok=b215427f139033e1 take=3 src=tts:gpt-audio-1.5 f0=169 onset=0.317 dur=0.620 vowel=0.497-0.737 level=0.050
77	proc	57	bayed	baselineGeneralize	shiftMags=0	213.3	1.5	1.5	1.5	30	16000	4	0@0.002	0.388	0.332-0.778	146.699	785.607	136	239.5	547.78	2334.49	450.057	1379.08	547.78	2334.49	450.057	1379.08	141.065	NaN	NaN	-5.0357	0.105277	17.4375	-25.8367	0							voice sage "bayed" tok=46c89b1a03e872a9 take=3 src=tts:gpt-audio-1.5 f0=161 onset=0.346 dur=1.230 vowel=0.346-0.626 level=0.050
78	proc	58	bid	baselineGeneralize	shiftMags=0	216.074	1.5	1.5	1.5	30	16000	4	0@0.002	0.27	0.338-0.714	108.475	846.533	98	270	421.069	2165.4	633.896	2334.73	397.387	2466.57	633.896	2334.73	161.225	NaN	NaN	-5.17076	0.0869674	33.9375	-28.6935	0							voice sage "bid" tok=789a0b8dcefc3b87 take=3 src=tts:gpt-audio-1.5 f0=159 onset=0.294 dur=0.710 vowel=0.324-0.704 level=0.050
79	proc	59	bud	baselineGeneralize	shiftMags=0	219.012	1.5	1.5	1.5	30	16000	4	0@0.002	0.266	0.534-0.800	-220.289	1094.28	-165	452	839.63	1320.19	480.962	1440.31	879.986	1343.95	438.276	1420.62	159.309	231.774	649.074	-5.08268	0.110123	24.5	-27.8801	0							voice sage "bud" tok=897be1a59674c8e9 take=3 src=tts:gpt-audio-1.5 f0=157 onset=0.333 dur=0.610 vowel=0.523-0.863 level=0.050
80	proc	60	bode	baselineGeneralize	shiftMags=0	221.858	1.5	1.5	1.5	30	16000	4	0@0.002	0.34	0.340-0.700	7.08521	1158.73	6.00001	540	742.967	1250.48	510.34	3454.62	742.967	1250.48	510.34	3454.62	208.173	184.494	-209.052	-4.96736	0.121857	-7.8125	-26.0243	0							voice sage "bode" tok=b539b2fbec6e3545 take=3 src=tts:gpt-audio-1.5 f0=199 onset=0.357 dur=0.780 vowel=0.357-0.587 level=0.050
81	proc	61	bid	baselineGeneralize	shiftMags=0	225.531	1.5	1.5	1.5	30	16000	4	0@0.002	0.266	0.466-0.732	67.1951	879.027	59	287	551.111	2362.4	539.568	2464.58	551.111	2362.4	539.568	2464.58	161.85	199.507	362.136	-4.18492	0.0886919	16.375	-27.8828	0							voice sage "bid" tok=e2d42447a326ea3c take=0 src=tts:gpt-audio-1.5 f0=166 onset=0.323 dur=0.770 vowel=0.453-0.693 level=0.050
82	proc	62	bode	baselineGeneralize	shiftMags=0	228.154	1.5	1.5	1.5	30	16000	4	0@0.002	0.324	0.346-0.676	34.865	1148.35	30	524	806.273	1323.88	528.05	1574.72	990.21	2211.2	527.357	1549.41	164.2	NaN	NaN	-6.64717	0.0934629	25.375	-26.6856	0							voice sage "bode" tok=0468ea131241410e take=0 src=tts:gpt-audio-1.5 f0=153 onset=0.302 dur=0.740 vowel=0.342-0.632 level=0.050
83	proc	63	bud	baselineGeneralize	shiftMags=0	230.413	1.5	1.5	1.5	30	16000	4	0@0.002	0.368	0.350-0.734	-278.063	1035.63	-203	391	1103.96	1536.99	497.037	2220.47	1113.88	1558.9	484.774	1811.34	164.81	185.373	203.554	-5.16234	0.100727	45.9375	-27.3599	0							voice sage "bud" tok=42d3985182e1991d take=0 src=tts:gpt-audio-1.5 f0=163 onset=0.304 dur=0.750 vowel=0.344-0.704 level=0.050
84	proc	64	bed	baselineGeneralize	shiftMags=0	233.078	1.5	1.5	1.5	30	16000	4	0@0.002	0.288	0.446-0.734	-240.782	939.87	-179	320	943.707	2334.43	400.871	1095.36	943.707	2334.43	400.871	1095.36	163.064	NaN	NaN	-4.57595	0.0935178	48.6875	-29.8455	0							voice sage "bed" tok=bed8da4c125b832f take=0 src=tts:gpt-audio-1.5 f0=170 onset=0.343 dur=0.880 vowel=0.343-0.813 level=0.050
85	proc	65	bayed	baselineGeneralize	shiftMags=0	235.75	1.5	1.5	1.5	30	16000	4	0@0.002	0.432	0.360-0.810	133.142	767.586	122	231	531.603	2655.05	423.88	2661.05	531.603	2655.05	423.88	2661.05	169.744	NaN	NaN	-5.21137	0.123347	14.375	-26.7746	0							voice sage "bayed" tok=1019834daace345e take=0 src=tts:gpt-audio-1.5 f0=158 onset=0.338 dur=0.890 vowel=0.348-0.678 level=0.050
86	proc	66	bed	baselineGeneralize	shiftMags=0	238.556	1.5	1.5	1.5	30	16000	4	0@0.002	0.372	0.424-0.848	-130.231	900.235	-102	298	853.719	2361.34	391.942	1075.59	853.719	2361.34	391.942	1075.59	164.144	NaN	NaN	-4.39017	0.0939925	10.25	-27.6663	0							voice sage "bed" tok=717760444433b274 take=1 src=tts:gpt-audio-1.5 f0=156 onset=0.367 dur=1.040 vowel=0.417-0.687 level=0.050
87	proc	67	bode	baselineGeneralize	shiftMags=0	240.93	1.5	1.5	1.5	30	16000	4	0@0.002	0.626	0.298-0.952	145.158	1159.04	134	540	478.221	1199.91	406.669	3496.05	478.221	1169.92	392.921	3496.05	158.503	187.386	289.803	-5.48874	0.100673	28.75	-26.5619	0							voice sage "bode" tok=9b306c2bd6cfbe28 take=1 src=tts:gpt-audio-1.5 f0=155 onset=0.298 dur=1.080 vowel=0.298-0.838 level=0.050
88	proc	68	bud	baselineGeneralize	shiftMags=0	243.622	1.5	1.5	1.5	30	16000	4	0@0.002	0.242	0.430-0.756	-299.201	1074.7	-216	430	932.216	1357.71	1830.88	2774.09	932.216	1357.71	1830.88	2774.09	149.372	NaN	NaN	-3.98232	0.0876311	21.25	-29.4753	0							voice sage "bud" tok=b75d2aef75be6f0e take=1 src=tts:gpt-audio-1.5 f0=148 onset=0.328 dur=0.840 vowel=0.428-0.748 level=0.050
89	proc	69	bid	baselineGeneralize	shiftMags=0	245.91	1.5	1.5	1.5	30	16000	4	0@0.002	0.32	0.472-0.792	116.844	857.849	106	276	448.183	2356.59	517.922	1457.56	522.821	2412.37	475.253	1297.2	163.438	NaN	NaN	-6.07667	0.0916481	43.625	-28.2268	0							voice sage "bid" tok=c315bd4cea02a0e6 take=1 src=tts:gpt-audio-1.5 f0=181 onset=0.313 dur=0.720 vowel=0.463-0.733 level=0.050
90	proc	70	bayed	baselineGeneralize	shiftMags=0	248.705	1.5	1.5	1.5	30	16000	4	0@0.002	0.646	0.312-0.964	133.245	789.727	122	242	547.254	2589.37	388.263	1345.23	547.254	2589.37	388.263	1345.23	161.12	191.95	303.12	-6.01529	0.0871702	-2.6875	-26.4194	0							voice sage "bayed" tok=b811ba89361b85b1 take=1 src=tts:gpt-audio-1.5 f0=159 onset=0.321 dur=1.040 vowel=0.321-0.911 level=0.050
91	proc	71	bed	baselineGeneralize	shiftMags=0	251.571	1.5	1.5	1.5	30	16000	4	0@0.002	0.368	0.310-0.752	-208.562	919.785	-157	309	902.33	2455.78	416.507	3554.47	902.33	2455.78	416.507	3554.47	143.888	198.386	556.035	-6.87	0.1359	-10.5	-26.4509	0							voice sage "bed" tok=69bd5ea153d462c2 take=2 src=tts:gpt-audio-1.5 f0=152 onset=0.312 dur=0.740 vowel=0.312-0.562 level=0.050
92	proc	72	bayed	baselineGeneralize	shiftMags=0	254.149	1.5	1.5	1.5	30	16000	4	0@0.002	0.408	0.464-0.872	137.046	763.627	126	231	581.812	2422.46	508.528	2043.44	582.688	2423.05	523.967	2057.47	172.041	233.385	527.956	-6.0928	0.0748618	60	-27.7784	0							voice sage "bayed" tok=b77a186866b8f302 take=2 src=tts:gpt-audio-1.5 f0=163 onset=0.334 dur=0.750 vowel=0.464-0.834 level=0.050
93	proc	73	bid	baselineGeneralize	shiftMags=0	256.915	1.5	1.5	1.5	30	16000	4	0@0.002	0.228	0.418-0.646	67.2462	885.875	59	289.5	NaN	NaN	NaN	NaN					173.046	141.668	-346.369	-5.14736	0.0798292	1	-29.0468	0							voice sage "bid" tok=c600254ac5dd8f94 take=2 src=tts:gpt-audio-1.5 f0=160 onset=0.316 dur=0.910 vowel=0.406-0.596 level=0.050
94	proc	74	bud	baselineGeneralize	shiftMags=0	259.662	1.5	1.5	1.5	30	16000	4	0@0.002	0.254	0.384-0.638	-226.174	1070.57	-169	424	697.756	1281.64	494.047	2491.92	802.928	1333.94	2031.04	5274.51	153.306	116.421	-476.466	-4.88723	0.0849982	31.125	-29.2488	0							voice sage "bud" tok=d29451860356428f take=2 src=tts:gpt-audio-1.5 f0=150 onset=0.334 dur=0.620 vowel=0.364-0.594 level=0.050
95	proc	75	bode	baselineGeneralize	shiftMags=0	262.14	1.5	1.5	1.5	30	16000	4	0@0.002	0.41	0.474-0.884	129.085	1169.04	118	562	NaN	NaN	NaN	NaN					166.188	NaN	NaN	-4.11541	0.109924	13.8125	-27.8574	0							voice sage "bode" tok=42cdc51d2022a9a6 take=2 src=tts:gpt-audio-1.5 f0=167 onset=0.299 dur=0.730 vowel=0.469-0.969 level=0.050
96	proc	76	booed	baselineTrain	shiftMags=0	269.459	1.5	1.5	1.5	30	16000	3	0@0.002	0.318	0.394-0.712	227.716	1139.71	224	507	420.896	1406.45	403.04	2570.2	420.896	1406.45	403.04	2570.2	195.578	148.121	-481.162	-14.0379	0.0713072	7.5625	-28.2963	0							voice sage "booed" tok=1b6acbc1f5ea98cb take=1 src=tts:gpt-audio-1.5 f0=177 onset=0.342 dur=0.650 vowel=0.382-0.642 level=0.050
97	proc	77	bead	baselineTrain	shiftMags=0	271.969	1.5	1.5	1.5	30	16000	3	0@0.002	0.46	0.384-0.844	248.401	663.553	248	187	300.471	2780.31	450.406	3372.35	300.862	2782.65	451.965	3381.49	159.057	229.461	634.44	-11.5225	0.0542104	5.625	-28.4539	0							voice sage "bead" tok=57b183fe58481e66 take=1 src=tts:gpt-audio-1.5 f0=157 onset=0.332 dur=0.650 vowel=0.362-0.892 level=0.050
98	proc	78	bad	baselineTrain	shiftMags=0	274.598	1.5	1.5	1.5	30	16000	3	0@0.002	0.358	0.342-0.702	-358.335	1018.03	-252	375	1074.63	1945.5	753.791	2755.02	1075.27	1788.07	756.359	2757.51	166.536	167.279	7.7035	-4.59956	0.131447	8.25	-28.6558	0							voice sage "bad" tok=bff059c145c05575 take=1 src=tts:gpt-audio-1.5 f0=161 onset=0.301 dur=0.630 vowel=0.331-0.851 level=0.050
99	proc	79	bod	baselineTrain	shiftMags=0	277.456	1.5	1.5	1.5	30	16000	3	0@0.002	0.35	0.444-0.794	-256.739	1145.29	-189	518	975.068	1230.92	709.301	2404.64	975.902	1231.29	710.801	2404.8	166.114	168.789	27.6556	-9.85991	0.0825942	8.125	-28.6105	0							voice sage "bod" tok=3c84533b90645ed4 take=1 src=tts:gpt-audio-1.5 f0=162 onset=0.316 dur=0.840 vowel=0.436-0.736 level=0.050
100	proc	80	bod	baselineTrain	shiftMags=0	280.355	1.5	1.5	1.5	30	16000	3	0@0.002	0.304	0.360-0.664	-305.268	1146.83	-220	524	1020.25	1227.24	715.681	2452.91	1024.52	1228.43	716.877	2454.62	194.422	174.927	-182.929	-9.79695	0.149766	8	-25.9665	0							voice sage "bod" tok=cfa4fc51e856fa56 take=2 src=tts:gpt-audio-1.5 f0=175 onset=0.368 dur=0.880 vowel=0.368-0.598 level=0.050
101	proc	81	bead	baselineTrain	shiftMags=0	282.889	1.5	1.5	1.5	30	16000	3	0@0.002	0.41	0.368-0.778	237.516	677.045	236	193	353.852	3128.77	468.669	3400.95	353.852	3144.07	468.669	3406.86	176.874	201.641	226.883	-10.2934	0.117445	7.6875	-27.7729	0							voice sage "bead" tok=0911d7bfc62ed3d0 take=2 src=tts:gpt-audio-1.5 f0=168 onset=0.317 dur=0.600 vowel=0.357-0.827 level=0.050
102	proc	82	bad	baselineTrain	shiftMags=0	285.846	1.5	1.5	1.5	30	16000	3	0@0.002	0.338	0.396-0.734	-404.457	1049.53	-279	402	1153.11	3214.47	751.426	2595.42	1155.5	3240.87	740.68	2648.39	154.418	166.577	131.221	-6.47602	0.107044	8.25	-27.2483	0							voice sage "bad" tok=55bf3cc2c5719dc4 take=2 src=tts:gpt-audio-1.5 f0=151 onset=0.351 dur=0.690 vowel=0.371-0.691 level=0.050
103	proc	83	booed	baselineTrain	shiftMags=0	288.519	1.5	1.5	1.5	30	16000	3	0@0.002	0.338	0.362-0.700	153.007	1092.71	142	447	542.341	1669.53	582.352	2731.48	542.341	1669.53	582.352	2731.48	176.011	198.517	208.313	-10.1867	0.0655175	7.875	-27.461	0							voice sage "booed" tok=634ca7bde90b1e5e take=2 src=tts:gpt-audio-1.5 f0=167 onset=0.321 dur=0.830 vowel=0.361-0.671 level=0.050
104	proc	84	bead	baselineTrain	shiftMags=0	290.907	1.5	1.5	1.5	30	16000	3	0@0.002	0.52	0.298-0.842	275.979	630.692	283	176	301.774	3158.64	446.261	3438.21	301.638	3159.42	450.749	3458.89	154.478	169.529	160.952	-11.3472	0.0815355	7.5625	-26.7588	0							voice sage "bead" tok=f7c2e97736d2cca4 take=3 src=tts:gpt-audio-1.5 f0=158 onset=0.308 dur=0.830 vowel=0.308-0.818 level=0.050
105	proc	85	booed	baselineTrain	shiftMags=0	293.534	1.5	1.5	1.5	30	16000	3	0@0.002	0.384	0.520-0.904	237.41	1145.78	236	521	389.351	1445.66	461.375	2573.4	394.394	1444.74	462.627	2575.4	172.72	222.431	437.906	-12.7982	0.071315	7.5625	-28.186	0							voice sage "booed" tok=4df2a42ad7b9d57d take=3 src=tts:gpt-audio-1.5 f0=180 onset=0.354 dur=0.730 vowel=0.514-0.834 level=0.050
106	proc	86	bod	baselineTrain	shiftMags=0	296.294	1.5	1.5	1.5	30	16000	3	0@0.002	0.29	0.474-0.764	-238.151	1147.21	-177	524	1001.51	1236.08	703.348	2410.11	1002.53	1236.12	705.291	2410.03	158.676	159.632	10.3893	-10.6667	0.066557	8.0625	-29.0415	0							voice sage "bod" tok=1fa3845a40050895 take=3 src=tts:gpt-audio-1.5 f0=158 onset=0.326 dur=0.560 vowel=0.356-0.696 level=0.050
107	proc	87	bad	baselineTrain	shiftMags=0	299.117	1.5	1.5	1.5	30	16000	3	0@0.002	0.332	0.534-0.866	-385.092	1015.75	-268	375	1129.11	1894.38	743.979	2885.23	1129.24	1877.85	733.369	2893.76	160.587	182.722	223.558	-4.834	0.115172	8.25	-27.4125	0							voice sage "bad" tok=beedd2b4240955c0 take=3 src=tts:gpt-audio-1.5 f0=162 onset=0.345 dur=0.700 vowel=0.515-0.815 level=0.050
108	proc	88	bad	baselineTrain	shiftMags=0	301.456	1.5	1.5	1.5	30	16000	3	0@0.002	0.306	0.350-0.656	-397.814	1023.59	-275	380	1124.9	2092.63	714.061	2823.7	1139.23	2089.84	714.061	2823.7	191.926	182.597	-86.2602	-3.69083	0.118612	8.25	-28.7504	0							voice sage "bad" tok=0b94949d38b38e9b take=0 src=tts:gpt-audio-1.5 f0=172 onset=0.307 dur=0.850 vowel=0.337-0.687 level=0.050
109	proc	89	bead	baselineTrain	shiftMags=0	304.436	1.5	1.5	1.5	30	16000	3	0@0.002	0.392	0.364-0.762	260.612	634.232	264	176	288.245	2865.09	462.844	3253.22	293.482	2874.57	462.999	3264.58	163.166	204.71	392.693	-10.1414	0.105669	7.5625	-29.2977	0							voice sage "bead" tok=a1cca3e1670e1a36 take=0 src=tts:gpt-audio-1.5 f0=166 onset=0.320 dur=0.630 vowel=0.360-0.680 level=0.050
110	proc	90	bod	baselineTrain	shiftMags=0	307.103	1.5	1.5	1.5	30	16000	3	0@0.002	0.312	0.532-0.886	-202.363	1151.04	-153	529	1060.89	1235.63	662.278	2383.29	1088.65	1229.43	666.656	2379.14	196.628	156.493	-395.241	-9.77814	0.0804196	8	-28.5281	0							voice sage "bod" tok=0bcabf410c0dcfb0 take=0 src=tts:gpt-audio-1.5 f0=154 onset=0.328 dur=0.890 vowel=0.528-0.868 level=0.050
111	proc	91	booed	baselineTrain	shiftMags=0	310.357	1.5	1.5	1.5	30	16000	3	0@0.002	0.506	0.358-0.864	250.878	1103.07	252	463	401.872	1657.35	498.278	2773.18	401.42	1624.74	503.881	2765.87	186.069	213.95	241.717	-14.6885	0.066183	5.8125	-26.9487	0							voice sage "booed" tok=648f84d54d536760 take=0 src=tts:gpt-audio-1.5 f0=171 onset=0.305 dur=0.980 vowel=0.325-0.835 level=0.050
112	proc	92	bead	baselineTrain	shiftMags=0	312.821	1.5	1.5	1.5	30	16000	3	0@0.002	0.46	0.362-0.822	248.395	663.597	248	187	300.779	2777.49	446.95	3344.72	301.36	2777.89	449.278	3351.01	159.988	228.118	614.186	-11.526	0.0536879	5.75	-28.4539	0							voice sage "bead" tok=57b183fe58481e66 take=1 src=tts:gpt-audio-1.5 f0=157 onset=0.310 dur=0.650 vowel=0.340-0.870 level=0.050
113	proc	93	bod	baselineTrain	shiftMags=0	315.695	1.5	1.5	1.5	30	16000	3	0@0.002	0.35	0.410-0.760	-256.765	1145.28	-189	518	978.691	1233.41	716.348	2407.51	980.809	1233.73	716.603	2407.58	167.268	167.882	6.34076	-9.58774	0.0815111	8.125	-28.6104	0							voice sage "bod" tok=3c84533b90645ed4 take=1 src=tts:gpt-audio-1.5 f0=162 onset=0.283 dur=0.840 vowel=0.403-0.703 level=0.050
114	proc	94	bad	baselineTrain	shiftMags=0	317.986	1.5	1.5	1.5	30	16000	3	0@0.002	0.36	0.372-0.734	-358.309	1017.99	-252	375	1073.8	1978.34	736.143	2736.28	1075.31	1991.88	742.574	2748.72	163.81	168.452	48.3747	-4.63504	0.127709	8.25	-28.6554	0							voice sage "bad" tok=bff059c145c05575 take=1 src=tts:gpt-audio-1.5 f0=161 onset=0.333 dur=0.630 vowel=0.363-0.883 level=0.050
115	proc	95	booed	baselineTrain	shiftMags=0	320.47	1.5	1.5	1.5	30	16000	3	0@0.002	0.316	0.362-0.678	229.197	1140.22	226	507	413.308	1403.88	405.879	2585.58	415.361	1409.12	413.165	2586.92	200.649	225.287	200.502	-13.7895	0.0712672	7.6875	-28.2964	1	1.485+15.4ms						voice sage "booed" tok=1b6acbc1f5ea98cb take=1 src=tts:gpt-audio-1.5 f0=177 onset=0.309 dur=0.650 vowel=0.349-0.609 level=0.050
116	proc	96	booed	baselineTrain	shiftMags=0	323.229	1.5	1.5	1.5	30	16000	3	0@0.002	0.336	0.400-0.736	153.07	1092.32	142	447	527.782	1637.56	578.046	2748.1	540.098	1670.03	578.524	2714.41	184.11	185.791	15.736	-9.86163	0.0617529	7.875	-27.4604	0							voice sage "booed" tok=634ca7bde90b1e5e take=2 src=tts:gpt-audio-1.5 f0=167 onset=0.357 dur=0.830 vowel=0.397-0.707 level=0.050
117	proc	97	bod	baselineTrain	shiftMags=0	325.574	1.5	1.5	1.5	30	16000	3	0@0.002	0.304	0.312-0.616	-305.242	1147.12	-220	524	1010.66	1226.82	715.264	2419.34	1013.49	1231.06	717.68	2419.34	186.646	174.642	-115.087	-10.0769	0.153048	8	-25.9653	0							voice sage "bod" tok=cfa4fc51e856fa56 take=2 src=tts:gpt-audio-1.5 f0=175 onset=0.321 dur=0.880 vowel=0.321-0.551 level=0.050
118	proc	98	bad	baselineTrain	shiftMags=0	328.363	1.5	1.5	1.5	30	16000	3	0@0.002	0.338	0.350-0.688	-410.451	1043.39	-283	397	1154.55	3205.86	752.272	2706.08	1154.67	3212.46	743.161	2706.08	153.71	165.218	124.985	-6.51124	0.100953	8.25	-27.248	0							voice sage "bad" tok=55bf3cc2c5719dc4 take=2 src=tts:gpt-audio-1.5 f0=151 onset=0.306 dur=0.690 vowel=0.326-0.646 level=0.050
119	proc	99	bead	baselineTrain	shiftMags=0	331.055	1.5	1.5	1.5	30	16000	3	0@0.002	0.41	0.340-0.750	237.367	677.721	236	193	354.501	3133.94	466.345	3386.01	354.501	3147.64	469.494	3389.72	170.408	201.012	285.95	-10.4472	0.114531	7.5625	-27.774	0							voice sage "bead" tok=0911d7bfc62ed3d0 take=2 src=tts:gpt-audio-1.5 f0=168 onset=0.290 dur=0.600 vowel=0.330-0.800 level=0.050
120	proc	100	bad	baselineTrain	shiftMags=0	333.506	1.5	1.5	1.5	30	16000	3	0@0.002	0.332	0.528-0.860	-385.103	1015.17	-268	375	1128.24	1877.72	741.918	2886.4	1130.76	1867.5	739.138	2886.4	159.393	176.152	173.08	-4.94124	0.108506	8.25	-27.4127	0							voice sage "bad" tok=beedd2b4240955c0 take=3 src=tts:gpt-audio-1.5 f0=162 onset=0.339 dur=0.700 vowel=0.509-0.809 level=0.050
121	proc	101	bead	baselineTrain	shiftMags=0	336.364	1.5	1.5	1.5	30	16000	3	0@0.002	0.514	0.330-0.874	276.067	629.906	283	176	300.87	3150.64	472.111	3434.54	300.2	3161.09	478.014	3459.91	156.095	161.632	60.339	-11.4733	0.0849215	7.5625	-26.7575	0							voice sage "bead" tok=f7c2e97736d2cca4 take=3 src=tts:gpt-audio-1.5 f0=158 onset=0.340 dur=0.830 vowel=0.340-0.850 level=0.050
122	proc	102	bod	baselineTrain	shiftMags=0	338.669	1.5	1.5	1.5	30	16000	3	0@0.002	0.29	0.476-0.766	-238.058	1147.11	-177	524	992.216	1233.88	708.031	2405.81	997.788	1235.44	712.052	2409.22	158.649	156.743	-20.9331	-9.8734	0.0664323	8.0625	-29.0417	1	0.985+15.4ms						voice sage "bod" tok=1fa3845a40050895 take=3 src=tts:gpt-audio-1.5 f0=158 onset=0.327 dur=0.560 vowel=0.357-0.697 level=0.050
123	proc	103	booed	baselineTrain	shiftMags=0	341.064	1.5	1.5	1.5	30	16000	3	0@0.002	0.386	0.476-0.862	237.482	1146.59	236	524	400.155	1448.91	464.582	2560.91	395.642	1445.49	464.756	2568.56	173.699	177.897	41.3404	-13.3805	0.0548892	7.5625	-28.1837	0							voice sage "booed" tok=4df2a42ad7b9d57d take=3 src=tts:gpt-audio-1.5 f0=180 onset=0.310 dur=0.730 vowel=0.470-0.790 level=0.050
124	proc	104	bead	baselineTrain	shiftMags=0	343.887	1.5	1.5	1.5	30	16000	3	0@0.002	0.394	0.410-0.808	260.537	633.947	264	176	286.496	2861.8	466.809	3238.87	291.109	2866.4	465.682	3272.22	161.528	162.785	13.419	-10.47	0.0986506	7.5625	-29.2973	0							voice sage "bead" tok=a1cca3e1670e1a36 take=0 src=tts:gpt-audio-1.5 f0=166 onset=0.367 dur=0.630 vowel=0.407-0.727 level=0.050
125	proc	105	booed	baselineTrain	shiftMags=0	346.589	1.5	1.5	1.5	30	16000	3	0@0.002	0.504	0.352-0.858	249.665	1104.26	250	463	398.3	1621.34	479.21	2716.83	396.051	1606.55	483.509	2703.14	173.125	208.773	324.153	-14.3271	0.0705526	10.5	-26.9488	0							voice sage "booed" tok=648f84d54d536760 take=0 src=tts:gpt-audio-1.5 f0=171 onset=0.299 dur=0.980 vowel=0.319-0.829 level=0.050
126	proc	106	bad	baselineTrain	shiftMags=0	349.001	1.5	1.5	1.5	30	16000	3	0@0.002	0.306	0.352-0.658	-397.812	1024.41	-275	380	1112.8	2104.35	712.625	2792.5	1137.65	2097.3	708.727	2822.11	200.435	185.537	-133.718	-3.66807	0.111847	8.25	-28.7502	0							voice sage "bad" tok=0b94949d38b38e9b take=0 src=tts:gpt-audio-1.5 f0=172 onset=0.309 dur=0.850 vowel=0.339-0.689 level=0.050
127	proc	107	bod	baselineTrain	shiftMags=0	351.545	1.5	1.5	1.5	30	16000	3	0@0.002	0.316	0.534-0.890	-202.628	1151.04	-153	529	844.25	1215.83	679.388	2380.59	923.465	1210.82	684.289	2378.02	196.974	154.199	-423.859	-9.72918	0.0791131	8	-28.5155	0							voice sage "bod" tok=0bcabf410c0dcfb0 take=0 src=tts:gpt-audio-1.5 f0=154 onset=0.330 dur=0.890 vowel=0.530-0.870 level=0.050
128	proc	108	bad	baselineTrain	shiftMags=0	354.432	1.5	1.5	1.5	30	16000	3	0@0.002	0.362	0.332-0.694	-358.25	1016.44	-252	375	1074.92	1956.11	753.655	2765.54	1076.29	1884.5	757.376	2770.96	165.481	165.843	3.78221	-4.54199	0.132298	8.25	-28.6555	0							voice sage "bad" tok=bff059c145c05575 take=1 src=tts:gpt-audio-1.5 f0=161 onset=0.292 dur=0.630 vowel=0.322-0.842 level=0.050
129	proc	109	booed	baselineTrain	shiftMags=0	356.811	1.5	1.5	1.5	30	16000	3	0@0.002	0.316	0.418-0.734	229.316	1137.58	226	507	425.477	1406.59	417.805	2566.24	426.669	1411.59	423.517	2567.82	197.114	225.704	234.48	-14.0843	0.0649051	7.5625	-28.2969	0							voice sage "booed" tok=1b6acbc1f5ea98cb take=1 src=tts:gpt-audio-1.5 f0=177 onset=0.365 dur=0.650 vowel=0.405-0.665 level=0.050
130	proc	110	bod	baselineTrain	shiftMags=0	359.11	1.5	1.5	1.5	30	16000	3	0@0.002	0.35	0.456-0.806	-256.805	1145.04	-189	518	984.475	1234.61	714.711	2399.14	984.475	1234.61	714.711	2399.14	166.721	166.652	-0.72366	-9.64512	0.0865376	8.125	-28.6103	0							voice sage "bod" tok=3c84533b90645ed4 take=1 src=tts:gpt-audio-1.5 f0=162 onset=0.329 dur=0.840 vowel=0.449-0.749 level=0.050
131	proc	111	bead	baselineTrain	shiftMags=0	361.734	1.5	1.5	1.5	30	16000	3	0@0.002	0.462	0.420-0.882	248.386	663.534	248	187	302.009	2772.27	447.864	3367.37	302.272	2774.44	448.141	3368.69	159.984	229.132	621.909	-11.6257	0.0557599	7.25	-28.4541	0							voice sage "bead" tok=57b183fe58481e66 take=1 src=tts:gpt-audio-1.5 f0=157 onset=0.370 dur=0.650 vowel=0.400-0.930 level=0.050
132	proc	112	bad	baselineTrain	shiftMags=0	364.137	1.5	1.5	1.5	30	16000	3	0@0.002	0.338	0.378-0.716	-410.123	1048.4	-283	402	1151.76	2731.02	751.127	2596.05	1154.1	2934.67	749.914	2570.29	152.156	167.834	169.779	-6.49042	0.110595	8.25	-27.2479	0							voice sage "bad" tok=55bf3cc2c5719dc4 take=2 src=tts:gpt-audio-1.5 f0=151 onset=0.334 dur=0.690 vowel=0.354-0.674 level=0.050
133	proc	113	bead	baselineTrain	shiftMags=0	366.899	1.5	1.5	1.5	30	16000	3	0@0.002	0.41	0.372-0.782	237.49	677.115	236	193	354.836	3129.82	433.728	3393.82	354.33	3132.71	438.862	3397.37	166.573	197.909	298.424	-10.3706	0.109259	7.5625	-27.7738	0							voice sage "bead" tok=0911d7bfc62ed3d0 take=2 src=tts:gpt-audio-1.5 f0=168 onset=0.322 dur=0.600 vowel=0.362-0.832 level=0.050
134	proc	114	booed	baselineTrain	shiftMags=0	369.332	1.5	1.5	1.5	30	16000	3	0@0.002	0.338	0.416-0.754	152.784	1091.83	142	447	544.409	1654.08	586.847	2698.13	545.231	1674.49	592.909	2714.89	181.05	198.766	161.623	-10.6295	0.0612639	7.875	-27.461	0							voice sage "booed" tok=634ca7bde90b1e5e take=2 src=tts:gpt-audio-1.5 f0=167 onset=0.375 dur=0.830 vowel=0.415-0.725 level=0.050
135	proc	115	bod	baselineTrain	shiftMags=0	371.724	1.5	1.5	1.5	30	16000	3	0@0.002	0.306	0.320-0.626	-305.4	1146.02	-220	524	1021.12	1229.64	711.621	2428	1026.73	1231.17	715.551	2449.25	205.505	177.124	-257.299	-10.0183	0.156109	8	-25.9653	1	1.485+15.4ms						voice sage "bod" tok=cfa4fc51e856fa56 take=2 src=tts:gpt-audio-1.5 f0=175 onset=0.329 dur=0.880 vowel=0.329-0.559 level=0.050
136	proc	116	booed	train	shiftMags=0	374.434	1.5	1.5	1.5	30	16000	3	0@0.002	0.384	0.454-0.838	237.411	1145.68	236	521	394.59	1445.83	467.594	2563.46	394.59	1445.83	467.594	2563.46	172.295	171.842	-4.55956	-13.2445	0.0633762	7.5625	-28.1843	0							voice sage "booed" tok=4df2a42ad7b9d57d take=3 src=tts:gpt-audio-1.5 f0=180 onset=0.288 dur=0.730 vowel=0.448-0.768 level=0.050
137	proc	117	bod	train	shiftMags=0	377.404	1.5	1.5	1.5	30	16000	3	0@0.002	0.29	0.470-0.760	-238.085	1146.7	-177	524	1024.92	1239.67	686.234	2397.21	1021.29	1239.57	690.559	2397.77	157.41	163.043	60.8795	-10.2983	0.0721184	8.125	-29.0413	0							voice sage "bod" tok=1fa3845a40050895 take=3 src=tts:gpt-audio-1.5 f0=158 onset=0.321 dur=0.560 vowel=0.351-0.691 level=0.050
138	proc	118	bad	train	shiftMags=0	380.065	1.5	1.5	1.5	30	16000	3	0@0.002	0.332	0.500-0.832	-385.083	1015.7	-268	375	1128.25	1897.29	744.602	2884.15	1129.48	1880.74	740.613	2886.55	160.45	182.57	223.598	-4.90711	0.112337	8.25	-27.4154	0							voice sage "bad" tok=beedd2b4240955c0 take=3 src=tts:gpt-audio-1.5 f0=162 onset=0.311 dur=0.700 vowel=0.481-0.781 level=0.050
139	proc	119	bead	train	shiftMags=0	383.04	1.5	1.5	1.5	30	16000	3	0@0.002	0.52	0.356-0.900	275.979	630.654	283	176	298.944	3151.42	454.811	3430.7	300.189	3156.14	457.337	3483.04	158.443	178.506	206.406	-10.9634	0.0920141	7.5625	-26.7576	0							voice sage "bead" tok=f7c2e97736d2cca4 take=3 src=tts:gpt-audio-1.5 f0=158 onset=0.366 dur=0.830 vowel=0.366-0.876 level=0.050
140	proc	120	bod	train	shiftMags=0	386.034	1.5	1.5	1.5	30	16000	3	0@0.002	0.314	0.574-0.930	-202.713	1151.23	-153	529	993.718	1223.98	679.516	2363.98	1030.03	1220	686.085	2362.22	184.795	158.186	-269.166	-10.0898	0.0867723	8	-28.5128	0							voice sage "bod" tok=0bcabf410c0dcfb0 take=0 src=tts:gpt-audio-1.5 f0=154 onset=0.370 dur=0.890 vowel=0.570-0.910 level=0.050
141	proc	121	bad	train	shiftMags=0	389.847	1.5	1.5	1.5	30	16000	3	0@0.002	0.308	0.364-0.672	-397.681	1024.27	-275	380	1134.01	2093.66	720.963	2755.5	1138.83	2051.98	716.765	2783.96	180.889	184.528	34.4898	-3.72269	0.11436	8.25	-28.7512	0							voice sage "bad" tok=0b94949d38b38e9b take=0 src=tts:gpt-audio-1.5 f0=172 onset=0.321 dur=0.850 vowel=0.351-0.701 level=0.050
142	proc	122	bead	train	shiftMags=0	392.528	1.5	1.5	1.5	30	16000	3	0@0.002	0.394	0.334-0.732	260.657	634.461	264	176	293.443	2876.03	465.613	3282.98	293.443	2876.03	465.613	3282.98	163.017	169.741	69.9774	-10.3908	0.093822	7.5	-29.298	1	0.985+15.4ms						voice sage "bead" tok=a1cca3e1670e1a36 take=0 src=tts:gpt-audio-1.5 f0=166 onset=0.291 dur=0.630 vowel=0.331-0.651 level=0.050
143	proc	123	booed	train	shiftMags=0	395.057	1.5	1.5	1.5	30	16000	3	0@0.002	0.506	0.398-0.904	248.524	1103.63	248	458	401.957	1659.61	480.241	2733.35	401.676	1625.55	496.463	2730.95	182.335	221.666	338.152	-14.4615	0.0618351	7.5625	-26.9488	0							voice sage "booed" tok=648f84d54d536760 take=0 src=tts:gpt-audio-1.5 f0=171 onset=0.345 dur=0.980 vowel=0.365-0.875 level=0.050
144	proc	124	bead	train	shiftMags=0	397.366	1.5	1.5	1.5	30	16000	3	0@0.002	0.46	0.382-0.842	248.344	673.61	248	193	300.684	2780.33	444.87	3360.38	301.31	2781.04	446.748	3368.62	160.041	229.045	620.622	-11.3893	0.0618776	5.75	-28.4539	0							voice sage "bead" tok=57b183fe58481e66 take=1 src=tts:gpt-audio-1.5 f0=157 onset=0.331 dur=0.650 vowel=0.361-0.891 level=0.050
145	proc	125	bad	train	shiftMags=0	400.012	1.5	1.5	1.5	30	16000	3	0@0.002	0.36	0.342-0.704	-358.32	1016.81	-252	375	1074.19	1978.89	745.612	2729.76	1075.54	1988.64	751.738	2750.67	162.494	162.667	1.8404	-4.67858	0.136376	8.25	-28.6552	0							voice sage "bad" tok=bff059c145c05575 take=1 src=tts:gpt-audio-1.5 f0=161 onset=0.303 dur=0.630 vowel=0.333-0.853 level=0.050
146	proc	126	booed	train	shiftMags=0	402.397	1.5	1.5	1.5	30	16000	3	0@0.002	0.316	0.402-0.718	229.234	1137.35	226	507	413.205	1407.05	412.757	2549.7	416.153	1409.33	413.618	2550.72	200.619	225.664	203.663	-13.9689	0.0701042	6.0625	-28.2962	0							voice sage "booed" tok=1b6acbc1f5ea98cb take=1 src=tts:gpt-audio-1.5 f0=177 onset=0.349 dur=0.650 vowel=0.389-0.649 level=0.050
147	proc	127	bod	train	shiftMags=0	405.072	1.5	1.5	1.5	30	16000	3	0@0.002	0.348	0.488-0.836	-256.785	1145.05	-189	518	982.336	1233.16	717.475	2396.81	983.976	1234.79	717.475	2396.81	164.898	167.877	31.001	-9.55918	0.0833536	8.125	-28.6095	0							voice sage "bod" tok=3c84533b90645ed4 take=1 src=tts:gpt-audio-1.5 f0=162 onset=0.360 dur=0.840 vowel=0.480-0.780 level=0.050
148	proc	128	bead	train	shiftMags=0	407.647	1.5	1.5	1.5	30	16000	3	0@0.002	0.41	0.376-0.786	237.38	676.386	236	193	352.806	3127.89	448.195	3394	352.806	3144.38	448.195	3395	172.264	199.067	250.361	-10.3107	0.113209	7.6875	-27.7742	0							voice sage "bead" tok=0911d7bfc62ed3d0 take=2 src=tts:gpt-audio-1.5 f0=168 onset=0.324 dur=0.600 vowel=0.364-0.834 level=0.050
149	proc	129	bad	train	shiftMags=0	410.315	1.5	1.5	1.5	30	16000	3	0@0.002	0.338	0.380-0.718	-410.255	1051.22	-283	408	1155.32	3242.62	753.084	2651.48	1155.77	3244.17	749.784	2628.11	151.552	165.177	149.037	-6.53219	0.107338	8.25	-27.2482	0							voice sage "bad" tok=55bf3cc2c5719dc4 take=2 src=tts:gpt-audio-1.5 f0=151 onset=0.336 dur=0.690 vowel=0.356-0.676 level=0.050
150	proc	130	bod	train	shiftMags=0	412.996	1.5	1.5	1.5	30	16000	3	0@0.002	0.306	0.284-0.590	-305.355	1146.85	-220	524	1011.08	1228.89	719.729	2450.9	1015.17	1231.06	721.625	2453.92	188.788	176.114	-120.316	-10.0955	0.145474	8	-25.9678	0							voice sage "bod" tok=cfa4fc51e856fa56 take=2 src=tts:gpt-audio-1.5 f0=175 onset=0.292 dur=0.880 vowel=0.292-0.522 level=0.050
151	proc	131	booed	train	shiftMags=0	415.667	1.5	1.5	1.5	30	16000	3	0@0.002	0.336	0.340-0.676	153.088	1092.45	142	447	527.572	1638.09	589.014	2747.14	540.039	1670.19	590.637	2716.32	184.104	189.204	47.3056	-10.1858	0.0683005	7.875	-27.4605	0							voice sage "booed" tok=634ca7bde90b1e5e take=2 src=tts:gpt-audio-1.5 f0=167 onset=0.298 dur=0.830 vowel=0.338-0.648 level=0.050
152	proc	132	bead	train	shiftMags=0	418.612	1.5	1.5	1.5	30	16000	3	0@0.002	0.522	0.326-0.870	275.927	630.41	283	176	298.548	3153.88	453.42	3538.57	299.909	3156.72	454.06	3569.38	160.577	170.111	99.8522	-10.932	0.0932912	7.5625	-26.7584	0							voice sage "bead" tok=f7c2e97736d2cca4 take=3 src=tts:gpt-audio-1.5 f0=158 onset=0.336 dur=0.830 vowel=0.336-0.846 level=0.050
153	proc	133	bad	train	shiftMags=0	421.278	1.5	1.5	1.5	30	16000	3	0@0.002	0.332	0.480-0.812	-385.101	1015.22	-268	375	1128.34	1895.9	738.62	2882.53	1129.7	1880.12	734.998	2888.66	160.463	182.559	223.34	-4.85479	0.115961	8.25	-27.4158	0							voice sage "bad" tok=beedd2b4240955c0 take=3 src=tts:gpt-audio-1.5 f0=162 onset=0.291 dur=0.700 vowel=0.461-0.761 level=0.050
154	proc	134	bod	train	shiftMags=0	423.616	1.5	1.5	1.5	30	16000	3	0@0.002	0.288	0.522-0.810	-238.179	1146.94	-177	524	1010.81	1235.96	708.099	2410.86	1010.32	1234.95	708.208	2414.12	158.021	159.204	12.9075	-10.031	0.0640478	8.0625	-29.0415	0							voice sage "bod" tok=1fa3845a40050895 take=3 src=tts:gpt-audio-1.5 f0=158 onset=0.372 dur=0.560 vowel=0.402-0.742 level=0.050
155	proc	135	booed	train	shiftMags=0	426.529	1.5	1.5	1.5	30	16000	3	0@0.002	0.384	0.468-0.852	237.437	1145.95	236	521	397.071	1444.08	472.109	2566.15	391.45	1444.07	475.64	2570.94	172.616	236.89	547.986	-13.2693	0.068718	7.5625	-28.1833	1	1.485+15.4ms						voice sage "booed" tok=4df2a42ad7b9d57d take=3 src=tts:gpt-audio-1.5 f0=180 onset=0.302 dur=0.730 vowel=0.462-0.782 level=0.050
156	proc	136	bad	train	shiftMags=0	429.335	1.5	1.5	1.5	30	16000	3	0@0.002	0.308	0.382-0.690	-397.456	1024.28	-275	380	1113.41	2109.58	717.202	2752.92	1137.1	2097.47	715.632	2772.87	192.569	177.947	-136.709	-3.7885	0.108724	8.25	-28.7506	0							voice sage "bad" tok=0b94949d38b38e9b take=0 src=tts:gpt-audio-1.5 f0=172 onset=0.340 dur=0.850 vowel=0.370-0.720 level=0.050
157	proc	137	bod	train	shiftMags=0	431.861	1.5	1.5	1.5	30	16000	3	0@0.002	0.31	0.542-0.896	-208.675	1151.78	-157	529	1051.56	1212.35	662.819	2373.96	1086.05	1216.31	665.288	2372.69	190.711	159.005	-314.787	-9.64327	0.0811559	8	-28.5126	0							voice sage "bod" tok=0bcabf410c0dcfb0 take=0 src=tts:gpt-audio-1.5 f0=154 onset=0.337 dur=0.890 vowel=0.537-0.877 level=0.050
158	proc	138	booed	train	shiftMags=0	434.444	1.5	1.5	1.5	30	16000	3	0@0.002	0.506	0.406-0.912	250.934	1103.64	252	458	402.19	1649.29	467.041	2705.08	390.87	1599.7	473.362	2634.04	183.801	210.349	233.569	-14.6509	0.0700535	10.4375	-26.9489	0							voice sage "booed" tok=648f84d54d536760 take=0 src=tts:gpt-audio-1.5 f0=171 onset=0.353 dur=0.980 vowel=0.373-0.883 level=0.050
159	proc	139	bead	train	shiftMags=0	437.116	1.5	1.5	1.5	30	16000	3	0@0.002	0.392	0.346-0.744	260.627	632.753	264	176	295.02	2876.17	464.53	3260.63	290.491	2879.48	463.995	3265.99	161.435	211.803	470.125	-9.83135	0.114281	7.5625	-29.2971	0							voice sage "bead" tok=a1cca3e1670e1a36 take=0 src=tts:gpt-audio-1.5 f0=166 onset=0.302 dur=0.630 vowel=0.342-0.662 level=0.050
160	proc	140	bad	train	shiftMags=0	439.659	1.5	1.5	1.5	30	16000	3	0@0.002	0.36	0.364-0.726	-358.339	1018.1	-252	375	1071.15	1985.96	743.425	2717.48	1074.68	2001.11	752.46	2735.79	161.454	165.212	39.8401	-4.62811	0.131118	8.25	-28.6556	0							voice sage "bad" tok=bff059c145c05575 take=1 src=tts:gpt-audio-1.5 f0=161 onset=0.325 dur=0.630 vowel=0.355-0.875 level=0.050
161	proc	141	bead	train	shiftMags=0	442.412	1.5	1.5	1.5	30	16000	3	0@0.002	0.46	0.422-0.882	248.319	663.387	248	187	301.17	2781.4	447.08	3391.58	301.506	2781.77	448.012	3393.21	159.528	193.048	330.18	-11.3066	0.0668823	5.75	-28.4546	0							voice sage "bead" tok=57b183fe58481e66 take=1 src=tts:gpt-audio-1.5 f0=157 onset=0.372 dur=0.650 vowel=0.402-0.932 level=0.050
162	proc	142	booed	train	shiftMags=0	445.41	1.5	1.5	1.5	30	16000	3	0@0.002	0.316	0.380-0.696	227.754	1137.65	224	507	416.421	1412.04	408.383	2543.7	423.32	1412.95	416.497	2549.66	193.358	183.4	-91.5351	-14.0451	0.0701276	6.0625	-28.2965	0							voice sage "booed" tok=1b6acbc1f5ea98cb take=1 src=tts:gpt-audio-1.5 f0=177 onset=0.328 dur=0.650 vowel=0.368-0.628 level=0.050
163	proc	143	bod	train	shiftMags=0	447.699	1.5	1.5	1.5	30	16000	3	0@0.002	0.348	0.414-0.762	-256.766	1144.95	-189	518	976.994	1230.11	711.689	2399.09	977.702	1231.05	706.521	2397.81	166.182	170.631	45.7381	-9.79107	0.0815267	8.125	-28.6092	0							voice sage "bod" tok=3c84533b90645ed4 take=1 src=tts:gpt-audio-1.5 f0=162 onset=0.286 dur=0.840 vowel=0.406-0.706 level=0.050
164	proc	144	bead	train	shiftMags=0	450.638	1.5	1.5	1.5	30	16000	3	0@0.002	0.41	0.350-0.760	237.468	675.658	236	193	353.977	3133.09	456.657	3390.96	353.977	3146.44	460.477	3400.81	167.243	196.937	282.954	-10.4327	0.109739	7.5625	-27.7741	0							voice sage "bead" tok=0911d7bfc62ed3d0 take=2 src=tts:gpt-audio-1.5 f0=168 onset=0.300 dur=0.600 vowel=0.340-0.810 level=0.050
165	proc	145	bad	train	shiftMags=0	453.63	1.5	1.5	1.5	30	16000	3	0@0.002	0.336	0.404-0.740	-410.217	1044.54	-283	402	1155.2	3216	749.423	2630.83	1156.16	3238.49	745.666	2636.38	154.04	161.408	80.8892	-6.56874	0.105017	8.25	-27.2482	0							voice sage "bad" tok=55bf3cc2c5719dc4 take=2 src=tts:gpt-audio-1.5 f0=151 onset=0.359 dur=0.690 vowel=0.379-0.699 level=0.050
166	proc	146	bod	train	shiftMags=0	456.527	1.5	1.5	1.5	30	16000	3	0@0.002	0.306	0.330-0.636	-305.367	1146.38	-220	524	1024.7	1229.11	706.566	2416.79	1025.21	1230.44	708.078	2429.5	214.732	180.896	-296.851	-10.2681	0.153799	8	-25.9666	0							voice sage "bod" tok=cfa4fc51e856fa56 take=2 src=tts:gpt-audio-1.5 f0=175 onset=0.339 dur=0.880 vowel=0.339-0.569 level=0.050
167	proc	147	booed	train	shiftMags=0	459.125	1.5	1.5	1.5	30	16000	3	0@0.002	0.338	0.400-0.738	153.12	1092.79	142	447	529.626	1640.69	590.191	2745.56	540.839	1668.98	593.967	2718.57	177.641	192.145	135.874	-10.6073	0.0599462	7.875	-27.4606	0							voice sage "booed" tok=634ca7bde90b1e5e take=2 src=tts:gpt-audio-1.5 f0=167 onset=0.358 dur=0.830 vowel=0.398-0.708 level=0.050
168	proc	148	bead	train	shiftMags=0	461.872	1.5	1.5	1.5	30	16000	3	0@0.002	0.522	0.330-0.874	276.04	630.5	283	176	302.153	3150.54	453.737	3577.04	300.854	3153.11	455.039	3589.69	155.347	166.034	115.181	-11.0192	0.0820738	7.5625	-26.7597	0							voice sage "bead" tok=f7c2e97736d2cca4 take=3 src=tts:gpt-audio-1.5 f0=158 onset=0.340 dur=0.830 vowel=0.340-0.850 level=0.050
169	proc	149	booed	train	shiftMags=0	464.472	1.5	1.5	1.5	30	16000	3	0@0.002	0.384	0.528-0.912	237.448	1147.26	236	524	397.555	1444.8	451.929	2565.9	390.499	1444.43	455.283	2569.65	173.535	163.38	-104.4	-12.6741	0.0692359	7.5625	-28.1855	1	0.485+11.0ms						voice sage "booed" tok=4df2a42ad7b9d57d take=3 src=tts:gpt-audio-1.5 f0=180 onset=0.361 dur=0.730 vowel=0.521-0.841 level=0.050
170	proc	150	bod	train	shiftMags=0	467.002	1.5	1.5	1.5	30	16000	3	0@0.002	0.29	0.438-0.728	-238.114	1146.61	-177	524	1010.67	1239.24	689.831	2404.01	1022.44	1239.49	695.979	2404.8	158.383	162.673	46.2664	-10.1755	0.0686776	8.0625	-29.0416	0							voice sage "bod" tok=1fa3845a40050895 take=3 src=tts:gpt-audio-1.5 f0=158 onset=0.289 dur=0.560 vowel=0.319-0.659 level=0.050
171	proc	151	bad	train	shiftMags=0	470.369	1.5	1.5	1.5	30	16000	3	0@0.002	0.332	0.540-0.872	-385.125	1015.39	-268	375	1128.19	1889.81	736.229	2888.81	1129.93	1874.85	731.672	2897.07	161.008	177.72	170.972	-4.92018	0.11232	8.25	-27.4156	0							voice sage "bad" tok=beedd2b4240955c0 take=3 src=tts:gpt-audio-1.5 f0=162 onset=0.350 dur=0.700 vowel=0.520-0.820 level=0.050
172	proc	152	bead	train	shiftMags=0	472.77	1.5	1.5	1.5	30	16000	3	0@0.002	0.392	0.378-0.776	260.643	633.845	264	176	295.458	2858.63	465.085	3256.44	291.663	2866.72	463.633	3261.8	160.673	226.504	594.493	-9.6679	0.109886	7.5625	-29.2976	0							voice sage "bead" tok=a1cca3e1670e1a36 take=0 src=tts:gpt-audio-1.5 f0=166 onset=0.334 dur=0.630 vowel=0.374-0.694 level=0.050
173	proc	153	bad	train	shiftMags=0	475.378	1.5	1.5	1.5	30	16000	3	0@0.002	0.306	0.366-0.672	-397.771	1024.28	-275	380	1125.05	2133.93	708.998	2724.98	1136.6	2199.07	708.998	2724.98	200.379	187.735	-112.847	-3.66448	0.111414	8.25	-28.7495	0							voice sage "bad" tok=0b94949d38b38e9b take=0 src=tts:gpt-audio-1.5 f0=172 onset=0.323 dur=0.850 vowel=0.353-0.703 level=0.050
174	proc	154	bod	train	shiftMags=0	477.84	1.5	1.5	1.5	30	16000	3	0@0.002	0.31	0.510-0.864	-208.267	1151.82	-157	529	981.537	1211.47	660.437	2366.52	1046.26	1213.7	660.447	2363.37	186.016	153.355	-334.259	-9.87886	0.0860807	8	-28.5113	0							voice sage "bod" tok=0bcabf410c0dcfb0 take=0 src=tts:gpt-audio-1.5 f0=154 onset=0.305 dur=0.890 vowel=0.505-0.845 level=0.050
175	proc	155	booed	train	shiftMags=0	480.246	1.5	1.5	1.5	30	16000	3	0@0.002	0.508	0.376-0.884	248.138	1103.37	248	460.5	401.793	1655.47	498.411	2722.08	401.684	1624.49	499.944	2721.6	191.461	219.901	239.763	-14.6349	0.06853	10.5	-26.9491	1	1.485+15.4ms						voice sage "booed" tok=648f84d54d536760 take=0 src=tts:gpt-audio-1.5 f0=171 onset=0.324 dur=0.980 vowel=0.344-0.854 level=0.050
176	proc	156	booed	train	shiftMags=0	482.952	1.5	1.5	1.5	30	16000	3	0@0.002	0.316	0.408-0.724	229.289	1140.27	226	507	418.274	1406.45	418.432	2595.39	424.93	1412.39	420.503	2605.27	194.241	225.497	258.319	-13.7896	0.0734262	7.5625	-28.2993	0							voice sage "booed" tok=1b6acbc1f5ea98cb take=1 src=tts:gpt-audio-1.5 f0=177 onset=0.355 dur=0.650 vowel=0.395-0.655 level=0.050
177	proc	157	bod	train	shiftMags=0	485.414	1.5	1.5	1.5	30	16000	3	0@0.002	0.348	0.444-0.792	-256.782	1145.01	-189	518	977.838	1231.19	717.076	2395.14	978.311	1231.23	716.504	2397.56	163.409	164.927	16.0165	-9.66812	0.0820005	8.125	-28.6102	0							voice sage "bod" tok=3c84533b90645ed4 take=1 src=tts:gpt-audio-1.5 f0=162 onset=0.315 dur=0.840 vowel=0.435-0.735 level=0.050
178	proc	158	bad	train	shiftMags=0	488.289	1.5	1.5	1.5	30	16000	3	0@0.002	0.36	0.378-0.740	-358.286	1017.08	-252	375	1074.93	1992.31	741.947	2763.2	1075.44	2008	748.669	2763.2	166.169	169.437	33.7163	-4.78677	0.131915	8.25	-28.6552	0							voice sage "bad" tok=bff059c145c05575 take=1 src=tts:gpt-audio-1.5 f0=161 onset=0.338 dur=0.630 vowel=0.368-0.888 level=0.050
179	proc	159	bead	train	shiftMags=0	490.605	1.5	1.5	1.5	30	16000	3	0@0.002	0.462	0.386-0.848	248.334	663.16	248	187	299.905	2783.62	447.699	3397.93	300.985	2786.74	448.715	3397.89	160.025	229.464	623.96	-11.4631	0.0525177	7.375	-28.4535	0							voice sage "bead" tok=57b183fe58481e66 take=1 src=tts:gpt-audio-1.5 f0=157 onset=0.336 dur=0.650 vowel=0.366-0.896 level=0.050
180	proc	160	bod	train	shiftMags=0	493.025	1.5	1.5	1.5	30	16000	3	0@0.002	0.306	0.306-0.612	-305.359	1146.57	-220	524	1010.23	1221.35	717.873	2428.91	1010.74	1228.43	725.063	2435.42	193.714	176.109	-164.954	-10.2136	0.149938	8	-25.9666	0							voice sage "bod" tok=cfa4fc51e856fa56 take=2 src=tts:gpt-audio-1.5 f0=175 onset=0.315 dur=0.880 vowel=0.315-0.545 level=0.050
181	proc	161	bead	train	shiftMags=0	495.593	1.5	1.5	1.5	30	16000	3	0@0.002	0.41	0.368-0.778	237.467	678.573	236	193	353.696	3120.87	464.88	3394.48	353.696	3135.42	464.88	3404.16	169.964	200.166	283.165	-10.345	0.113199	7.6875	-27.774	0							voice sage "bead" tok=0911d7bfc62ed3d0 take=2 src=tts:gpt-audio-1.5 f0=168 onset=0.318 dur=0.600 vowel=0.358-0.828 level=0.050
182	proc	162	bad	train	shiftMags=0	498.004	1.5	1.5	1.5	30	16000	3	0@0.002	0.338	0.390-0.728	-411.048	1040.74	-283	397	1155.34	3207.52	754.518	2736.6	1155.42	3238.31	750.968	2725.3	154.748	149.549	-59.1661	-6.30627	0.103708	8.25	-27.2479	0							voice sage "bad" tok=55bf3cc2c5719dc4 take=2 src=tts:gpt-audio-1.5 f0=151 onset=0.346 dur=0.690 vowel=0.366-0.686 level=0.050
183	proc	163	booed	train	shiftMags=0	500.882	1.5	1.5	1.5	30	16000	3	0@0.002	0.338	0.360-0.698	153.032	1091.46	142	447	542.248	1668.82	584.054	2723.16	542.248	1668.82	584.054	2723.16	189.954	198.975	80.3174	-10.5919	0.0589653	7.875	-27.4605	0							voice sage "booed" tok=634ca7bde90b1e5e take=2 src=tts:gpt-audio-1.5 f0=167 onset=0.319 dur=0.830 vowel=0.359-0.669 level=0.050
184	proc	164	booed	train	shiftMags=0	503.501	1.5	1.5	1.5	30	16000	3	0@0.002	0.384	0.498-0.882	237.485	1147.81	236	524	398.498	1444.62	460.775	2567.67	390.922	1444.24	462.497	2567.7	172.898	199.67	249.228	-12.7976	0.0640821	7.5625	-28.1837	0							voice sage "booed" tok=4df2a42ad7b9d57d take=3 src=tts:gpt-audio-1.5 f0=180 onset=0.331 dur=0.730 vowel=0.491-0.811 level=0.050
185	proc	165	bead	train	shiftMags=0	505.797	1.5	1.5	1.5	30	16000	3	0@0.002	0.514	0.298-0.842	275.899	630.44	283	176	302.155	3156.37	451.392	3496.92	301.935	3158.15	451.763	3522.34	155.462	177.985	234.232	-11.2858	0.0856759	7.5625	-26.7573	0							voice sage "bead" tok=f7c2e97736d2cca4 take=3 src=tts:gpt-audio-1.5 f0=158 onset=0.308 dur=0.830 vowel=0.308-0.818 level=0.050
186	proc	166	bod	train	shiftMags=0	508.2	1.5	1.5	1.5	30	16000	3	0@0.002	0.29	0.458-0.748	-238.082	1147.64	-177	524	1010.5	1238.9	693.342	2402.18	1022.06	1239.65	697.525	2402.68	158.412	161.218	30.3967	-10.1738	0.0655091	8.125	-29.0418	0							voice sage "bod" tok=1fa3845a40050895 take=3 src=tts:gpt-audio-1.5 f0=158 onset=0.309 dur=0.560 vowel=0.339-0.679 level=0.050
187	proc	167	bad	train	shiftMags=0	510.974	1.5	1.5	1.5	30	16000	3	0@0.002	0.332	0.540-0.872	-385.066	1015.35	-268	375	1128.1	1892.04	738.052	2891.13	1129.71	1876.55	733.69	2908.4	160.743	179.869	194.624	-4.75613	0.114088	8.25	-27.414	0							voice sage "bad" tok=beedd2b4240955c0 take=3 src=tts:gpt-audio-1.5 f0=162 onset=0.350 dur=0.700 vowel=0.520-0.820 level=0.050
188	proc	168	booed	train	shiftMags=0	513.456	1.5	1.5	1.5	30	16000	3	0@0.002	0.508	0.390-0.898	249.543	1102.06	250	460.5	400.55	1629.46	477.592	2738.73	396.671	1614.85	483.232	2723.16	174.196	221.415	415.25	-14.8767	0.0637841	10.4375	-26.9489	0							voice sage "booed" tok=648f84d54d536760 take=0 src=tts:gpt-audio-1.5 f0=171 onset=0.337 dur=0.980 vowel=0.357-0.867 level=0.050
189	proc	169	bad	train	shiftMags=0	515.93	1.5	1.5	1.5	30	16000	3	0@0.002	0.306	0.380-0.686	-397.491	1023.94	-275	380	1124.79	2085.74	729.373	2799.97	1141.02	2081.39	729.373	2799.97	175.528	181.41	57.0655	-3.52887	0.118689	8.25	-28.7496	0							voice sage "bad" tok=0b94949d38b38e9b take=0 src=tts:gpt-audio-1.5 f0=172 onset=0.336 dur=0.850 vowel=0.366-0.716 level=0.050
190	proc	170	bead	train	shiftMags=0	518.338	1.5	1.5	1.5	30	16000	3	0@0.002	0.398	0.368-0.768	260.639	634.844	264	176	290.012	2864.2	465.505	3261.99	292.515	2867.7	465.955	3266.85	161.656	233.039	633.173	-11.2886	0.0525879	7.5625	-29.2972	0							voice sage "bead" tok=a1cca3e1670e1a36 take=0 src=tts:gpt-audio-1.5 f0=166 onset=0.326 dur=0.630 vowel=0.366-0.686 level=0.050
191	proc	171	bod	train	shiftMags=0	520.598	1.5	1.5	1.5	30	16000	3	0@0.002	0.314	0.528-0.882	-214.205	1151.7	-161	529	1062.45	1210.66	691.096	2389.53	1095.18	1214.15	696.054	2389.85	183.515	161.959	-216.325	-9.0175	0.0899827	8	-28.5105	0							voice sage "bod" tok=0bcabf410c0dcfb0 take=0 src=tts:gpt-audio-1.5 f0=154 onset=0.322 dur=0.890 vowel=0.522-0.862 level=0.050
192	proc	172	bod	train	shiftMags=0	523.417	1.5	1.5	1.5	30	16000	3	0@0.002	0.35	0.474-0.824	-256.803	1144.98	-189	518	980.437	1233.21	717.33	2402.39	979.48	1232.01	715.755	2396.88	166.61	169.88	33.6502	-9.47985	0.0866942	8.125	-28.6092	0							voice sage "bod" tok=3c84533b90645ed4 take=1 src=tts:gpt-audio-1.5 f0=162 onset=0.347 dur=0.840 vowel=0.467-0.767 level=0.050
193	proc	173	bad	train	shiftMags=0	525.911	1.5	1.5	1.5	30	16000	3	0@0.002	0.36	0.352-0.714	-358.35	1017.32	-252	375	1073.6	1979.09	745.495	2751.3	1074.87	1991.05	751.761	2755.72	162.4	172.508	104.527	-4.52603	0.133738	8.25	-28.655	0							voice sage "bad" tok=bff059c145c05575 take=1 src=tts:gpt-audio-1.5 f0=161 onset=0.313 dur=0.630 vowel=0.343-0.863 level=0.050
194	proc	174	bead	train	shiftMags=0	528.344	1.5	1.5	1.5	30	16000	3	0@0.002	0.46	0.392-0.852	248.28	663.336	248	187	300.973	2780.12	450.778	3375.51	301.541	2780.48	451.519	3380.92	159.501	228.789	624.539	-11.4093	0.0604287	7.25	-28.4542	0							voice sage "bead" tok=57b183fe58481e66 take=1 src=tts:gpt-audio-1.5 f0=157 onset=0.341 dur=0.650 vowel=0.371-0.901 level=0.050
195	proc	175	booed	train	shiftMags=0	530.673	1.5	1.5	1.5	30	16000	3	0@0.002	0.316	0.366-0.682	229.38	1138.39	226	507	420.848	1410.15	415.964	2555.2	426.327	1415.71	411.593	2572.93	196.375	225.363	238.366	-13.6684	0.0631825	6	-28.2981	1	1.485+15.4ms						voice sage "booed" tok=1b6acbc1f5ea98cb take=1 src=tts:gpt-audio-1.5 f0=177 onset=0.312 dur=0.650 vowel=0.352-0.612 level=0.050
196	proc	176	bod	train	shiftMags=0	533.302	1.5	1.5	1.5	30	16000	3	0@0.002	0.306	0.286-0.592	-305.4	1146.33	-220	524	1010.71	1222.3	720.034	2444.9	1012.39	1227.55	721.507	2448.77	191.149	175.636	-146.529	-10.0034	0.157391	8	-25.9653	0							voice sage "bod" tok=cfa4fc51e856fa56 take=2 src=tts:gpt-audio-1.5 f0=175 onset=0.295 dur=0.880 vowel=0.295-0.525 level=0.050
197	proc	177	bead	train	shiftMags=0	536.106	1.5	1.5	1.5	30	16000	3	0@0.002	0.41	0.418-0.828	237.412	677.368	236	193	353.441	3120.53	459.16	3393.95	353.441	3135.16	459.16	3407.57	172.067	202.74	283.992	-10.7033	0.110983	7.5625	-27.774	0							voice sage "bead" tok=0911d7bfc62ed3d0 take=2 src=tts:gpt-audio-1.5 f0=168 onset=0.368 dur=0.600 vowel=0.408-0.878 level=0.050
198	proc	178	booed	train	shiftMags=0	539.066	1.5	1.5	1.5	30	16000	3	0@0.002	0.336	0.356-0.692	153.076	1092.55	142	447	540.334	1672.86	575.547	2717.38	544.324	1684.84	583.954	2728.3	178.896	198.554	180.495	-10.3041	0.0558279	7.875	-27.4604	0							voice sage "booed" tok=634ca7bde90b1e5e take=2 src=tts:gpt-audio-1.5 f0=167 onset=0.313 dur=0.830 vowel=0.353-0.663 level=0.050
199	proc	179	bad	train	shiftMags=0	542.016	1.5	1.5	1.5	30	16000	3	0@0.002	0.338	0.412-0.750	-410.468	1049.73	-283	402	1155.53	3240.34	749.016	2634.26	1156.23	3248.03	744.692	2621.25	151.963	165.62	148.992	-6.52823	0.101193	8.25	-27.248	0							voice sage "bad" tok=55bf3cc2c5719dc4 take=2 src=tts:gpt-audio-1.5 f0=151 onset=0.368 dur=0.690 vowel=0.388-0.708 level=0.050
200	proc	180	bead	train	shiftMags=0	544.278	1.5	1.5	1.5	30	16000	3	0@0.002	0.52	0.360-0.904	275.908	630.289	283	176	300.735	3154.63	448.944	3449.99	300.735	3162.03	451.32	3541.32	170.537	177.661	70.8558	-11.565	0.0865567	7.5625	-26.7575	0							voice sage "bead" tok=f7c2e97736d2cca4 take=3 src=tts:gpt-audio-1.5 f0=158 onset=0.371 dur=0.830 vowel=0.371-0.881 level=0.050
201	proc	181	bod	train	shiftMags=0	547.9	1.5	1.5	1.5	30	16000	3	0@0.002	0.288	0.452-0.740	-238.197	1146.94	-177	524	994.315	1234.6	711.67	2408.37	1011.09	1234.74	713.83	2410.46	158.025	161.749	40.3161	-10.0206	0.0673848	8.0625	-29.0416	0							voice sage "bod" tok=1fa3845a40050895 take=3 src=tts:gpt-audio-1.5 f0=158 onset=0.302 dur=0.560 vowel=0.332-0.672 level=0.050
202	proc	182	booed	train	shiftMags=0	550.514	1.5	1.5	1.5	30	16000	3	0@0.002	0.384	0.480-0.864	237.496	1146.78	236	524	396.828	1445.01	451.406	2560.41	394.044	1444.37	453.155	2566.75	171.03	205.952	321.663	-12.564	0.0688469	7.5625	-28.1841	0							voice sage "booed" tok=4df2a42ad7b9d57d take=3 src=tts:gpt-audio-1.5 f0=180 onset=0.313 dur=0.730 vowel=0.473-0.793 level=0.050
203	proc	183	bad	train	shiftMags=0	553.176	1.5	1.5	1.5	30	16000	3	0@0.002	0.332	0.548-0.880	-385.044	1015.28	-268	375	1128.34	1893.58	733.473	2899.87	1130.79	1874.53	727.921	2899.87	159.785	179.706	203.408	-4.87064	0.109393	8.25	-27.4138	0							voice sage "bad" tok=beedd2b4240955c0 take=3 src=tts:gpt-audio-1.5 f0=162 onset=0.358 dur=0.700 vowel=0.528-0.828 level=0.050
204	proc	184	bod	train	shiftMags=0	555.746	1.5	1.5	1.5	30	16000	3	0@0.002	0.31	0.524-0.878	-208.032	1151.72	-157	529	987.774	1222.86	642.536	2349.61	1026.07	1218.96	646.009	2354	169.725	156.875	-136.301	-10.1232	0.081656	8	-28.5132	0							voice sage "bod" tok=0bcabf410c0dcfb0 take=0 src=tts:gpt-audio-1.5 f0=154 onset=0.319 dur=0.890 vowel=0.519-0.859 level=0.050
205	proc	185	booed	train	shiftMags=0	558.692	1.5	1.5	1.5	30	16000	3	0@0.002	0.508	0.396-0.904	248.114	1104.39	248	460.5	402.081	1683.59	469.474	2753.92	401.696	1623.68	483.262	2704.77	184.588	219.389	299.02	-14.8321	0.0683143	10.5	-26.9491	0							voice sage "booed" tok=648f84d54d536760 take=0 src=tts:gpt-audio-1.5 f0=171 onset=0.344 dur=0.980 vowel=0.364-0.874 level=0.050
206	proc	186	bad	train	shiftMags=0	561.387	1.5	1.5	1.5	30	16000	3	0@0.002	0.308	0.358-0.666	-397.723	1024.37	-275	383	1116.88	2095.69	715.959	2811.24	1139.64	2070.31	711.513	2808.26	206.456	186.548	-175.542	-3.73077	0.117651	8.25	-28.7513	0							voice sage "bad" tok=0b94949d38b38e9b take=0 src=tts:gpt-audio-1.5 f0=172 onset=0.315 dur=0.850 vowel=0.345-0.695 level=0.050
207	proc	187	bead	train	shiftMags=0	563.964	1.5	1.5	1.5	30	16000	3	0@0.002	0.394	0.392-0.790	260.69	633.782	264	176	288.557	2864.92	471.194	3242.55	293.804	2874.08	471.683	3280.7	162.609	233.94	629.678	-10.9519	0.0744841	7.5625	-29.2972	0							voice sage "bead" tok=a1cca3e1670e1a36 take=0 src=tts:gpt-audio-1.5 f0=166 onset=0.349 dur=0.630 vowel=0.389-0.709 level=0.050
208	proc	188	bod	train	shiftMags=0	566.936	1.5	1.5	1.5	30	16000	3	0@0.002	0.35	0.410-0.760	-256.757	1145.36	-189	518	979.613	1233.57	707.883	2405.95	980.762	1234.13	711.725	2407.73	162.863	169.013	64.1715	-9.73104	0.0784459	8.125	-28.6092	0							voice sage "bod" tok=3c84533b90645ed4 take=1 src=tts:gpt-audio-1.5 f0=162 onset=0.283 dur=0.840 vowel=0.403-0.703 level=0.050
209	proc	189	bead	train	shiftMags=0	569.575	1.5	1.5	1.5	30	16000	3	0@0.002	0.46	0.410-0.870	248.349	662.002	248	187	300.696	2777	447.495	3399.56	301.696	2777.98	447.662	3395.28	159.098	229.504	634.324	-11.5384	0.0610044	10.375	-28.4536	0							voice sage "bead" tok=57b183fe58481e66 take=1 src=tts:gpt-audio-1.5 f0=157 onset=0.360 dur=0.650 vowel=0.390-0.920 level=0.050
210	proc	190	bad	train	shiftMags=0	571.831	1.5	1.5	1.5	30	16000	3	0@0.002	0.362	0.332-0.694	-358.328	1016.01	-252	375	1074.78	1955.9	740.581	2762.45	1075.96	1884.98	748.158	2769.44	165.287	167.181	19.7194	-4.70804	0.127556	8.25	-28.6538	0							voice sage "bad" tok=bff059c145c05575 take=1 src=tts:gpt-audio-1.5 f0=161 onset=0.292 dur=0.630 vowel=0.322-0.842 level=0.050
211	proc	191	booed	train	shiftMags=0	574.551	1.5	1.5	1.5	30	16000	3	0@0.002	0.316	0.364-0.680	229.292	1140.23	226	507	418.417	1405.07	409.547	2584.51	418.417	1405.07	409.547	2584.51	191.677	231.633	327.79	-14.0804	0.0642306	7.5625	-28.2971	0							voice sage "booed" tok=1b6acbc1f5ea98cb take=1 src=tts:gpt-audio-1.5 f0=177 onset=0.311 dur=0.650 vowel=0.351-0.611 level=0.050
212	proc	192	bad	train	shiftMags=0	577.525	1.5	1.5	1.5	30	16000	3	0@0.002	0.338	0.400-0.738	-410.257	1050.3	-283	402	1155.11	3226.85	750.909	2610.6	1155.23	3240.12	741.229	2588.08	155.826	166.872	118.562	-6.62147	0.106951	8.25	-27.2483	0							voice sage "bad" tok=55bf3cc2c5719dc4 take=2 src=tts:gpt-audio-1.5 f0=151 onset=0.356 dur=0.690 vowel=0.376-0.696 level=0.050
213	proc	193	bead	train	shiftMags=0	580.265	1.5	1.5	1.5	30	16000	3	0@0.002	0.41	0.382-0.792	237.491	675.586	236	193	354.61	3143.8	439.683	3394	354.096	3152.26	435.99	3395.04	167.567	199.175	299.161	-10.4474	0.108579	7.6875	-27.7737	0							voice sage "bead" tok=0911d7bfc62ed3d0 take=2 src=tts:gpt-audio-1.5 f0=168 onset=0.331 dur=0.600 vowel=0.371-0.841 level=0.050
214	proc	194	bod	train	shiftMags=0	582.665	1.5	1.5	1.5	30	16000	3	0@0.002	0.304	0.360-0.664	-305.283	1147.11	-220	524	1017.63	1228.67	721.859	2401.59	1026.95	1230.57	728.978	2430.07	215.05	177.736	-329.926	-10.0051	0.153272	8	-25.9672	0							voice sage "bod" tok=cfa4fc51e856fa56 take=2 src=tts:gpt-audio-1.5 f0=175 onset=0.369 dur=0.880 vowel=0.369-0.599 level=0.050
215	proc	195	booed	train	shiftMags=0	585.543	1.5	1.5	1.5	30	16000	3	0@0.002	0.338	0.366-0.704	153.029	1091.66	142	447	545.84	1652.77	579.677	2692.07	546.128	1674.18	582.864	2710.56	183.025	198.652	141.846	-10.6743	0.0631931	7.875	-27.4603	1	1.485+15.4ms						voice sage "booed" tok=634ca7bde90b1e5e take=2 src=tts:gpt-audio-1.5 f0=167 onset=0.325 dur=0.830 vowel=0.365-0.675 level=0.050
216	proc	196	bead	train	shiftMags=0	587.82	1.5	1.5	1.5	30	16000	3	0@0.002	0.52	0.322-0.866	276.031	629.983	283	176	300.351	3159.74	456.583	3487.69	300.351	3164.4	460.518	3541.27	159.966	158.361	-17.4525	-11.6796	0.0822553	7.5625	-26.7568	0							voice sage "bead" tok=f7c2e97736d2cca4 take=3 src=tts:gpt-audio-1.5 f0=158 onset=0.333 dur=0.830 vowel=0.333-0.843 level=0.050
217	proc	197	bad	train	shiftMags=0	590.705	1.5	1.5	1.5	30	16000	3	0@0.002	0.33	0.562-0.892	-385.139	1016.29	-268	375	1128.35	1897.55	739.661	2888.6	1129.17	1885.28	736.724	2896.89	160.09	173.834	142.594	-4.70884	0.114522	8.25	-27.4132	0							voice sage "bad" tok=beedd2b4240955c0 take=3 src=tts:gpt-audio-1.5 f0=162 onset=0.371 dur=0.700 vowel=0.541-0.841 level=0.050
218	proc	198	bod	train	shiftMags=0	593.057	1.5	1.5	1.5	30	16000	3	0@0.002	0.29	0.482-0.772	-238.214	1147.26	-177	524	994.121	1233.06	706.117	2410.85	1011.91	1233.14	708.454	2411.36	158.098	158.119	0.234382	-10.5019	0.0679184	8.0625	-29.0412	0							voice sage "bod" tok=1fa3845a40050895 take=3 src=tts:gpt-audio-1.5 f0=158 onset=0.334 dur=0.560 vowel=0.364-0.704 level=0.050
219	proc	199	booed	train	shiftMags=0	595.938	1.5	1.5	1.5	30	16000	3	0@0.002	0.386	0.528-0.914	237.515	1146.86	236	524	398.367	1444.42	450.705	2548.28	391.897	1444.34	453.2	2557.67	174.114	222.131	421.655	-13.4394	0.0548289	7.5625	-28.1808	0							voice sage "booed" tok=4df2a42ad7b9d57d take=3 src=tts:gpt-audio-1.5 f0=180 onset=0.362 dur=0.730 vowel=0.522-0.842 level=0.050
220	proc	200	bad	train	shiftMags=0	598.321	1.5	1.5	1.5	30	16000	3	0@0.002	0.308	0.352-0.660	-397.669	1023.09	-275	380	1113.1	2104.99	714.268	2787.84	1137.66	2097.47	711.204	2813.03	192.317	184.757	-69.4271	-3.83003	0.114767	8.25	-28.7506	0							voice sage "bad" tok=0b94949d38b38e9b take=0 src=tts:gpt-audio-1.5 f0=172 onset=0.309 dur=0.850 vowel=0.339-0.689 level=0.050
221	proc	201	bead	train	shiftMags=0	600.681	1.5	1.5	1.5	30	16000	3	0@0.002	0.392	0.334-0.732	260.7	633.233	264	176	289.063	2865.62	463.419	3250.13	294.283	2876.32	466.735	3288.71	163.007	195.528	314.926	-9.6583	0.110841	7.5625	-29.297	0							voice sage "bead" tok=a1cca3e1670e1a36 take=0 src=tts:gpt-audio-1.5 f0=166 onset=0.290 dur=0.630 vowel=0.330-0.650 level=0.050
222	proc	202	bod	train	shiftMags=0	603.12	1.5	1.5	1.5	30	16000	3	0@0.002	0.314	0.542-0.896	-208.392	1151.71	-157	529	1054.07	1215.68	650.826	2372.34	1087.09	1217.95	654.611	2370.5	195.85	150.837	-452.11	-9.23352	0.0965342	8	-28.5121	0							voice sage "bod" tok=0bcabf410c0dcfb0 take=0 src=tts:gpt-audio-1.5 f0=154 onset=0.336 dur=0.890 vowel=0.536-0.876 level=0.050
223	proc	203	booed	train	shiftMags=0	605.748	1.5	1.5	1.5	30	16000	3	0@0.002	0.508	0.422-0.930	249.606	1102.85	250	460.5	399.92	1632.01	461.672	2755.07	398.908	1614.75	467.185	2752.39	186.143	220.99	297.082	-14.6792	0.0648598	7.5625	-26.9489	0							voice sage "booed" tok=648f84d54d536760 take=0 src=tts:gpt-audio-1.5 f0=171 onset=0.370 dur=0.980 vowel=0.390-0.900 level=0.050
224	proc	204	bead	train	shiftMags=0	608.517	1.5	1.5	1.5	30	16000	3	0@0.002	0.46	0.346-0.806	248.418	662.97	248	187	300.659	2782.07	450.334	3380.38	301.456	2785.33	447.899	3377.85	159.788	229.474	626.604	-11.3948	0.0534808	5.625	-28.4538	0							voice sage "bead" tok=57b183fe58481e66 take=1 src=tts:gpt-audio-1.5 f0=157 onset=0.294 dur=0.650 vowel=0.324-0.854 level=0.050
225	proc	205	bad	train	shiftMags=0	611.151	1.5	1.5	1.5	30	16000	3	0@0.002	0.358	0.360-0.720	-358.368	1017.81	-252	375	1075.69	1975.52	756.69	2736.23	1075.9	2011.42	759.279	2750.09	165.355	163.156	-23.1683	-4.64663	0.131425	8.25	-28.6556	0							voice sage "bad" tok=bff059c145c05575 take=1 src=tts:gpt-audio-1.5 f0=161 onset=0.319 dur=0.630 vowel=0.349-0.869 level=0.050
226	proc	206	booed	train	shiftMags=0	613.455	1.5	1.5	1.5	30	16000	3	0@0.002	0.318	0.378-0.696	230.523	1142.01	228	513	417.327	1405.44	416.885	2577.02	423.301	1410.97	417.462	2572.54	194.67	232.459	307.13	-14.0715	0.0739256	7.5625	-28.2958	0							voice sage "booed" tok=1b6acbc1f5ea98cb take=1 src=tts:gpt-audio-1.5 f0=177 onset=0.326 dur=0.650 vowel=0.366-0.626 level=0.050
227	proc	207	bod	train	shiftMags=0	616.415	1.5	1.5	1.5	30	16000	3	0@0.002	0.348	0.464-0.812	-256.779	1145.05	-189	518	978.456	1230.07	710.668	2394.38	979.042	1230.83	707.597	2395.48	164.585	167.387	29.2222	-9.53369	0.0809885	8.125	-28.6098	0							voice sage "bod" tok=3c84533b90645ed4 take=1 src=tts:gpt-audio-1.5 f0=162 onset=0.335 dur=0.840 vowel=0.455-0.755 level=0.050
228	proc	208	bod	train	shiftMags=0	619.294	1.5	1.5	1.5	30	16000	3	0@0.002	0.304	0.282-0.586	-305.306	1146.74	-220	524	1012.84	1230.13	713.665	2421.57	1019.18	1234.23	714.204	2444.44	180.998	185.149	39.2595	-9.92535	0.155319	8	-25.9667	0							voice sage "bod" tok=cfa4fc51e856fa56 take=2 src=tts:gpt-audio-1.5 f0=175 onset=0.291 dur=0.880 vowel=0.291-0.521 level=0.050
229	proc	209	booed	train	shiftMags=0	621.819	1.5	1.5	1.5	30	16000	3	0@0.002	0.338	0.338-0.676	152.968	1092.36	142	447	526.604	1640.8	580.757	2678.39	538.269	1674.44	586.987	2709.75	197.021	186.209	-97.7055	-10.6817	0.0624638	7.875	-27.4604	0							voice sage "booed" tok=634ca7bde90b1e5e take=2 src=tts:gpt-audio-1.5 f0=167 onset=0.296 dur=0.830 vowel=0.336-0.646 level=0.050
230	proc	210	bad	train	shiftMags=0	624.097	1.5	1.5	1.5	30	16000	3	0@0.002	0.338	0.380-0.718	-410.09	1049.79	-283	402	1154.72	2933.67	753.344	2578.41	1154.95	3209.27	748.735	2578.41	151.536	162.199	117.724	-6.35148	0.11489	8.25	-27.2483	0							voice sage "bad" tok=55bf3cc2c5719dc4 take=2 src=tts:gpt-audio-1.5 f0=151 onset=0.335 dur=0.690 vowel=0.355-0.675 level=0.050
231	proc	211	bead	train	shiftMags=0	627.654	1.5	1.5	1.5	30	16000	3	0@0.002	0.41	0.370-0.780	237.469	677.906	236	193	352.861	3135.78	455.313	3386.72	352.861	3149.3	455.313	3394.22	170.231	202.403	299.682	-10.2823	0.104908	7.6875	-27.7741	0							voice sage "bead" tok=0911d7bfc62ed3d0 take=2 src=tts:gpt-audio-1.5 f0=168 onset=0.319 dur=0.600 vowel=0.359-0.829 level=0.050
232	proc	212	bod	train	shiftMags=0	630.626	1.5	1.5	1.5	30	16000	3	0@0.002	0.29	0.486-0.776	-238.063	1146.6	-177	524	997.857	1235.15	721.398	2415.12	998.609	1236.38	725.389	2415.19	158.833	162.674	41.3672	-10.1113	0.0659568	8.0625	-29.0423	0							voice sage "bod" tok=1fa3845a40050895 take=3 src=tts:gpt-audio-1.5 f0=158 onset=0.337 dur=0.560 vowel=0.367-0.707 level=0.050
233	proc	213	bead	train	shiftMags=0	633.592	1.5	1.5	1.5	30	16000	3	0@0.002	0.516	0.304-0.846	275.946	629.371	283	176	300.416	3161.83	460.776	3426.74	300.416	3166.94	464.462	3442.31	149.302	178.737	311.52	-10.9728	0.104864	7.5625	-26.7579	0							voice sage "bead" tok=f7c2e97736d2cca4 take=3 src=tts:gpt-audio-1.5 f0=158 onset=0.313 dur=0.830 vowel=0.313-0.823 level=0.050
234	proc	214	booed	train	shiftMags=0	635.968	1.5	1.5	1.5	30	16000	3	0@0.002	0.384	0.538-0.922	237.457	1145.94	236	521	398.458	1444.02	457.022	2560.24	392.199	1444	457.378	2561.15	172.585	226.591	471.343	-13.1057	0.0701315	7.5625	-28.1831	0							voice sage "booed" tok=4df2a42ad7b9d57d take=3 src=tts:gpt-audio-1.5 f0=180 onset=0.372 dur=0.730 vowel=0.532-0.852 level=0.050
235	proc	215	bad	train	shiftMags=0	638.366	1.5	1.5	1.5	30	16000	3	0@0.002	0.332	0.556-0.888	-385.076	1016.08	-268	375	1128.73	1886.53	737.565	2890.76	1131.04	1868.08	735.644	2890.76	160.852	182.555	219.118	-4.82513	0.11386	8.25	-27.4144	1	1.485+15.4ms						voice sage "bad" tok=beedd2b4240955c0 take=3 src=tts:gpt-audio-1.5 f0=162 onset=0.367 dur=0.700 vowel=0.537-0.837 level=0.050
236	proc	216	booed	train	shiftMags=0	641.349	1.5	1.5	1.5	30	16000	3	0@0.002	0.506	0.386-0.892	248.071	1103.56	248	458	402.33	1648.16	461.425	2661.53	390.811	1598.76	461.425	2661.53	195.055	210.247	129.84	-14.4139	0.0675159	7.5625	-26.9488	0							voice sage "booed" tok=648f84d54d536760 take=0 src=tts:gpt-audio-1.5 f0=171 onset=0.333 dur=0.980 vowel=0.353-0.863 level=0.050
237	proc	217	bead	train	shiftMags=0	643.853	1.5	1.5	1.5	30	16000	3	0@0.002	0.394	0.342-0.740	260.67	633.555	264	176	286.27	2865.43	464.272	3182.08	290.58	2869.35	465.456	3190.67	160.557	181.938	216.438	-9.67663	0.109761	7.5625	-29.2972	0							voice sage "bead" tok=a1cca3e1670e1a36 take=0 src=tts:gpt-audio-1.5 f0=166 onset=0.298 dur=0.630 vowel=0.338-0.658 level=0.050
238	proc	218	bod	train	shiftMags=0	646.625	1.5	1.5	1.5	30	16000	3	0@0.002	0.31	0.492-0.848	-208.063	1151.25	-157	529	963.127	1221.96	668.139	2372.99	1011.62	1217.51	671.543	2360.83	192.947	154.655	-382.982	-9.827	0.0800279	8	-28.5092	0							voice sage "bod" tok=0bcabf410c0dcfb0 take=0 src=tts:gpt-audio-1.5 f0=154 onset=0.287 dur=0.890 vowel=0.487-0.827 level=0.050
239	proc	219	bad	train	shiftMags=0	649.572	1.5	1.5	1.5	30	16000	3	0@0.002	0.308	0.334-0.642	-397.461	1024.45	-275	380	1131.24	2091.24	710.866	2739.81	1139.06	1985.63	716.807	2785.22	209.209	186.404	-199.813	-3.84488	0.11309	8.25	-28.7499	0							voice sage "bad" tok=0b94949d38b38e9b take=0 src=tts:gpt-audio-1.5 f0=172 onset=0.292 dur=0.850 vowel=0.322-0.672 level=0.050
240	proc	220	booed	train	shiftMags=0	652.441	1.5	1.5	1.5	30	16000	3	0@0.002	0.316	0.396-0.712	229.287	1137.65	226	507	422.702	1403.44	427.171	2579.04	426.907	1411.09	427.876	2575.13	196.587	231.403	282.288	-14.1597	0.0682235	7.5625	-28.2959	0							voice sage "booed" tok=1b6acbc1f5ea98cb take=1 src=tts:gpt-audio-1.5 f0=177 onset=0.343 dur=0.650 vowel=0.383-0.643 level=0.050
241	proc	221	bad	train	shiftMags=0	655.294	1.5	1.5	1.5	30	16000	3	0@0.002	0.36	0.378-0.740	-358.298	1018.25	-252	375	1074.91	1977.41	756.748	2750.39	1074.98	2010.89	759.864	2750.39	164.882	164.059	-8.66427	-4.43524	0.132599	8.25	-28.6549	0							voice sage "bad" tok=bff059c145c05575 take=1 src=tts:gpt-audio-1.5 f0=161 onset=0.339 dur=0.630 vowel=0.369-0.889 level=0.050
242	proc	222	bead	train	shiftMags=0	658.004	1.5	1.5	1.5	30	16000	3	0@0.002	0.462	0.342-0.804	248.393	661.831	248	187	300.819	2781.39	446.528	3404.12	300.897	2783.12	446.627	3413.79	159.492	229.108	627.059	-11.4556	0.0600405	5.75	-28.4544	0							voice sage "bead" tok=57b183fe58481e66 take=1 src=tts:gpt-audio-1.5 f0=157 onset=0.292 dur=0.650 vowel=0.322-0.852 level=0.050
243	proc	223	bod	train	shiftMags=0	660.859	1.5	1.5	1.5	30	16000	3	0@0.002	0.35	0.474-0.824	-256.793	1144.74	-189	518	975.686	1230.71	705.112	2402.05	976.259	1231.04	704.582	2399.06	165.884	166.102	2.27073	-9.30553	0.0855279	8.125	-28.6101	0							voice sage "bod" tok=3c84533b90645ed4 take=1 src=tts:gpt-audio-1.5 f0=162 onset=0.346 dur=0.840 vowel=0.466-0.766 level=0.050
244	proc	224	bead	train	shiftMags=0	663.286	1.5	1.5	1.5	30	16000	3	0@0.002	0.41	0.360-0.770	237.507	675.965	236	193	353.945	3135.46	473.941	3381.66	353.945	3148.75	490.308	3392.34	172.66	201.945	271.235	-10.4989	0.10958	7.5625	-27.7738	0							voice sage "bead" tok=0911d7bfc62ed3d0 take=2 src=tts:gpt-audio-1.5 f0=168 onset=0.310 dur=0.600 vowel=0.350-0.820 level=0.050
245	proc	225	bod	train	shiftMags=0	666.214	1.5	1.5	1.5	30	16000	3	0@0.002	0.306	0.320-0.626	-305.355	1146.85	-220	524	1024.77	1228.6	727.146	2432.76	1025.4	1228.86	729.393	2447.73	201.589	176.942	-225.773	-10.0782	0.163506	8	-25.9652	0							voice sage "bod" tok=cfa4fc51e856fa56 take=2 src=tts:gpt-audio-1.5 f0=175 onset=0.328 dur=0.880 vowel=0.328-0.558 level=0.050
246	proc	226	bad	train	shiftMags=0	668.624	1.5	1.5	1.5	30	16000	3	0@0.002	0.338	0.344-0.682	-410.506	1042.8	-283	397	1153.73	3232.02	746.502	2706.8	1154.58	3243.53	743.761	2706.8	157.368	163.844	69.8145	-6.55682	0.100509	8.25	-27.2483	0							voice sage "bad" tok=55bf3cc2c5719dc4 take=2 src=tts:gpt-audio-1.5 f0=151 onset=0.300 dur=0.690 vowel=0.320-0.640 level=0.050
247	proc	227	booed	train	shiftMags=0	670.966	1.5	1.5	1.5	30	16000	3	0@0.002	0.338	0.396-0.734	153.093	1091.59	142	447	544.697	1653.74	565.421	2695.56	545.493	1674.56	568.393	2713.01	181.079	198.614	160.018	-10.7088	0.0626354	7.875	-27.4604	0							voice sage "booed" tok=634ca7bde90b1e5e take=2 src=tts:gpt-audio-1.5 f0=167 onset=0.355 dur=0.830 vowel=0.395-0.705 level=0.050
248	proc	228	bad	train	shiftMags=0	673.793	1.5	1.5	1.5	30	16000	3	0@0.002	0.332	0.526-0.858	-385.102	1014.78	-268	375	1128.13	1900.63	738.474	2883.27	1130.85	1867.95	734.189	2887.22	160.515	170.802	107.543	-4.87324	0.116347	8.25	-27.4164	0							voice sage "bad" tok=beedd2b4240955c0 take=3 src=tts:gpt-audio-1.5 f0=162 onset=0.336 dur=0.700 vowel=0.506-0.806 level=0.050
249	proc	229	booed	train	shiftMags=0	676.787	1.5	1.5	1.5	30	16000	3	0@0.002	0.386	0.496-0.882	237.48	1146.86	236	524	400.089	1449.09	457.577	2560.98	395.463	1445.71	461.568	2561.4	173.697	168.593	-51.6292	-13.3641	0.0648053	7.5625	-28.1861	0							voice sage "booed" tok=4df2a42ad7b9d57d take=3 src=tts:gpt-audio-1.5 f0=180 onset=0.330 dur=0.730 vowel=0.490-0.810 level=0.050
250	proc	230	bead	train	shiftMags=0	679.606	1.5	1.5	1.5	30	16000	3	0@0.002	0.514	0.288-0.832	275.995	629.994	283	176	302.155	3157.4	453.593	3479.72	301.392	3158.57	454.141	3515.2	155.458	173.901	194.095	-11.3286	0.0840007	7.5625	-26.7578	0							voice sage "bead" tok=f7c2e97736d2cca4 take=3 src=tts:gpt-audio-1.5 f0=158 onset=0.298 dur=0.830 vowel=0.298-0.808 level=0.050
251	proc	231	bod	train	shiftMags=0	682.324	1.5	1.5	1.5	30	16000	3	0@0.002	0.29	0.496-0.786	-238.331	1146.9	-177	524	1004.99	1238.69	723.984	2413.39	1017.08	1239.95	729.86	2415.17	157.926	161.87	42.6977	-10.3933	0.0681353	8.0625	-29.0413	0							voice sage "bod" tok=1fa3845a40050895 take=3 src=tts:gpt-audio-1.5 f0=158 onset=0.348 dur=0.560 vowel=0.378-0.718 level=0.050
252	proc	232	booed	train	shiftMags=0	684.64	1.5	1.5	1.5	30	16000	3	0@0.002	0.508	0.408-0.916	248.142	1104.51	248	460.5	402.114	1663.23	453.311	2791.22	400.978	1625.6	459.016	2790.88	175.99	218.77	376.712	-14.6263	0.0629111	5.8125	-26.9489	0							voice sage "booed" tok=648f84d54d536760 take=0 src=tts:gpt-audio-1.5 f0=171 onset=0.356 dur=0.980 vowel=0.376-0.886 level=0.050
253	proc	233	bod	train	shiftMags=0	687.287	1.5	1.5	1.5	30	16000	3	0@0.002	0.312	0.556-0.910	-208.509	1151.73	-157	529	1009.8	1225.44	661.891	2349.9	1082.16	1225.44	669.309	2349.9	186.201	157.257	-292.481	-10.2734	0.07433	8	-28.5132	0							voice sage "bod" tok=0bcabf410c0dcfb0 take=0 src=tts:gpt-audio-1.5 f0=154 onset=0.351 dur=0.890 vowel=0.551-0.891 level=0.050
254	proc	234	bad	train	shiftMags=0	689.67	1.5	1.5	1.5	30	16000	3	0@0.002	0.306	0.368-0.674	-397.482	1024.08	-275	380	1115.07	2107.01	712.901	2752.47	1137.35	2055.99	712.901	2752.47	212.873	185.277	-240.37	-3.60957	0.119342	8.25	-28.751	0							voice sage "bad" tok=0b94949d38b38e9b take=0 src=tts:gpt-audio-1.5 f0=172 onset=0.324 dur=0.850 vowel=0.354-0.704 level=0.050
255	proc	235	bead	train	shiftMags=0	692.326	1.5	1.5	1.5	30	16000	3	0@0.002	0.392	0.364-0.762	260.608	634.081	264	176	288.432	2864.44	456.499	3232.78	293.807	2872.79	456.985	3264.86	163.166	227.105	572.422	-10.1182	0.102593	7.5625	-29.2971	1	1.485+15.4ms						voice sage "bead" tok=a1cca3e1670e1a36 take=0 src=tts:gpt-audio-1.5 f0=166 onset=0.320 dur=0.630 vowel=0.360-0.680 level=0.050
256	proc	236	booed	train	shiftMags=0	694.883	1.5	1.5	1.5	30	16000	3	0@0.002	0.316	0.388-0.704	229.211	1140.23	226	507	425.072	1407.04	417.928	2562.25	426.7	1412.58	420.771	2569.64	197.143	168.838	-268.318	-13.8787	0.0724931	10.375	-28.2961	0							voice sage "booed" tok=1b6acbc1f5ea98cb take=1 src=tts:gpt-audio-1.5 f0=177 onset=0.334 dur=0.650 vowel=0.374-0.634 level=0.050
257	proc	237	bad	train	shiftMags=0	697.239	1.5	1.5	1.5	30	16000	3	0@0.002	0.358	0.372-0.732	-358.349	1018.01	-252	375	1075.03	1945.78	741.859	2728.58	1075.05	1787.64	742.817	2759.75	166.518	163.529	-31.3635	-4.62772	0.134009	8.25	-28.6543	0							voice sage "bad" tok=bff059c145c05575 take=1 src=tts:gpt-audio-1.5 f0=161 onset=0.331 dur=0.630 vowel=0.361-0.881 level=0.050
258	proc	238	bead	train	shiftMags=0	699.897	1.5	1.5	1.5	30	16000	3	0@0.002	0.46	0.348-0.808	248.252	663.072	248	187	298.735	2780.17	444.601	3382.3	300.694	2782.55	445.838	3382.47	159.808	229.097	623.541	-11.2453	0.0630034	5.75	-28.4537	0							voice sage "bead" tok=57b183fe58481e66 take=1 src=tts:gpt-audio-1.5 f0=157 onset=0.297 dur=0.650 vowel=0.327-0.857 level=0.050
259	proc	239	bod	train	shiftMags=0	702.74	1.5	1.5	1.5	30	16000	3	0@0.002	0.35	0.442-0.792	-256.81	1145.1	-189	518	975.905	1230.53	714.477	2395.25	978.026	1230.83	715.231	2395.47	167.675	169.835	22.1589	-9.56975	0.0836981	8.125	-28.6101	0							voice sage "bod" tok=3c84533b90645ed4 take=1 src=tts:gpt-audio-1.5 f0=162 onset=0.315 dur=0.840 vowel=0.435-0.735 level=0.050
260	proc	240	bod	train	shiftMags=0	705.526	1.5	1.5	1.5	30	16000	3	0@0.002	0.304	0.280-0.584	-305.265	1147.04	-220	524	1020.9	1227.75	708.125	2446.49	1025.63	1227.88	709.134	2451.52	205.371	177.254	-254.899	-10.1446	0.149905	8	-25.9676	0							voice sage "bod" tok=cfa4fc51e856fa56 take=2 src=tts:gpt-audio-1.5 f0=175 onset=0.288 dur=0.880 vowel=0.288-0.518 level=0.050
261	proc	241	bead	train	shiftMags=0	708.881	1.5	1.5	1.5	30	16000	3	0@0.002	0.41	0.342-0.752	237.504	664.37	236	187	355.385	3128.71	450.689	3394.91	354.776	3128.85	451.754	3398.74	167.627	200.089	306.463	-10.6031	0.11011	7.5625	-27.7742	0							voice sage "bead" tok=0911d7bfc62ed3d0 take=2 src=tts:gpt-audio-1.5 f0=168 onset=0.292 dur=0.600 vowel=0.332-0.802 level=0.050
262	proc	242	bad	train	shiftMags=0	711.834	1.5	1.5	1.5	30	16000	3	0@0.002	0.338	0.346-0.684	-410.103	1044.52	-283	402	1153.14	2354.03	751.85	2682.42	1155.12	2936.84	750.97	2674.41	153.958	150.323	-41.3658	-6.54272	0.104436	8.25	-27.2481	0							voice sage "bad" tok=55bf3cc2c5719dc4 take=2 src=tts:gpt-audio-1.5 f0=151 onset=0.302 dur=0.690 vowel=0.322-0.642 level=0.050
263	proc	243	booed	train	shiftMags=0	714.783	1.5	1.5	1.5	30	16000	3	0@0.002	0.338	0.414-0.752	152.99	1091.65	142	447	541.323	1670.4	581.076	2726.84	541.323	1670.4	581.076	2726.84	189.264	198.496	82.4502	-10.5126	0.0652384	7.875	-27.4602	0							voice sage "booed" tok=634ca7bde90b1e5e take=2 src=tts:gpt-audio-1.5 f0=167 onset=0.372 dur=0.830 vowel=0.412-0.722 level=0.050
264	proc	244	booed	train	shiftMags=0	717.302	1.5	1.5	1.5	30	16000	3	0@0.002	0.384	0.462-0.846	237.476	1146	236	521	393.236	1448.79	475.455	2560.14	397.801	1446.81	475.999	2568.49	170.784	222.168	455.377	-13.2941	0.0657976	7.5625	-28.183	0							voice sage "booed" tok=4df2a42ad7b9d57d take=3 src=tts:gpt-audio-1.5 f0=180 onset=0.296 dur=0.730 vowel=0.456-0.776 level=0.050
265	proc	245	bod	train	shiftMags=0	720.285	1.5	1.5	1.5	30	16000	3	0@0.002	0.288	0.434-0.724	-238.163	1147.22	-177	524	992.359	1234.73	707.779	2402.41	1005.02	1235.9	708.931	2403.79	158.721	160.677	21.2053	-10.4451	0.0654502	8.125	-29.0419	0							voice sage "bod" tok=1fa3845a40050895 take=3 src=tts:gpt-audio-1.5 f0=158 onset=0.286 dur=0.560 vowel=0.316-0.656 level=0.050
266	proc	246	bead	train	shiftMags=0	722.678	1.5	1.5	1.5	30	16000	3	0@0.002	0.518	0.362-0.906	276.12	630.392	283	176	300.437	3157.51	452.609	3466.22	300.437	3160.98	456.013	3523.86	162.365	174.011	119.926	-11.199	0.0890394	7.5625	-26.7578	0							voice sage "bead" tok=f7c2e97736d2cca4 take=3 src=tts:gpt-audio-1.5 f0=158 onset=0.372 dur=0.830 vowel=0.372-0.882 level=0.050
267	proc	247	bad	train	shiftMags=0	725.228	1.5	1.5	1.5	30	16000	3	0@0.002	0.332	0.480-0.812	-385.069	1015.06	-268	375	1128.37	1896.57	740.977	2893.84	1129.54	1880.29	737.466	2900.63	160.406	182.544	223.82	-4.84385	0.119566	8.25	-27.4146	0							voice sage "bad" tok=beedd2b4240955c0 take=3 src=tts:gpt-audio-1.5 f0=162 onset=0.291 dur=0.700 vowel=0.461-0.761 level=0.050
268	proc	248	bead	train	shiftMags=0	728.109	1.5	1.5	1.5	30	16000	3	0@0.002	0.396	0.336-0.740	260.664	634.081	264	176	294.069	2871.9	459.937	3259.14	289.918	2873.8	461.033	3266.32	161.569	227.353	591.333	-9.84006	0.115743	7.5625	-29.2974	0							voice sage "bead" tok=a1cca3e1670e1a36 take=0 src=tts:gpt-audio-1.5 f0=166 onset=0.293 dur=0.630 vowel=0.333-0.653 level=0.050
269	proc	249	bad	train	shiftMags=0	730.423	1.5	1.5	1.5	30	16000	3	0@0.002	0.308	0.394-0.702	-397.513	1024.37	-275	383	1132.58	2089.78	721.45	2725.21	1139.44	1983.6	715.487	2770.75	184.887	180.127	-45.1617	-3.81032	0.10728	8.25	-28.7503	0							voice sage "bad" tok=0b94949d38b38e9b take=0 src=tts:gpt-audio-1.5 f0=172 onset=0.351 dur=0.850 vowel=0.381-0.731 level=0.050
270	proc	250	booed	train	shiftMags=0	732.969	1.5	1.5	1.5	30	16000	3	0@0.002	0.508	0.388-0.896	249.603	1104.24	250	460.5	401.914	1663.91	445.912	2754.02	401.205	1625.89	446.968	2746.96	197.25	210.966	116.379	-14.6118	0.066536	7.5625	-26.9488	0							voice sage "booed" tok=648f84d54d536760 take=0 src=tts:gpt-audio-1.5 f0=171 onset=0.336 dur=0.980 vowel=0.356-0.866 level=0.050
271	proc	251	bod	train	shiftMags=0	735.226	1.5	1.5	1.5	30	16000	3	0@0.002	0.314	0.522-0.876	-214.711	1151.74	-161	529	1049.38	1213.77	648.079	2375.23	1084.69	1217.39	648.691	2375.57	186.295	160.775	-255.056	-9.01778	0.0903922	8	-28.5128	0							voice sage "bod" tok=0bcabf410c0dcfb0 take=0 src=tts:gpt-audio-1.5 f0=154 onset=0.316 dur=0.890 vowel=0.516-0.856 level=0.050
272	proc	252	booed	train	shiftMags=0	737.635	1.5	1.5	1.5	30	16000	3	0@0.002	0.316	0.358-0.674	229.22	1137.9	226	507	418.558	1404.77	398.076	2559.27	425.917	1408.61	401.18	2562.04	194.224	226.217	263.984	-13.7879	0.0700304	6	-28.2959	0							voice sage "booed" tok=1b6acbc1f5ea98cb take=1 src=tts:gpt-audio-1.5 f0=177 onset=0.305 dur=0.650 vowel=0.345-0.605 level=0.050
273	proc	253	bod	train	shiftMags=0	740.152	1.5	1.5	1.5	30	16000	3	0@0.002	0.35	0.486-0.836	-256.766	1144.48	-189	518	980.883	1232.8	713.034	2391.92	980.883	1232.8	714.142	2393.67	164.248	169.664	56.1609	-9.79131	0.0797166	8.125	-28.6104	0							voice sage "bod" tok=3c84533b90645ed4 take=1 src=tts:gpt-audio-1.5 f0=162 onset=0.358 dur=0.840 vowel=0.478-0.778 level=0.050
274	proc	254	bead	train	shiftMags=0	743.028	1.5	1.5	1.5	30	16000	3	0@0.002	0.46	0.346-0.806	248.404	663.617	248	187	300.21	2781.21	444.612	3400.39	300.774	2784.67	445.922	3392.11	159.957	228.022	613.785	-11.4803	0.0583523	7.25	-28.4545	0							voice sage "bead" tok=57b183fe58481e66 take=1 src=tts:gpt-audio-1.5 f0=157 onset=0.296 dur=0.650 vowel=0.326-0.856 level=0.050
275	proc	255	bad	train	shiftMags=0	745.747	1.5	1.5	1.5	30	16000	3	0@0.002	0.362	0.384-0.746	-358.308	1016.65	-252	375	1071.71	1994.18	743.948	2738.82	1074.26	1996.49	749.231	2762.92	161.097	167.001	62.3144	-4.57508	0.136101	8.25	-28.6555	1	1.485+15.4ms						voice sage "bad" tok=bff059c145c05575 take=1 src=tts:gpt-audio-1.5 f0=161 onset=0.344 dur=0.630 vowel=0.374-0.894 level=0.050
276	proc	256	bod	train	shiftMags=0	748.068	1.5	1.5	1.5	30	16000	3	0@0.002	0.306	0.294-0.600	-305.315	1147.09	-220	524	1010.45	1229.24	714.678	2417.66	1014.37	1232.24	720.439	2422.09	199.9	174.092	-239.315	-9.99619	0.155441	8	-25.9678	0							voice sage "bod" tok=cfa4fc51e856fa56 take=2 src=tts:gpt-audio-1.5 f0=175 onset=0.302 dur=0.880 vowel=0.302-0.532 level=0.050
277	proc	257	bead	train	shiftMags=0	750.915	1.5	1.5	1.5	30	16000	3	0@0.002	0.41	0.356-0.766	237.451	675.558	236	193	353.148	3127.92	445.85	3385.95	353.148	3142.77	445.85	3397.98	172.375	198.321	242.746	-10.5127	0.106078	7.5625	-27.7731	0							voice sage "bead" tok=0911d7bfc62ed3d0 take=2 src=tts:gpt-audio-1.5 f0=168 onset=0.305 dur=0.600 vowel=0.345-0.815 level=0.050
278	proc	258	booed	train	shiftMags=0	753.734	1.5	1.5	1.5	30	16000	3	0@0.002	0.338	0.332-0.670	152.52	1092.07	142	447	542.395	1668.86	593.59	2730.54	542.395	1668.86	593.59	2730.54	176.035	198.623	209	-10.7218	0.056761	7.875	-27.4605	0							voice sage "booed" tok=634ca7bde90b1e5e take=2 src=tts:gpt-audio-1.5 f0=167 onset=0.290 dur=0.830 vowel=0.330-0.640 level=0.050
279	proc	259	bad	train	shiftMags=0	756.214	1.5	1.5	1.5	30	16000	3	0@0.002	0.338	0.396-0.734	-410.458	1044.81	-283	402	1153.03	2558.75	747.857	2615.73	1155.58	3208.32	744.618	2653.15	157.348	169.082	124.515	-6.5118	0.105735	8.25	-27.2482	0							voice sage "bad" tok=55bf3cc2c5719dc4 take=2 src=tts:gpt-audio-1.5 f0=151 onset=0.351 dur=0.690 vowel=0.371-0.691 level=0.050
280	proc	260	bead	train	shiftMags=0	758.594	1.5	1.5	1.5	30	16000	3	0@0.002	0.52	0.354-0.898	275.967	629.811	283	176	298.131	3151.6	449.631	3437	298.131	3158.01	452.555	3439.09	164.619	161.791	-30.0072	-11.3343	0.0810417	7.5625	-26.7583	0							voice sage "bead" tok=f7c2e97736d2cca4 take=3 src=tts:gpt-audio-1.5 f0=158 onset=0.365 dur=0.830 vowel=0.365-0.875 level=0.050
281	proc	261	bad	train	shiftMags=0	761.396	1.5	1.5	1.5	30	16000	3	0@0.002	0.332	0.494-0.826	-385.085	1015.32	-268	375	1128.95	1895.39	737.1	2881.13	1129.33	1876.52	737.042	2886.32	160.312	175.341	155.141	-4.79723	0.11844	8.25	-27.4117	0							voice sage "bad" tok=beedd2b4240955c0 take=3 src=tts:gpt-audio-1.5 f0=162 onset=0.305 dur=0.700 vowel=0.475-0.775 level=0.050
282	proc	262	bod	train	shiftMags=0	764.349	1.5	1.5	1.5	30	16000	3	0@0.002	0.29	0.438-0.728	-238.17	1146.97	-177	524	1023.23	1241.03	696.036	2411.22	1019.41	1240.46	708.974	2413.28	158.027	160.15	23.1102	-10.3741	0.066769	8.0625	-29.0412	1	0.985+15.4ms						voice sage "bod" tok=1fa3845a40050895 take=3 src=tts:gpt-audio-1.5 f0=158 onset=0.290 dur=0.560 vowel=0.320-0.660 level=0.050
283	proc	263	booed	train	shiftMags=0	766.763	1.5	1.5	1.5	30	16000	3	0@0.002	0.386	0.480-0.866	237.497	1146.98	236	524	395.747	1448.95	466.58	2551.7	400.689	1446.44	466.903	2557.5	171.462	180.676	90.6135	-13.3895	0.0634807	7.5625	-28.1843	0							voice sage "booed" tok=4df2a42ad7b9d57d take=3 src=tts:gpt-audio-1.5 f0=180 onset=0.314 dur=0.730 vowel=0.474-0.794 level=0.050
284	proc	264	bead	train	shiftMags=0	769.261	1.5	1.5	1.5	30	16000	3	0@0.002	0.392	0.374-0.772	260.647	634.276	264	176	288.776	2862.78	465.642	3246.53	293.486	2871.25	466.559	3266.55	163.14	225.77	562.491	-10.3366	0.112279	7.5625	-29.2977	0							voice sage "bead" tok=a1cca3e1670e1a36 take=0 src=tts:gpt-audio-1.5 f0=166 onset=0.330 dur=0.630 vowel=0.370-0.690 level=0.050
285	proc	265	bod	train	shiftMags=0	771.76	1.5	1.5	1.5	30	16000	3	0@0.002	0.316	0.512-0.868	-202.593	1151.2	-153	529	1053.87	1267.03	646.794	2374.03	1085.86	1244.32	647.332	2371.28	191.403	155.377	-361.009	-9.59024	0.0831373	8	-28.5127	0							voice sage "bod" tok=0bcabf410c0dcfb0 take=0 src=tts:gpt-audio-1.5 f0=154 onset=0.308 dur=0.890 vowel=0.508-0.848 level=0.050
286	proc	266	booed	train	shiftMags=0	774.735	1.5	1.5	1.5	30	16000	3	0@0.002	0.506	0.368-0.874	247.956	1103.39	248	458	401.767	1660.54	474.58	2607.98	401.253	1625.34	477.382	2597.93	184.157	210.756	233.568	-14.6538	0.0617325	7.5625	-26.9488	0							voice sage "booed" tok=648f84d54d536760 take=0 src=tts:gpt-audio-1.5 f0=171 onset=0.315 dur=0.980 vowel=0.335-0.845 level=0.050
287	proc	267	bad	train	shiftMags=0	777.023	1.5	1.5	1.5	30	16000	3	0@0.002	0.308	0.368-0.676	-397.782	1024.87	-275	383	1117.44	2094.91	717.43	2812.94	1139.57	2070.33	712.463	2810.11	183.591	184.961	12.8736	-3.71642	0.11278	8.25	-28.7508	0							voice sage "bad" tok=0b94949d38b38e9b take=0 src=tts:gpt-audio-1.5 f0=172 onset=0.325 dur=0.850 vowel=0.355-0.705 level=0.050
288	proc	268	bead	train	shiftMags=0	779.287	1.5	1.5	1.5	30	16000	3	0@0.002	0.46	0.412-0.872	248.323	662.006	248	187	301.028	2779.64	441.9	3401.27	301.618	2781.22	442.182	3405	160.045	228.78	618.579	-11.5531	0.0505618	7.25	-28.4534	0							voice sage "bead" tok=57b183fe58481e66 take=1 src=tts:gpt-audio-1.5 f0=157 onset=0.361 dur=0.650 vowel=0.391-0.921 level=0.050
289	proc	269	bad	train	shiftMags=0	781.674	1.5	1.5	1.5	30	16000	3	0@0.002	0.36	0.376-0.738	-358.312	1017.05	-252	375	1075.81	1997.66	741.032	2732.67	1077.43	2009.66	747.15	2732.67	163.232	167.334	42.9647	-4.69695	0.12977	8.25	-28.655	0							voice sage "bad" tok=bff059c145c05575 take=1 src=tts:gpt-audio-1.5 f0=161 onset=0.337 dur=0.630 vowel=0.367-0.887 level=0.050
290	proc	270	bod	train	shiftMags=0	784.271	1.5	1.5	1.5	30	16000	3	0@0.002	0.35	0.484-0.834	-256.77	1144.96	-189	518	978.008	1231.09	713.887	2394.91	978.152	1231.92	714.45	2395.27	166.331	167.278	9.82267	-9.63245	0.0820439	8.125	-28.6099	0							voice sage "bod" tok=3c84533b90645ed4 take=1 src=tts:gpt-audio-1.5 f0=162 onset=0.357 dur=0.840 vowel=0.477-0.777 level=0.050
291	proc	271	booed	train	shiftMags=0	788.245	1.5	1.5	1.5	30	16000	3	0@0.002	0.316	0.390-0.706	229.189	1138.93	226	507	416.545	1404.49	413.009	2541.17	421.305	1409.45	414.29	2543.94	195.104	231.686	297.514	-13.557	0.0736684	6.0625	-28.2965	0							voice sage "booed" tok=1b6acbc1f5ea98cb take=1 src=tts:gpt-audio-1.5 f0=177 onset=0.337 dur=0.650 vowel=0.377-0.637 level=0.050
292	proc	272	bod	train	shiftMags=0	790.523	1.5	1.5	1.5	30	16000	3	0@0.002	0.304	0.308-0.612	-305.261	1146.6	-220	524	1014.66	1226.54	720.314	2438.31	1025.82	1226.74	731.666	2442.74	198.516	180.704	-162.756	-9.99852	0.148983	8	-25.9654	0							voice sage "bod" tok=cfa4fc51e856fa56 take=2 src=tts:gpt-audio-1.5 f0=175 onset=0.317 dur=0.880 vowel=0.317-0.547 level=0.050
293	proc	273	booed	train	shiftMags=0	793.371	1.5	1.5	1.5	30	16000	3	0@0.002	0.338	0.354-0.692	153.078	1092.36	142	447	540.832	1671.14	557.215	2752.44	540.832	1671.14	557.215	2752.44	189.488	198.403	79.5894	-10.433	0.0639409	7.875	-27.4605	0							voice sage "booed" tok=634ca7bde90b1e5e take=2 src=tts:gpt-audio-1.5 f0=167 onset=0.312 dur=0.830 vowel=0.352-0.662 level=0.050
294	proc	274	bead	train	shiftMags=0	796.015	1.5	1.5	1.5	30	16000	3	0@0.002	0.41	0.416-0.826	237.505	673.971	236	193	353.821	3127.75	452.392	3396.98	353.821	3141.86	452.392	3405.58	172.583	199.137	247.767	-10.4852	0.10583	7.6875	-27.7739	0							voice sage "bead" tok=0911d7bfc62ed3d0 take=2 src=tts:gpt-audio-1.5 f0=168 onset=0.365 dur=0.600 vowel=0.405-0.875 level=0.050
295	proc	275	bad	train	shiftMags=0	798.932	1.5	1.5	1.5	30	16000	3	0@0.002	0.338	0.338-0.676	-410.368	1048.8	-283	402	1152.19	2730	749.961	2690.19	1154.06	2933.89	749.182	2688.09	156.876	162.724	63.3656	-6.55476	0.110688	8.25	-27.2476	1	1.485+15.4ms						voice sage "bad" tok=55bf3cc2c5719dc4 take=2 src=tts:gpt-audio-1.5 f0=151 onset=0.294 dur=0.690 vowel=0.314-0.634 level=0.050
296	proc	276	bad	train	shiftMags=0	801.905	1.5	1.5	1.5	30	16000	3	0@0.002	0.332	0.518-0.850	-385.073	1016.59	-268	375	1128.44	1890.91	743.824	2884.67	1130.96	1870.54	739.128	2884.67	160.57	179.628	194.173	-4.75117	0.119055	8.25	-27.4124	0							voice sage "bad" tok=beedd2b4240955c0 take=3 src=tts:gpt-audio-1.5 f0=162 onset=0.328 dur=0.700 vowel=0.498-0.798 level=0.050
297	proc	277	bead	train	shiftMags=0	804.694	1.5	1.5	1.5	30	16000	3	0@0.002	0.52	0.314-0.858	275.937	630.291	283	176	298.913	3159.02	463.526	3427.68	298.913	3164.15	465.22	3431.32	159.892	170.104	107.181	-11.2488	0.0852177	7.5625	-26.7575	0							voice sage "bead" tok=f7c2e97736d2cca4 take=3 src=tts:gpt-audio-1.5 f0=158 onset=0.325 dur=0.830 vowel=0.325-0.835 level=0.050
298	proc	278	booed	train	shiftMags=0	807.131	1.5	1.5	1.5	30	16000	3	0@0.002	0.384	0.538-0.922	237.484	1147.5	236	524	400.911	1448.71	445.896	2563.05	396.641	1445.1	449.581	2566.98	173.263	191.08	169.458	-12.5966	0.0621105	7.5625	-28.1835	0							voice sage "booed" tok=4df2a42ad7b9d57d take=3 src=tts:gpt-audio-1.5 f0=180 onset=0.371 dur=0.730 vowel=0.531-0.851 level=0.050
299	proc	279	bod	train	shiftMags=0	810.064	1.5	1.5	1.5	30	16000	3	0@0.002	0.29	0.462-0.752	-238.283	1147.17	-177	524	1008.77	1232.96	711.244	2410.6	1010.06	1234.51	712.922	2411.99	158.093	163.812	61.5133	-10.7298	0.0621304	8.0625	-29.0415	0							voice sage "bod" tok=1fa3845a40050895 take=3 src=tts:gpt-audio-1.5 f0=158 onset=0.314 dur=0.560 vowel=0.344-0.684 level=0.050
300	proc	280	booed	train	shiftMags=0	812.323	1.5	1.5	1.5	30	16000	3	0@0.002	0.508	0.370-0.878	249.487	1103.71	250	460.5	400.219	1630.5	463.106	2727.4	396.756	1615.39	480.066	2698.86	178.107	221.751	379.435	-14.6032	0.0630317	10.5	-26.9488	0							voice sage "booed" tok=648f84d54d536760 take=0 src=tts:gpt-audio-1.5 f0=171 onset=0.317 dur=0.980 vowel=0.337-0.847 level=0.050
301	proc	281	bad	train	shiftMags=0	815.314	1.5	1.5	1.5	30	16000	3	0@0.002	0.306	0.404-0.710	-397.742	1024.57	-275	380	1112.73	2089.76	716.119	2750.02	1136.72	1995.97	710.372	2788.12	215.867	183.321	-282.919	-3.65243	0.116357	8.25	-28.7509	0							voice sage "bad" tok=0b94949d38b38e9b take=0 src=tts:gpt-audio-1.5 f0=172 onset=0.360 dur=0.850 vowel=0.390-0.740 level=0.050
302	proc	282	bead	train	shiftMags=0	817.874	1.5	1.5	1.5	30	16000	3	0@0.002	0.396	0.404-0.808	260.63	634.19	264	176	294.047	2875.91	464.697	3285.03	294.047	2875.91	464.697	3285.03	162.928	225.115	559.712	-9.83703	0.113549	7.5625	-29.2978	0							voice sage "bead" tok=a1cca3e1670e1a36 take=0 src=tts:gpt-audio-1.5 f0=166 onset=0.360 dur=0.630 vowel=0.400-0.720 level=0.050
303	proc	283	bod	train	shiftMags=0	820.326	1.5	1.5	1.5	30	16000	3	0@0.002	0.314	0.522-0.876	-202.35	1151.09	-153	529	1063.66	1236.98	708.252	2377.7	1089.91	1229.74	711.148	2377.27	192.452	157.444	-347.587	-9.84605	0.0842626	8	-28.5163	0							voice sage "bod" tok=0bcabf410c0dcfb0 take=0 src=tts:gpt-audio-1.5 f0=154 onset=0.318 dur=0.890 vowel=0.518-0.858 level=0.050
304	proc	284	bad	train	shiftMags=0	823.239	1.5	1.5	1.5	30	16000	3	0@0.002	0.36	0.360-0.722	-358.32	1017.85	-252	375	1074.01	1946.29	739.885	2733.37	1076.16	1787.13	756.386	2754.84	166.467	162.454	-42.2414	-4.7366	0.13334	8.25	-28.6558	0							voice sage "bad" tok=bff059c145c05575 take=1 src=tts:gpt-audio-1.5 f0=161 onset=0.321 dur=0.630 vowel=0.351-0.871 level=0.050
305	proc	285	booed	train	shiftMags=0	825.862	1.5	1.5	1.5	30	16000	3	0@0.002	0.316	0.354-0.670	229.178	1139.71	226	507	417.591	1407.17	409.447	2545.36	417.591	1407.17	409.447	2545.36	190.978	232.106	337.654	-13.7209	0.0654674	6.0625	-28.2978	0							voice sage "booed" tok=1b6acbc1f5ea98cb take=1 src=tts:gpt-audio-1.5 f0=177 onset=0.300 dur=0.650 vowel=0.340-0.600 level=0.050
306	proc	286	bead	train	shiftMags=0	828.402	1.5	1.5	1.5	30	16000	3	0@0.002	0.46	0.406-0.866	248.396	663.182	248	187	300.447	2780.54	442.395	3382.44	301.3	2782.98	443.127	3381.36	159.992	228.925	620.255	-11.6184	0.0509915	5.75	-28.4539	0							voice sage "bead" tok=57b183fe58481e66 take=1 src=tts:gpt-audio-1.5 f0=157 onset=0.356 dur=0.650 vowel=0.386-0.916 level=0.050
307	proc	287	bod	train	shiftMags=0	830.881	1.5	1.5	1.5	30	16000	3	0@0.002	0.35	0.460-0.810	-256.802	1144.72	-189	518	979.496	1233.4	719.444	2404.98	985.137	1236.21	719.444	2401.41	165.028	168.095	31.8801	-9.59744	0.0821724	8.125	-28.6102	0							voice sage "bod" tok=3c84533b90645ed4 take=1 src=tts:gpt-audio-1.5 f0=162 onset=0.332 dur=0.840 vowel=0.452-0.752 level=0.050
308	proc	288	bead	train	shiftMags=0	833.445	1.5	1.5	1.5	30	16000	3	0@0.002	0.41	0.380-0.790	237.518	675.61	236	193	354.197	3135.95	432.325	3387.09	354.197	3148.46	446.872	3396.55	172.673	202.412	275.103	-10.4062	0.114092	7.5625	-27.7738	0							voice sage "bead" tok=0911d7bfc62ed3d0 take=2 src=tts:gpt-audio-1.5 f0=168 onset=0.330 dur=0.600 vowel=0.370-0.840 level=0.050
309	proc	289	bod	train	shiftMags=0	835.881	1.5	1.5	1.5	30	16000	3	0@0.002	0.306	0.316-0.622	-305.411	1146.43	-220	524	1009.88	1222.25	716.08	2424.6	1011.82	1227.75	719.699	2437.01	199.033	175.038	-222.409	-10.0093	0.155733	8	-25.9672	0							voice sage "bod" tok=cfa4fc51e856fa56 take=2 src=tts:gpt-audio-1.5 f0=175 onset=0.325 dur=0.880 vowel=0.325-0.555 level=0.050
310	proc	290	bad	train	shiftMags=0	838.52	1.5	1.5	1.5	30	16000	3	0@0.002	0.336	0.414-0.750	-410.11	1050.89	-283	408	1155.75	3219.8	745.848	2586.66	1156.51	3240.61	743.968	2631.83	154.042	151.667	-26.9001	-6.45507	0.105967	8.25	-27.2484	0							voice sage "bad" tok=55bf3cc2c5719dc4 take=2 src=tts:gpt-audio-1.5 f0=151 onset=0.369 dur=0.690 vowel=0.389-0.709 level=0.050
311	proc	291	booed	train	shiftMags=0	841.097	1.5	1.5	1.5	30	16000	3	0@0.002	0.338	0.340-0.678	152.996	1091.44	142	447	529.817	1640.93	587.963	2749.91	541.154	1669.26	593.465	2719.14	189.823	195.206	48.419	-10.5158	0.0612487	7.875	-27.4614	0							voice sage "booed" tok=634ca7bde90b1e5e take=2 src=tts:gpt-audio-1.5 f0=167 onset=0.298 dur=0.830 vowel=0.338-0.648 level=0.050
312	proc	292	bead	train	shiftMags=0	843.545	1.5	1.5	1.5	30	16000	3	0@0.002	0.52	0.324-0.868	275.949	630.627	283	176	298.859	3151.4	453.45	3435.51	298.859	3159.8	454.934	3445.83	169.371	174.016	46.8345	-11.4109	0.0842239	7.5625	-26.7569	0							voice sage "bead" tok=f7c2e97736d2cca4 take=3 src=tts:gpt-audio-1.5 f0=158 onset=0.335 dur=0.830 vowel=0.335-0.845 level=0.050
313	proc	293	bad	train	shiftMags=0	845.799	1.5	1.5	1.5	30	16000	3	0@0.002	0.332	0.554-0.886	-385.055	1015.62	-268	375	1129.08	1891.93	744.481	2884.49	1129.77	1881.12	740.102	2888.63	161.208	181.105	201.481	-4.6861	0.110527	8.25	-27.4151	0							voice sage "bad" tok=beedd2b4240955c0 take=3 src=tts:gpt-audio-1.5 f0=162 onset=0.364 dur=0.700 vowel=0.534-0.834 level=0.050
314	proc	294	bod	train	shiftMags=0	848.163	1.5	1.5	1.5	30	16000	3	0@0.002	0.29	0.468-0.758	-238.146	1147.19	-177	524	1024.11	1240.5	706.703	2410.12	1022.24	1240.46	707.684	2413.12	157.625	159.295	18.2363	-10.2523	0.0702074	8.125	-29.0415	0							voice sage "bod" tok=1fa3845a40050895 take=3 src=tts:gpt-audio-1.5 f0=158 onset=0.320 dur=0.560 vowel=0.350-0.690 level=0.050
315	proc	295	booed	train	shiftMags=0	850.999	1.5	1.5	1.5	30	16000	3	0@0.002	0.384	0.486-0.870	237.445	1146.01	236	521	400.285	1448.76	445.026	2570.37	395.511	1445.51	444.909	2573.24	173.689	222.35	427.59	-13.284	0.067599	10.3125	-28.1865	1	1.485+15.4ms						voice sage "booed" tok=4df2a42ad7b9d57d take=3 src=tts:gpt-audio-1.5 f0=180 onset=0.320 dur=0.730 vowel=0.480-0.800 level=0.050
316	proc	296	booed	train	shiftMags=0	853.78	1.5	1.5	1.5	30	16000	3	0@0.002	0.508	0.356-0.864	248.063	1104.43	248	460.5	402.034	1653.39	432.764	2771.82	401.718	1623.09	432.954	2771.5	189.197	210.82	187.353	-15.0359	0.0661517	10.4375	-26.9488	0							voice sage "booed" tok=648f84d54d536760 take=0 src=tts:gpt-audio-1.5 f0=171 onset=0.304 dur=0.980 vowel=0.324-0.834 level=0.050
317	proc	297	bod	train	shiftMags=0	856.723	1.5	1.5	1.5	30	16000	3	0@0.002	0.312	0.546-0.900	-208.119	1151.97	-157	529	845.181	1216.79	671.839	2349.58	1013.93	1216.79	671.839	2348.91	194.226	156.993	-368.445	-9.80396	0.0804219	8	-28.5129	0							voice sage "bod" tok=0bcabf410c0dcfb0 take=0 src=tts:gpt-audio-1.5 f0=154 onset=0.341 dur=0.890 vowel=0.541-0.881 level=0.050
318	proc	298	bad	train	shiftMags=0	859.085	1.5	1.5	1.5	30	16000	3	0@0.002	0.304	0.406-0.710	-397.61	1024.52	-275	383	1128.1	2132.25	723.842	2802.07	1139.78	2196.16	723.842	2802.07	202.193	185.398	-150.129	-3.67699	0.106883	8.25	-28.7511	0							voice sage "bad" tok=0b94949d38b38e9b take=0 src=tts:gpt-audio-1.5 f0=172 onset=0.362 dur=0.850 vowel=0.392-0.742 level=0.050
319	proc	299	bead	train	shiftMags=0	862.03	1.5	1.5	1.5	30	16000	3	0@0.002	0.396	0.364-0.764	260.651	633.842	264	176	293.978	2877.86	468.533	3263.4	293.978	2877.86	468.533	3263.4	163.117	221.428	529.116	-11.0557	0.0731434	7.5625	-29.2978	0							voice sage "bead" tok=a1cca3e1670e1a36 take=0 src=tts:gpt-audio-1.5 f0=166 onset=0.321 dur=0.630 vowel=0.361-0.681 level=0.050
320	proc	300	booed	train	shiftMags=0	864.945	1.5	1.5	1.5	30	16000	3	0@0.002	0.316	0.352-0.668	229.152	1140.16	226	507	414.824	1411.44	401.164	2547.62	422.986	1412.8	406.353	2549.42	193.234	228.485	290.1	-13.2617	0.0729543	6.0625	-28.2973	0							voice sage "booed" tok=1b6acbc1f5ea98cb take=1 src=tts:gpt-audio-1.5 f0=177 onset=0.298 dur=0.650 vowel=0.338-0.598 level=0.050
321	proc	301	bad	train	shiftMags=0	868.458	1.5	1.5	1.5	30	16000	3	0@0.002	0.36	0.372-0.734	-358.334	1018.18	-252	375	1072.03	1988.48	742.963	2758.04	1074.37	1999.62	746.722	2762.82	162.386	167.102	49.5608	-4.52643	0.133867	8.25	-28.6558	0							voice sage "bad" tok=bff059c145c05575 take=1 src=tts:gpt-audio-1.5 f0=161 onset=0.333 dur=0.630 vowel=0.363-0.883 level=0.050
322	proc	302	bead	train	shiftMags=0	871.423	1.5	1.5	1.5	30	16000	3	0@0.002	0.462	0.372-0.834	248.425	662.805	248	187	301.247	2780.09	449.415	3385.22	301.289	2782.37	449.888	3391.87	159.577	155.779	-41.7083	-11.7892	0.0503545	7.375	-28.4536	1	0.991+5.6ms						voice sage "bead" tok=57b183fe58481e66 take=1 src=tts:gpt-audio-1.5 f0=157 onset=0.322 dur=0.650 vowel=0.352-0.882 level=0.050
323	proc	303	bod	train	shiftMags=0	874.411	1.5	1.5	1.5	30	16000	3	0@0.002	0.348	0.494-0.842	-256.783	1145.08	-189	518	977.206	1229.44	711.185	2395.84	977.799	1230.2	710.709	2396.89	165.802	164.127	-17.5768	-9.35415	0.0842217	8.125	-28.6093	0							voice sage "bod" tok=3c84533b90645ed4 take=1 src=tts:gpt-audio-1.5 f0=162 onset=0.365 dur=0.840 vowel=0.485-0.785 level=0.050
324	proc	304	bad	train	shiftMags=0	877.296	1.5	1.5	1.5	30	16000	3	0@0.002	0.338	0.372-0.710	-410.172	1049.58	-283	402	1155.68	3241.16	745.162	2681.8	1156.03	3246.04	743.292	2653.75	156.25	165.453	99.086	-6.57216	0.106558	8.25	-27.2483	0							voice sage "bad" tok=55bf3cc2c5719dc4 take=2 src=tts:gpt-audio-1.5 f0=151 onset=0.327 dur=0.690 vowel=0.347-0.667 level=0.050
325	proc	305	bod	train	shiftMags=0	879.963	1.5	1.5	1.5	30	16000	3	0@0.002	0.304	0.356-0.660	-305.252	1147.22	-220	524	1010.25	1225.28	723.444	2426.26	1013	1226.38	728.442	2441.68	194.736	179.554	-140.526	-9.89723	0.160029	8	-25.9665	0							voice sage "bod" tok=cfa4fc51e856fa56 take=2 src=tts:gpt-audio-1.5 f0=175 onset=0.364 dur=0.880 vowel=0.364-0.594 level=0.050
326	proc	306	booed	train	shiftMags=0	882.867	1.5	1.5	1.5	30	16000	3	0@0.002	0.338	0.370-0.708	153.045	1092.61	142	447	533.599	1646.89	562.032	2703.73	542.144	1668.22	572.513	2729.96	183.018	198.064	136.774	-10.7156	0.0597839	7.875	-27.4607	0							voice sage "booed" tok=634ca7bde90b1e5e take=2 src=tts:gpt-audio-1.5 f0=167 onset=0.329 dur=0.830 vowel=0.369-0.679 level=0.050
327	proc	307	bead	train	shiftMags=0	885.232	1.5	1.5	1.5	30	16000	3	0@0.002	0.41	0.356-0.766	237.41	664.252	236	187	353.832	3126.4	451.134	3383.86	353.832	3139.18	451.134	3395.12	169.937	201.635	296.096	-10.3978	0.107881	7.6875	-27.7733	0							voice sage "bead" tok=0911d7bfc62ed3d0 take=2 src=tts:gpt-audio-1.5 f0=168 onset=0.306 dur=0.600 vowel=0.346-0.816 level=0.050
328	proc	308	booed	train	shiftMags=0	887.582	1.5	1.5	1.5	30	16000	3	0@0.002	0.384	0.464-0.848	237.403	1144.95	236	521	393.547	1446.57	449.968	2559.23	393.547	1446.57	449.968	2559.23	171.685	235.186	544.853	-12.8966	0.0657332	7.5625	-28.1824	0							voice sage "booed" tok=4df2a42ad7b9d57d take=3 src=tts:gpt-audio-1.5 f0=180 onset=0.298 dur=0.730 vowel=0.458-0.778 level=0.050
329	proc	309	bod	train	shiftMags=0	889.936	1.5	1.5	1.5	30	16000	3	0@0.002	0.29	0.470-0.760	-238.107	1146.57	-177	524	1014.27	1239.6	703.037	2398.74	1011.65	1239.1	703.631	2399.54	157.341	163.135	62.6014	-10.443	0.0640898	8.0625	-29.0415	0							voice sage "bod" tok=1fa3845a40050895 take=3 src=tts:gpt-audio-1.5 f0=158 onset=0.321 dur=0.560 vowel=0.351-0.691 level=0.050
330	proc	310	bead	train	shiftMags=0	892.707	1.5	1.5	1.5	30	16000	3	0@0.002	0.52	0.306-0.850	275.944	630.655	283	176	301.315	3158.3	447.68	3546.73	301.486	3168.19	450.665	3565.33	154.438	172.043	186.886	-11.2415	0.0851499	7.5625	-26.7592	0							voice sage "bead" tok=f7c2e97736d2cca4 take=3 src=tts:gpt-audio-1.5 f0=158 onset=0.316 dur=0.830 vowel=0.316-0.826 level=0.050
331	proc	311	bad	train	shiftMags=0	895.677	1.5	1.5	1.5	30	16000	3	0@0.002	0.332	0.526-0.858	-385.106	1015.57	-268	375	1128.74	1887.9	742.414	2876.24	1131.08	1868.55	741.252	2876.24	160.767	182.569	220.168	-4.65063	0.120566	8.25	-27.4153	0							voice sage "bad" tok=beedd2b4240955c0 take=3 src=tts:gpt-audio-1.5 f0=162 onset=0.337 dur=0.700 vowel=0.507-0.807 level=0.050
332	proc	312	bad	train	shiftMags=0	898.073	1.5	1.5	1.5	30	16000	3	0@0.002	0.308	0.332-0.640	-397.69	1024.41	-275	380	1113.15	2120.32	708.431	2752.99	1137.59	2179.59	710.107	2790.92	193.483	183.003	-96.4057	-3.68082	0.111879	8.25	-28.7508	0							voice sage "bad" tok=0b94949d38b38e9b take=0 src=tts:gpt-audio-1.5 f0=172 onset=0.289 dur=0.850 vowel=0.319-0.669 level=0.050
333	proc	313	bead	train	shiftMags=0	900.426	1.5	1.5	1.5	30	16000	3	0@0.002	0.394	0.372-0.770	260.7	634.668	264	176	286.317	2864.32	463.479	3233.53	291.508	2868.76	463.398	3283.21	160.536	194.067	328.383	-9.94392	0.105863	7.5625	-29.2976	0							voice sage "bead" tok=a1cca3e1670e1a36 take=0 src=tts:gpt-audio-1.5 f0=166 onset=0.329 dur=0.630 vowel=0.369-0.689 level=0.050
334	proc	314	bod	train	shiftMags=0	903.34	1.5	1.5	1.5	30	16000	3	0@0.002	0.312	0.550-0.904	-199.596	1151.5	-151	529	977.046	1214.73	683.113	2376.57	1043.03	1219.61	685.058	2375.64	188.471	154.842	-340.257	-10.0757	0.0840005	8	-28.5146	0							voice sage "bod" tok=0bcabf410c0dcfb0 take=0 src=tts:gpt-audio-1.5 f0=154 onset=0.345 dur=0.890 vowel=0.545-0.885 level=0.050
335	proc	315	booed	train	shiftMags=0	906.248	1.5	1.5	1.5	30	16000	3	0@0.002	0.506	0.404-0.910	250.832	1103.73	252	458	402.57	1636.72	461.29	2732.94	401.391	1617.84	467.446	2751.83	181.304	217.311	313.625	-14.1696	0.0686915	7.5625	-26.9488	1	1.485+15.4ms						voice sage "booed" tok=648f84d54d536760 take=0 src=tts:gpt-audio-1.5 f0=171 onset=0.351 dur=0.980 vowel=0.371-0.881 level=0.050
336	proc	316	bad	train	shiftMags=0	908.594	1.5	1.5	1.5	30	16000	3	0@0.002	0.358	0.372-0.732	-358.355	1018.44	-252	375	1073.63	1945.93	741.126	2751.45	1075.4	1787.42	753.875	2755.81	166.504	164.513	-20.8259	-4.58892	0.137428	8.25	-28.6549	0							voice sage "bad" tok=bff059c145c05575 take=1 src=tts:gpt-audio-1.5 f0=161 onset=0.331 dur=0.630 vowel=0.361-0.881 level=0.050
337	proc	317	booed	train	shiftMags=0	910.869	1.5	1.5	1.5	30	16000	3	0@0.002	0.316	0.394-0.710	229.276	1139.37	226	507	417.664	1407.74	431.501	2544.87	417.664	1407.74	431.501	2544.87	191.063	232.266	338.075	-14.1122	0.0705948	6.0625	-28.2974	0							voice sage "booed" tok=1b6acbc1f5ea98cb take=1 src=tts:gpt-audio-1.5 f0=177 onset=0.341 dur=0.650 vowel=0.381-0.641 level=0.050
338	proc	318	bod	train	shiftMags=0	913.327	1.5	1.5	1.5	30	16000	3	0@0.002	0.35	0.486-0.836	-256.752	1144.74	-189	518	982.531	1232.83	710.735	2401.61	982.531	1232.83	710.735	2401.61	164.322	169.916	57.9498	-9.7485	0.0782703	8.125	-28.6091	0							voice sage "bod" tok=3c84533b90645ed4 take=1 src=tts:gpt-audio-1.5 f0=162 onset=0.358 dur=0.840 vowel=0.478-0.778 level=0.050
339	proc	319	bead	train	shiftMags=0	915.782	1.5	1.5	1.5	30	16000	3	0@0.002	0.46	0.392-0.852	248.164	663.361	248	187	301.163	2782.31	445.679	3384.5	301.506	2782.58	448.148	3389.12	159.975	226.823	604.466	-11.5498	0.0551739	7.375	-28.4543	0							voice sage "bead" tok=57b183fe58481e66 take=1 src=tts:gpt-audio-1.5 f0=157 onset=0.341 dur=0.650 vowel=0.371-0.901 level=0.050
340	proc	320	booed	train	shiftMags=0	918.038	1.5	1.5	1.5	30	16000	3	0@0.002	0.338	0.358-0.696	152.874	1092.1	142	447	523.654	1639.27	573.636	2674.59	537.073	1673.95	574.271	2705.99	175.27	198.562	216.01	-10.4639	0.0620091	7.875	-27.4603	0							voice sage "booed" tok=634ca7bde90b1e5e take=2 src=tts:gpt-audio-1.5 f0=167 onset=0.317 dur=0.830 vowel=0.357-0.667 level=0.050
341	proc	321	bad	train	shiftMags=0	920.397	1.5	1.5	1.5	30	16000	3	0@0.002	0.338	0.370-0.708	-410.372	1045.76	-283	402	1154.53	3070.19	754.075	2594.83	1155.17	3223.15	751.196	2578.64	154.775	164.049	100.737	-6.57088	0.100546	8.25	-27.2482	0							voice sage "bad" tok=55bf3cc2c5719dc4 take=2 src=tts:gpt-audio-1.5 f0=151 onset=0.326 dur=0.690 vowel=0.346-0.666 level=0.050
342	proc	322	bead	train	shiftMags=0	923.273	1.5	1.5	1.5	30	16000	3	0@0.002	0.41	0.412-0.822	237.506	677.472	236	193	354.487	3143.36	446.918	3397.34	354.149	3151.88	451.501	3398.08	166.594	202.395	337.007	-10.1284	0.112573	7.6875	-27.7736	0							voice sage "bead" tok=0911d7bfc62ed3d0 take=2 src=tts:gpt-audio-1.5 f0=168 onset=0.361 dur=0.600 vowel=0.401-0.871 level=0.050
343	proc	323	bod	train	shiftMags=0	925.571	1.5	1.5	1.5	30	16000	3	0@0.002	0.304	0.302-0.606	-305.243	1147.25	-220	524	1017.48	1229.18	709.881	2424.86	1023.83	1229.2	714.223	2452.04	192.586	178.589	-130.631	-9.82258	0.148532	8	-25.9675	0							voice sage "bod" tok=cfa4fc51e856fa56 take=2 src=tts:gpt-audio-1.5 f0=175 onset=0.310 dur=0.880 vowel=0.310-0.540 level=0.050
344	proc	324	bead	train	shiftMags=0	928.163	1.5	1.5	1.5	30	16000	3	0@0.002	0.52	0.312-0.856	275.875	629.973	283	176	300.517	3165.62	464.46	3520	300.517	3169.83	474.366	3557.92	160.136	169.909	102.555	-11.1239	0.0869915	7.5625	-26.7586	0							voice sage "bead" tok=f7c2e97736d2cca4 take=3 src=tts:gpt-audio-1.5 f0=158 onset=0.323 dur=0.830 vowel=0.323-0.833 level=0.050
345	proc	325	booed	train	shiftMags=0	930.95	1.5	1.5	1.5	30	16000	3	0@0.002	0.384	0.460-0.844	237.409	1145.32	236	521	389.976	1445.85	459.336	2554.35	394.439	1444.65	459.58	2560.56	172.697	180.942	80.7338	-13.168	0.0647029	7.5625	-28.1824	0							voice sage "booed" tok=4df2a42ad7b9d57d take=3 src=tts:gpt-audio-1.5 f0=180 onset=0.294 dur=0.730 vowel=0.454-0.774 level=0.050
346	proc	326	bad	train	shiftMags=0	933.736	1.5	1.5	1.5	30	16000	3	0@0.002	0.332	0.502-0.834	-385.107	1015.91	-268	375	1128.48	1897	740.202	2896.01	1129.44	1887.96	735.733	2907.18	159.769	182.272	228.12	-4.8144	0.110712	8.25	-27.4155	0							voice sage "bad" tok=beedd2b4240955c0 take=3 src=tts:gpt-audio-1.5 f0=162 onset=0.312 dur=0.700 vowel=0.482-0.782 level=0.050
347	proc	327	bod	train	shiftMags=0	936.218	1.5	1.5	1.5	30	16000	3	0@0.002	0.288	0.522-0.810	-238.177	1146.96	-177	524	1009.29	1234.54	707.969	2404.61	1013.12	1235.85	709.878	2404.73	158.093	160.163	22.5209	-10.1525	0.0703387	8.125	-29.0417	0							voice sage "bod" tok=1fa3845a40050895 take=3 src=tts:gpt-audio-1.5 f0=158 onset=0.373 dur=0.560 vowel=0.403-0.743 level=0.050
348	proc	328	booed	train	shiftMags=0	938.568	1.5	1.5	1.5	30	16000	3	0@0.002	0.508	0.426-0.934	247.938	1104.11	248	460.5	402.053	1684.56	467.308	2771.23	401.21	1623.89	467.308	2766.09	191.17	219.404	238.482	-14.8441	0.0695838	10.4375	-26.9488	0							voice sage "booed" tok=648f84d54d536760 take=0 src=tts:gpt-audio-1.5 f0=171 onset=0.374 dur=0.980 vowel=0.394-0.904 level=0.050
349	proc	329	bad	train	shiftMags=0	941.138	1.5	1.5	1.5	30	16000	3	0@0.002	0.308	0.328-0.636	-397.548	1024.14	-275	380	1124.67	2083.19	721.149	2789.08	1140.34	2075.33	721.149	2800.7	191.21	185.445	-52.9965	-3.37507	0.138069	8.25	-28.7503	0							voice sage "bad" tok=0b94949d38b38e9b take=0 src=tts:gpt-audio-1.5 f0=172 onset=0.285 dur=0.850 vowel=0.315-0.665 level=0.050
350	proc	330	bod	train	shiftMags=0	943.658	1.5	1.5	1.5	30	16000	3	0@0.002	0.312	0.534-0.888	-202.933	1151.22	-153	529	1059.7	1258.93	647.331	2361.36	1086	1241.3	650.941	2360.4	196.824	159.304	-366.154	-10.1564	0.0764219	8	-28.5114	0							voice sage "bod" tok=0bcabf410c0dcfb0 take=0 src=tts:gpt-audio-1.5 f0=154 onset=0.329 dur=0.890 vowel=0.529-0.869 level=0.050
351	proc	331	bead	train	shiftMags=0	947.244	1.5	1.5	1.5	30	16000	3	0@0.002	0.398	0.342-0.742	260.643	634.313	264	176	288.816	2864.02	465.198	3234.72	293.789	2871.48	465.304	3275.28	163.006	227.181	574.704	-11.2918	0.0517888	7.5625	-29.297	0							voice sage "bead" tok=a1cca3e1670e1a36 take=0 src=tts:gpt-audio-1.5 f0=166 onset=0.300 dur=0.630 vowel=0.340-0.660 level=0.050
352	proc	332	bod	train	shiftMags=0	949.713	1.5	1.5	1.5	30	16000	3	0@0.002	0.35	0.434-0.784	-256.758	1144.88	-189	518	977.852	1231.26	714.915	2400.49	978.413	1232.09	716.785	2401.2	167.051	166.353	-7.24571	-9.22981	0.0878716	8.125	-28.6102	0							voice sage "bod" tok=3c84533b90645ed4 take=1 src=tts:gpt-audio-1.5 f0=162 onset=0.307 dur=0.840 vowel=0.427-0.727 level=0.050
353	proc	333	bad	train	shiftMags=0	952.319	1.5	1.5	1.5	30	16000	3	0@0.002	0.362	0.342-0.704	-358.299	1017.23	-252	375	1071.56	1991.68	737.323	2743.59	1074.32	1996.57	742.712	2753.21	162.474	167.693	54.7427	-4.57153	0.131202	8.25	-28.6553	0							voice sage "bad" tok=bff059c145c05575 take=1 src=tts:gpt-audio-1.5 f0=161 onset=0.303 dur=0.630 vowel=0.333-0.853 level=0.050
354	proc	334	bead	train	shiftMags=0	955.3	1.5	1.5	1.5	30	16000	3	0@0.002	0.46	0.384-0.844	248.39	662.341	248	187	300.99	2781.85	449.76	3392.98	300.99	2781.85	449.76	3392.98	159.617	228.606	621.899	-11.4508	0.0553493	5.75	-28.454	0							voice sage "bead" tok=57b183fe58481e66 take=1 src=tts:gpt-audio-1.5 f0=157 onset=0.333 dur=0.650 vowel=0.363-0.893 level=0.050
355	proc	335	booed	train	shiftMags=0	957.556	1.5	1.5	1.5	30	16000	3	0@0.002	0.316	0.398-0.714	227.402	1138.88	224	507	417.356	1402.83	412.202	2571.49	423.821	1405.39	411.057	2578.44	194.481	225.201	253.9	-13.9267	0.0714308	10.375	-28.2982	1	1.485+15.4ms						voice sage "booed" tok=1b6acbc1f5ea98cb take=1 src=tts:gpt-audio-1.5 f0=177 onset=0.346 dur=0.650 vowel=0.386-0.646 level=0.050
356	proc	336	bead	train	shiftMags=0	959.979	1.5	1.5	1.5	30	16000	3	0@0.002	0.41	0.358-0.768	237.463	678.721	236	193	353.54	3120.86	456.931	3396.37	353.54	3135.98	456.931	3398.44	172.665	180.313	75.0303	-10.3172	0.108794	7.6875	-27.7731	0							voice sage "bead" tok=0911d7bfc62ed3d0 take=2 src=tts:gpt-audio-1.5 f0=168 onset=0.307 dur=0.600 vowel=0.347-0.817 level=0.050
357	proc	337	bod	train	shiftMags=0	962.866	1.5	1.5	1.5	30	16000	3	0@0.002	0.306	0.360-0.666	-305.291	1146.96	-220	524	1023.43	1228.41	705.628	2449.07	1024.34	1228.65	711.366	2453.02	201.588	175.998	-235.022	-10.1904	0.156224	8	-25.9675	0							voice sage "bod" tok=cfa4fc51e856fa56 take=2 src=tts:gpt-audio-1.5 f0=175 onset=0.368 dur=0.880 vowel=0.368-0.598 level=0.050
358	proc	338	booed	train	shiftMags=0	965.49	1.5	1.5	1.5	30	16000	3	0@0.002	0.338	0.328-0.666	153.106	1092.59	142	447	531.75	1642.68	574.013	2672.49	540.552	1674.78	578.416	2705.38	181.683	198.819	156.033	-10.4138	0.0580381	7.875	-27.4605	0							voice sage "booed" tok=634ca7bde90b1e5e take=2 src=tts:gpt-audio-1.5 f0=167 onset=0.286 dur=0.830 vowel=0.326-0.636 level=0.050
359	proc	339	bad	train	shiftMags=0	968.328	1.5	1.5	1.5	30	16000	3	0@0.002	0.338	0.414-0.752	-410.318	1046.93	-283	402	1153	3231.1	750.577	2645.12	1154.74	3241.27	748.673	2645.12	152.624	166.494	150.583	-6.53094	0.103142	8.25	-27.2482	0							voice sage "bad" tok=55bf3cc2c5719dc4 take=2 src=tts:gpt-audio-1.5 f0=151 onset=0.370 dur=0.690 vowel=0.390-0.710 level=0.050
360	proc	340	bod	train	shiftMags=0	970.637	1.5	1.5	1.5	30	16000	3	0@0.002	0.29	0.506-0.796	-238.073	1146.67	-177	524	996.293	1235.18	712.311	2408.82	997.002	1236.32	721.834	2411.13	158.859	158.125	-8.02198	-10.5215	0.067173	8.0625	-29.0417	0							voice sage "bod" tok=1fa3845a40050895 take=3 src=tts:gpt-audio-1.5 f0=158 onset=0.357 dur=0.560 vowel=0.387-0.727 level=0.050
361	proc	341	bead	train	shiftMags=0	973.63	1.5	1.5	1.5	30	16000	3	0@0.002	0.516	0.286-0.828	275.952	630.543	283	176	297.966	3151.75	455.693	3421.87	298.518	3158.46	464.459	3433.19	163.393	161.259	-22.7592	-10.7666	0.109393	5.3125	-26.7577	0							voice sage "bead" tok=f7c2e97736d2cca4 take=3 src=tts:gpt-audio-1.5 f0=158 onset=0.295 dur=0.830 vowel=0.295-0.805 level=0.050
362	proc	342	booed	train	shiftMags=0	975.882	1.5	1.5	1.5	30	16000	3	0@0.002	0.386	0.524-0.910	237.507	1147.08	236	524	394.398	1445.58	458.045	2564.25	394.398	1445.58	458.045	2564.25	174.292	185.81	110.778	-13.5057	0.0621012	7.5625	-28.1853	0							voice sage "booed" tok=4df2a42ad7b9d57d take=3 src=tts:gpt-audio-1.5 f0=180 onset=0.359 dur=0.730 vowel=0.519-0.839 level=0.050
363	proc	343	bad	train	shiftMags=0	978.721	1.5	1.5	1.5	30	16000	3	0@0.002	0.332	0.492-0.824	-385.109	1015.22	-268	375	1129.16	1896.36	744.137	2882.68	1129.58	1888.85	740.571	2883.97	161.02	179.722	190.238	-4.77938	0.122098	8.25	-27.414	0							voice sage "bad" tok=beedd2b4240955c0 take=3 src=tts:gpt-audio-1.5 f0=162 onset=0.303 dur=0.700 vowel=0.473-0.773 level=0.050
364	proc	344	booed	train	shiftMags=0	981.155	1.5	1.5	1.5	30	16000	3	0@0.002	0.506	0.406-0.912	250.862	1102.95	252	463	402.585	1646.2	459.12	2733.47	401.855	1598.91	468.292	2653.84	194.749	219.383	206.205	-14.7506	0.0714456	10.5	-26.9491	0							voice sage "booed" tok=648f84d54d536760 take=0 src=tts:gpt-audio-1.5 f0=171 onset=0.353 dur=0.980 vowel=0.373-0.883 level=0.050
365	proc	345	bod	train	shiftMags=0	983.939	1.5	1.5	1.5	30	16000	3	0@0.002	0.312	0.574-0.928	-202.283	1151.22	-153	529	1067.56	1251.8	669.543	2383.5	1089.44	1238.49	684.301	2380.48	193.551	158.682	-343.885	-9.85122	0.0829617	8	-28.5103	0							voice sage "bod" tok=0bcabf410c0dcfb0 take=0 src=tts:gpt-audio-1.5 f0=154 onset=0.370 dur=0.890 vowel=0.570-0.910 level=0.050
366	proc	346	bead	train	shiftMags=0	986.793	1.5	1.5	1.5	30	16000	3	0@0.002	0.394	0.376-0.774	260.66	634.259	264	176	294.19	2877.59	464.169	3274.17	290.187	2880.25	462.15	3279.52	162.912	227.159	575.53	-10.0341	0.116522	7.5625	-29.2966	0							voice sage "bead" tok=a1cca3e1670e1a36 take=0 src=tts:gpt-audio-1.5 f0=166 onset=0.332 dur=0.630 vowel=0.372-0.692 level=0.050
367	proc	347	bad	train	shiftMags=0	989.594	1.5	1.5	1.5	30	16000	3	0@0.002	0.306	0.366-0.672	-397.655	1024.02	-275	380	1128.9	2132.8	723.738	2737.76	1140.56	2195.42	723.738	2756.99	209.326	182.583	-236.64	-3.65226	0.114912	8.25	-28.7507	0							voice sage "bad" tok=0b94949d38b38e9b take=0 src=tts:gpt-audio-1.5 f0=172 onset=0.322 dur=0.850 vowel=0.352-0.702 level=0.050
368	proc	348	bead	train	shiftMags=0	992.56	1.5	1.5	1.5	30	16000	3	0@0.002	0.46	0.356-0.816	248.305	662.625	248	187	300.651	2782.73	441.689	3396.91	301.691	2786.37	441.692	3396.69	159.913	228.702	619.412	-11.3196	0.0653639	5.625	-28.4542	0							voice sage "bead" tok=57b183fe58481e66 take=1 src=tts:gpt-audio-1.5 f0=157 onset=0.305 dur=0.650 vowel=0.335-0.865 level=0.050
369	proc	349	bod	train	shiftMags=0	994.977	1.5	1.5	1.5	30	16000	3	0@0.002	0.35	0.460-0.810	-256.763	1145.03	-189	518	977.347	1232.74	704.748	2402.83	979.912	1232.8	702.731	2401.21	165.629	163.074	-26.9169	-9.94435	0.0833293	8.125	-28.6094	0							voice sage "bod" tok=3c84533b90645ed4 take=1 src=tts:gpt-audio-1.5 f0=162 onset=0.333 dur=0.840 vowel=0.453-0.753 level=0.050
370	proc	350	booed	train	shiftMags=0	997.866	1.5	1.5	1.5	30	16000	3	0@0.002	0.318	0.396-0.714	230.495	1140.05	228	507	422.709	1405.48	414.383	2569.23	427.095	1412.36	417.308	2574.65	196.561	224.803	232.419	-13.8122	0.070599	6.0625	-28.2977	0							voice sage "booed" tok=1b6acbc1f5ea98cb take=1 src=tts:gpt-audio-1.5 f0=177 onset=0.343 dur=0.650 vowel=0.383-0.643 level=0.050
371	proc	351	bad	train	shiftMags=0	1000.58	1.5	1.5	1.5	30	16000	3	0@0.002	0.36	0.384-0.746	-358.285	1018.06	-252	375	1072.32	1986.76	743.618	2730.68	1075.32	2001.42	753.335	2751.13	161.858	170.718	92.271	-4.65371	0.133629	8.25	-28.6548	0							voice sage "bad" tok=bff059c145c05575 take=1 src=tts:gpt-audio-1.5 f0=161 onset=0.345 dur=0.630 vowel=0.375-0.895 level=0.050
372	proc	352	bod	train	shiftMags=0	1002.97	1.5	1.5	1.5	30	16000	3	0@0.002	0.304	0.334-0.638	-305.208	1147.32	-220	524	1012.37	1228.79	703.786	2441.41	1017.88	1233.75	704.685	2451.75	192.186	176.772	-144.734	-10.0642	0.150505	8	-25.9652	0							voice sage "bod" tok=cfa4fc51e856fa56 take=2 src=tts:gpt-audio-1.5 f0=175 onset=0.343 dur=0.880 vowel=0.343-0.573 level=0.050
373	proc	353	bead	train	shiftMags=0	1005.38	1.5	1.5	1.5	30	16000	3	0@0.002	0.41	0.340-0.750	237.388	678.221	236	193	353.679	3136.32	473.18	3393.73	353.679	3151.36	473.18	3400.53	172.292	199.617	254.856	-10.413	0.106362	7.5625	-27.774	0							voice sage "bead" tok=0911d7bfc62ed3d0 take=2 src=tts:gpt-audio-1.5 f0=168 onset=0.289 dur=0.600 vowel=0.329-0.799 level=0.050
374	proc	354	bad	train	shiftMags=0	1007.7	1.5	1.5	1.5	30	16000	3	0@0.002	0.338	0.330-0.668	-411.349	1049.44	-283	402	1154.66	3210.43	754.447	2699.88	1155.17	3226.23	749.52	2676.74	152.693	163.613	119.585	-6.40125	0.103312	8.25	-27.2486	0							voice sage "bad" tok=55bf3cc2c5719dc4 take=2 src=tts:gpt-audio-1.5 f0=151 onset=0.286 dur=0.690 vowel=0.306-0.626 level=0.050
375	proc	355	booed	train	shiftMags=0	1010.62	1.5	1.5	1.5	30	16000	3	0@0.002	0.338	0.332-0.670	153.063	1093.3	142	447	541.699	1668.38	585.95	2734.23	541.699	1668.38	585.95	2734.23	183.33	198.523	137.833	-10.3841	0.0647067	7.875	-27.4606	1	1.485+15.4ms						voice sage "booed" tok=634ca7bde90b1e5e take=2 src=tts:gpt-audio-1.5 f0=167 onset=0.290 dur=0.830 vowel=0.330-0.640 level=0.050
376	proc	356	booed	train	shiftMags=0	1013.12	1.5	1.5	1.5	30	16000	3	0@0.002	0.384	0.494-0.878	237.437	1147.17	236	524	393.182	1447.22	460.247	2568.93	393.182	1447.22	460.247	2568.93	171.537	184.092	122.286	-12.3933	0.0665895	7.5625	-28.1834	0							voice sage "booed" tok=4df2a42ad7b9d57d take=3 src=tts:gpt-audio-1.5 f0=180 onset=0.327 dur=0.730 vowel=0.487-0.807 level=0.050
377	proc	357	bod	train	shiftMags=0	1015.63	1.5	1.5	1.5	30	16000	3	0@0.002	0.29	0.446-0.736	-238.203	1147.29	-177	524	1006.18	1238.46	715.507	2403.93	1020.7	1239.78	716.836	2405.13	158.074	162.258	45.2254	-10.3905	0.0689415	8.0625	-29.0421	0							voice sage "bod" tok=1fa3845a40050895 take=3 src=tts:gpt-audio-1.5 f0=158 onset=0.298 dur=0.560 vowel=0.328-0.668 level=0.050
378	proc	358	bead	train	shiftMags=0	1017.97	1.5	1.5	1.5	30	16000	3	0@0.002	0.514	0.276-0.820	276.002	629.632	283	176	301.064	3157.34	456.461	3488.07	301.211	3171.65	456.977	3556.3	158.756	178.256	200.566	-11.4592	0.0836917	7.5625	-26.7574	0							voice sage "bead" tok=f7c2e97736d2cca4 take=3 src=tts:gpt-audio-1.5 f0=158 onset=0.286 dur=0.830 vowel=0.286-0.796 level=0.050
379	proc	359	bad	train	shiftMags=0	1020.83	1.5	1.5	1.5	30	16000	3	0@0.002	0.332	0.540-0.872	-385.061	1016.76	-268	375	1128.33	1884.68	738.773	2873.54	1130.33	1870.46	735.256	2885.54	160.902	182.548	218.512	-4.84941	0.109359	8.25	-27.4137	0							voice sage "bad" tok=beedd2b4240955c0 take=3 src=tts:gpt-audio-1.5 f0=162 onset=0.350 dur=0.700 vowel=0.520-0.820 level=0.050
380	proc	360	bead	train	shiftMags=0	1023.49	1.5	1.5	1.5	30	16000	3	0@0.002	0.392	0.388-0.786	260.662	633.468	264	176	295.283	2858.93	464.472	3250.69	291.815	2866.92	464.35	3255.07	160.714	174.106	138.559	-9.96113	0.11379	7.5625	-29.2968	0							voice sage "bead" tok=a1cca3e1670e1a36 take=0 src=tts:gpt-audio-1.5 f0=166 onset=0.344 dur=0.630 vowel=0.384-0.704 level=0.050
381	proc	361	bod	train	shiftMags=0	1026.9	1.5	1.5	1.5	30	16000	3	0@0.002	0.312	0.580-0.932	-217.203	1152.17	-163	532	907.252	1205.25	676.415	2361.5	973.329	1207.01	678.364	2356.51	184.77	154.124	-313.966	-9.29064	0.0846377	8	-28.5151	0							voice sage "bod" tok=0bcabf410c0dcfb0 take=0 src=tts:gpt-audio-1.5 f0=154 onset=0.374 dur=0.890 vowel=0.574-0.914 level=0.050
382	proc	362	bad	train	shiftMags=0	1029.74	1.5	1.5	1.5	30	16000	3	0@0.002	0.308	0.388-0.696	-397.713	1024.07	-275	380	1116.85	2097.06	720.061	2798.98	1139.73	2071.73	712.182	2805.27	198.994	182.19	-152.736	-3.69862	0.1153	8.25	-28.7512	0							voice sage "bad" tok=0b94949d38b38e9b take=0 src=tts:gpt-audio-1.5 f0=172 onset=0.345 dur=0.850 vowel=0.375-0.725 level=0.050
383	proc	363	booed	train	shiftMags=0	1032.4	1.5	1.5	1.5	30	16000	3	0@0.002	0.508	0.348-0.856	247.849	1102.52	248	460.5	401.997	1660.57	436.4	2759.5	401.265	1624.01	429.465	2744.47	172.677	221.975	434.787	-14.4425	0.0635798	10.4375	-26.9488	0							voice sage "booed" tok=648f84d54d536760 take=0 src=tts:gpt-audio-1.5 f0=171 onset=0.296 dur=0.980 vowel=0.316-0.826 level=0.050
384	proc	364	bead	train	shiftMags=0	1035.24	1.5	1.5	1.5	30	16000	3	0@0.002	0.46	0.422-0.882	248.458	662.971	248	187	301.209	2780.39	448.589	3370.19	301.4	2781.82	449.043	3381.9	160.057	228.165	613.79	-11.2666	0.0648252	5.75	-28.4539	0							voice sage "bead" tok=57b183fe58481e66 take=1 src=tts:gpt-audio-1.5 f0=157 onset=0.371 dur=0.650 vowel=0.401-0.931 level=0.050
385	proc	365	bod	train	shiftMags=0	1038.02	1.5	1.5	1.5	30	16000	3	0@0.002	0.35	0.422-0.772	-256.758	1145.02	-189	518	975.903	1231.25	710.71	2400	978.74	1231.97	711.018	2400.81	163.334	170.243	71.7187	-9.60818	0.0744945	8.125	-28.6097	0							voice sage "bod" tok=3c84533b90645ed4 take=1 src=tts:gpt-audio-1.5 f0=162 onset=0.294 dur=0.840 vowel=0.414-0.714 level=0.050
386	proc	366	bad	train	shiftMags=0	1040.59	1.5	1.5	1.5	30	16000	3	0@0.002	0.362	0.404-0.766	-358.262	1017.46	-252	375	1072.36	1990.46	749.892	2727.34	1075.06	1996.06	755.704	2729.83	162.371	165.868	36.8894	-4.5953	0.13865	8.25	-28.6558	0							voice sage "bad" tok=bff059c145c05575 take=1 src=tts:gpt-audio-1.5 f0=161 onset=0.363 dur=0.630 vowel=0.393-0.913 level=0.050
387	proc	367	booed	train	shiftMags=0	1043.11	1.5	1.5	1.5	30	16000	3	0@0.002	0.318	0.414-0.732	230.649	1141.48	228	513	418.52	1405.78	420.837	2556	418.52	1405.78	420.837	2556	191.222	234.542	353.518	-13.9407	0.0719868	7.5625	-28.2985	0							voice sage "booed" tok=1b6acbc1f5ea98cb take=1 src=tts:gpt-audio-1.5 f0=177 onset=0.361 dur=0.650 vowel=0.401-0.661 level=0.050
388	proc	368	booed	train	shiftMags=0	1046.03	1.5	1.5	1.5	30	16000	3	0@0.002	0.336	0.380-0.716	152.852	1092.41	142	447	529.278	1640.04	571.438	2689.83	541.106	1669.41	585.694	2718.16	184.268	185.948	15.7072	-10.4185	0.0594923	7.875	-27.4605	0							voice sage "booed" tok=634ca7bde90b1e5e take=2 src=tts:gpt-audio-1.5 f0=167 onset=0.338 dur=0.830 vowel=0.378-0.688 level=0.050
389	proc	369	bod	train	shiftMags=0	1048.42	1.5	1.5	1.5	30	16000	3	0@0.002	0.304	0.276-0.580	-305.225	1147.31	-220	524	1009.59	1225.33	717.613	2442.9	1012.69	1226.06	723.454	2446.43	194.825	176.643	-169.616	-10.0415	0.158206	8	-25.9652	0							voice sage "bod" tok=cfa4fc51e856fa56 take=2 src=tts:gpt-audio-1.5 f0=175 onset=0.284 dur=0.880 vowel=0.284-0.514 level=0.050
390	proc	370	bead	train	shiftMags=0	1050.74	1.5	1.5	1.5	30	16000	3	0@0.002	0.41	0.344-0.754	237.419	679.005	236	193	352.607	3140.76	463.384	3391.53	354.882	3151.65	466.792	3392.99	170.061	199.038	272.396	-10.1867	0.109517	7.5625	-27.7737	0							voice sage "bead" tok=0911d7bfc62ed3d0 take=2 src=tts:gpt-audio-1.5 f0=168 onset=0.293 dur=0.600 vowel=0.333-0.803 level=0.050
391	proc	371	bad	train	shiftMags=0	1053.64	1.5	1.5	1.5	30	16000	3	0@0.002	0.338	0.342-0.680	-411.284	1043.73	-283	402	1155.72	3241.69	750.636	2656.03	1156.25	3246.9	748.096	2645.33	156.255	168.885	134.565	-6.64987	0.106942	8.25	-27.2478	0							voice sage "bad" tok=55bf3cc2c5719dc4 take=2 src=tts:gpt-audio-1.5 f0=151 onset=0.297 dur=0.690 vowel=0.317-0.637 level=0.050
392	proc	372	bad	train	shiftMags=0	1056.4	1.5	1.5	1.5	30	16000	3	0@0.002	0.332	0.498-0.830	-385.066	1015.31	-268	375	1128.12	1877.06	739.158	2883.05	1130.46	1867.25	735.435	2883.05	159.576	182.531	232.672	-4.70387	0.110859	8.25	-27.4151	0							voice sage "bad" tok=beedd2b4240955c0 take=3 src=tts:gpt-audio-1.5 f0=162 onset=0.308 dur=0.700 vowel=0.478-0.778 level=0.050
393	proc	373	bead	train	shiftMags=0	1059.35	1.5	1.5	1.5	30	16000	3	0@0.002	0.522	0.308-0.852	276.09	630.016	283	176	303.145	3155.62	461.92	3493.71	302.223	3158.13	466.714	3521.91	152.221	176.14	252.668	-11.5881	0.0956685	7.5625	-26.7591	0							voice sage "bead" tok=f7c2e97736d2cca4 take=3 src=tts:gpt-audio-1.5 f0=158 onset=0.319 dur=0.830 vowel=0.319-0.829 level=0.050
394	proc	374	booed	train	shiftMags=0	1062.05	1.5	1.5	1.5	30	16000	3	0@0.002	0.386	0.486-0.872	237.521	1147.44	236	524	400.13	1448.82	452.137	2574.56	396.181	1444.92	453.235	2575.38	173.348	199.97	247.329	-13.3166	0.0667293	7.5625	-28.1836	0							voice sage "booed" tok=4df2a42ad7b9d57d take=3 src=tts:gpt-audio-1.5 f0=180 onset=0.321 dur=0.730 vowel=0.481-0.801 level=0.050
395	proc	375	bod	train	shiftMags=0	1065.05	1.5	1.5	1.5	30	16000	3	0@0.002	0.288	0.494-0.782	-238.131	1146.93	-177	524	992.705	1234.27	713.885	2407.89	1009.28	1234.32	718.398	2404.44	158.307	164.137	62.6072	-10.2095	0.0658424	8.125	-29.0417	1	1.485+15.4ms						voice sage "bod" tok=1fa3845a40050895 take=3 src=tts:gpt-audio-1.5 f0=158 onset=0.344 dur=0.560 vowel=0.374-0.714 level=0.050
396	proc	376	bad	train	shiftMags=0	1067.63	1.5	1.5	1.5	30	16000	3	0@0.002	0.308	0.334-0.642	-397.515	1024.64	-275	383	1132.67	2088.66	722.013	2750.68	1139.56	1983.77	716.419	2776.12	198.053	181.309	-152.92	-3.69518	0.116645	8.25	-28.7495	0							voice sage "bad" tok=0b94949d38b38e9b take=0 src=tts:gpt-audio-1.5 f0=172 onset=0.292 dur=0.850 vowel=0.322-0.672 level=0.050
397	proc	377	booed	train	shiftMags=0	1069.92	1.5	1.5	1.5	30	16000	3	0@0.002	0.508	0.344-0.852	247.976	1102.37	248	460.5	402.429	1640.49	474.907	2758.55	401.604	1619.26	488.926	2755.32	190.032	207.154	149.357	-15.1476	0.0584072	10.4375	-26.9488	0							voice sage "booed" tok=648f84d54d536760 take=0 src=tts:gpt-audio-1.5 f0=171 onset=0.292 dur=0.980 vowel=0.312-0.822 level=0.050
398	proc	378	bead	train	shiftMags=0	1072.67	1.5	1.5	1.5	30	16000	3	0@0.002	0.398	0.358-0.758	260.697	633.469	264	176	290.617	2871.37	468.546	3226.52	292.338	2876.27	468.921	3241.79	161.377	163.579	23.4706	-11.2949	0.0679493	7.5625	-29.2973	0							voice sage "bead" tok=a1cca3e1670e1a36 take=0 src=tts:gpt-audio-1.5 f0=166 onset=0.315 dur=0.630 vowel=0.355-0.675 level=0.050
399	proc	379	bod	train	shiftMags=0	1075.11	1.5	1.5	1.5	30	16000	3	0@0.002	0.314	0.536-0.890	-202.41	1150.98	-153	529	1056.16	1212.25	672.031	2355.22	1081.98	1217.74	673.484	2365.48	197.378	157.194	-394.105	-9.58786	0.0792179	8	-28.5101	0							voice sage "bod" tok=0bcabf410c0dcfb0 take=0 src=tts:gpt-audio-1.5 f0=154 onset=0.332 dur=0.890 vowel=0.532-0.872 level=0.050
400	proc	380	bead	train	shiftMags=0	1077.66	1.5	1.5	1.5	30	16000	3	0@0.002	0.462	0.350-0.812	248.35	664.003	248	187	301.267	2777.08	443.484	3404.36	302.172	2777.54	444.857	3405.18	160.043	228.82	618.899	-11.4285	0.047203	5.625	-28.4535	0							voice sage "bead" tok=57b183fe58481e66 take=1 src=tts:gpt-audio-1.5 f0=157 onset=0.300 dur=0.650 vowel=0.330-0.860 level=0.050
401	proc	381	bad	train	shiftMags=0	1080.18	1.5	1.5	1.5	30	16000	3	0@0.002	0.358	0.392-0.752	-358.37	1018.03	-252	375	1073.94	1945.85	744.718	2736.84	1074.96	1788.78	751.695	2756.98	166.613	164.618	-20.8526	-4.51392	0.13508	8.25	-28.6552	0							voice sage "bad" tok=bff059c145c05575 take=1 src=tts:gpt-audio-1.5 f0=161 onset=0.351 dur=0.630 vowel=0.381-0.901 level=0.050
402	proc	382	booed	train	shiftMags=0	1082.68	1.5	1.5	1.5	30	16000	3	0@0.002	0.316	0.394-0.710	229.227	1139.29	226	507	418.023	1408.79	407.321	2589.98	418.023	1408.79	407.321	2589.98	191.065	187.603	-31.6614	-13.9271	0.0636915	7.5625	-28.2971	0							voice sage "booed" tok=1b6acbc1f5ea98cb take=1 src=tts:gpt-audio-1.5 f0=177 onset=0.341 dur=0.650 vowel=0.381-0.641 level=0.050
403	proc	383	bod	train	shiftMags=0	1085.32	1.5	1.5	1.5	30	16000	3	0@0.002	0.35	0.436-0.786	-256.757	1145	-189	518	983.1	1234.19	707.849	2400.55	983.1	1234.19	707.849	2400.55	166.443	168.77	24.0337	-9.45891	0.0755158	8.125	-28.609	0							voice sage "bod" tok=3c84533b90645ed4 take=1 src=tts:gpt-audio-1.5 f0=162 onset=0.309 dur=0.840 vowel=0.429-0.729 level=0.050
404	proc	384	bad	train	shiftMags=0	1088.01	1.5	1.5	1.5	30	16000	3	0@0.002	0.338	0.400-0.738	-410.483	1043.86	-283	397	1154.97	2934.67	753.371	2629.01	1155.19	3208.88	738.729	2594.03	152.451	164.443	131.093	-6.39844	0.100432	8.25	-27.2478	0							voice sage "bad" tok=55bf3cc2c5719dc4 take=2 src=tts:gpt-audio-1.5 f0=151 onset=0.355 dur=0.690 vowel=0.375-0.695 level=0.050
405	proc	385	booed	train	shiftMags=0	1090.32	1.5	1.5	1.5	30	16000	3	0@0.002	0.338	0.364-0.702	153.084	1092.31	142	447	538.971	1672	584.016	2722.22	538.971	1672	584.016	2722.22	180.029	198.455	168.701	-10.6936	0.0584299	7.875	-27.4604	0							voice sage "booed" tok=634ca7bde90b1e5e take=2 src=tts:gpt-audio-1.5 f0=167 onset=0.323 dur=0.830 vowel=0.363-0.673 level=0.050
406	proc	386	bod	train	shiftMags=0	1093.24	1.5	1.5	1.5	30	16000	3	0@0.002	0.306	0.354-0.660	-305.23	1147.3	-220	524	1008.68	1225.52	705.862	2436.42	1012.29	1228.96	713.842	2440	183.736	182.293	-13.6519	-10.1549	0.154727	8	-25.9675	0							voice sage "bod" tok=cfa4fc51e856fa56 take=2 src=tts:gpt-audio-1.5 f0=175 onset=0.364 dur=0.880 vowel=0.364-0.594 level=0.050
407	proc	387	bead	train	shiftMags=0	1095.75	1.5	1.5	1.5	30	16000	3	0@0.002	0.41	0.344-0.754	237.618	675.645	236	193	352.518	3150.44	458.928	3385.89	354.436	3156.43	464.303	3388.47	170.015	200.318	283.964	-10.443	0.104599	7.5625	-27.7737	0							voice sage "bead" tok=0911d7bfc62ed3d0 take=2 src=tts:gpt-audio-1.5 f0=168 onset=0.293 dur=0.600 vowel=0.333-0.803 level=0.050
408	proc	388	bead	train	shiftMags=0	1098.55	1.5	1.5	1.5	30	16000	3	0@0.002	0.52	0.318-0.862	275.863	630.355	283	176	302.846	3157.7	459.147	3503.1	302.058	3159.91	461.129	3524.9	160.599	169.527	93.6661	-11.2032	0.0868087	7.5625	-26.759	0							voice sage "bead" tok=f7c2e97736d2cca4 take=3 src=tts:gpt-audio-1.5 f0=158 onset=0.329 dur=0.830 vowel=0.329-0.839 level=0.050
409	proc	389	booed	train	shiftMags=0	1101.06	1.5	1.5	1.5	30	16000	3	0@0.002	0.386	0.454-0.840	237.517	1146.75	236	524	395.152	1445.58	456.761	2571.57	395.152	1445.58	456.761	2571.57	174.301	165.266	-92.1481	-12.9625	0.0691206	7.5625	-28.1847	0							voice sage "booed" tok=4df2a42ad7b9d57d take=3 src=tts:gpt-audio-1.5 f0=180 onset=0.288 dur=0.730 vowel=0.448-0.768 level=0.050
410	proc	390	bod	train	shiftMags=0	1103.4	1.5	1.5	1.5	30	16000	3	0@0.002	0.29	0.460-0.750	-238.204	1147.01	-177	524	1009.84	1237.09	715.527	2400.34	1011.76	1237.83	717.881	2404.9	157.562	162.308	51.3833	-10.3484	0.0621377	8.0625	-29.0419	0							voice sage "bod" tok=1fa3845a40050895 take=3 src=tts:gpt-audio-1.5 f0=158 onset=0.312 dur=0.560 vowel=0.342-0.682 level=0.050
411	proc	391	bad	train	shiftMags=0	1106.9	1.5	1.5	1.5	30	16000	3	0@0.002	0.332	0.544-0.876	-385.084	1015.46	-268	375	1128.81	1891.7	742.077	2888.38	1129.35	1882.88	737.026	2890.96	161.335	182.595	214.31	-4.67903	0.117481	8.25	-27.4152	0							voice sage "bad" tok=beedd2b4240955c0 take=3 src=tts:gpt-audio-1.5 f0=162 onset=0.354 dur=0.700 vowel=0.524-0.824 level=0.050
412	proc	392	bad	train	shiftMags=0	1109.32	1.5	1.5	1.5	30	16000	3	0@0.002	0.308	0.402-0.710	-397.683	1024.42	-275	380	1113.05	2120.71	724.627	2713.54	1137.47	2179.49	717.035	2766.24	200.856	180.326	-186.661	-3.7038	0.123202	8.25	-28.7506	0							voice sage "bad" tok=0b94949d38b38e9b take=0 src=tts:gpt-audio-1.5 f0=172 onset=0.359 dur=0.850 vowel=0.389-0.739 level=0.050
413	proc	393	bod	train	shiftMags=0	1111.79	1.5	1.5	1.5	30	16000	3	0@0.002	0.312	0.532-0.884	-202.884	1151.53	-153	529	1056.62	1220.58	668.965	2372.46	1088.25	1221.5	669.065	2371.72	188.761	156.92	-319.838	-9.28699	0.0913162	8	-28.5136	0							voice sage "bod" tok=0bcabf410c0dcfb0 take=0 src=tts:gpt-audio-1.5 f0=154 onset=0.326 dur=0.890 vowel=0.526-0.866 level=0.050
414	proc	394	bead	train	shiftMags=0	1114.55	1.5	1.5	1.5	30	16000	3	0@0.002	0.394	0.404-0.802	260.637	633.978	264	176	293.826	2875.76	468.711	3256.14	293.826	2875.76	468.711	3256.14	162.8	226.112	568.72	-10.0947	0.102497	7.5625	-29.2969	0							voice sage "bead" tok=a1cca3e1670e1a36 take=0 src=tts:gpt-audio-1.5 f0=166 onset=0.361 dur=0.630 vowel=0.401-0.721 level=0.050
415	proc	395	booed	train	shiftMags=0	1117.3	1.5	1.5	1.5	30	16000	3	0@0.002	0.508	0.414-0.922	248.01	1102.29	248	460.5	402.635	1640.25	475.109	2733.73	401.88	1619.4	475.472	2740.64	193.819	221.351	229.957	-14.4724	0.0713824	5.8125	-26.9487	1	1.485+15.4ms						voice sage "booed" tok=648f84d54d536760 take=0 src=tts:gpt-audio-1.5 f0=171 onset=0.362 dur=0.980 vowel=0.382-0.892 level=0.050
416	proc	396	bed	generalization	shiftMags=0	1124.7	1.5	1.5	1.5	30	16000	4	0@0.002	0.272	0.480-0.752	-168.985	894.46	-130	295	948.928	2239.41	2035.37	3851.04	948.928	2239.41	2035.37	3851.04	162.979	207.422	417.456	-4.16281	0.0905997	-2.125	-28.5575	0							voice sage "bed" tok=b215427f139033e1 take=3 src=tts:gpt-audio-1.5 f0=169 onset=0.293 dur=0.620 vowel=0.473-0.713 level=0.050
417	proc	397	bid	generalization	shiftMags=0	1127.25	1.5	1.5	1.5	30	16000	4	0@0.002	0.272	0.358-0.736	104.351	849.062	94	270	533.346	2482.65	527.658	1485.56	534.887	2490.19	520.617	1446.5	160.34	NaN	NaN	-7.53572	0.0831902	49.3125	-28.7125	0							voice sage "bid" tok=789a0b8dcefc3b87 take=3 src=tts:gpt-audio-1.5 f0=159 onset=0.313 dur=0.710 vowel=0.343-0.723 level=0.050
418	proc	398	bayed	generalization	shiftMags=0	1129.85	1.5	1.5	1.5	30	16000	4	0@0.002	0.394	0.342-0.788	141.062	786.57	130	242	555.992	2393.35	457.668	3460.7	555.992	2393.35	457.668	3460.7	141.417	186.294	477.146	-5.91835	0.126021	3.8125	-25.8368	0							voice sage "bayed" tok=46c89b1a03e872a9 take=3 src=tts:gpt-audio-1.5 f0=161 onset=0.355 dur=1.230 vowel=0.355-0.635 level=0.050
419	proc	399	bode	generalization	shiftMags=0	1132.25	1.5	1.5	1.5	30	16000	4	0@0.002	0.338	0.320-0.680	4.7417	1158.1	4.00003	540	665.77	1194.45	385.442	2284.08					209.877	130.643	-820.698	-5.29129	0.113813	17	-26.0233	0							voice sage "bode" tok=b539b2fbec6e3545 take=3 src=tts:gpt-audio-1.5 f0=199 onset=0.336 dur=0.780 vowel=0.336-0.566 level=0.050
420	proc	400	bud	generalization	shiftMags=0	1134.72	1.5	1.5	1.5	30	16000	4	0@0.002	0.264	0.570-0.834	-222.883	1095.62	-167	452	929.703	1368.45	422.064	3586.51	929.703	1368.45	422.064	3586.51	159.531	NaN	NaN	-4.85661	0.0897976	-20.8125	-27.8805	0							voice sage "bud" tok=897be1a59674c8e9 take=3 src=tts:gpt-audio-1.5 f0=157 onset=0.368 dur=0.610 vowel=0.558-0.898 level=0.050
421	proc	401	bud	generalization	shiftMags=0	1137.14	1.5	1.5	1.5	30	16000	4	0@0.002	0.368	0.336-0.720	-278.052	1048.9	-203	405	1165.05	1514.31	391.468	1925.36	1165.05	1514.31	391.468	1925.36	165.287	145.237	-223.876	-4.39049	0.0888174	22.6875	-27.3603	0							voice sage "bud" tok=42d3985182e1991d take=0 src=tts:gpt-audio-1.5 f0=163 onset=0.290 dur=0.750 vowel=0.330-0.690 level=0.050
422	proc	402	bid	generalization	shiftMags=0	1139.5	1.5	1.5	1.5	30	16000	4	0@0.002	0.268	0.442-0.710	67.226	878.111	59	287	557.63	2386.92	402.282	1301.2	557.63	2386.92	402.282	1301.2	161.207	227.031	592.772	-4.84315	0.0791105	2.25	-27.8817	0							voice sage "bid" tok=e2d42447a326ea3c take=0 src=tts:gpt-audio-1.5 f0=166 onset=0.299 dur=0.770 vowel=0.429-0.669 level=0.050
423	proc	403	bed	generalization	shiftMags=0	1142	1.5	1.5	1.5	30	16000	4	0@0.002	0.298	0.462-0.760	-226.207	937.938	-169	320	989.505	2106.82	405.772	3613.78	989.505	2106.82	405.772	3613.78	178.801	NaN	NaN	-4.24107	0.0836667	-46.0625	-29.8481	0							voice sage "bed" tok=bed8da4c125b832f take=0 src=tts:gpt-audio-1.5 f0=170 onset=0.360 dur=0.880 vowel=0.360-0.830 level=0.050
424	proc	404	bayed	generalization	shiftMags=0	1144.91	1.5	1.5	1.5	30	16000	4	0@0.002	0.434	0.304-0.756	133.208	768.519	122	231	519.791	2650.76	674.558	2210.41	519.791	2650.76	674.558	2210.41	159.812	NaN	NaN	-5.94537	0.0880965	23.5625	-26.7748	0							voice sage "bayed" tok=1019834daace345e take=0 src=tts:gpt-audio-1.5 f0=158 onset=0.284 dur=0.890 vowel=0.294-0.624 level=0.050
425	proc	405	bode	generalization	shiftMags=0	1147.81	1.5	1.5	1.5	30	16000	4	0@0.002	0.324	0.358-0.688	38.8961	1148.69	33.5	524	796.249	1312.64	395.209	1262.97	796.249	1312.64	395.209	1262.97	172.376	214.06	374.945	-5.0459	0.0907131	-49.875	-26.6855	0							voice sage "bode" tok=0468ea131241410e take=0 src=tts:gpt-audio-1.5 f0=153 onset=0.314 dur=0.740 vowel=0.354-0.644 level=0.050
426	proc	406	bid	generalization	shiftMags=0	1150.47	1.5	1.5	1.5	30	16000	4	0@0.002	0.322	0.532-0.854	120.762	857.921	110	276	446.681	2353.33	388.193	1235.93	446.681	2353.33	388.193	1235.93	163.006	197.858	335.443	-5.05733	0.0761874	10	-28.2277	0							voice sage "bid" tok=c315bd4cea02a0e6 take=1 src=tts:gpt-audio-1.5 f0=181 onset=0.375 dur=0.720 vowel=0.525-0.795 level=0.050
427	proc	407	bode	generalization	shiftMags=0	1153.23	1.5	1.5	1.5	30	16000	4	0@0.002	0.63	0.348-1.004	156.51	1158.95	146	540	1037.93	3057.89	503.42	1491.42	1107.98	3065.9	494.136	1466.77	159.238	191.041	315.239	-6.28422	0.0820223	42.3125	-26.5616	0							voice sage "bode" tok=9b306c2bd6cfbe28 take=1 src=tts:gpt-audio-1.5 f0=155 onset=0.348 dur=1.080 vowel=0.348-0.888 level=0.050
428	proc	408	bud	generalization	shiftMags=0	1155.93	1.5	1.5	1.5	30	16000	4	0@0.002	0.232	0.428-0.756	-299.393	1080.43	-216	435	989.973	1397.09	447.585	2375.2	989.973	1397.09	447.585	2375.2	165.596	NaN	NaN	-4.83126	0.0885417	39.625	-29.4766	0							voice sage "bud" tok=b75d2aef75be6f0e take=1 src=tts:gpt-audio-1.5 f0=148 onset=0.327 dur=0.840 vowel=0.427-0.747 level=0.050
429	proc	409	bayed	generalization	shiftMags=0	1158.62	1.5	1.5	1.5	30	16000	4	0@0.002	0.646	0.282-0.934	136.899	789.047	126	242	558.277	2627.51	437.218	1240.26	558.277	2627.51	437.218	1240.26	159.265	139.192	-233.224	-6.58467	0.0847137	43.5	-26.4188	0							voice sage "bayed" tok=b811ba89361b85b1 take=1 src=tts:gpt-audio-1.5 f0=159 onset=0.290 dur=1.040 vowel=0.290-0.880 level=0.050
430	proc	410	bed	generalization	shiftMags=0	1161.21	1.5	1.5	1.5	30	16000	4	0@0.002	0.37	0.420-0.844	-141.347	901.181	-110	298	NaN	NaN	NaN	NaN					180.905	NaN	NaN	-4.71674	0.100175	59.25	-27.6667	0							voice sage "bed" tok=717760444433b274 take=1 src=tts:gpt-audio-1.5 f0=156 onset=0.363 dur=1.040 vowel=0.413-0.683 level=0.050
431	proc	411	bud	generalization	shiftMags=0	1163.96	1.5	1.5	1.5	30	16000	4	0@0.002	0.254	0.382-0.636	-226.145	1071.83	-169	424	977.288	1501.74	521.348	2008.76	977.288	1501.74	521.348	2008.76	149.719	NaN	NaN	-5.34495	0.0791268	-24.5	-29.2494	0							voice sage "bud" tok=d29451860356428f take=2 src=tts:gpt-audio-1.5 f0=150 onset=0.332 dur=0.620 vowel=0.362-0.592 level=0.050
432	proc	412	bed	generalization	shiftMags=0	1166.49	1.5	1.5	1.5	30	16000	4	0@0.002	0.378	0.320-0.770	-202.257	922.048	-153	309	800.416	2320.43	527.27	1378.42	800.416	2320.43	527.27	1378.42	138.088	NaN	NaN	-4.84172	0.107934	13.4375	-26.4505	0							voice sage "bed" tok=69bd5ea153d462c2 take=2 src=tts:gpt-audio-1.5 f0=152 onset=0.323 dur=0.740 vowel=0.323-0.573 level=0.050
433	proc	413	bid	generalization	shiftMags=0	1168.98	1.5	1.5	1.5	30	16000	4	0@0.002	0.22	0.454-0.676	67.244	877.256	59	287	529.691	2437.41	380.091	1297.51	529.691	2437.41	380.091	1297.51	172.94	NaN	NaN	-4.52393	0.100592	-0.25	-29.0463	0							voice sage "bid" tok=c600254ac5dd8f94 take=2 src=tts:gpt-audio-1.5 f0=160 onset=0.351 dur=0.910 vowel=0.441-0.631 level=0.050
434	proc	414	bayed	generalization	shiftMags=0	1171.4	1.5	1.5	1.5	30	16000	4	0@0.002	0.408	0.410-0.818	137.035	757.516	126	226	568.971	2463.05	452.987	1433.91	568.971	2463.05	452.987	1433.91	166.073	231.831	577.504	-5.78741	0.097994	-43.125	-27.7783	0							voice sage "bayed" tok=b77a186866b8f302 take=2 src=tts:gpt-audio-1.5 f0=163 onset=0.280 dur=0.750 vowel=0.410-0.780 level=0.050
435	proc	415	bode	generalization	shiftMags=0	1173.95	1.5	1.5	1.5	30	16000	4	0@0.002	0.41	0.544-0.954	125.026	1167.78	114	562	663.368	1222.31	370.547	1211.57	663.368	1222.31	370.547	1211.57	166.371	222.96	506.855	-4.19262	0.0871755	-14.8125	-27.8579	0							voice sage "bode" tok=42cdc51d2022a9a6 take=2 src=tts:gpt-audio-1.5 f0=167 onset=0.369 dur=0.730 vowel=0.539-1.039 level=0.050
436	proc	416	bode	generalization	shiftMags=0	1176.75	1.5	1.5	1.5	30	16000	4	0@0.002	0.336	0.340-0.700	4.74585	1158.95	4.00002	540	694.224	1199.88	403.269	1339.3	694.224	1199.88	403.269	1339.3	206.098	NaN	NaN	-4.85014	0.124492	4.8125	-26.0233	0							voice sage "bode" tok=b539b2fbec6e3545 take=3 src=tts:gpt-audio-1.5 f0=199 onset=0.356 dur=0.780 vowel=0.356-0.586 level=0.050
437	proc	417	bid	generalization	shiftMags=0	1179.03	1.5	1.5	1.5	30	16000	4	0@0.002	0.274	0.350-0.728	108.689	855.663	98	276	499.815	2498.19	530.485	1497.47	534.113	2499.14	530.269	1480.15	162.317	234.091	633.905	-7.80362	0.0797449	58	-28.6984	0							voice sage "bid" tok=789a0b8dcefc3b87 take=3 src=tts:gpt-audio-1.5 f0=159 onset=0.304 dur=0.710 vowel=0.334-0.714 level=0.050
438	proc	418	bayed	generalization	shiftMags=0	1181.87	1.5	1.5	1.5	30	16000	4	0@0.002	0.39	0.358-0.802	140.907	783.314	130	237	559.038	2462.19	475.408	1292.87	559.038	2462.19	475.408	1292.87	144.475	155.495	127.266	-6.17506	0.118112	-11.5625	-25.8361	0							voice sage "bayed" tok=46c89b1a03e872a9 take=3 src=tts:gpt-audio-1.5 f0=161 onset=0.371 dur=1.230 vowel=0.371-0.651 level=0.050
439	proc	419	bud	generalization	shiftMags=0	1184.72	1.5	1.5	1.5	30	16000	4	0@0.002	0.264	0.532-0.796	-220.344	1095.62	-165	452	891.556	1366.8	463.197	2395.51	891.556	1366.8	463.197	2395.51	159.368	NaN	NaN	-4.95843	0.0719997	-0.4375	-27.8798	0							voice sage "bud" tok=897be1a59674c8e9 take=3 src=tts:gpt-audio-1.5 f0=157 onset=0.330 dur=0.610 vowel=0.520-0.860 level=0.050
440	proc	420	bed	generalization	shiftMags=0	1187.48	1.5	1.5	1.5	30	16000	4	0@0.002	0.272	0.494-0.766	-168.96	892.441	-130	292	923.805	2225.56	427.142	1799.72	923.805	2225.56	427.142	1799.72	162.866	NaN	NaN	-4.39993	0.108349	4.1875	-28.5564	0							voice sage "bed" tok=b215427f139033e1 take=3 src=tts:gpt-audio-1.5 f0=169 onset=0.306 dur=0.620 vowel=0.486-0.726 level=0.050
441	proc	421	bud	generalization	shiftMags=0	1191.22	1.5	1.5	1.5	30	16000	4	0@0.002	0.366	0.402-0.786	-280.772	1035.08	-205	391	1028.36	1669.68	507.815	1992.8	1028.36	1669.68	507.815	1992.8	164.153	NaN	NaN	-4.73522	0.0829925	-2.5	-27.3604	0							voice sage "bud" tok=42d3985182e1991d take=0 src=tts:gpt-audio-1.5 f0=163 onset=0.357 dur=0.750 vowel=0.397-0.757 level=0.050
442	proc	422	bode	generalization	shiftMags=0	1193.57	1.5	1.5	1.5	30	16000	4	0@0.002	0.32	0.392-0.722	34.9331	1148.9	30	524	1186.38	3243.54	601.36	3412.63	1186.38	3243.54	601.36	3412.63	167.359	247.019	674.017	-4.85922	0.085794	-10.1875	-26.6854	0							voice sage "bode" tok=0468ea131241410e take=0 src=tts:gpt-audio-1.5 f0=153 onset=0.350 dur=0.740 vowel=0.390-0.680 level=0.050
443	proc	423	bed	generalization	shiftMags=0	1196.09	1.5	1.5	1.5	30	16000	4	0@0.002	0.29	0.410-0.700	-237.643	939.249	-177	320	1004.62	2132.81	3293.54	4156.09	1004.62	2132.81	3293.54	4156.09	170.385	178.107	76.7304	-3.7571	0.0951102	-35.5625	-29.8455	0							voice sage "bed" tok=bed8da4c125b832f take=0 src=tts:gpt-audio-1.5 f0=170 onset=0.307 dur=0.880 vowel=0.307-0.777 level=0.050
444	proc	424	bayed	generalization	shiftMags=0	1198.45	1.5	1.5	1.5	30	16000	4	0@0.002	0.432	0.364-0.814	133.16	767.521	122	231	527.564	2695.33	465.393	1297.23	527.564	2695.33	465.393	1297.23	170.13	206.841	338.255	-5.97886	0.102498	-28.1875	-26.7748	0							voice sage "bayed" tok=1019834daace345e take=0 src=tts:gpt-audio-1.5 f0=158 onset=0.342 dur=0.890 vowel=0.352-0.682 level=0.050
445	proc	425	bid	generalization	shiftMags=0	1201.07	1.5	1.5	1.5	30	16000	4	0@0.002	0.268	0.446-0.714	67.1196	878.5	59	287	553.494	2371.81	385.04	1286.77	553.494	2371.81	385.04	1286.77	163.879	193.09	283.969	-4.89422	0.0878807	-1.4375	-27.882	0							voice sage "bid" tok=e2d42447a326ea3c take=0 src=tts:gpt-audio-1.5 f0=166 onset=0.302 dur=0.770 vowel=0.432-0.672 level=0.050
446	proc	426	bed	generalization	shiftMags=0	1203.66	1.5	1.5	1.5	30	16000	4	0@0.002	0.37	0.372-0.796	-130.318	900.25	-102	298	597.763	2164.72	525.046	3363.38	749.166	2195.08	521.697	2393.25	177.761	198.391	190.093	-5.62595	0.0945102	52.25	-27.6665	0							voice sage "bed" tok=717760444433b274 take=1 src=tts:gpt-audio-1.5 f0=156 onset=0.315 dur=1.040 vowel=0.365-0.635 level=0.050
447	proc	427	bud	generalization	shiftMags=0	1206.21	1.5	1.5	1.5	30	16000	4	0@0.002	0.242	0.390-0.716	-299.203	1074.46	-216	430	927.026	1351.14	513.274	1144.11	927.026	1351.14	513.274	1144.11	163.113	236.052	639.873	-6.61569	0.0660447	51.3125	-29.4755	0							voice sage "bud" tok=b75d2aef75be6f0e take=1 src=tts:gpt-audio-1.5 f0=148 onset=0.288 dur=0.840 vowel=0.388-0.708 level=0.050
448	proc	428	bid	generalization	shiftMags=0	1209.19	1.5	1.5	1.5	30	16000	4	0@0.002	0.32	0.482-0.802	118.829	857.7	108	276	447.13	2354.6	434.319	1129.97	447.13	2354.6	434.319	1129.97	164.026	NaN	NaN	-4.81994	0.109995	13.625	-28.2275	0							voice sage "bid" tok=c315bd4cea02a0e6 take=1 src=tts:gpt-audio-1.5 f0=181 onset=0.324 dur=0.720 vowel=0.474-0.744 level=0.050
449	proc	429	bayed	generalization	shiftMags=0	1211.76	1.5	1.5	1.5	30	16000	4	0@0.002	0.646	0.280-0.932	136.892	787.404	126	242	540.434	2604.55	456.281	1366.13	542.305	2605.83	453.028	1322.24	159.399	140.287	-221.117	-6.62242	0.0848064	44.625	-26.4186	0							voice sage "bayed" tok=b811ba89361b85b1 take=1 src=tts:gpt-audio-1.5 f0=159 onset=0.289 dur=1.040 vowel=0.289-0.879 level=0.050
450	proc	430	bode	generalization	shiftMags=0	1214.65	1.5	1.5	1.5	30	16000	4	0@0.002	0.626	0.330-0.984	145.06	1158.56	134	540	741.923	1219.39	487.939	1331.78	793.062	1254.44	465.604	1641.87	153.926	242.595	787.574	-5.60873	0.102648	23.9375	-26.562	0							voice sage "bode" tok=9b306c2bd6cfbe28 take=1 src=tts:gpt-audio-1.5 f0=155 onset=0.329 dur=1.080 vowel=0.329-0.869 level=0.050
451	proc	431	bayed	generalization	shiftMags=0	1217.14	1.5	1.5	1.5	30	16000	4	0@0.002	0.408	0.442-0.850	136.958	756.658	126	226	574.621	2292.74	480.686	1192.57	585.04	2341.43	470.545	1152.63	170.06	NaN	NaN	-4.79785	0.107111	23.8125	-27.7779	0							voice sage "bayed" tok=b77a186866b8f302 take=2 src=tts:gpt-audio-1.5 f0=163 onset=0.312 dur=0.750 vowel=0.442-0.812 level=0.050
452	proc	432	bode	generalization	shiftMags=0	1219.55	1.5	1.5	1.5	30	16000	4	0@0.002	0.41	0.478-0.888	129.031	1170.21	118	562	653.525	1224	780.91	2336.64	653.525	1224	780.91	2336.64	166.401	NaN	NaN	-3.70798	0.128905	-15.25	-27.8567	0							voice sage "bode" tok=42cdc51d2022a9a6 take=2 src=tts:gpt-audio-1.5 f0=167 onset=0.304 dur=0.730 vowel=0.474-0.974 level=0.050
453	proc	433	bed	generalization	shiftMags=0	1222.09	1.5	1.5	1.5	30	16000	4	0@0.002	0.37	0.304-0.746	-214.478	922.703	-161	309	657.959	2234.85	390.722	1432.67	722.711	2275.81	390.722	4080.08	137.103	NaN	NaN	-6.30359	0.112003	33.1875	-26.4504	0							voice sage "bed" tok=69bd5ea153d462c2 take=2 src=tts:gpt-audio-1.5 f0=152 onset=0.307 dur=0.740 vowel=0.307-0.557 level=0.050
454	proc	434	bud	generalization	shiftMags=0	1224.64	1.5	1.5	1.5	30	16000	4	0@0.002	0.254	0.400-0.654	-226.148	1068.77	-169	424	950.925	1463.13	482.251	1752.43	950.925	1463.13	482.251	1752.43	156.185	NaN	NaN	-5.15812	0.0729923	1.4375	-29.249	0							voice sage "bud" tok=d29451860356428f take=2 src=tts:gpt-audio-1.5 f0=150 onset=0.350 dur=0.620 vowel=0.380-0.610 level=0.050
455	proc	435	bid	generalization	shiftMags=0	1227.27	1.5	1.5	1.5	30	16000	4	0@0.002	0.23	0.436-0.666	67.2653	886.652	59	292	520.112	2270.29	311.222	2083.63					172.179	149.874	-240.191	-4.57439	0.113831	51.125	-29.0462	0							voice sage "bid" tok=c600254ac5dd8f94 take=2 src=tts:gpt-audio-1.5 f0=160 onset=0.334 dur=0.910 vowel=0.424-0.614 level=0.050
456	proc	436	bud	generalization	shiftMags=0	1229.59	1.5	1.5	1.5	30	16000	4	0@0.002	0.266	0.528-0.794	-219.842	1094.5	-165	452	858.271	1324.73	397.997	1969.94	858.271	1324.73	397.997	1969.94	159.896	NaN	NaN	-4.64513	0.0971115	3.75	-27.8807	0							voice sage "bud" tok=897be1a59674c8e9 take=3 src=tts:gpt-audio-1.5 f0=157 onset=0.327 dur=0.610 vowel=0.517-0.857 level=0.050
457	proc	437	bid	generalization	shiftMags=0	1232.32	1.5	1.5	1.5	30	16000	4	0@0.002	0.27	0.360-0.736	108.522	850.195	98	270	492.01	2501.59	530.099	1499.11	533.789	2508.34	528.11	1470.19	160.784	233.756	647.856	-7.49818	0.0812876	46.8125	-28.7091	0							voice sage "bid" tok=789a0b8dcefc3b87 take=3 src=tts:gpt-audio-1.5 f0=159 onset=0.316 dur=0.710 vowel=0.346-0.726 level=0.050
458	proc	438	bode	generalization	shiftMags=0	1235.29	1.5	1.5	1.5	30	16000	4	0@0.002	0.338	0.280-0.640	4.74603	1158.06	4.00002	540	759.404	1263.56	2202	3441.84	759.404	1263.56	2202	3441.84	188.648	186.994	-15.2462	-5.0388	0.10886	-18.9375	-26.0245	0							voice sage "bode" tok=b539b2fbec6e3545 take=3 src=tts:gpt-audio-1.5 f0=199 onset=0.296 dur=0.780 vowel=0.296-0.526 level=0.050
459	proc	439	bed	generalization	shiftMags=0	1237.63	1.5	1.5	1.5	30	16000	4	0@0.002	0.272	0.510-0.782	-168.974	897.18	-130	298	932.596	2234.56	427.893	1206.23	932.596	2234.56	427.893	1206.23	163.21	NaN	NaN	-4.55889	0.110712	-40.75	-28.5574	0							voice sage "bed" tok=b215427f139033e1 take=3 src=tts:gpt-audio-1.5 f0=169 onset=0.322 dur=0.620 vowel=0.502-0.742 level=0.050
460	proc	440	bayed	generalization	shiftMags=0	1240.49	1.5	1.5	1.5	30	16000	4	0@0.002	0.394	0.334-0.778	141.277	787.262	130	242	521.196	2294.02	467.244	2424	541.993	2313.64	541.469	3559.07	141.5	229.267	835.475	-6.2084	0.124414	27.5625	-25.836	0							voice sage "bayed" tok=46c89b1a03e872a9 take=3 src=tts:gpt-audio-1.5 f0=161 onset=0.346 dur=1.230 vowel=0.346-0.626 level=0.050
461	proc	441	bud	generalization	shiftMags=0	1243.02	1.5	1.5	1.5	30	16000	4	0@0.002	0.368	0.334-0.718	-278.107	1035.4	-203	391	1144.56	1511	385.572	2670.98	1144.56	1511	385.572	2670.98	167.304	NaN	NaN	-4.40242	0.0897174	24.5	-27.3597	0							voice sage "bud" tok=42d3985182e1991d take=0 src=tts:gpt-audio-1.5 f0=163 onset=0.289 dur=0.750 vowel=0.329-0.689 level=0.050
462	proc	442	bayed	generalization	shiftMags=0	1245.35	1.5	1.5	1.5	30	16000	4	0@0.002	0.432	0.324-0.774	136.797	767.775	126	231	454.458	2258.24	724.214	2945.27	502.759	2354.4	697.556	2192.51	170.361	157.992	-130.497	-5.33484	0.100256	32.125	-26.775	0							voice sage "bayed" tok=1019834daace345e take=0 src=tts:gpt-audio-1.5 f0=158 onset=0.303 dur=0.890 vowel=0.313-0.643 level=0.050
463	proc	443	bid	generalization	shiftMags=0	1248.18	1.5	1.5	1.5	30	16000	4	0@0.002	0.268	0.480-0.748	67.1255	878.522	59	287	542.425	2369.85	455.022	1575.57	542.425	2369.85	455.022	1575.57	163.259	169.079	60.6396	-4.91004	0.0989976	-7.25	-27.8814	0							voice sage "bid" tok=e2d42447a326ea3c take=0 src=tts:gpt-audio-1.5 f0=166 onset=0.338 dur=0.770 vowel=0.468-0.708 level=0.050
464	proc	444	bed	generalization	shiftMags=0	1251.16	1.5	1.5	1.5	30	16000	4	0@0.002	0.292	0.416-0.708	-231.953	939.79	-173	320	747.211	2105.98	463.489	3584.19					174.888	158.866	-166.339	-5.57879	0.0921046	51.9375	-29.8478	0							voice sage "bed" tok=bed8da4c125b832f take=0 src=tts:gpt-audio-1.5 f0=170 onset=0.314 dur=0.880 vowel=0.314-0.784 level=0.050
465	proc	445	bode	generalization	shiftMags=0	1253.95	1.5	1.5	1.5	30	16000	4	0@0.002	0.322	0.350-0.680	32.6504	1148.31	28	524	1193.72	3324.59	444.142	1272.63	1193.72	3324.59	444.142	1272.63	169.283	214.179	407.248	-4.92625	0.0919701	-42.125	-26.6852	0							voice sage "bode" tok=0468ea131241410e take=0 src=tts:gpt-audio-1.5 f0=153 onset=0.307 dur=0.740 vowel=0.347-0.637 level=0.050
