k	mode	itrial	word	cond	shiftInfo	t0	dur	pumped_s	rec_s	rec_limit_s	sr	fb	ost	shift_s	shift_span	shift_F1_Hz	shift_F2_Hz	shift_F1_mel	shift_F2_mel	in_F1	in_F2	out_F1	out_F2	span_in_F1	span_in_F2	span_out_F1	span_out_F2	in_f0	out_f0	pitch_cents	gain_dB	heard_peak	lag_ms	in_rms_dB	noise_zero_runs	noise_zero_at	play_s	play_rms_dB	play_peak	read_s	lost_s	replay_ok	replay_match	gain_voice_dB	input
1	proc	1	bead	baselineTrain	shiftMags=0	6.003	1.5	1.5	1.5	30	16000	3	0@0.002 1@0.510 2@0.560 3@0.590 4@0.718	0		0	0	0	0	310.006	2606.8	306.735	2692					164.904	178.696	139.054	-1.95839	0.146498	8	-27.7619	0							1	0	-1.9897	voice coral "bead" tok=b880f76656e7f8a0 take=0 src=tts:gpt-audio-1.5 f0=183 onset=0.357 dur=0.670 vowel=0.507-0.857 level=0.050
2	proc	2	booed	baselineTrain	shiftMags=0	8.59016	1.5	1.5	1.5	30	16000	3	0@0.002 1@0.486 2@0.536 3@0.626 4@0.728	0		0	0	0	0	429.599	1353.16	432.075	1359.7					154.012	152.916	-12.365	-1.92507	0.102397	8	-28.5415	0							1	0	-1.9897	voice coral "booed" tok=54342660dea87fd6 take=0 src=tts:gpt-audio-1.5 f0=153 onset=0.332 dur=0.610 vowel=0.472-0.752 level=0.050
3	proc	3	bad	baselineTrain	shiftMags=0	11.0688	1.5	1.5	1.5	30	16000	3	0@0.002 1@0.468 2@0.518 3@0.582 4@0.690	0		0	0	0	0	1035.53	1825.69	1035	1826.19					157.786	161.424	39.4649	-1.96687	0.141796	8	-28.3616	0							1	0	-1.9897	voice coral "bad" tok=92833cac5b54f087 take=0 src=tts:gpt-audio-1.5 f0=153 onset=0.325 dur=0.610 vowel=0.345-0.805 level=0.050
4	proc	4	bod	baselineTrain	shiftMags=0	13.6183	1.5	1.5	1.5	30	16000	3	0@0.002 1@0.314 2@0.364 3@0.428 4@0.522	0		0	0	0	0	1032.71	1318.16	1055.22	3076.6					188.53	185.15	-31.3202	-1.98389	0.130369	8	-26.9638	0							1	0	-1.9897	voice coral "bod" tok=5cee818e96e1f17d take=0 src=tts:gpt-audio-1.5 f0=161 onset=0.323 dur=0.490 vowel=0.323-0.553 level=0.050
5	proc	5	booed	baselineTrain	shiftMags=0	16.4556	1.5	1.5	1.5	30	16000	3	0@0.002 1@0.476 2@0.526 3@0.622 4@0.764	0		0	0	0	0	376.944	1386.28	376.645	1389.46					148.857	154.456	63.9254	-1.94975	0.0982641	8	-28.2951	0							1	0	-1.9897	voice coral "booed" tok=26f0c31b04f93a6f take=1 src=tts:gpt-audio-1.5 f0=156 onset=0.323 dur=0.750 vowel=0.333-0.863 level=0.050
6	proc	6	bod	baselineTrain	shiftMags=0	19.2182	1.5	1.5	1.5	30	16000	3	0@0.002 1@0.356 2@0.406 3@0.462 4@0.572	0		0	0	0	0	844.774	1124.26	836.261	1108.02					142.871	144.113	14.9896	-1.98276	0.125487	8	-27.7295	0							1	0	-1.9897	voice coral "bod" tok=9857feb367b9f5c6 take=1 src=tts:gpt-audio-1.5 f0=146 onset=0.316 dur=0.500 vowel=0.336-0.746 level=0.050
7	proc	7	bead	baselineTrain	shiftMags=0	21.8374	1.5	1.5	1.5	30	16000	3	0@0.002 1@0.408 2@0.458 3@0.538 4@0.678	0		0	0	0	0	307.889	2679.5	294.666	2692.86					160.04	152.87	-79.3532	-2.04049	0.118592	8	-27.0767	0							1	0	-1.9897	voice coral "bead" tok=aacd0148370d36d7 take=1 src=tts:gpt-audio-1.5 f0=154 onset=0.357 dur=0.770 vowel=0.387-0.837 level=0.050
8	proc	8	bad	baselineTrain	shiftMags=0	24.5732	1.5	1.5	1.5	30	16000	3	0@0.002 1@0.386 2@0.436 3@0.526 4@0.660	0		0	0	0	0	987.816	1870.97	987.734	1869.52					142.961	144.246	15.4923	-1.95373	0.13376	8	-28.0836	0							1	0	-1.9897	voice coral "bad" tok=efc2fba079c6955e take=1 src=tts:gpt-audio-1.5 f0=144 onset=0.332 dur=0.610 vowel=0.382-0.872 level=0.050
9	proc	9	booed	baselineTrain	shiftMags=0	27.1063	1.5	1.5	1.5	30	16000	3	0@0.002 1@0.420 2@0.470 3@0.564 4@0.676	0		0	0	0	0	402.849	1405.16	401.087	1409.92					168.158	179.585	113.824	-1.96228	0.114323	8	-28.0013	0							1	0	-1.9897	voice coral "booed" tok=49b1a3e19c2ba4e4 take=2 src=tts:gpt-audio-1.5 f0=169 onset=0.296 dur=0.630 vowel=0.396-0.856 level=0.050
10	proc	10	bad	baselineTrain	shiftMags=0	29.5093	1.5	1.5	1.5	30	16000	3	0@0.002 1@0.390 2@0.440 3@0.512 4@0.582	0		0	0	0	0	1051.73	1834.52	1052.83	1837.85					165.927	171.375	55.9283	-1.90059	0.143757	8	-27.27	0							1	0	-1.9897	voice coral "bad" tok=d5dabb9c15c94236 take=2 src=tts:gpt-audio-1.5 f0=152 onset=0.345 dur=0.420 vowel=0.375-0.655 level=0.050
11	proc	11	bod	baselineTrain	shiftMags=0	31.7622	1.5	1.5	1.5	30	16000	3	0@0.002 1@0.314 2@0.364 3@0.396 4@0.544	0		0	0	0	0	842.161	1071.2	841.393	1071.66					154.249	164.109	107.276	-1.97678	0.197931	8	-26.4402	0							1	0	-1.9897	voice coral "bod" tok=cf96acac8564611c take=2 src=tts:gpt-audio-1.5 f0=150 onset=0.313 dur=0.440 vowel=0.313-0.553 level=0.050
12	proc	12	bead	baselineTrain	shiftMags=0	34.2204	1.5	1.5	1.5	30	16000	3	0@0.002 1@0.350 0@0.380 1@0.432 2@0.482 3@0.520 4@0.624	0		0	0	0	0	270.67	2619.98	264.593	2620.57					162.911	162.09	-8.74618	-1.90398	0.132792	8	-27.998	0							1	0	-1.9897	voice coral "bead" tok=691b7f4ced7e64e8 take=2 src=tts:gpt-audio-1.5 f0=158 onset=0.310 dur=0.740 vowel=0.310-0.780 level=0.050
13	proc	13	booed	baselineTrain	shiftMags=0	36.919	1.5	1.5	1.5	30	16000	3	0@0.002 1@0.368 2@0.418 3@0.542 4@0.648	0		0	0	0	0	312.032	1187.83	312.363	1193.48					262.095	254.376	-51.7486	-1.90192	0.0952415	8	-27.194	0							1	0	-1.9897	voice coral "booed" tok=3d7d5fdd15ca299a take=3 src=tts:gpt-audio-1.5 f0=234 onset=0.361 dur=0.560 vowel=0.361-0.771 level=0.050
14	proc	14	bod	baselineTrain	shiftMags=0	39.8303	1.5	1.5	1.5	30	16000	3	0@0.002 1@0.432 2@0.482 3@0.566 4@0.666	0		0	0	0	0	928.354	1141.7	924.804	1136.36					165.278	162.089	-33.7204	-1.93178	0.122681	8	-27.404	0							1	0	-1.9897	voice coral "bod" tok=4e3fd7abcf421d5c take=3 src=tts:gpt-audio-1.5 f0=164 onset=0.326 dur=0.530 vowel=0.406-0.716 level=0.050
15	proc	15	bad	baselineTrain	shiftMags=0	42.7023	1.5	1.5	1.5	30	16000	3	0@0.002 1@0.340 2@0.390 3@0.484 4@0.582	0		0	0	0	0	1047.6	1856.76	1051.79	1856.57					175.326	179.961	45.1735	-1.89744	0.158518	8	-27.2458	0							1	0	-1.9897	voice coral "bad" tok=d4abfcb45ff2fc28 take=3 src=tts:gpt-audio-1.5 f0=171 onset=0.294 dur=0.450 vowel=0.324-0.624 level=0.050
16	proc	16	bead	baselineTrain	shiftMags=0	45.3355	1.5	1.5	1.5	30	16000	3	0@0.002 1@0.480 2@0.530 3@0.574 4@0.680	0		0	0	0	0	355.782	2668.96	349.718	2687.44					169.529	167.898	-16.7433	-1.77733	0.13888	8	-28.7254	0							1	0	-1.9897	voice coral "bead" tok=dcd7b2d2ef8bb826 take=3 src=tts:gpt-audio-1.5 f0=167 onset=0.318 dur=0.570 vowel=0.468-0.768 level=0.050
17	proc	17	booed	baselineTrain	shiftMags=0	48.3258	1.5	1.5	1.5	30	16000	3	0@0.002 1@0.484 2@0.534 3@0.626 4@0.726	0		0	0	0	0	434.045	1338.67	427.482	1339.31					154.977	157.507	28.0353	-1.79079	0.109095	8	-28.5419	0							1	0	-1.9897	voice coral "booed" tok=54342660dea87fd6 take=0 src=tts:gpt-audio-1.5 f0=153 onset=0.328 dur=0.610 vowel=0.468-0.748 level=0.050
18	proc	18	bead	baselineTrain	shiftMags=0	50.922	1.5	1.5	1.5	30	16000	3	0@0.002 1@0.472 2@0.522 3@0.552 4@0.680	0		0	0	0	0	309.83	2611.28	303.606	2654.89					156.358	187.504	314.48	-1.90647	0.14006	8	-27.7623	0							1	0	-1.9897	voice coral "bead" tok=b880f76656e7f8a0 take=0 src=tts:gpt-audio-1.5 f0=183 onset=0.320 dur=0.670 vowel=0.470-0.820 level=0.050
19	proc	19	bod	baselineTrain	shiftMags=0	53.7979	1.5	1.5	1.5	30	16000	3	0@0.002 1@0.280 2@0.330 3@0.392 4@0.488	0		0	0	0	0	1035.95	1309.27	1029.12	1395.67					181.89	175.426	-62.6506	-1.92319	0.141058	8	-26.9639	0							1	0	-1.9897	voice coral "bod" tok=5cee818e96e1f17d take=0 src=tts:gpt-audio-1.5 f0=161 onset=0.288 dur=0.490 vowel=0.288-0.518 level=0.050
20	proc	20	bad	baselineTrain	shiftMags=0	56.3547	1.5	1.5	1.5	30	16000	3	0@0.002 1@0.434 2@0.484 3@0.544 4@0.656	0		0	0	0	0	1035.51	1825.85	1034.44	1826.56					154.365	158.273	43.2836	-1.94822	0.13935	8	-28.3622	1	1.485+15.4ms						1	0	-1.9897	voice coral "bad" tok=92833cac5b54f087 take=0 src=tts:gpt-audio-1.5 f0=153 onset=0.290 dur=0.610 vowel=0.310-0.770 level=0.050
21	proc	1	bid	baselineGeneralize	shiftMags=0	66.1661	1.5	1.5	1.5	30	16000	4	0@0.002	0.224	0.370-0.594	146.145	761.569	136	251	430.809	2253.84	737.097	1365.17	470.16	2318.75	822.697	1760.3	146.695	NaN	NaN	-5.06349	0.0765921	30.0625	-27.3707	0							0	0.000119942		voice coral "bid" tok=a0a01e54b46a0dcb take=0 src=tts:gpt-audio-1.5 f0=159 onset=0.333 dur=0.380 vowel=0.343-0.543 level=0.050
22	proc	2	bud	baselineGeneralize	shiftMags=0	68.4554	1.5	1.5	1.5	30	16000	4	0@0.002	0.246	0.370-0.616	-174.188	1011.57	-134	430	909.046	1402.62	523.832	1453.83	909.046	1402.62	523.832	1453.83	162.823	233.161	621.627	-6.70917	0.080071	14.125	-28.4815	0							0	0.000120475		voice coral "bud" tok=74a8e3a559507095 take=0 src=tts:gpt-audio-1.5 f0=161 onset=0.292 dur=0.420 vowel=0.352-0.652 level=0.050
23	proc	3	bayed	baselineGeneralize	shiftMags=0	70.9805	1.5	1.5	1.5	30	16000	4	0@0.002	0.398	0.336-0.762	162.774	688	153	215	462.787	2164.22	482.394	3503.21	508.756	2268.71	971.382	2418.14	144.559	185.438	431.139	-4.98639	0.0979317	33.4375	-28.0585	0							0	0.000121602		voice coral "bayed" tok=9c259a126d099ce3 take=0 src=tts:gpt-audio-1.5 f0=143 onset=0.324 dur=0.480 vowel=0.324-0.734 level=0.050
24	proc	4	bode	baselineGeneralize	shiftMags=0	73.6499	1.5	1.5	1.5	30	16000	4	0@0.002	0.376	0.484-0.926	110.181	1076.81	100	518	691.064	1244.13	481.306	1122.87	691.064	1244.13	481.306	1122.87	152.802	NaN	NaN	-4.06695	0.113194	-21.75	-28.8546	0							0	0.000121833		voice coral "bode" tok=4ffddc7b362d5d41 take=0 src=tts:gpt-audio-1.5 f0=152 onset=0.357 dur=0.620 vowel=0.477-0.917 level=0.050
25	proc	5	bed	baselineGeneralize	shiftMags=0	76.0015	1.5	1.5	1.5	30	16000	4	0@0.002	0.286	0.348-0.634	-140.28	854.049	-110	303	838.756	2032.28	434.345	1371.8	838.756	2032.28	434.345	1371.8	152.531	NaN	NaN	-4.64716	0.100841	25.3125	-27.3068	0							0	0.000119412		voice coral "bed" tok=e0d1e91497ae244c take=0 src=tts:gpt-audio-1.5 f0=163 onset=0.304 dur=0.450 vowel=0.334-0.594 level=0.050
26	proc	6	bed	baselineGeneralize	shiftMags=0	78.3027	1.5	1.5	1.5	30	16000	4	0@0.002	0.332	0.420-0.752	-129.607	833.361	-102	292	490.551	2021.11	394.518	1559.34	534.132	2074.66	406.868	2059.98	165.883	183.384	173.638	-5.22954	0.0817147	53.5625	-27.8372	0							0	0.000120354		voice coral "bed" tok=ba7c97e56254af27 take=1 src=tts:gpt-audio-1.5 f0=157 onset=0.282 dur=0.750 vowel=0.412-0.702 level=0.050
27	proc	7	bode	baselineGeneralize	shiftMags=0	80.7919	1.5	1.5	1.5	30	16000	4	0@0.002	0.402	0.272-0.744	66.8316	1085.67	59	535	706.777	1313.82	375.802	5187.19					168.734	223.201	484.306	-4.62135	0.124199	39.3125	-26.9469	0							0	0.000121209		voice coral "bode" tok=3ac444e340130bec take=1 src=tts:gpt-audio-1.5 f0=146 onset=0.287 dur=0.830 vowel=0.287-0.727 level=0.050
28	proc	8	bud	baselineGeneralize	shiftMags=0	83.598	1.5	1.5	1.5	30	16000	4	0@0.002	0.306	0.414-0.720	-219.639	1018.21	-165	441	929.311	1361.05	1845.73	3252.75	929.311	1361.05	1845.73	3252.75	166.558	NaN	NaN	-3.99304	0.0967418	-9.625	-28.2472	0							0	0.000121957		voice coral "bud" tok=48aeee91606c7db5 take=1 src=tts:gpt-audio-1.5 f0=163 onset=0.322 dur=0.520 vowel=0.412-0.682 level=0.050
29	proc	9	bayed	baselineGeneralize	shiftMags=0	86.2734	1.5	1.5	1.5	30	16000	4	0@0.002	0.388	0.382-0.770	146.273	674.515	136	209	539.462	1964.97	359.074	1108.01	563.45	1991.07	396.969	1155.3	146.576	NaN	NaN	-5.60989	0.0981897	40.9375	-27.6858	0							0	0.000121791		voice coral "bayed" tok=2b0e4d1c32ef874c take=1 src=tts:gpt-audio-1.5 f0=147 onset=0.339 dur=0.570 vowel=0.379-0.699 level=0.050
30	proc	10	bid	baselineGeneralize	shiftMags=0	89.271	1.5	1.5	1.5	30	16000	4	0@0.002	0.348	0.412-0.834	144.35	788.275	134	265	424.35	2340.13	406.231	1273.14	424.35	2340.13	406.231	1273.14	148.476	NaN	NaN	-4.83917	0.0869363	25.6875	-28.0369	0							0	0.000121677		voice coral "bid" tok=c807c9c26b4e8e3f take=1 src=tts:gpt-audio-1.5 f0=145 onset=0.371 dur=0.710 vowel=0.401-0.811 level=0.050
31	proc	11	bud	baselineGeneralize	shiftMags=0	91.9748	1.5	1.5	1.5	30	16000	4	0@0.002	0.318	0.472-0.852	-77.9623	933.037	-63	358	687.23	1167.8	493.91	1456.14	687.23	1167.8	493.91	1456.14	187.418	196.638	83.1417	-4.68294	0.077074	56.625	-28.465	0							0	0.000121469		voice coral "bud" tok=a3b6e1ac288ba022 take=2 src=tts:gpt-audio-1.5 f0=186 onset=0.348 dur=0.510 vowel=0.428-0.818 level=0.050
32	proc	12	bed	baselineGeneralize	shiftMags=0	94.8926	1.5	1.5	1.5	30	16000	4	0@0.002	0.258	0.318-0.576	-114.821	835.652	-91	292	847.898	2112.39	400.295	1319.32	847.898	2112.39	400.295	1319.32	193.116	NaN	NaN	-5.18339	0.111056	-57.1875	-27.4563	0							0	0.000121333		voice coral "bed" tok=0d0fa3b4ffcb1bd8 take=2 src=tts:gpt-audio-1.5 f0=161 onset=0.315 dur=0.370 vowel=0.315-0.515 level=0.050
33	proc	13	bid	baselineGeneralize	shiftMags=0	97.5723	1.5	1.5	1.5	30	16000	4	0@0.002	0.23	0.514-0.744	96.6685	777.152	87	259	443.334	2333.61	582.471	1399.41	463.078	2342.18	643.763	1798.41	175.351	NaN	NaN	-5.29565	0.0888764	21.25	-27.373	0							0	0.000120825		voice coral "bid" tok=c3faba38922c21b9 take=2 src=tts:gpt-audio-1.5 f0=174 onset=0.371 dur=0.460 vowel=0.501-0.701 level=0.050
34	proc	14	bode	baselineGeneralize	shiftMags=0	100.183	1.5	1.5	1.5	30	16000	4	0@0.002	0.246	0.396-0.642	71.2068	1090.05	63	546	654.537	1266.08	439.633	3652.13	659.848	1266.35	432.171	3575.91	161.403	141.506	-227.758	-5.51679	0.0882111	37.125	-27.6506	0							0	0.000118866		voice coral "bode" tok=bc610afe9b673ee1 take=2 src=tts:gpt-audio-1.5 f0=163 onset=0.359 dur=0.420 vowel=0.379-0.589 level=0.050
35	proc	15	bayed	baselineGeneralize	shiftMags=0	102.745	1.5	1.5	1.5	30	16000	4	0@0.002	0.428	0.388-0.816	191.941	703.466	185	223	576.723	2234.32	339.542	986.785	576.723	2234.32	339.542	986.785	194.992	NaN	NaN	-4.23085	0.106923	5.3125	-26.7389	0							0	307.248		voice coral "bayed" tok=ec06957c046c9698 take=2 src=tts:gpt-audio-1.5 f0=194 onset=0.353 dur=0.480 vowel=0.373-0.783 level=0.050
36	proc	16	bode	baselineGeneralize	shiftMags=0	105.048	1.5	1.5	1.5	30	16000	4	0@0.002	0.292	0.476-0.768	73.4225	1085.89	65	540	698.776	1232.65	469.606	1213.78	698.776	1232.65	469.606	1213.78	185.76	NaN	NaN	-4.92004	0.111481	-11	-27.1661	0							0	0.000121115		voice coral "bode" tok=d4b58744d23022eb take=3 src=tts:gpt-audio-1.5 f0=186 onset=0.322 dur=0.550 vowel=0.462-0.712 level=0.050
37	proc	17	bayed	baselineGeneralize	shiftMags=0	107.345	1.5	1.5	1.5	30	16000	4	0@0.002	0.338	0.412-0.750	116.291	685.748	106	215	NaN	NaN	NaN	NaN					174.61	186.508	114.12	-3.89298	0.105001	-17.25	-27.3975	0							0	0.000121944		voice coral "bayed" tok=062743a1207015a2 take=3 src=tts:gpt-audio-1.5 f0=175 onset=0.288 dur=0.580 vowel=0.398-0.668 level=0.050
38	proc	18	bud	baselineGeneralize	shiftMags=0	110.089	1.5	1.5	1.5	30	16000	4	0@0.002	0.234	0.370-0.604	-129.682	1034.13	-102	458	847.939	1460.68	384.135	1432.51	847.939	1460.68	384.135	1432.51	163.557	NaN	NaN	-5.27834	0.100875	-29.3125	-27.1643	0							0	0.000121368		voice coral "bud" tok=64967d272b0be504 take=3 src=tts:gpt-audio-1.5 f0=180 onset=0.290 dur=0.430 vowel=0.360-0.550 level=0.050
39	proc	19	bed	baselineGeneralize	shiftMags=0	112.984	1.5	1.5	1.5	30	16000	4	0@0.002	0.248	0.486-0.734	-101.256	854.307	-81	303	788.512	2046.04	451.186	1357.37	788.512	2046.04	451.186	1357.37	166.656	141.325	-285.431	-4.82756	0.100441	14	-28.3805	0							0	0.000121565		voice coral "bed" tok=6355d849cdf5214d take=3 src=tts:gpt-audio-1.5 f0=178 onset=0.346 dur=0.540 vowel=0.476-0.676 level=0.050
40	proc	20	bid	baselineGeneralize	shiftMags=0	115.248	1.5	1.5	1.5	30	16000	4	0@0.002	0.244	0.480-0.724	92.6862	797.458	83	270	442.977	2178.43	443.684	3586.29	442.977	2178.43	443.684	3586.29	172.052	174.54	24.8545	-4.73018	0.0833614	41	-27.4934	0							0	0.00012105		voice coral "bid" tok=e9c1f489cd180417 take=3 src=tts:gpt-audio-1.5 f0=174 onset=0.307 dur=0.540 vowel=0.477-0.677 level=0.050
41	proc	21	bid	baselineGeneralize	shiftMags=0	117.633	1.5	1.5	1.5	30	16000	4	0@0.002	0.224	0.362-0.586	146.146	766.188	136	254	465.6	2319.15	451.032	1312.9	504.419	2384.53	367.083	1294.37	151.96	NaN	NaN	-5.28903	0.0788548	38	-27.3726	0							0	0.000121063		voice coral "bid" tok=a0a01e54b46a0dcb take=0 src=tts:gpt-audio-1.5 f0=159 onset=0.325 dur=0.380 vowel=0.335-0.535 level=0.050
42	proc	22	bode	baselineGeneralize	shiftMags=0	120.129	1.5	1.5	1.5	30	16000	4	0@0.002	0.382	0.434-0.880	116.237	1076.7	106	518	646.906	1195.99	524.763	2151.41	646.906	1195.99	524.763	2151.41	152.603	234.089	740.729	-5.61835	0.0934376	41.75	-28.8543	0							0	0.000121742		voice coral "bode" tok=4ffddc7b362d5d41 take=0 src=tts:gpt-audio-1.5 f0=152 onset=0.307 dur=0.620 vowel=0.427-0.867 level=0.050
43	proc	23	bud	baselineGeneralize	shiftMags=0	122.613	1.5	1.5	1.5	30	16000	4	0@0.002	0.246	0.444-0.690	-174.217	1011.3	-134	430	904.738	1343.39	435.97	1206.31	904.738	1343.39	435.97	1206.31	163.398	182.511	191.507	-5.38899	0.0773622	32.625	-28.4803	0							0	0.00012138		voice coral "bud" tok=74a8e3a559507095 take=0 src=tts:gpt-audio-1.5 f0=161 onset=0.366 dur=0.420 vowel=0.426-0.726 level=0.050
44	proc	24	bayed	baselineGeneralize	shiftMags=0	125.489	1.5	1.5	1.5	30	16000	4	0@0.002	0.398	0.364-0.790	162.731	695.657	153	220	521.525	2309.99	423.611	2394.76	521.525	2309.99	423.611	2394.76	144.43	154.424	115.831	-4.972	0.0906568	36.3125	-28.0564	0							0	0.000121119		voice coral "bayed" tok=9c259a126d099ce3 take=0 src=tts:gpt-audio-1.5 f0=143 onset=0.352 dur=0.480 vowel=0.352-0.762 level=0.050
45	proc	25	bed	baselineGeneralize	shiftMags=0	127.928	1.5	1.5	1.5	30	16000	4	0@0.002	0.286	0.412-0.698	-140.266	854.2	-110	303	833.079	2028.91	443.21	1361.7	833.079	2028.91	443.21	1361.7	155.667	NaN	NaN	-4.58126	0.0979927	16	-27.3072	0							0	0.0001194		voice coral "bed" tok=e0d1e91497ae244c take=0 src=tts:gpt-audio-1.5 f0=163 onset=0.368 dur=0.450 vowel=0.398-0.658 level=0.050
46	proc	26	bed	baselineGeneralize	shiftMags=0	130.408	1.5	1.5	1.5	30	16000	4	0@0.002	0.334	0.458-0.792	-129.415	834.754	-102	292	539.788	2081.73	419.996	2046.78	539.788	2081.73	419.996	2046.78	167.133	NaN	NaN	-4.5933	0.0836532	14.375	-27.8373	0							0	0.000120463		voice coral "bed" tok=ba7c97e56254af27 take=1 src=tts:gpt-audio-1.5 f0=157 onset=0.322 dur=0.750 vowel=0.452-0.742 level=0.050
47	proc	27	bayed	baselineGeneralize	shiftMags=0	133.024	1.5	1.5	1.5	30	16000	4	0@0.002	0.386	0.336-0.722	147.972	672.302	138	209	555.175	1977.7	294.378	1156.64					147.524	225.276	732.89	-4.91013	0.0876392	29.5625	-27.6857	0							0	0.000121326		voice coral "bayed" tok=2b0e4d1c32ef874c take=1 src=tts:gpt-audio-1.5 f0=147 onset=0.292 dur=0.570 vowel=0.332-0.652 level=0.050
48	proc	28	bid	baselineGeneralize	shiftMags=0	135.987	1.5	1.5	1.5	30	16000	4	0@0.002	0.35	0.350-0.772	144.481	789.72	134	265	405.91	2303.69	659.817	2340.29	409.351	2309.29	810.76	2446.68	148.125	169.079	229.059	-4.17089	0.108861	54.875	-28.0382	0							0	0.000122037		voice coral "bid" tok=c807c9c26b4e8e3f take=1 src=tts:gpt-audio-1.5 f0=145 onset=0.309 dur=0.710 vowel=0.339-0.749 level=0.050
49	proc	29	bode	baselineGeneralize	shiftMags=0	138.458	1.5	1.5	1.5	30	16000	4	0@0.002	0.402	0.360-0.832	66.9161	1086.6	59	535	619.993	1267.13	468.027	1281.24	619.993	1267.13	468.027	1281.24	161.768	NaN	NaN	-4.92626	0.113901	3.5625	-26.947	0							0	0.000120363		voice coral "bode" tok=3ac444e340130bec take=1 src=tts:gpt-audio-1.5 f0=146 onset=0.375 dur=0.830 vowel=0.375-0.815 level=0.050
50	proc	30	bud	baselineGeneralize	shiftMags=0	141.183	1.5	1.5	1.5	30	16000	4	0@0.002	0.306	0.402-0.708	-219.391	1018.04	-165	441	876.394	1334.36	398.193	1242.71	876.394	1334.36	398.193	1242.71	165.595	190.237	240.173	-4.79006	0.0900786	44.0625	-28.2475	0							0	0.000121598		voice coral "bud" tok=48aeee91606c7db5 take=1 src=tts:gpt-audio-1.5 f0=163 onset=0.309 dur=0.520 vowel=0.399-0.669 level=0.050
51	proc	31	bayed	baselineGeneralize	shiftMags=0	144.47	1.5	1.5	1.5	30	16000	4	0@0.002	0.428	0.324-0.752	191.997	687.274	185	215	559.279	2303.41	536.595	3380.22	559.279	2303.41	536.595	3380.22	195.752	198.037	20.0958	-5.41156	0.0860859	34.5	-26.7391	0							0	310.222		voice coral "bayed" tok=ec06957c046c9698 take=2 src=tts:gpt-audio-1.5 f0=194 onset=0.289 dur=0.480 vowel=0.309-0.719 level=0.050
52	proc	32	bid	baselineGeneralize	shiftMags=0	147.043	1.5	1.5	1.5	30	16000	4	0@0.002	0.23	0.512-0.742	88.3893	776.186	79	259	486.966	2326.31	493.968	1998.93	508.395	2329.33	493.968	1998.93	175.39	236.478	517.364	-5.92706	0.0741031	32.4375	-27.3727	0							0	0.000122053		voice coral "bid" tok=c3faba38922c21b9 take=2 src=tts:gpt-audio-1.5 f0=174 onset=0.369 dur=0.460 vowel=0.499-0.699 level=0.050
53	proc	33	bed	baselineGeneralize	shiftMags=0	149.988	1.5	1.5	1.5	30	16000	4	0@0.002	0.258	0.350-0.608	-118.689	836.11	-94	292	532.326	1990.86	422.814	2342.41	604.815	2026.52	494.182	1320.01	187.441	NaN	NaN	-5.0228	0.118401	30.8125	-27.4563	0							0	0.000121748		voice coral "bed" tok=0d0fa3b4ffcb1bd8 take=2 src=tts:gpt-audio-1.5 f0=161 onset=0.348 dur=0.370 vowel=0.348-0.548 level=0.050
54	proc	34	bode	baselineGeneralize	shiftMags=0	152.402	1.5	1.5	1.5	30	16000	4	0@0.002	0.246	0.332-0.578	66.7399	1090.04	59	540	650.27	1216.79	475.957	1361.44	650.838	1229.23	473.772	1323.82	168.569	139.905	-322.675	-5.07035	0.0733252	24.5	-27.6492	0							0	0.000120659		voice coral "bode" tok=bc610afe9b673ee1 take=2 src=tts:gpt-audio-1.5 f0=163 onset=0.296 dur=0.420 vowel=0.316-0.526 level=0.050
55	proc	35	bud	baselineGeneralize	shiftMags=0	154.919	1.5	1.5	1.5	30	16000	4	0@0.002	0.32	0.416-0.796	-85.6761	930.536	-69	355.5	NaN	NaN	NaN	NaN					187.338	166.137	-207.931	-4.01862	0.0995543	24.4375	-28.4656	0							0	0.000120957		voice coral "bud" tok=a3b6e1ac288ba022 take=2 src=tts:gpt-audio-1.5 f0=186 onset=0.293 dur=0.510 vowel=0.373-0.763 level=0.050
56	proc	36	bid	baselineGeneralize	shiftMags=0	157.659	1.5	1.5	1.5	30	16000	4	0@0.002	0.244	0.462-0.706	92.6536	798.164	83	270	407.617	2095.71	501.533	3778.35	438.253	2137.85	494.114	3760.73	173.975	NaN	NaN	-5.7713	0.0933714	55.25	-27.4937	0							0	0.000121921		voice coral "bid" tok=e9c1f489cd180417 take=3 src=tts:gpt-audio-1.5 f0=174 onset=0.290 dur=0.540 vowel=0.460-0.660 level=0.050
57	proc	37	bud	baselineGeneralize	shiftMags=0	160.334	1.5	1.5	1.5	30	16000	4	0@0.002	0.234	0.434-0.668	-129.711	1031.7	-102	458	811.283	1256.48	765.837	2168.43	811.283	1256.48	765.837	2168.43	164.692	NaN	NaN	-3.15629	0.111865	16.875	-27.1642	0							0	0.000121474		voice coral "bud" tok=64967d272b0be504 take=3 src=tts:gpt-audio-1.5 f0=180 onset=0.355 dur=0.430 vowel=0.425-0.615 level=0.050
58	proc	38	bode	baselineGeneralize	shiftMags=0	163.016	1.5	1.5	1.5	30	16000	4	0@0.002	0.292	0.466-0.758	73.4361	1086.31	65	540	670.027	1187.45	956.786	2953.03	716.639	1222.69	1770.76	3524.72	185.715	NaN	NaN	-5.11843	0.0884694	59	-27.1652	0							0	0.000121968		voice coral "bode" tok=d4b58744d23022eb take=3 src=tts:gpt-audio-1.5 f0=186 onset=0.312 dur=0.550 vowel=0.452-0.702 level=0.050
59	proc	39	bayed	baselineGeneralize	shiftMags=0	165.722	1.5	1.5	1.5	30	16000	4	0@0.002	0.338	0.408-0.746	116.324	685.525	106	215	602.835	2370.17	424.992	3373.96	602.835	2370.17	424.992	3373.96	172.935	146.447	-287.831	-5.85214	0.089659	-57.1875	-27.3926	0							0	0.000122049		voice coral "bayed" tok=062743a1207015a2 take=3 src=tts:gpt-audio-1.5 f0=175 onset=0.284 dur=0.580 vowel=0.394-0.664 level=0.050
60	proc	40	bed	baselineGeneralize	shiftMags=0	168.479	1.5	1.5	1.5	30	16000	4	0@0.002	0.246	0.448-0.694	-103.785	854.621	-83	303	667.933	2039.95	484.431	3369.53	667.933	2039.95	484.431	3369.53	166.818	144.817	-244.863	-3.87449	0.110796	35	-28.3794	0							0	0.000121982		voice coral "bed" tok=6355d849cdf5214d take=3 src=tts:gpt-audio-1.5 f0=178 onset=0.307 dur=0.540 vowel=0.437-0.637 level=0.050
61	proc	41	bud	baselineGeneralize	shiftMags=0	170.971	1.5	1.5	1.5	30	16000	4	0@0.002	0.246	0.406-0.652	-174.161	1011.15	-134	430	907.416	1368.4	468.924	1832	907.416	1368.4	468.924	1832	163.494	NaN	NaN	-4.06856	0.0902365	23.5	-28.4808	0							0	0.000120873		voice coral "bud" tok=74a8e3a559507095 take=0 src=tts:gpt-audio-1.5 f0=161 onset=0.328 dur=0.420 vowel=0.388-0.688 level=0.050
62	proc	42	bid	baselineGeneralize	shiftMags=0	173.484	1.5	1.5	1.5	30	16000	4	0@0.002	0.222	0.334-0.556	144.034	766.262	134	254	460.748	2339.53	550.31	1487.32	464.315	2349.33	550.31	1487.32	147.296	189.988	440.633	-7.9691	0.0766521	40.125	-27.3727	0							0	0.000121511		voice coral "bid" tok=a0a01e54b46a0dcb take=0 src=tts:gpt-audio-1.5 f0=159 onset=0.295 dur=0.380 vowel=0.305-0.505 level=0.050
63	proc	43	bed	baselineGeneralize	shiftMags=0	176.032	1.5	1.5	1.5	30	16000	4	0@0.002	0.286	0.346-0.632	-135.29	854.08	-106	303	820.842	2034.63	476.949	3536.78	842.356	2035.12	488.469	3536.97	152.175	NaN	NaN	-4.84388	0.0885354	18.5	-27.3077	0							0	0.000121453		voice coral "bed" tok=e0d1e91497ae244c take=0 src=tts:gpt-audio-1.5 f0=163 onset=0.303 dur=0.450 vowel=0.333-0.593 level=0.050
64	proc	44	bode	baselineGeneralize	shiftMags=0	178.674	1.5	1.5	1.5	30	16000	4	0@0.002	0.384	0.434-0.880	114.375	1076.2	104	518	692.602	1253.98	409.257	1092.18	692.602	1253.98	409.257	1092.18	152.577	193.668	412.857	-4.25447	0.107643	27.5625	-28.854	0							0	0.000121497		voice coral "bode" tok=4ffddc7b362d5d41 take=0 src=tts:gpt-audio-1.5 f0=152 onset=0.307 dur=0.620 vowel=0.427-0.867 level=0.050
65	proc	45	bayed	baselineGeneralize	shiftMags=0	181.349	1.5	1.5	1.5	30	16000	4	0@0.002	0.4	0.372-0.800	162.73	698.148	153	220	529.789	2284.86	427.994	2263.24	529.789	2284.86	427.994	2263.24	145.159	NaN	NaN	-4.34728	0.112445	10.4375	-28.0579	0							0	0.000121534		voice coral "bayed" tok=9c259a126d099ce3 take=0 src=tts:gpt-audio-1.5 f0=143 onset=0.360 dur=0.480 vowel=0.360-0.770 level=0.050
66	proc	46	bode	baselineGeneralize	shiftMags=0	184.255	1.5	1.5	1.5	30	16000	4	0@0.002	0.402	0.350-0.822	66.947	1086.47	59	535	687.68	1277.72	390.518	3518.69	660.969	1255.56	568.139	3556.23	157.905	NaN	NaN	-4.82987	0.107875	37.5625	-26.9475	0							0	0.000119853		voice coral "bode" tok=3ac444e340130bec take=1 src=tts:gpt-audio-1.5 f0=146 onset=0.365 dur=0.830 vowel=0.365-0.805 level=0.050
67	proc	47	bud	baselineGeneralize	shiftMags=0	186.802	1.5	1.5	1.5	30	16000	4	0@0.002	0.306	0.374-0.680	-219.572	1017.76	-165	441	857.959	1316.87	417.198	1136.9	857.959	1316.87	417.198	1136.9	166.631	NaN	NaN	-4.6508	0.0791562	45.625	-28.2466	0							0	0.000121888		voice coral "bud" tok=48aeee91606c7db5 take=1 src=tts:gpt-audio-1.5 f0=163 onset=0.281 dur=0.520 vowel=0.371-0.641 level=0.050
68	proc	48	bid	baselineGeneralize	shiftMags=0	189.388	1.5	1.5	1.5	30	16000	4	0@0.002	0.35	0.362-0.786	144.512	790.105	134	265	408.545	2267.5	607.861	3283.87	405.072	2287.07	502.735	3347.08	153.651	NaN	NaN	-4.3597	0.112015	57	-28.0375	0							0	0.000121332		voice coral "bid" tok=c807c9c26b4e8e3f take=1 src=tts:gpt-audio-1.5 f0=145 onset=0.323 dur=0.710 vowel=0.353-0.763 level=0.050
69	proc	49	bayed	baselineGeneralize	shiftMags=0	192.263	1.5	1.5	1.5	30	16000	4	0@0.002	0.386	0.414-0.800	147.898	673.674	138	209	570.628	2150.17	455.308	1250.52	570.628	2150.17	455.308	1250.52	147.256	NaN	NaN	-5.44641	0.091471	9.75	-27.6856	0							0	0.000122058		voice coral "bayed" tok=2b0e4d1c32ef874c take=1 src=tts:gpt-audio-1.5 f0=147 onset=0.371 dur=0.570 vowel=0.411-0.731 level=0.050
70	proc	50	bed	baselineGeneralize	shiftMags=0	195.241	1.5	1.5	1.5	30	16000	4	0@0.002	0.334	0.448-0.782	-129.355	834.906	-102	292	561.169	2106.22	392.833	1250.64	653.369	2134.66	392.833	1679.98	167.171	192.608	245.219	-5.26071	0.0877764	37.5625	-27.836	0							0	0.000122061		voice coral "bed" tok=ba7c97e56254af27 take=1 src=tts:gpt-audio-1.5 f0=157 onset=0.311 dur=0.750 vowel=0.441-0.731 level=0.050
71	proc	51	bayed	baselineGeneralize	shiftMags=0	197.673	1.5	1.5	1.5	30	16000	4	0@0.002	0.428	0.330-0.758	191.986	694.074	185	220	565.367	2281.46	574.635	3541.43	565.367	2281.46	574.635	3541.43	194.804	197.918	27.4589	-5.34571	0.086384	28.6875	-26.7382	0							0	325.348		voice coral "bayed" tok=ec06957c046c9698 take=2 src=tts:gpt-audio-1.5 f0=194 onset=0.295 dur=0.480 vowel=0.315-0.725 level=0.050
72	proc	52	bode	baselineGeneralize	shiftMags=0	200.471	1.5	1.5	1.5	30	16000	4	0@0.002	0.244	0.396-0.640	69.0017	1089.85	61	543	657.843	1233.99	462.603	1174.93	651.589	1246.03	501.353	1141.68	169.291	NaN	NaN	-5.99451	0.0743125	10.9375	-27.6499	0							0	0.000121777		voice coral "bode" tok=bc610afe9b673ee1 take=2 src=tts:gpt-audio-1.5 f0=163 onset=0.358 dur=0.420 vowel=0.378-0.588 level=0.050
73	proc	53	bud	baselineGeneralize	shiftMags=0	202.907	1.5	1.5	1.5	30	16000	4	0@0.002	0.32	0.438-0.818	-77.8074	925.837	-63	355.5	783.644	1242.88	434.366	1137.5	794.398	1243.07	433.095	1126.14	188.177	NaN	NaN	-4.57092	0.103408	52.375	-28.4655	0							0	0.000121322		voice coral "bud" tok=a3b6e1ac288ba022 take=2 src=tts:gpt-audio-1.5 f0=186 onset=0.314 dur=0.510 vowel=0.394-0.784 level=0.050
74	proc	54	bed	baselineGeneralize	shiftMags=0	205.713	1.5	1.5	1.5	30	16000	4	0@0.002	0.258	0.356-0.614	-118.504	835.428	-94	292	675.343	2133.53	522.247	1341.27	675.343	2133.53	522.247	1341.27	188.561	116.386	-835.34	-5.15789	0.0803111	11.6875	-27.4577	0							0	0.00012097		voice coral "bed" tok=0d0fa3b4ffcb1bd8 take=2 src=tts:gpt-audio-1.5 f0=161 onset=0.353 dur=0.370 vowel=0.353-0.553 level=0.050
75	proc	55	bid	baselineGeneralize	shiftMags=0	207.992	1.5	1.5	1.5	30	16000	4	0@0.002	0.232	0.466-0.698	94.6117	785.971	85	265	NaN	NaN	NaN	NaN					176.005	NaN	NaN	-4.17658	0.0961649	7.0625	-27.3734	0							0	0.000120838		voice coral "bid" tok=c3faba38922c21b9 take=2 src=tts:gpt-audio-1.5 f0=174 onset=0.324 dur=0.460 vowel=0.454-0.654 level=0.050
76	proc	56	bed	baselineGeneralize	shiftMags=0	210.622	1.5	1.5	1.5	30	16000	4	0@0.002	0.246	0.458-0.704	-103.773	855.33	-83	303	676.051	2020.95	502.535	2990.02	684.593	2039.75	495.596	2215.75	169.424	NaN	NaN	-5.30599	0.0988365	55.5	-28.3809	0							0	0.000121543		voice coral "bed" tok=6355d849cdf5214d take=3 src=tts:gpt-audio-1.5 f0=178 onset=0.317 dur=0.540 vowel=0.447-0.647 level=0.050
77	proc	57	bayed	baselineGeneralize	shiftMags=0	213.3	1.5	1.5	1.5	30	16000	4	0@0.002	0.338	0.464-0.802	116.083	685.158	106	215	NaN	NaN	NaN	NaN					172.382	403.888	1474.01	-4.63797	0.115975	47.3125	-27.3959	0							0	0.000121851		voice coral "bayed" tok=062743a1207015a2 take=3 src=tts:gpt-audio-1.5 f0=175 onset=0.341 dur=0.580 vowel=0.451-0.721 level=0.050
78	proc	58	bid	baselineGeneralize	shiftMags=0	216.074	1.5	1.5	1.5	30	16000	4	0@0.002	0.246	0.460-0.706	92.696	797.352	83	270	417.119	2111.12	435.624	2452.99	441.446	2161.29	472.818	1339	173.833	194.138	191.251	-4.92825	0.0952066	43.6875	-27.4936	0							0	0.000119674		voice coral "bid" tok=e9c1f489cd180417 take=3 src=tts:gpt-audio-1.5 f0=174 onset=0.289 dur=0.540 vowel=0.459-0.659 level=0.050
79	proc	59	bud	baselineGeneralize	shiftMags=0	219.012	1.5	1.5	1.5	30	16000	4	0@0.002	0.234	0.408-0.642	-129.649	1034.55	-102	458	822.214	1267.43	566.359	1474.32	822.214	1267.43	566.359	1474.32	163.609	NaN	NaN	-5.0965	0.0877403	26.1875	-27.1643	0							0	0.000120662		voice coral "bud" tok=64967d272b0be504 take=3 src=tts:gpt-audio-1.5 f0=180 onset=0.328 dur=0.430 vowel=0.398-0.588 level=0.050
80	proc	60	bode	baselineGeneralize	shiftMags=0	221.858	1.5	1.5	1.5	30	16000	4	0@0.002	0.292	0.510-0.802	75.5343	1085.96	67	540	716.211	1250.62	388.499	1229.43	721.914	1251.1	408.368	1267.21	180.935	184.471	33.5033	-4.42644	0.0793511	29.1875	-27.1659	0							0	0.000119871		voice coral "bode" tok=d4b58744d23022eb take=3 src=tts:gpt-audio-1.5 f0=186 onset=0.357 dur=0.550 vowel=0.497-0.747 level=0.050
81	proc	61	bid	baselineGeneralize	shiftMags=0	225.531	1.5	1.5	1.5	30	16000	4	0@0.002	0.224	0.366-0.590	144.396	764.793	134	254	435.475	2236.72	381.514	1279.12	476.206	2301	377.229	1279.12	148.619	NaN	NaN	-5.19135	0.0760704	35.1875	-27.3713	0							0	0.000120081		voice coral "bid" tok=a0a01e54b46a0dcb take=0 src=tts:gpt-audio-1.5 f0=159 onset=0.328 dur=0.380 vowel=0.338-0.538 level=0.050
82	proc	62	bode	baselineGeneralize	shiftMags=0	228.154	1.5	1.5	1.5	30	16000	4	0@0.002	0.38	0.430-0.874	114.153	1075.68	104	518	612.05	1172.17	529.572	1502.56	623.31	1180.89	519.092	1565.96	152.983	NaN	NaN	-5.67989	0.092589	47.125	-28.854	0							0	0.00012181		voice coral "bode" tok=4ffddc7b362d5d41 take=0 src=tts:gpt-audio-1.5 f0=152 onset=0.302 dur=0.620 vowel=0.422-0.862 level=0.050
83	proc	63	bud	baselineGeneralize	shiftMags=0	230.413	1.5	1.5	1.5	30	16000	4	0@0.002	0.248	0.376-0.624	-173.98	1009.53	-134	430	906.866	1351.91	461.452	1388.63	908.379	1366.41	450.945	1376.36	163.34	182.357	190.666	-5.01982	0.0865714	32.25	-28.4812	0							0	0.000121707		voice coral "bud" tok=74a8e3a559507095 take=0 src=tts:gpt-audio-1.5 f0=161 onset=0.299 dur=0.420 vowel=0.359-0.659 level=0.050
84	proc	64	bed	baselineGeneralize	shiftMags=0	233.078	1.5	1.5	1.5	30	16000	4	0@0.002	0.286	0.386-0.672	-135.339	853.65	-106	303	857.128	2056.28	449.184	1141.52	857.128	2056.28	449.184	1141.52	152.253	173.318	224.341	-5.00054	0.0950399	-15.9375	-27.3075	0							0	0.000121675		voice coral "bed" tok=e0d1e91497ae244c take=0 src=tts:gpt-audio-1.5 f0=163 onset=0.343 dur=0.450 vowel=0.373-0.633 level=0.050
85	proc	65	bayed	baselineGeneralize	shiftMags=0	235.75	1.5	1.5	1.5	30	16000	4	0@0.002	0.398	0.350-0.776	162.813	698.596	153	220	505.437	2288.5	387.853	2648.28	505.437	2288.5	387.853	2648.28	146.19	NaN	NaN	-4.59743	0.106417	32.9375	-28.0591	0							0	0.000121524		voice coral "bayed" tok=9c259a126d099ce3 take=0 src=tts:gpt-audio-1.5 f0=143 onset=0.338 dur=0.480 vowel=0.338-0.748 level=0.050
86	proc	66	bed	baselineGeneralize	shiftMags=0	238.556	1.5	1.5	1.5	30	16000	4	0@0.002	0.332	0.500-0.832	-129.594	835.569	-102	292	858.796	2152.16	618.011	2521.87	858.796	2152.16	618.011	2521.87	166.972	NaN	NaN	-4.70018	0.0872382	-23.1875	-27.8364	0							0	0.000121967		voice coral "bed" tok=ba7c97e56254af27 take=1 src=tts:gpt-audio-1.5 f0=157 onset=0.362 dur=0.750 vowel=0.492-0.782 level=0.050
87	proc	67	bode	baselineGeneralize	shiftMags=0	240.93	1.5	1.5	1.5	30	16000	4	0@0.002	0.402	0.288-0.760	66.9758	1086.19	59	535	697.177	1298.67	437.737	3600.28	630.778	1269.72	295.08	1159.52	170.814	217.405	417.545	-5.27268	0.120324	58.625	-26.947	0							0	0.000121142		voice coral "bode" tok=3ac444e340130bec take=1 src=tts:gpt-audio-1.5 f0=146 onset=0.303 dur=0.830 vowel=0.303-0.743 level=0.050
88	proc	68	bud	baselineGeneralize	shiftMags=0	243.622	1.5	1.5	1.5	30	16000	4	0@0.002	0.306	0.420-0.726	-219.675	1017.85	-165	441	940.294	1369.01	409.203	3602.76	940.294	1369.01	409.203	3602.76	167.052	178.121	111.071	-4.10003	0.0935788	-16.0625	-28.2461	0							0	0.000121738		voice coral "bud" tok=48aeee91606c7db5 take=1 src=tts:gpt-audio-1.5 f0=163 onset=0.328 dur=0.520 vowel=0.418-0.688 level=0.050
89	proc	69	bid	baselineGeneralize	shiftMags=0	245.91	1.5	1.5	1.5	30	16000	4	0@0.002	0.35	0.354-0.776	144.501	791.965	134	265	422.818	2361.74	468.107	2381.41	422.818	2361.74	468.107	2381.41	152.132	NaN	NaN	-4.80845	0.100224	7.625	-28.0374	0							0	0.000120948		voice coral "bid" tok=c807c9c26b4e8e3f take=1 src=tts:gpt-audio-1.5 f0=145 onset=0.313 dur=0.710 vowel=0.343-0.753 level=0.050
90	proc	70	bayed	baselineGeneralize	shiftMags=0	248.705	1.5	1.5	1.5	30	16000	4	0@0.002	0.386	0.370-0.756	147.951	671.181	138	209	622.194	2304.42	409.959	1287.85	622.194	2304.42	409.959	1287.85	146.874	NaN	NaN	-5.05076	0.091653	-34.1875	-27.6857	0							0	0.000120592		voice coral "bayed" tok=2b0e4d1c32ef874c take=1 src=tts:gpt-audio-1.5 f0=147 onset=0.326 dur=0.570 vowel=0.366-0.686 level=0.050
91	proc	71	bed	baselineGeneralize	shiftMags=0	251.571	1.5	1.5	1.5	30	16000	4	0@0.002	0.256	0.316-0.572	-118.587	834.953	-94	292	614.472	2041.27	455.218	1167.2	614.472	2041.27	455.218	1167.2	188.382	NaN	NaN	-5.81047	0.0990467	13.375	-27.4555	0							0	0.000120757		voice coral "bed" tok=0d0fa3b4ffcb1bd8 take=2 src=tts:gpt-audio-1.5 f0=161 onset=0.312 dur=0.370 vowel=0.312-0.512 level=0.050
92	proc	72	bayed	baselineGeneralize	shiftMags=0	254.149	1.5	1.5	1.5	30	16000	4	0@0.002	0.428	0.374-0.802	191.986	691.285	185	217.5	564.572	2291.93	480.418	1234.97	564.572	2291.93	480.418	1234.97	195.747	233.313	303.931	-5.52738	0.086244	-9.6875	-26.7388	0							0	315.553		voice coral "bayed" tok=ec06957c046c9698 take=2 src=tts:gpt-audio-1.5 f0=194 onset=0.339 dur=0.480 vowel=0.359-0.769 level=0.050
93	proc	73	bid	baselineGeneralize	shiftMags=0	256.915	1.5	1.5	1.5	30	16000	4	0@0.002	0.23	0.458-0.688	92.4489	774.1	83	259	436.324	2330.44	436.747	1129.51	453.948	2355.17	436.747	1127.07	178.54	179.869	12.8323	-5.25282	0.0972533	43.625	-27.3728	0							0	0.00012071		voice coral "bid" tok=c3faba38922c21b9 take=2 src=tts:gpt-audio-1.5 f0=174 onset=0.316 dur=0.460 vowel=0.446-0.646 level=0.050
94	proc	74	bud	baselineGeneralize	shiftMags=0	259.662	1.5	1.5	1.5	30	16000	4	0@0.002	0.328	0.458-0.838	-59.9099	918.027	-49	347	864.872	1269.49	425.886	3576.38	864.872	1269.49	425.886	3576.38	188.181	141.567	-492.77	-4.53287	0.0842209	37.25	-28.4649	0							0	0.000120637		voice coral "bud" tok=a3b6e1ac288ba022 take=2 src=tts:gpt-audio-1.5 f0=186 onset=0.334 dur=0.510 vowel=0.414-0.804 level=0.050
95	proc	75	bode	baselineGeneralize	shiftMags=0	262.14	1.5	1.5	1.5	30	16000	4	0@0.002	0.246	0.340-0.586	71.1751	1090.35	63	540	659.956	1199.71	503.487	1776.32	667.084	1228.89	537.263	1379	166.236	NaN	NaN	-5.46925	0.0801255	50.875	-27.6502	0							0	0.000121691		voice coral "bode" tok=bc610afe9b673ee1 take=2 src=tts:gpt-audio-1.5 f0=163 onset=0.304 dur=0.420 vowel=0.324-0.534 level=0.050
96	proc	76	booed	baselineTrain	shiftMags=0	269.459	1.5	1.5	1.5	30	16000	3	0@0.002	0.398	0.500-0.898	230.089	1060.45	228	491	376.627	1393.01	542.593	2525.62	376.627	1393.01	542.593	2525.62	152.111	164.748	138.171	-10.0307	0.105065	7.5625	-28.2945	0							1	0.000120412	-10.5687	voice coral "booed" tok=26f0c31b04f93a6f take=1 src=tts:gpt-audio-1.5 f0=156 onset=0.337 dur=0.750 vowel=0.347-0.877 level=0.050
97	proc	77	bead	baselineTrain	shiftMags=0	271.969	1.5	1.5	1.5	30	16000	3	0@0.002	0.422	0.380-0.830	253.126	606.552	256	182	308.927	2678.31	496.925	3380.31	309.578	2692.55	501.377	3383.2	168.653	143.112	-284.295	-9.27779	0.0838957	7.4375	-27.0739	0							1	0.00012026	-9.56276	voice coral "bead" tok=aacd0148370d36d7 take=1 src=tts:gpt-audio-1.5 f0=154 onset=0.327 dur=0.770 vowel=0.357-0.807 level=0.050
98	proc	78	bad	baselineTrain	shiftMags=0	274.598	1.5	1.5	1.5	30	16000	3	0@0.002	0.41	0.354-0.764	-279.573	912.378	-205	342	989.666	1866.65	700.538	2754.77	989.971	1870.26	700.809	2761.85	142.966	154.718	136.762	-3.34143	0.114408	8.25	-28.0824	0							1	0.000121518	-3.4459	voice coral "bad" tok=efc2fba079c6955e take=1 src=tts:gpt-audio-1.5 f0=144 onset=0.301 dur=0.610 vowel=0.351-0.841 level=0.050
99	proc	79	bod	baselineTrain	shiftMags=0	277.456	1.5	1.5	1.5	30	16000	3	0@0.002	0.34	0.360-0.700	-162.734	1067.34	-126	507	839.501	1122.56	692.308	2201.79	839.533	1123.69	689.538	2201.73	142.054	145.287	38.9594	-10.5231	0.0722168	8.125	-27.7291	0							0	0.000121701		voice coral "bod" tok=9857feb367b9f5c6 take=1 src=tts:gpt-audio-1.5 f0=146 onset=0.321 dur=0.500 vowel=0.341-0.751 level=0.050
100	proc	80	bod	baselineTrain	shiftMags=0	280.355	1.5	1.5	1.5	30	16000	3	0@0.002	0.3	0.368-0.668	-201.68	1079.74	-153	529	845.1	1066.14	659.693	2238.66	862.296	1073.77	661.397	2247.21	156.011	172.767	176.625	-11.5339	0.130109	8	-26.4401	0							1	0.000122063	-11.8858	voice coral "bod" tok=cf96acac8564611c take=2 src=tts:gpt-audio-1.5 f0=150 onset=0.368 dur=0.440 vowel=0.368-0.608 level=0.050
101	proc	81	bead	baselineTrain	shiftMags=0	282.889	1.5	1.5	1.5	30	16000	3	0@0.002	0.318	0.430-0.808	265.038	592.51	271	176	273.163	2650.08	425.021	3071.72	273.163	2650.08	425.021	3071.72	162.837	165.955	32.8436	-10.7788	0.0536655	5.3125	-27.9991	0							1	0.000121855	-11.5273	voice coral "bead" tok=691b7f4ced7e64e8 take=2 src=tts:gpt-audio-1.5 f0=158 onset=0.312 dur=0.740 vowel=0.312-0.782 level=0.050
102	proc	82	bad	baselineTrain	shiftMags=0	285.846	1.5	1.5	1.5	30	16000	3	0@0.002	0.302	0.394-0.696	-293.045	912.949	-213	342	1051.02	1845.7	716.816	2788.71	1053.66	1822.84	718.753	2790.64	159.992	148.569	-128.246	-4.26717	0.113543	8.25	-27.2705	1	0.985+15.4ms						1	0.000120779	-4.3955	voice coral "bad" tok=d5dabb9c15c94236 take=2 src=tts:gpt-audio-1.5 f0=152 onset=0.351 dur=0.420 vowel=0.381-0.661 level=0.050
103	proc	83	booed	baselineTrain	shiftMags=0	288.519	1.5	1.5	1.5	30	16000	3	0@0.002	0.38	0.442-0.822	219.749	1056.25	216	488	402.703	1405.6	487.996	2474.49	402.703	1405.6	487.996	2474.49	168.033	213.598	415.387	-14.1715	0.0445763	10.375	-28.0036	0							0	0.000121789		voice coral "booed" tok=49b1a3e19c2ba4e4 take=2 src=tts:gpt-audio-1.5 f0=169 onset=0.316 dur=0.630 vowel=0.416-0.876 level=0.050
104	proc	84	bead	baselineTrain	shiftMags=0	290.907	1.5	1.5	1.5	30	16000	3	0@0.002	0.328	0.468-0.796	240.055	607.336	240	182	355.797	2668.17	408.71	3172.05	357.215	2674.81	412.829	3198.4	169.521	160.077	-99.24	-9.15079	0.0624545	5.75	-28.7264	0							1	0.000118413	-9.47561	voice coral "bead" tok=dcd7b2d2ef8bb826 take=3 src=tts:gpt-audio-1.5 f0=167 onset=0.308 dur=0.570 vowel=0.458-0.758 level=0.050
105	proc	85	booed	baselineTrain	shiftMags=0	293.534	1.5	1.5	1.5	30	16000	3	0@0.002	0.434	0.354-0.788	243.218	1086.05	244	535	311.406	1185.1	592.249	2340.66	310.462	1181.13	594.821	2350.26	256.827	301.151	275.626	-14.7943	0.0655495	7.6875	-27.1936	0							1	0.000122005	-15.9082	voice coral "booed" tok=3d7d5fdd15ca299a take=3 src=tts:gpt-audio-1.5 f0=234 onset=0.349 dur=0.560 vowel=0.349-0.759 level=0.050
106	proc	86	bod	baselineTrain	shiftMags=0	296.294	1.5	1.5	1.5	30	16000	3	0@0.002	0.33	0.426-0.756	-218.808	1070.78	-165	513	931.925	1148.46	709.545	2224.98	937.763	1151.65	711.803	2224.98	167.495	163.248	-44.4582	-11.1008	0.0695374	8.0625	-27.4049	0							1	0.000120844	-11.5903	voice coral "bod" tok=4e3fd7abcf421d5c take=3 src=tts:gpt-audio-1.5 f0=164 onset=0.321 dur=0.530 vowel=0.401-0.711 level=0.050
107	proc	87	bad	baselineTrain	shiftMags=0	299.117	1.5	1.5	1.5	30	16000	3	0@0.002	0.314	0.390-0.704	-304.49	905.016	-220	336	1047.42	1858.43	710.488	2753.31	1056.21	1848.6	713.741	2753.31	175.349	174.704	-6.38335	-3.69337	0.116919	8.25	-27.2457	0							1	0.000121767	-3.7847	voice coral "bad" tok=d4abfcb45ff2fc28 take=3 src=tts:gpt-audio-1.5 f0=171 onset=0.345 dur=0.450 vowel=0.375-0.675 level=0.050
108	proc	88	bad	baselineTrain	shiftMags=0	301.456	1.5	1.5	1.5	30	16000	3	0@0.002	0.368	0.440-0.808	-317.212	927.535	-228	353	1038.39	1832.2	708.282	2747.46	1039.7	1832.2	713.691	2760.59	158.023	155.559	-27.1988	-3.89006	0.122422	8.25	-28.3608	0							1	0.00012053	-4.02786	voice coral "bad" tok=92833cac5b54f087 take=0 src=tts:gpt-audio-1.5 f0=153 onset=0.302 dur=0.610 vowel=0.322-0.782 level=0.050
109	proc	89	bead	baselineTrain	shiftMags=0	304.436	1.5	1.5	1.5	30	16000	3	0@0.002	0.408	0.470-0.878	250.243	595.366	252	176	307.329	2603.79	454.701	3083.02	315.563	2620.7	456.081	3086.15	164.22	205.166	385.392	-7.59559	0.139253	7.5	-27.7622	0							1	0.000121957	-7.8166	voice coral "bead" tok=b880f76656e7f8a0 take=0 src=tts:gpt-audio-1.5 f0=183 onset=0.320 dur=0.670 vowel=0.470-0.820 level=0.050
110	proc	90	bod	baselineTrain	shiftMags=0	307.103	1.5	1.5	1.5	30	16000	3	0@0.002	0.272	0.320-0.592	-157.269	1068.66	-122	507	1035.42	1311.54	700.652	2266.44	1051.01	2233.18	679.228	2305.75	188.38	165.049	-228.907	-10.3138	0.124205	8	-26.9644	0							1	0.000121793	-10.5596	voice coral "bod" tok=5cee818e96e1f17d take=0 src=tts:gpt-audio-1.5 f0=161 onset=0.328 dur=0.490 vowel=0.328-0.558 level=0.050
111	proc	91	booed	baselineTrain	shiftMags=0	310.357	1.5	1.5	1.5	30	16000	3	0@0.002	0.318	0.458-0.776	226.198	1062.18	224	496	426.438	1351.32	537.765	2605.75	426.438	1351.32	537.765	2605.75	154.26	173.86	207.074	-13.0931	0.0439013	7.5625	-28.5419	0							1	0.000120692	-14.2238	voice coral "booed" tok=54342660dea87fd6 take=0 src=tts:gpt-audio-1.5 f0=153 onset=0.305 dur=0.610 vowel=0.445-0.725 level=0.050
112	proc	92	bead	baselineTrain	shiftMags=0	312.821	1.5	1.5	1.5	30	16000	3	0@0.002	0.422	0.358-0.808	253.127	606.745	256	182	308.508	2684.69	493.091	3320.04	309.436	2687.98	498.09	3348.66	165.432	137.986	-314.064	-9.14621	0.0719874	7.6875	-27.0737	0							1	0.000121672	-9.54461	voice coral "bead" tok=aacd0148370d36d7 take=1 src=tts:gpt-audio-1.5 f0=154 onset=0.305 dur=0.770 vowel=0.335-0.785 level=0.050
113	proc	93	bod	baselineTrain	shiftMags=0	315.695	1.5	1.5	1.5	30	16000	3	0@0.002	0.34	0.326-0.666	-162.738	1068.06	-126	507	843.876	1123.89	681.113	2182.03	843.876	1123.89	681.113	2195.56	142.821	144.683	22.4298	-10.4264	0.0771656	8.125	-27.7301	0							1	0.000121397	-10.7296	voice coral "bod" tok=9857feb367b9f5c6 take=1 src=tts:gpt-audio-1.5 f0=146 onset=0.288 dur=0.500 vowel=0.308-0.718 level=0.050
114	proc	94	bad	baselineTrain	shiftMags=0	317.986	1.5	1.5	1.5	30	16000	3	0@0.002	0.41	0.386-0.796	-274.453	912.425	-201	342	986.701	1872.19	697.285	2760.17	990.245	1875.82	700.489	2764.86	143.03	144.895	22.435	-3.39584	0.109235	8.25	-28.0832	0							1	0.000121187	-3.43459	voice coral "bad" tok=efc2fba079c6955e take=1 src=tts:gpt-audio-1.5 f0=144 onset=0.333 dur=0.610 vowel=0.383-0.873 level=0.050
115	proc	95	booed	baselineTrain	shiftMags=0	320.47	1.5	1.5	1.5	30	16000	3	0@0.002	0.398	0.466-0.864	230.082	1059.48	228	491	376.459	1372.96	531.496	2518.8	376.459	1372.96	531.496	2518.8	153.106	168.828	169.229	-10.2744	0.111117	7.625	-28.2954	1	1.485+15.4ms						1	0.000121738	-10.8818	voice coral "booed" tok=26f0c31b04f93a6f take=1 src=tts:gpt-audio-1.5 f0=156 onset=0.304 dur=0.750 vowel=0.314-0.844 level=0.050
116	proc	96	booed	baselineTrain	shiftMags=0	323.229	1.5	1.5	1.5	30	16000	3	0@0.002	0.38	0.478-0.858	219.717	1055.82	216	488	401.043	1401.34	481.208	2471.25	401.043	1401.34	481.208	2471.25	168.627	195.631	257.165	-13.6705	0.0441933	10.375	-28.0019	0							0	0.000121735		voice coral "booed" tok=49b1a3e19c2ba4e4 take=2 src=tts:gpt-audio-1.5 f0=169 onset=0.352 dur=0.630 vowel=0.452-0.912 level=0.050
117	proc	97	bod	baselineTrain	shiftMags=0	325.574	1.5	1.5	1.5	30	16000	3	0@0.002	0.302	0.320-0.622	-201.736	1080.05	-153	535	842.603	1065.64	661.758	2237.49	855.014	1072.58	662.464	2251.84	157.015	136.501	-242.384	-12.3647	0.0724794	8	-26.4395	0							1	0.000120833	-12.6797	voice coral "bod" tok=cf96acac8564611c take=2 src=tts:gpt-audio-1.5 f0=150 onset=0.321 dur=0.440 vowel=0.321-0.561 level=0.050
118	proc	98	bad	baselineTrain	shiftMags=0	328.363	1.5	1.5	1.5	30	16000	3	0@0.002	0.302	0.350-0.652	-293.115	913.818	-213	342	1051.43	1834.34	717.571	2784.92	1054.09	1824.93	719.867	2785.08	166.155	154.789	-122.675	-4.29083	0.116717	8.25	-27.2701	0							1	0.000121975	-4.35334	voice coral "bad" tok=d5dabb9c15c94236 take=2 src=tts:gpt-audio-1.5 f0=152 onset=0.306 dur=0.420 vowel=0.336-0.616 level=0.050
119	proc	99	bead	baselineTrain	shiftMags=0	331.055	1.5	1.5	1.5	30	16000	3	0@0.002	0.32	0.404-0.782	264.86	591.549	271	176	265.821	2621.76	436.402	3055.04	265.821	2621.76	436.402	3055.04	162.835	164.418	16.7441	-9.98412	0.102682	7.625	-27.9996	0							1	0.000121251	-10.3035	voice coral "bead" tok=691b7f4ced7e64e8 take=2 src=tts:gpt-audio-1.5 f0=158 onset=0.285 dur=0.740 vowel=0.285-0.755 level=0.050
120	proc	100	bad	baselineTrain	shiftMags=0	333.506	1.5	1.5	1.5	30	16000	3	0@0.002	0.314	0.384-0.698	-304.401	905.145	-220	336	1050.77	1863.38	712.144	2700.09	1054.79	1856.29	714.582	2718.66	178.319	174.68	-35.6906	-3.74055	0.112253	8.25	-27.2465	0							1	0.000119686	-3.7857	voice coral "bad" tok=d4abfcb45ff2fc28 take=3 src=tts:gpt-audio-1.5 f0=171 onset=0.339 dur=0.450 vowel=0.369-0.669 level=0.050
121	proc	101	bead	baselineTrain	shiftMags=0	336.364	1.5	1.5	1.5	30	16000	3	0@0.002	0.328	0.500-0.828	240.059	607.557	240	182	351.724	2676.19	429.856	3158	356.502	2676.56	434.768	3197.27	163.974	159.53	-47.5719	-9.38601	0.0595047	10.5	-28.7255	0							1	0.000120766	-9.78726	voice coral "bead" tok=dcd7b2d2ef8bb826 take=3 src=tts:gpt-audio-1.5 f0=167 onset=0.340 dur=0.570 vowel=0.490-0.790 level=0.050
122	proc	102	bod	baselineTrain	shiftMags=0	338.669	1.5	1.5	1.5	30	16000	3	0@0.002	0.332	0.426-0.758	-213.666	1070.91	-161	513	931.273	1150.59	700.367	2200.22	932.344	1150.64	702.775	2223.19	166.845	161.472	-56.6699	-11.575	0.0516938	8.0625	-27.404	1	0.985+15.4ms						1	0.000121418	-12.0475	voice coral "bod" tok=4e3fd7abcf421d5c take=3 src=tts:gpt-audio-1.5 f0=164 onset=0.322 dur=0.530 vowel=0.402-0.712 level=0.050
123	proc	103	booed	baselineTrain	shiftMags=0	341.064	1.5	1.5	1.5	30	16000	3	0@0.002	0.434	0.310-0.744	243.555	1085.44	244	535	311.689	1184.2	599.262	2331.56	310.722	1182.42	601.387	2335.17	257.97	285.204	173.747	-15.2563	0.0653843	7.6875	-27.1934	0							1	0.000120477	-16.7067	voice coral "booed" tok=3d7d5fdd15ca299a take=3 src=tts:gpt-audio-1.5 f0=234 onset=0.305 dur=0.560 vowel=0.305-0.715 level=0.050
124	proc	104	bead	baselineTrain	shiftMags=0	343.887	1.5	1.5	1.5	30	16000	3	0@0.002	0.406	0.518-0.924	250.098	594.83	252	176	309.529	2596.6	442.637	3072.88	318.39	2609.07	450.045	3089.52	169.243	212.915	397.416	-7.46784	0.131515	7.5	-27.7606	0							1	0.000120599	-7.72357	voice coral "bead" tok=b880f76656e7f8a0 take=0 src=tts:gpt-audio-1.5 f0=183 onset=0.367 dur=0.670 vowel=0.517-0.867 level=0.050
125	proc	105	booed	baselineTrain	shiftMags=0	346.589	1.5	1.5	1.5	30	16000	3	0@0.002	0.318	0.452-0.770	226.118	1064.43	224	496	433.475	1336.73	532.726	2597.25	433.475	1336.73	532.726	2597.25	154.694	172.776	191.384	-13.0939	0.0435135	7.5625	-28.5422	0							1	0.000121996	-14.2329	voice coral "booed" tok=54342660dea87fd6 take=0 src=tts:gpt-audio-1.5 f0=153 onset=0.299 dur=0.610 vowel=0.439-0.719 level=0.050
126	proc	106	bad	baselineTrain	shiftMags=0	349.001	1.5	1.5	1.5	30	16000	3	0@0.002	0.368	0.442-0.810	-317.215	927.555	-228	353	1037.16	1827.24	707.089	2748.41	1037.98	1827.24	711.19	2756.87	158.238	153.226	-55.7201	-3.93202	0.116508	8.25	-28.3621	0							1	0.000122039	-4.02387	voice coral "bad" tok=92833cac5b54f087 take=0 src=tts:gpt-audio-1.5 f0=153 onset=0.304 dur=0.610 vowel=0.324-0.784 level=0.050
127	proc	107	bod	baselineTrain	shiftMags=0	351.545	1.5	1.5	1.5	30	16000	3	0@0.002	0.272	0.322-0.594	-157.174	1069.47	-122	510	1048.74	3078.17	698.461	2292.82	1059.2	3081.41	694.142	2306.78	186.295	163.117	-230.014	-10.1499	0.110578	8	-26.9646	0							1	0.000121747	-10.5776	voice coral "bod" tok=5cee818e96e1f17d take=0 src=tts:gpt-audio-1.5 f0=161 onset=0.330 dur=0.490 vowel=0.330-0.560 level=0.050
128	proc	108	bad	baselineTrain	shiftMags=0	354.432	1.5	1.5	1.5	30	16000	3	0@0.002	0.412	0.344-0.756	-277.042	912.902	-203	342	987.862	1870.87	700.594	2758.01	989.235	1875.09	700.964	2759.1	142.959	145.615	31.863	-3.28722	0.117721	8.25	-28.0823	0							1	0.000121983	-3.44927	voice coral "bad" tok=efc2fba079c6955e take=1 src=tts:gpt-audio-1.5 f0=144 onset=0.292 dur=0.610 vowel=0.342-0.832 level=0.050
129	proc	109	booed	baselineTrain	shiftMags=0	356.811	1.5	1.5	1.5	30	16000	3	0@0.002	0.398	0.522-0.920	230.106	1061.63	228	491	374.476	1393.94	537.877	2527.67	374.476	1393.94	537.877	2527.67	151.23	164.603	146.696	-10.3753	0.100794	7.5	-28.2945	0							1	0.000119872	-10.7491	voice coral "booed" tok=26f0c31b04f93a6f take=1 src=tts:gpt-audio-1.5 f0=156 onset=0.360 dur=0.750 vowel=0.370-0.900 level=0.050
130	proc	110	bod	baselineTrain	shiftMags=0	359.11	1.5	1.5	1.5	30	16000	3	0@0.002	0.34	0.372-0.712	-162.72	1067.54	-126	504.5	841.695	1120.52	682.468	2182.04	841.707	1125.15	687.403	2193.04	142.235	143.829	19.2882	-10.116	0.0734712	8.125	-27.7299	0							1	0.00012147	-10.8037	voice coral "bod" tok=9857feb367b9f5c6 take=1 src=tts:gpt-audio-1.5 f0=146 onset=0.334 dur=0.500 vowel=0.354-0.764 level=0.050
131	proc	111	bead	baselineTrain	shiftMags=0	361.734	1.5	1.5	1.5	30	16000	3	0@0.002	0.42	0.416-0.868	253.176	606.703	256	182	309.148	2684.79	483.533	3355.23	310.455	2685.85	492.014	3367.05	165.41	137.601	-318.665	-9.41403	0.0797028	7.4375	-27.0775	0							1	0.000121792	-9.7276	voice coral "bead" tok=aacd0148370d36d7 take=1 src=tts:gpt-audio-1.5 f0=154 onset=0.365 dur=0.770 vowel=0.395-0.845 level=0.050
132	proc	112	bad	baselineTrain	shiftMags=0	364.137	1.5	1.5	1.5	30	16000	3	0@0.002	0.302	0.378-0.680	-293.109	913.508	-213	342	1052.49	1835.21	716.484	2777.95	1053.42	1824.6	721.169	2779.74	159.709	147.717	-135.127	-4.25032	0.117165	8.25	-27.27	0							1	0.000121995	-4.34803	voice coral "bad" tok=d5dabb9c15c94236 take=2 src=tts:gpt-audio-1.5 f0=152 onset=0.334 dur=0.420 vowel=0.364-0.644 level=0.050
133	proc	113	bead	baselineTrain	shiftMags=0	366.899	1.5	1.5	1.5	30	16000	3	0@0.002	0.318	0.434-0.812	265.117	592.653	271	176	270.28	2633.58	434.124	3072.36	270.28	2633.58	434.124	3072.36	163.83	166.729	30.3745	-11.1915	0.0478072	7.625	-27.9995	0							1	0.000121921	-11.7552	voice coral "bead" tok=691b7f4ced7e64e8 take=2 src=tts:gpt-audio-1.5 f0=158 onset=0.317 dur=0.740 vowel=0.317-0.787 level=0.050
134	proc	114	booed	baselineTrain	shiftMags=0	369.332	1.5	1.5	1.5	30	16000	3	0@0.002	0.382	0.494-0.876	222.577	1055.05	220	485	401.59	1403.05	495.153	2487.3	401.59	1403.05	495.153	2487.3	169.14	210.142	375.772	-13.9114	0.0538704	10.375	-28.0018	0							1	0.000121408	-15.1677	voice coral "booed" tok=49b1a3e19c2ba4e4 take=2 src=tts:gpt-audio-1.5 f0=169 onset=0.370 dur=0.630 vowel=0.470-0.930 level=0.050
135	proc	115	bod	baselineTrain	shiftMags=0	371.724	1.5	1.5	1.5	30	16000	3	0@0.002	0.302	0.328-0.630	-201.823	1080.22	-153	529	844.703	1064.94	644.51	2241.69	860.405	1073.92	645.919	2245.55	156.206	144.377	-136.334	-11.8361	0.0801638	8	-26.4394	1	1.485+15.4ms						1	0.000121491	-12.4668	voice coral "bod" tok=cf96acac8564611c take=2 src=tts:gpt-audio-1.5 f0=150 onset=0.329 dur=0.440 vowel=0.329-0.569 level=0.050
136	proc	116	booed	train	shiftMags=0	374.434	1.5	1.5	1.5	30	16000	3	0@0.002	0.434	0.288-0.722	243.814	1085.97	244	535	311.364	1182.29	583.658	2329.46	310.348	1181.37	585.749	2332.67	259.966	282.405	143.336	-14.9746	0.0606194	7.6875	-27.1935	0							1	0.000121497	-16.26	voice coral "booed" tok=3d7d5fdd15ca299a take=3 src=tts:gpt-audio-1.5 f0=234 onset=0.283 dur=0.560 vowel=0.283-0.693 level=0.050
137	proc	117	bod	train	shiftMags=0	377.404	1.5	1.5	1.5	30	16000	3	0@0.002	0.332	0.420-0.752	-213.614	1071.19	-161	513	928.162	1141.14	694.854	2204.83	928.354	1150.11	695.163	2216.55	164.816	168.156	34.7266	-11.799	0.0492423	8.0625	-27.4045	0							1	0.000121437	-12.0771	voice coral "bod" tok=4e3fd7abcf421d5c take=3 src=tts:gpt-audio-1.5 f0=164 onset=0.316 dur=0.530 vowel=0.396-0.706 level=0.050
138	proc	118	bad	train	shiftMags=0	380.065	1.5	1.5	1.5	30	16000	3	0@0.002	0.314	0.356-0.670	-304.346	902.438	-220	336	1046.78	1866.62	709.816	2721.19	1054.34	1844.63	716.699	2730.8	178.89	173.667	-51.2947	-3.64738	0.120029	8.25	-27.2457	0							1	0.000121578	-3.77497	voice coral "bad" tok=d4abfcb45ff2fc28 take=3 src=tts:gpt-audio-1.5 f0=171 onset=0.311 dur=0.450 vowel=0.341-0.641 level=0.050
139	proc	119	bead	train	shiftMags=0	383.04	1.5	1.5	1.5	30	16000	3	0@0.002	0.328	0.526-0.854	240.088	607	240	182	355.79	2660.28	432.229	3203.6	359.831	2669.28	430.972	3230.27	166.398	159.985	-68.0482	-8.92862	0.0626424	10.5	-28.7251	0							1	0.000119375	-9.29065	voice coral "bead" tok=dcd7b2d2ef8bb826 take=3 src=tts:gpt-audio-1.5 f0=167 onset=0.366 dur=0.570 vowel=0.516-0.816 level=0.050
140	proc	120	bod	train	shiftMags=0	386.034	1.5	1.5	1.5	30	16000	3	0@0.002	0.272	0.362-0.634	-157.24	1069.53	-122	507	1048.81	3078.46	742.071	2294.01	1059.71	3081.78	722.228	2297.21	185.927	163.024	-227.583	-9.82871	0.112699	8	-26.9647	0							0	0.000121708		voice coral "bod" tok=5cee818e96e1f17d take=0 src=tts:gpt-audio-1.5 f0=161 onset=0.370 dur=0.490 vowel=0.370-0.600 level=0.050
141	proc	121	bad	train	shiftMags=0	389.847	1.5	1.5	1.5	30	16000	3	0@0.002	0.366	0.456-0.822	-317.334	927.532	-228	353	1036.05	1826.78	709.042	2747.45	1037.98	1824.67	712.575	2750.08	160.089	154.521	-61.286	-3.729	0.112797	8.25	-28.3617	0							1	0.000121455	-3.92212	voice coral "bad" tok=92833cac5b54f087 take=0 src=tts:gpt-audio-1.5 f0=153 onset=0.316 dur=0.610 vowel=0.336-0.796 level=0.050
142	proc	122	bead	train	shiftMags=0	392.528	1.5	1.5	1.5	30	16000	3	0@0.002	0.406	0.442-0.848	250.094	594.607	252	176	309.02	2610.82	464.392	3079.11	314.419	2622.08	465.446	3079.81	170.469	199.689	273.896	-7.55306	0.141021	7.5	-27.7624	1	0.986+7.6ms						1	0.000121688	-7.74532	voice coral "bead" tok=b880f76656e7f8a0 take=0 src=tts:gpt-audio-1.5 f0=183 onset=0.291 dur=0.670 vowel=0.441-0.791 level=0.050
143	proc	123	booed	train	shiftMags=0	395.057	1.5	1.5	1.5	30	16000	3	0@0.002	0.318	0.498-0.816	226.862	1061.87	224	496	426.693	1351.21	532.614	2601.19	426.693	1351.21	532.614	2601.19	154.279	171.465	182.845	-13.1869	0.0433067	7.5625	-28.542	0							1	0.000121387	-14.3023	voice coral "booed" tok=54342660dea87fd6 take=0 src=tts:gpt-audio-1.5 f0=153 onset=0.345 dur=0.610 vowel=0.485-0.765 level=0.050
144	proc	124	bead	train	shiftMags=0	397.366	1.5	1.5	1.5	30	16000	3	0@0.002	0.424	0.378-0.830	253.222	606.374	256	182	308.653	2681.35	501.335	3360.65	308.977	2688.71	507.143	3377.36	163.374	142.751	-233.614	-9.31922	0.0786093	7.6875	-27.0742	0							1	0.000122043	-9.62759	voice coral "bead" tok=aacd0148370d36d7 take=1 src=tts:gpt-audio-1.5 f0=154 onset=0.326 dur=0.770 vowel=0.356-0.806 level=0.050
145	proc	125	bad	train	shiftMags=0	400.012	1.5	1.5	1.5	30	16000	3	0@0.002	0.41	0.356-0.766	-274.464	912.544	-201	342	986.887	1872.25	700.156	2761.74	990.031	1876.02	701.372	2765.41	143.022	148.934	70.1302	-3.41744	0.11181	8.25	-28.0826	0							1	0.000121178	-3.42288	voice coral "bad" tok=efc2fba079c6955e take=1 src=tts:gpt-audio-1.5 f0=144 onset=0.303 dur=0.610 vowel=0.353-0.843 level=0.050
146	proc	126	booed	train	shiftMags=0	402.397	1.5	1.5	1.5	30	16000	3	0@0.002	0.396	0.508-0.904	230.026	1059.71	228	491	376.2	1373.57	539.801	2515.93	376.2	1373.57	539.801	2515.93	151.462	168.133	180.777	-9.81289	0.100768	7.5625	-28.2946	0							1	0.000121626	-10.2671	voice coral "booed" tok=26f0c31b04f93a6f take=1 src=tts:gpt-audio-1.5 f0=156 onset=0.344 dur=0.750 vowel=0.354-0.884 level=0.050
147	proc	127	bod	train	shiftMags=0	405.072	1.5	1.5	1.5	30	16000	3	0@0.002	0.342	0.402-0.744	-162.719	1067.35	-126	507	841.586	1117.4	679.173	2183.23	841.677	1123.77	680.023	2184.41	142.832	142.953	1.46148	-10.4596	0.0768081	8.125	-27.7304	0							1	0.000121913	-11.0326	voice coral "bod" tok=9857feb367b9f5c6 take=1 src=tts:gpt-audio-1.5 f0=146 onset=0.365 dur=0.500 vowel=0.385-0.795 level=0.050
148	proc	128	bead	train	shiftMags=0	407.647	1.5	1.5	1.5	30	16000	3	0@0.002	0.318	0.438-0.814	265.071	591.343	271	176	271.738	2624.17	438.083	3040.99	271.717	2632.32	439.51	3111.71	162.734	166.351	38.057	-10.2448	0.0916041	7.625	-27.9984	0							1	0.000121751	-10.6558	voice coral "bead" tok=691b7f4ced7e64e8 take=2 src=tts:gpt-audio-1.5 f0=158 onset=0.319 dur=0.740 vowel=0.319-0.789 level=0.050
149	proc	129	bad	train	shiftMags=0	410.315	1.5	1.5	1.5	30	16000	3	0@0.002	0.302	0.380-0.682	-297.091	913.039	-216	342	1043.04	1839.13	716.405	2765.61	1051.82	1829.77	718.033	2772.46	162.313	153.186	-100.197	-4.28351	0.117946	8.25	-27.2701	0							1	0.000121842	-4.36912	voice coral "bad" tok=d5dabb9c15c94236 take=2 src=tts:gpt-audio-1.5 f0=152 onset=0.336 dur=0.420 vowel=0.366-0.646 level=0.050
150	proc	130	bod	train	shiftMags=0	412.996	1.5	1.5	1.5	30	16000	3	0@0.002	0.3	0.292-0.592	-201.645	1079.8	-153	529	842.231	1067.58	684.51	2243.09	852.827	1072.93	686.04	2253.71	154.119	158.056	43.6726	-11.3573	0.130039	8	-26.4376	0							1	0.000120151	-11.7083	voice coral "bod" tok=cf96acac8564611c take=2 src=tts:gpt-audio-1.5 f0=150 onset=0.292 dur=0.440 vowel=0.292-0.532 level=0.050
151	proc	131	booed	train	shiftMags=0	415.667	1.5	1.5	1.5	30	16000	3	0@0.002	0.38	0.418-0.798	220.013	1055.78	216	488	401.273	1401.43	499.579	2476.74	401.273	1401.43	499.579	2476.74	168.675	211.753	393.762	-14.0148	0.0500285	10.375	-28.0023	0							1	0.000121713	-15.2505	voice coral "booed" tok=49b1a3e19c2ba4e4 take=2 src=tts:gpt-audio-1.5 f0=169 onset=0.293 dur=0.630 vowel=0.393-0.853 level=0.050
152	proc	132	bead	train	shiftMags=0	418.612	1.5	1.5	1.5	30	16000	3	0@0.002	0.328	0.496-0.824	240.024	607	240	182	355.645	2660.24	424.989	3197.18	359.677	2670.22	429.573	3211.6	166.17	159.532	-70.5733	-9.07154	0.0618251	10.5	-28.7254	0							1	0.000122035	-9.34003	voice coral "bead" tok=dcd7b2d2ef8bb826 take=3 src=tts:gpt-audio-1.5 f0=167 onset=0.336 dur=0.570 vowel=0.486-0.786 level=0.050
153	proc	133	bad	train	shiftMags=0	421.278	1.5	1.5	1.5	30	16000	3	0@0.002	0.314	0.336-0.650	-304.512	904.066	-220	336	1040.24	1875.69	713.311	2717.1	1054.32	1850.18	718.341	2726.91	177.209	176.4	-7.92188	-3.80841	0.111529	8.25	-27.2469	0							1	0.000121776	-3.795	voice coral "bad" tok=d4abfcb45ff2fc28 take=3 src=tts:gpt-audio-1.5 f0=171 onset=0.291 dur=0.450 vowel=0.321-0.621 level=0.050
154	proc	134	bod	train	shiftMags=0	423.616	1.5	1.5	1.5	30	16000	3	0@0.002	0.33	0.472-0.802	-213.741	1070.67	-161	513	929.2	1143.48	690.667	2209.35	929.81	1143.97	690.997	2211.12	167.159	162.255	-51.5454	-11.4122	0.0604723	8.0625	-27.4038	0							1	0.00012169	-11.8352	voice coral "bod" tok=4e3fd7abcf421d5c take=3 src=tts:gpt-audio-1.5 f0=164 onset=0.367 dur=0.530 vowel=0.447-0.757 level=0.050
155	proc	135	booed	train	shiftMags=0	426.529	1.5	1.5	1.5	30	16000	3	0@0.002	0.434	0.302-0.736	243.352	1083.78	244	535	311.995	1186.71	605.265	2323.66	311.047	1183.94	607.252	2334.15	259.757	299.795	248.176	-14.9136	0.0574538	7.6875	-27.1932	1	1.485+15.4ms						1	0.000120383	-16.2702	voice coral "booed" tok=3d7d5fdd15ca299a take=3 src=tts:gpt-audio-1.5 f0=234 onset=0.297 dur=0.560 vowel=0.297-0.707 level=0.050
156	proc	136	bad	train	shiftMags=0	429.335	1.5	1.5	1.5	30	16000	3	0@0.002	0.366	0.474-0.840	-317.349	927.179	-228	353	1036.05	1825.7	710.418	2748.73	1036.91	1825.7	716.257	2748.73	157.742	151.564	-69.1677	-3.83085	0.113419	8.25	-28.3605	0							1	0.00012195	-3.96852	voice coral "bad" tok=92833cac5b54f087 take=0 src=tts:gpt-audio-1.5 f0=153 onset=0.335 dur=0.610 vowel=0.355-0.815 level=0.050
157	proc	137	bod	train	shiftMags=0	431.861	1.5	1.5	1.5	30	16000	3	0@0.002	0.272	0.328-0.600	-157.059	1069.92	-122	510	1032.55	1402.66	764.473	2303.17	1049.19	3081.92	703.803	2315.75	187.719	161.438	-261.11	-10.1149	0.109932	8	-26.9638	0							1	0.000119807	-10.5126	voice coral "bod" tok=5cee818e96e1f17d take=0 src=tts:gpt-audio-1.5 f0=161 onset=0.337 dur=0.490 vowel=0.337-0.567 level=0.050
158	proc	138	booed	train	shiftMags=0	434.444	1.5	1.5	1.5	30	16000	3	0@0.002	0.318	0.506-0.824	226.359	1062.16	224	496	428.691	1351.84	533.562	2591.52	428.691	1351.84	533.562	2591.52	152.581	170.318	190.379	-13.1333	0.0472909	7.5625	-28.5413	0							1	0.000119231	-14.302	voice coral "booed" tok=54342660dea87fd6 take=0 src=tts:gpt-audio-1.5 f0=153 onset=0.353 dur=0.610 vowel=0.493-0.773 level=0.050
159	proc	139	bead	train	shiftMags=0	437.116	1.5	1.5	1.5	30	16000	3	0@0.002	0.408	0.452-0.860	250.115	595.155	252	176	308.394	2606.02	448.06	3078.64	313.786	2617.89	451.652	3080.16	168.307	198.226	283.267	-7.56216	0.140105	7.5	-27.7624	0							1	0.000121315	-7.79871	voice coral "bead" tok=b880f76656e7f8a0 take=0 src=tts:gpt-audio-1.5 f0=183 onset=0.302 dur=0.670 vowel=0.452-0.802 level=0.050
160	proc	140	bad	train	shiftMags=0	439.659	1.5	1.5	1.5	30	16000	3	0@0.002	0.41	0.378-0.788	-279.557	912.395	-205	342	984.646	1870.89	699.896	2753.64	988.052	1875.24	700.113	2762.18	143.359	148.935	66.0594	-3.31414	0.105477	8.25	-28.0823	0							1	0.000121815	-3.44286	voice coral "bad" tok=efc2fba079c6955e take=1 src=tts:gpt-audio-1.5 f0=144 onset=0.325 dur=0.610 vowel=0.375-0.865 level=0.050
161	proc	141	bead	train	shiftMags=0	442.412	1.5	1.5	1.5	30	16000	3	0@0.002	0.42	0.418-0.870	253.136	601.561	256	179	309.063	2680.25	489.611	3374.5	310.229	2690.52	493.547	3380.18	159.334	137.983	-249.079	-9.31363	0.0796543	7.6875	-27.0785	0							1	0.000122	-9.7351	voice coral "bead" tok=aacd0148370d36d7 take=1 src=tts:gpt-audio-1.5 f0=154 onset=0.367 dur=0.770 vowel=0.397-0.847 level=0.050
162	proc	142	booed	train	shiftMags=0	445.41	1.5	1.5	1.5	30	16000	3	0@0.002	0.396	0.486-0.882	230.074	1061.32	228	491	376.613	1377.13	539.007	2524.2	376.613	1377.13	539.007	2524.2	151.779	167.936	175.125	-9.67635	0.105051	7.5625	-28.2944	0							1	0.0001202	-10.2883	voice coral "booed" tok=26f0c31b04f93a6f take=1 src=tts:gpt-audio-1.5 f0=156 onset=0.323 dur=0.750 vowel=0.333-0.863 level=0.050
163	proc	143	bod	train	shiftMags=0	447.699	1.5	1.5	1.5	30	16000	3	0@0.002	0.342	0.328-0.670	-162.705	1067.3	-126	507	840.498	1122.38	690.608	2199.83	840.712	1123.49	688.567	2199.54	142.664	144.858	26.4249	-10.5126	0.0805165	8.125	-27.7298	0							1	0.000121214	-11.0323	voice coral "bod" tok=9857feb367b9f5c6 take=1 src=tts:gpt-audio-1.5 f0=146 onset=0.291 dur=0.500 vowel=0.311-0.721 level=0.050
164	proc	144	bead	train	shiftMags=0	450.638	1.5	1.5	1.5	30	16000	3	0@0.002	0.32	0.412-0.792	264.972	592.957	271	176	265.852	2622.47	428.518	3015.97	265.852	2622.47	428.518	3015.97	163.926	164.392	4.90965	-11.1801	0.0568521	5.375	-27.9993	0							1	0.000121165	-11.7744	voice coral "bead" tok=691b7f4ced7e64e8 take=2 src=tts:gpt-audio-1.5 f0=158 onset=0.295 dur=0.740 vowel=0.295-0.765 level=0.050
165	proc	145	bad	train	shiftMags=0	453.63	1.5	1.5	1.5	30	16000	3	0@0.002	0.302	0.402-0.704	-293.148	913.081	-213	342	1047.43	1840.8	718.798	2774.57	1051.3	1813.81	719.566	2777.02	157.601	153.429	-46.4414	-4.32229	0.113722	8.25	-27.2702	0							1	0.000121249	-4.37521	voice coral "bad" tok=d5dabb9c15c94236 take=2 src=tts:gpt-audio-1.5 f0=152 onset=0.359 dur=0.420 vowel=0.389-0.669 level=0.050
166	proc	146	bod	train	shiftMags=0	456.527	1.5	1.5	1.5	30	16000	3	0@0.002	0.302	0.338-0.640	-201.662	1080.13	-153	529	845.014	1064.97	655.152	2247.76	861.124	1073.6	656.605	2250.48	156.17	144.721	-131.801	-12.2384	0.084325	8	-26.4392	0							1	0.000121171	-12.6455	voice coral "bod" tok=cf96acac8564611c take=2 src=tts:gpt-audio-1.5 f0=150 onset=0.339 dur=0.440 vowel=0.339-0.579 level=0.050
167	proc	147	booed	train	shiftMags=0	459.125	1.5	1.5	1.5	30	16000	3	0@0.002	0.38	0.478-0.858	221.161	1056.8	218	488	401.469	1402.82	498.498	2470.27	401.469	1402.82	498.498	2470.27	167.884	224.448	502.694	-14.0523	0.0444577	10.375	-28.0017	0							1	0.000121564	-15.1834	voice coral "booed" tok=49b1a3e19c2ba4e4 take=2 src=tts:gpt-audio-1.5 f0=169 onset=0.353 dur=0.630 vowel=0.453-0.913 level=0.050
168	proc	148	bead	train	shiftMags=0	461.872	1.5	1.5	1.5	30	16000	3	0@0.002	0.328	0.500-0.828	239.925	607.011	240	182	352.149	2673.56	428.331	3194.67	356.576	2678.63	435.935	3194.93	165.877	163.734	-22.5076	-9.00006	0.0607049	5.75	-28.726	0							1	0.000121831	-9.38703	voice coral "bead" tok=dcd7b2d2ef8bb826 take=3 src=tts:gpt-audio-1.5 f0=167 onset=0.340 dur=0.570 vowel=0.490-0.790 level=0.050
169	proc	149	booed	train	shiftMags=0	464.472	1.5	1.5	1.5	30	16000	3	0@0.002	0.434	0.362-0.796	243.459	1084.6	244	535	311.985	1185.09	584.922	2323.45	311.027	1182.98	588.112	2327.56	258.41	299.768	257.019	-15.2549	0.0599798	7.6875	-27.1935	0							0	0.000120914		voice coral "booed" tok=3d7d5fdd15ca299a take=3 src=tts:gpt-audio-1.5 f0=234 onset=0.356 dur=0.560 vowel=0.356-0.766 level=0.050
170	proc	150	bod	train	shiftMags=0	467.002	1.5	1.5	1.5	30	16000	3	0@0.002	0.332	0.388-0.720	-216.176	1071.04	-163	513	927.986	1147.74	696.829	2206.62	928.515	1151.27	697.12	2236.66	167.474	168.295	8.46166	-11.6297	0.0583172	8.0625	-27.4048	0							1	0.000120365	-12.1154	voice coral "bod" tok=4e3fd7abcf421d5c take=3 src=tts:gpt-audio-1.5 f0=164 onset=0.284 dur=0.530 vowel=0.364-0.674 level=0.050
171	proc	151	bad	train	shiftMags=0	470.369	1.5	1.5	1.5	30	16000	3	0@0.002	0.314	0.396-0.710	-304.309	904.656	-220	336	1042	1871.99	720.385	2715.45	1054.78	1852.94	720.838	2727.3	175.479	176.261	7.69146	-3.73799	0.108715	8.25	-27.2458	0							1	0.000121969	-3.80109	voice coral "bad" tok=d4abfcb45ff2fc28 take=3 src=tts:gpt-audio-1.5 f0=171 onset=0.350 dur=0.450 vowel=0.380-0.680 level=0.050
172	proc	152	bead	train	shiftMags=0	472.77	1.5	1.5	1.5	30	16000	3	0@0.002	0.406	0.486-0.892	249.754	594.616	252	176	306.651	2614.01	455.102	3068.15	317.343	2621.79	459.529	3080.53	169.958	211.229	376.363	-6.95748	0.118914	7.5	-27.7621	0							1	0.000121539	-7.14449	voice coral "bead" tok=b880f76656e7f8a0 take=0 src=tts:gpt-audio-1.5 f0=183 onset=0.334 dur=0.670 vowel=0.484-0.834 level=0.050
173	proc	153	bad	train	shiftMags=0	475.378	1.5	1.5	1.5	30	16000	3	0@0.002	0.368	0.456-0.824	-317.29	927.335	-228	353	1035.91	1824.93	716.528	2748.39	1036.82	1828.85	722.219	2748.39	159.866	154.818	-55.546	-3.90896	0.120916	8.25	-28.3609	0							1	0.000121927	-4.00983	voice coral "bad" tok=92833cac5b54f087 take=0 src=tts:gpt-audio-1.5 f0=153 onset=0.318 dur=0.610 vowel=0.338-0.798 level=0.050
174	proc	154	bod	train	shiftMags=0	477.84	1.5	1.5	1.5	30	16000	3	0@0.002	0.274	0.296-0.570	-157.122	1069.11	-122	507	1029.65	1353.46	715.894	2307.2	1047.14	2242.58	709.211	2309.49	193.737	160.819	-322.397	-10.5576	0.113839	8	-26.9648	0							1	0.00012123	-10.6709	voice coral "bod" tok=5cee818e96e1f17d take=0 src=tts:gpt-audio-1.5 f0=161 onset=0.305 dur=0.490 vowel=0.305-0.535 level=0.050
175	proc	155	booed	train	shiftMags=0	480.246	1.5	1.5	1.5	30	16000	3	0@0.002	0.32	0.478-0.798	224.794	1061.86	222	496	427.062	1351.64	538.761	2607.52	427.062	1351.64	538.761	2607.52	153.696	169.458	169.013	-12.5443	0.0476446	7.5625	-28.5428	1	1.485+15.4ms						1	0.000121864	-13.794	voice coral "booed" tok=54342660dea87fd6 take=0 src=tts:gpt-audio-1.5 f0=153 onset=0.324 dur=0.610 vowel=0.464-0.744 level=0.050
176	proc	156	booed	train	shiftMags=0	482.952	1.5	1.5	1.5	30	16000	3	0@0.002	0.398	0.512-0.910	230.057	1060.44	228	491	375.194	1392.35	534.008	2531.61	375.194	1392.35	534.008	2531.61	151.227	163.827	138.55	-10.2895	0.104791	7.5625	-28.2943	0							1	0.000121503	-10.9092	voice coral "booed" tok=26f0c31b04f93a6f take=1 src=tts:gpt-audio-1.5 f0=156 onset=0.350 dur=0.750 vowel=0.360-0.890 level=0.050
177	proc	157	bod	train	shiftMags=0	485.414	1.5	1.5	1.5	30	16000	3	0@0.002	0.342	0.358-0.700	-162.716	1067.98	-126	507	840.599	1120.85	680.457	2184.67	841.17	1121.72	677.621	2185.3	142.748	143.764	12.2759	-10.7691	0.0685131	8.125	-27.7292	0							1	0.000120441	-11.0262	voice coral "bod" tok=9857feb367b9f5c6 take=1 src=tts:gpt-audio-1.5 f0=146 onset=0.320 dur=0.500 vowel=0.340-0.750 level=0.050
178	proc	158	bad	train	shiftMags=0	488.289	1.5	1.5	1.5	30	16000	3	0@0.002	0.41	0.392-0.802	-274.316	912.756	-201	342	988.129	1869.26	700.252	2769.93	989.89	1871.02	700.429	2769.94	143.214	145.384	26.0324	-3.36813	0.112793	8.25	-28.083	0							1	0.000121844	-3.40857	voice coral "bad" tok=efc2fba079c6955e take=1 src=tts:gpt-audio-1.5 f0=144 onset=0.338 dur=0.610 vowel=0.388-0.878 level=0.050
179	proc	159	bead	train	shiftMags=0	490.605	1.5	1.5	1.5	30	16000	3	0@0.002	0.42	0.384-0.834	253.164	606.568	256	182	307.089	2680.65	495.219	3285.22	309.771	2682.71	498.892	3316.51	164.09	186.318	219.932	-9.30644	0.0788002	7.4375	-27.078	0							1	0.000121746	-9.51839	voice coral "bead" tok=aacd0148370d36d7 take=1 src=tts:gpt-audio-1.5 f0=154 onset=0.331 dur=0.770 vowel=0.361-0.811 level=0.050
180	proc	160	bod	train	shiftMags=0	493.025	1.5	1.5	1.5	30	16000	3	0@0.002	0.302	0.314-0.616	-201.823	1080	-153	529	848.676	1073.22	652.064	2229.63	856.207	1074.94	653.521	2235.51	154.926	145.843	-104.596	-11.6114	0.112979	8	-26.4389	0							1	0.00012052	-12.1868	voice coral "bod" tok=cf96acac8564611c take=2 src=tts:gpt-audio-1.5 f0=150 onset=0.315 dur=0.440 vowel=0.315-0.555 level=0.050
181	proc	161	bead	train	shiftMags=0	495.593	1.5	1.5	1.5	30	16000	3	0@0.002	0.32	0.430-0.808	265.113	591.883	271	176	272.617	2649.06	439.714	3087.96	272.617	2649.06	439.714	3087.96	162.87	162.026	-8.98666	-10.9643	0.0502354	5.3125	-27.9982	0							1	0.000121704	-11.7419	voice coral "bead" tok=691b7f4ced7e64e8 take=2 src=tts:gpt-audio-1.5 f0=158 onset=0.313 dur=0.740 vowel=0.313-0.783 level=0.050
182	proc	162	bad	train	shiftMags=0	498.004	1.5	1.5	1.5	30	16000	3	0@0.002	0.302	0.390-0.692	-293.131	913.468	-213	342	1051.28	1834.19	714.377	2781.95	1054.11	1824.17	719.527	2794.87	166.16	149.982	-177.343	-4.19037	0.117562	8.25	-27.2698	1	0.985+15.4ms						1	0.000121784	-4.35098	voice coral "bad" tok=d5dabb9c15c94236 take=2 src=tts:gpt-audio-1.5 f0=152 onset=0.346 dur=0.420 vowel=0.376-0.656 level=0.050
183	proc	163	booed	train	shiftMags=0	500.882	1.5	1.5	1.5	30	16000	3	0@0.002	0.382	0.438-0.820	222.576	1055.39	220	485	401.225	1404.97	466.637	2472.73	401.225	1404.97	466.637	2472.73	167.3	215.207	435.945	-13.6095	0.0448098	10.375	-28.0022	0							0	0.000119836		voice coral "booed" tok=49b1a3e19c2ba4e4 take=2 src=tts:gpt-audio-1.5 f0=169 onset=0.314 dur=0.630 vowel=0.414-0.874 level=0.050
184	proc	164	booed	train	shiftMags=0	503.501	1.5	1.5	1.5	30	16000	3	0@0.002	0.432	0.332-0.764	243.284	1084.85	244	535	311.981	1184.87	600.55	2320.24	311.019	1182.85	601.576	2330.42	258.382	296.652	239.121	-15.0905	0.0598609	7.6875	-27.1939	0							1	0.00012201	-16.2982	voice coral "booed" tok=3d7d5fdd15ca299a take=3 src=tts:gpt-audio-1.5 f0=234 onset=0.326 dur=0.560 vowel=0.326-0.736 level=0.050
185	proc	165	bead	train	shiftMags=0	505.797	1.5	1.5	1.5	30	16000	3	0@0.002	0.328	0.468-0.796	240.059	606.314	240	182	354.774	2668.53	424.109	3228.09	356.625	2674.9	428.407	3248.77	167.806	157.336	-111.535	-9.12351	0.0635306	10.5	-28.7256	0							1	0.00012085	-9.59892	voice coral "bead" tok=dcd7b2d2ef8bb826 take=3 src=tts:gpt-audio-1.5 f0=167 onset=0.308 dur=0.570 vowel=0.458-0.758 level=0.050
186	proc	166	bod	train	shiftMags=0	508.2	1.5	1.5	1.5	30	16000	3	0@0.002	0.332	0.408-0.740	-216.126	1071.29	-163	513	928.842	1150.06	702.373	2226	929.094	1153.7	706.688	2226.86	167.005	164.646	-24.6275	-11.6257	0.0528817	8.0625	-27.4047	0							1	0.000120132	-12.0264	voice coral "bod" tok=4e3fd7abcf421d5c take=3 src=tts:gpt-audio-1.5 f0=164 onset=0.304 dur=0.530 vowel=0.384-0.694 level=0.050
187	proc	167	bad	train	shiftMags=0	510.974	1.5	1.5	1.5	30	16000	3	0@0.002	0.314	0.396-0.710	-304.24	904.257	-220	336	1041.5	1873.42	708.394	2722.41	1054.8	1851.56	715.62	2749.01	175.505	172.346	-31.447	-3.75632	0.117217	8.25	-27.2456	0							1	0.000121356	-3.80656	voice coral "bad" tok=d4abfcb45ff2fc28 take=3 src=tts:gpt-audio-1.5 f0=171 onset=0.350 dur=0.450 vowel=0.380-0.680 level=0.050
188	proc	168	booed	train	shiftMags=0	513.456	1.5	1.5	1.5	30	16000	3	0@0.002	0.32	0.490-0.810	226.102	1062.94	224	496	432.975	1342.95	531.804	2588.04	432.975	1342.95	531.804	2588.04	154.144	170.656	176.172	-13.0722	0.0395842	7.5625	-28.5414	0							0	0.000121978		voice coral "booed" tok=54342660dea87fd6 take=0 src=tts:gpt-audio-1.5 f0=153 onset=0.337 dur=0.610 vowel=0.477-0.757 level=0.050
189	proc	169	bad	train	shiftMags=0	515.93	1.5	1.5	1.5	30	16000	3	0@0.002	0.368	0.470-0.838	-317.331	927.664	-228	353	1039.18	1826.88	709.095	2713.33	1039.35	1832.19	709.585	2732.99	157.734	152.764	-55.4288	-3.96482	0.117959	8.25	-28.3608	0							1	0.000121756	-4.04194	voice coral "bad" tok=92833cac5b54f087 take=0 src=tts:gpt-audio-1.5 f0=153 onset=0.331 dur=0.610 vowel=0.351-0.811 level=0.050
190	proc	170	bead	train	shiftMags=0	518.338	1.5	1.5	1.5	30	16000	3	0@0.002	0.406	0.476-0.882	250.021	594.265	252	176	310.697	2608.17	453.835	3079.12	319.416	2608.17	455.939	3091.05	170.538	212.585	381.533	-7.65348	0.130319	7.5	-27.7623	0							1	0.000121483	-7.86627	voice coral "bead" tok=b880f76656e7f8a0 take=0 src=tts:gpt-audio-1.5 f0=183 onset=0.326 dur=0.670 vowel=0.476-0.826 level=0.050
191	proc	171	bod	train	shiftMags=0	520.598	1.5	1.5	1.5	30	16000	3	0@0.002	0.272	0.314-0.586	-157.081	1069.69	-122	510	1041.26	2223.54	778.514	2312.66	1050.93	3077.23	1401.7	2670.14	188.068	168.929	-185.803	-10.1624	0.110561	8	-26.9644	0							1	0.000119946	-10.5542	voice coral "bod" tok=5cee818e96e1f17d take=0 src=tts:gpt-audio-1.5 f0=161 onset=0.322 dur=0.490 vowel=0.322-0.552 level=0.050
192	proc	172	bod	train	shiftMags=0	523.417	1.5	1.5	1.5	30	16000	3	0@0.002	0.342	0.390-0.732	-162.713	1067.51	-126	507	840.464	1121.04	694.87	2184.77	841.237	1123.61	694.086	2190.91	142.054	144.292	27.0534	-10.5036	0.0737035	8.125	-27.7298	0							1	0.000121949	-10.9199	voice coral "bod" tok=9857feb367b9f5c6 take=1 src=tts:gpt-audio-1.5 f0=146 onset=0.352 dur=0.500 vowel=0.372-0.782 level=0.050
193	proc	173	bad	train	shiftMags=0	525.911	1.5	1.5	1.5	30	16000	3	0@0.002	0.41	0.366-0.776	-274.418	912.331	-201	342	986.5	1871.79	700.542	2759.66	990.075	1875.47	701.782	2763.82	143.038	149.988	82.1386	-3.39368	0.10967	8.25	-28.0821	0							1	0.000121498	-3.439	voice coral "bad" tok=efc2fba079c6955e take=1 src=tts:gpt-audio-1.5 f0=144 onset=0.313 dur=0.610 vowel=0.363-0.853 level=0.050
194	proc	174	bead	train	shiftMags=0	528.344	1.5	1.5	1.5	30	16000	3	0@0.002	0.416	0.388-0.840	253.11	601.405	256	179	308.936	2679.35	502.287	3342.18	309.754	2689.03	503.765	3360.1	148.341	142.985	-63.6589	-9.40885	0.0846252	7.4375	-27.0761	0							1	0.000121916	-9.74187	voice coral "bead" tok=aacd0148370d36d7 take=1 src=tts:gpt-audio-1.5 f0=154 onset=0.336 dur=0.770 vowel=0.366-0.816 level=0.050
195	proc	175	booed	train	shiftMags=0	530.673	1.5	1.5	1.5	30	16000	3	0@0.002	0.398	0.470-0.868	230.095	1061.29	228	491	376.756	1381.87	536.341	2526.38	376.756	1381.87	536.341	2526.38	151.171	166.59	168.151	-10.1621	0.107705	7.5	-28.2947	1	1.485+15.4ms						1	0.00012205	-10.7391	voice coral "booed" tok=26f0c31b04f93a6f take=1 src=tts:gpt-audio-1.5 f0=156 onset=0.307 dur=0.750 vowel=0.317-0.847 level=0.050
196	proc	176	bod	train	shiftMags=0	533.302	1.5	1.5	1.5	30	16000	3	0@0.002	0.302	0.294-0.596	-201.819	1080.05	-153	529	846.517	1072.89	664.538	2240.1	853.289	1075.22	663.869	2240.05	155.082	140.137	-175.431	-11.9664	0.0842934	8	-26.4396	0							1	0.000121277	-12.4668	voice coral "bod" tok=cf96acac8564611c take=2 src=tts:gpt-audio-1.5 f0=150 onset=0.295 dur=0.440 vowel=0.295-0.535 level=0.050
197	proc	177	bead	train	shiftMags=0	536.106	1.5	1.5	1.5	30	16000	3	0@0.002	0.32	0.480-0.860	265.101	592.749	271	176	272.801	2647.22	449.102	3068.43	272.801	2647.22	449.102	3068.43	159.876	166.078	65.8843	-11.2781	0.0565715	7.375	-27.9993	0							1	0.000120546	-11.7827	voice coral "bead" tok=691b7f4ced7e64e8 take=2 src=tts:gpt-audio-1.5 f0=158 onset=0.363 dur=0.740 vowel=0.363-0.833 level=0.050
198	proc	178	booed	train	shiftMags=0	539.066	1.5	1.5	1.5	30	16000	3	0@0.002	0.38	0.434-0.814	219.743	1056.48	216	488	403.317	1394.23	491.859	2475.74	403.317	1394.23	491.859	2475.74	168.23	206.964	358.732	-13.8922	0.0427939	10.375	-28.0018	0							0	0.000122019		voice coral "booed" tok=49b1a3e19c2ba4e4 take=2 src=tts:gpt-audio-1.5 f0=169 onset=0.308 dur=0.630 vowel=0.408-0.868 level=0.050
199	proc	179	bad	train	shiftMags=0	542.016	1.5	1.5	1.5	30	16000	3	0@0.002	0.302	0.412-0.714	-297.087	913.502	-216	342	1046.33	1840.02	711.292	2775.77	1051.52	1815.96	719.208	2791.83	157.588	154.301	-36.4892	-4.33564	0.118783	8.25	-27.2691	0							1	0.000120192	-4.3365	voice coral "bad" tok=d5dabb9c15c94236 take=2 src=tts:gpt-audio-1.5 f0=152 onset=0.368 dur=0.420 vowel=0.398-0.678 level=0.050
200	proc	180	bead	train	shiftMags=0	544.278	1.5	1.5	1.5	30	16000	3	0@0.002	0.328	0.530-0.858	240.041	607.845	240	182	352.492	2663.02	441.244	3172.8	357.589	2670.19	441.858	3183.84	164.215	164.688	4.97837	-9.14098	0.0608373	5.75	-28.7264	0							1	0.000121743	-9.79928	voice coral "bead" tok=dcd7b2d2ef8bb826 take=3 src=tts:gpt-audio-1.5 f0=167 onset=0.371 dur=0.570 vowel=0.521-0.821 level=0.050
201	proc	181	bod	train	shiftMags=0	547.9	1.5	1.5	1.5	30	16000	3	0@0.002	0.33	0.402-0.732	-213.685	1071	-161	513	929.88	1143.76	698.505	2208.63	930.239	1144.19	698.838	2209.22	167.156	163.712	-36.0439	-11.7575	0.0586702	8.0625	-27.4045	0							0	0.000121783		voice coral "bod" tok=4e3fd7abcf421d5c take=3 src=tts:gpt-audio-1.5 f0=164 onset=0.297 dur=0.530 vowel=0.377-0.687 level=0.050
202	proc	182	booed	train	shiftMags=0	550.514	1.5	1.5	1.5	30	16000	3	0@0.002	0.432	0.314-0.746	243.522	1084.33	244	535	312.294	1187.95	587.882	2315.56	311.354	1184.59	591.757	2324.93	262.962	285.803	144.203	-15.1569	0.0567591	7.6875	-27.1935	1	0.985+15.4ms						1	0.000121905	-16.3308	voice coral "booed" tok=3d7d5fdd15ca299a take=3 src=tts:gpt-audio-1.5 f0=234 onset=0.308 dur=0.560 vowel=0.308-0.718 level=0.050
203	proc	183	bad	train	shiftMags=0	553.176	1.5	1.5	1.5	30	16000	3	0@0.002	0.314	0.404-0.718	-304.311	903.995	-220	336	1051.01	1862.47	714.236	2723.95	1053.73	1856	719.04	2729.69	179.411	175.874	-34.4734	-3.70767	0.114889	8.25	-27.2457	0							1	0.00012125	-3.8028	voice coral "bad" tok=d4abfcb45ff2fc28 take=3 src=tts:gpt-audio-1.5 f0=171 onset=0.358 dur=0.450 vowel=0.388-0.688 level=0.050
204	proc	184	bod	train	shiftMags=0	555.746	1.5	1.5	1.5	30	16000	3	0@0.002	0.272	0.312-0.584	-157.222	1068.89	-122	510	1038.99	3075.83	683.728	2247.58	1058.39	3082.53	642.35	2277.79	182.384	168.048	-141.72	-10.3186	0.106898	8	-26.9647	0							1	0.00012065	-10.479	voice coral "bod" tok=5cee818e96e1f17d take=0 src=tts:gpt-audio-1.5 f0=161 onset=0.319 dur=0.490 vowel=0.319-0.549 level=0.050
205	proc	185	booed	train	shiftMags=0	558.692	1.5	1.5	1.5	30	16000	3	0@0.002	0.32	0.498-0.818	224.774	1062.86	222	496	428.165	1351.42	536.219	2599.89	428.165	1351.42	536.219	2599.89	153.159	172.103	201.89	-12.6787	0.053855	7.5625	-28.5415	0							1	0.000121676	-13.5844	voice coral "booed" tok=54342660dea87fd6 take=0 src=tts:gpt-audio-1.5 f0=153 onset=0.344 dur=0.610 vowel=0.484-0.764 level=0.050
206	proc	186	bad	train	shiftMags=0	561.387	1.5	1.5	1.5	30	16000	3	0@0.002	0.368	0.448-0.816	-317.254	927.204	-228	353	1035.86	1825.86	711.036	2755.83	1039.33	1831.28	716.41	2757.73	154.321	152.208	-23.8644	-3.90824	0.11173	8.25	-28.3623	0							1	0.000121893	-4.01906	voice coral "bad" tok=92833cac5b54f087 take=0 src=tts:gpt-audio-1.5 f0=153 onset=0.310 dur=0.610 vowel=0.330-0.790 level=0.050
207	proc	187	bead	train	shiftMags=0	563.964	1.5	1.5	1.5	30	16000	3	0@0.002	0.406	0.500-0.906	250.096	592.957	252	176	308.166	2604.27	452.849	3072.96	316.216	2617.23	457.874	3085.16	182.429	213.1	269.035	-7.65457	0.121961	7.5	-27.7607	0							1	0.000121993	-7.83251	voice coral "bead" tok=b880f76656e7f8a0 take=0 src=tts:gpt-audio-1.5 f0=183 onset=0.349 dur=0.670 vowel=0.499-0.849 level=0.050
208	proc	188	bod	train	shiftMags=0	566.936	1.5	1.5	1.5	30	16000	3	0@0.002	0.34	0.326-0.666	-162.735	1066.77	-126	507	843.65	1124.66	692.998	2166.8	843.65	1124.66	692.998	2184.34	142.838	144.634	21.6282	-10.3758	0.0737189	8.125	-27.7303	0							1	0.000121374	-10.7444	voice coral "bod" tok=9857feb367b9f5c6 take=1 src=tts:gpt-audio-1.5 f0=146 onset=0.288 dur=0.500 vowel=0.308-0.718 level=0.050
209	proc	189	bead	train	shiftMags=0	569.575	1.5	1.5	1.5	30	16000	3	0@0.002	0.418	0.406-0.858	253.118	605.972	256	182	307.953	2685.26	504.742	3331.06	310.387	2685.97	506.194	3353.7	163.048	142.832	-229.176	-9.38229	0.0825912	5.5625	-27.0729	0							1	0.000121423	-9.69361	voice coral "bead" tok=aacd0148370d36d7 take=1 src=tts:gpt-audio-1.5 f0=154 onset=0.355 dur=0.770 vowel=0.385-0.835 level=0.050
210	proc	190	bad	train	shiftMags=0	571.831	1.5	1.5	1.5	30	16000	3	0@0.002	0.412	0.344-0.756	-277.056	912.295	-203	342	988.088	1870.04	699.82	2757.75	989.143	1873.95	699.923	2761.88	142.976	145.273	27.591	-3.35251	0.110234	8.25	-28.0829	0							1	0.000121783	-3.43863	voice coral "bad" tok=efc2fba079c6955e take=1 src=tts:gpt-audio-1.5 f0=144 onset=0.292 dur=0.610 vowel=0.342-0.832 level=0.050
211	proc	191	booed	train	shiftMags=0	574.551	1.5	1.5	1.5	30	16000	3	0@0.002	0.398	0.468-0.866	230.088	1061.69	228	491	377.394	1378.21	546.972	2517.07	377.394	1378.21	546.972	2517.07	151.78	172.712	223.673	-10.508	0.106506	7.5625	-28.2938	0							1	0.000120907	-10.8785	voice coral "booed" tok=26f0c31b04f93a6f take=1 src=tts:gpt-audio-1.5 f0=156 onset=0.306 dur=0.750 vowel=0.316-0.846 level=0.050
212	proc	192	bad	train	shiftMags=0	577.525	1.5	1.5	1.5	30	16000	3	0@0.002	0.302	0.400-0.702	-297.101	913.318	-216	342	1050.62	1834.17	718.744	2789.02	1053.5	1823.24	721.241	2796.33	166.243	152.886	-145.001	-4.14277	0.120673	8.25	-27.2702	0							1	0.000121626	-4.29064	voice coral "bad" tok=d5dabb9c15c94236 take=2 src=tts:gpt-audio-1.5 f0=152 onset=0.356 dur=0.420 vowel=0.386-0.666 level=0.050
213	proc	193	bead	train	shiftMags=0	580.265	1.5	1.5	1.5	30	16000	3	0@0.002	0.316	0.444-0.822	264.954	591.3	271	176	269.813	2634.69	439.441	3064.18	269.813	2634.69	439.441	3064.18	163.409	166.445	31.8662	-10.7999	0.0544763	7.625	-27.9995	0							0	0.000119226		voice coral "bead" tok=691b7f4ced7e64e8 take=2 src=tts:gpt-audio-1.5 f0=158 onset=0.326 dur=0.740 vowel=0.326-0.796 level=0.050
214	proc	194	bod	train	shiftMags=0	582.665	1.5	1.5	1.5	30	16000	3	0@0.002	0.302	0.368-0.670	-201.78	1079.89	-153	535	844.873	1065.59	659.11	2246.58	860.085	1074.02	661.853	2248.88	156.291	175.834	203.976	-11.9713	0.0923557	8	-26.4394	0							1	0.000121544	-12.5425	voice coral "bod" tok=cf96acac8564611c take=2 src=tts:gpt-audio-1.5 f0=150 onset=0.369 dur=0.440 vowel=0.369-0.609 level=0.050
215	proc	195	booed	train	shiftMags=0	585.543	1.5	1.5	1.5	30	16000	3	0@0.002	0.382	0.444-0.826	222.582	1055.84	220	485	401.486	1402.68	496.413	2482.7	401.486	1402.68	496.413	2482.7	169.158	227.064	509.676	-13.661	0.0514184	7.4375	-28.0022	1	1.485+15.4ms						1	0.000122023	-15.1874	voice coral "booed" tok=49b1a3e19c2ba4e4 take=2 src=tts:gpt-audio-1.5 f0=169 onset=0.320 dur=0.630 vowel=0.420-0.880 level=0.050
216	proc	196	bead	train	shiftMags=0	587.82	1.5	1.5	1.5	30	16000	3	0@0.002	0.328	0.492-0.820	240.066	607.885	240	182	350.623	2644.68	438.824	3177.47	353.519	2666.11	441.011	3184.2	164.857	152.2	-138.29	-9.35486	0.0663604	5.75	-28.7265	0							1	0.000121971	-9.79749	voice coral "bead" tok=dcd7b2d2ef8bb826 take=3 src=tts:gpt-audio-1.5 f0=167 onset=0.333 dur=0.570 vowel=0.483-0.783 level=0.050
217	proc	197	bad	train	shiftMags=0	590.705	1.5	1.5	1.5	30	16000	3	0@0.002	0.312	0.418-0.730	-304.474	906.094	-220	336	1045.62	1866.95	709.656	2747.55	1053.44	1845.83	712.087	2764.49	177.378	178.188	7.89143	-3.70952	0.114562	8.25	-27.2458	0							1	0.000121569	-3.78752	voice coral "bad" tok=d4abfcb45ff2fc28 take=3 src=tts:gpt-audio-1.5 f0=171 onset=0.371 dur=0.450 vowel=0.401-0.701 level=0.050
218	proc	198	bod	train	shiftMags=0	593.057	1.5	1.5	1.5	30	16000	3	0@0.002	0.33	0.434-0.764	-218.879	1070.65	-165	513	931.613	1142.1	704.367	2219.71	932.77	1143.28	706.859	2222.93	165.706	162.472	-34.1141	-11.3366	0.0584328	8.0625	-27.4049	0							1	0.000120354	-11.7602	voice coral "bod" tok=4e3fd7abcf421d5c take=3 src=tts:gpt-audio-1.5 f0=164 onset=0.329 dur=0.530 vowel=0.409-0.719 level=0.050
219	proc	199	booed	train	shiftMags=0	595.938	1.5	1.5	1.5	30	16000	3	0@0.002	0.432	0.364-0.796	243.409	1085.33	244	535	312.189	1186.84	591.912	2325.06	311.239	1184.02	593.835	2332.15	260.1	293.282	207.865	-14.4539	0.0665169	7.6875	-27.1938	0							1	0.00012164	-15.7409	voice coral "booed" tok=3d7d5fdd15ca299a take=3 src=tts:gpt-audio-1.5 f0=234 onset=0.357 dur=0.560 vowel=0.357-0.767 level=0.050
220	proc	200	bad	train	shiftMags=0	598.321	1.5	1.5	1.5	30	16000	3	0@0.002	0.366	0.444-0.810	-317.307	927.49	-228	353	1037.02	1826.79	706.724	2763.34	1037.97	1826.79	714.909	2764.04	158.238	155.816	-26.6945	-3.84283	0.113099	8.25	-28.3611	0							1	0.000120543	-3.88854	voice coral "bad" tok=92833cac5b54f087 take=0 src=tts:gpt-audio-1.5 f0=153 onset=0.304 dur=0.610 vowel=0.324-0.784 level=0.050
221	proc	201	bead	train	shiftMags=0	600.681	1.5	1.5	1.5	30	16000	3	0@0.002	0.406	0.442-0.848	250.029	594.968	252	176	307.326	2602.94	456.766	3069.72	315.176	2620.7	458.403	3079.21	172.084	210.725	350.694	-7.01192	0.143803	7.5	-27.7624	0							1	0.000121881	-7.17516	voice coral "bead" tok=b880f76656e7f8a0 take=0 src=tts:gpt-audio-1.5 f0=183 onset=0.290 dur=0.670 vowel=0.440-0.790 level=0.050
222	proc	202	bod	train	shiftMags=0	603.12	1.5	1.5	1.5	30	16000	3	0@0.002	0.272	0.328-0.600	-157.2	1069.89	-122	510	1032.26	1405.27	848.196	2306.73	1050.92	3082.95	1412.11	2701.58	190.847	164.481	-257.397	-9.96295	0.103865	8	-26.964	1	0.985+15.4ms						1	0.000119558	-10.5643	voice coral "bod" tok=5cee818e96e1f17d take=0 src=tts:gpt-audio-1.5 f0=161 onset=0.336 dur=0.490 vowel=0.336-0.566 level=0.050
223	proc	203	booed	train	shiftMags=0	605.748	1.5	1.5	1.5	30	16000	3	0@0.002	0.318	0.524-0.842	226.445	1059.76	224	496	432.321	1339.58	539.471	2593.27	432.321	1339.58	539.471	2593.27	154.009	167.45	144.86	-12.9242	0.0469683	7.5625	-28.5412	0							1	0.000121172	-14.087	voice coral "booed" tok=54342660dea87fd6 take=0 src=tts:gpt-audio-1.5 f0=153 onset=0.370 dur=0.610 vowel=0.510-0.790 level=0.050
224	proc	204	bead	train	shiftMags=0	608.517	1.5	1.5	1.5	30	16000	3	0@0.002	0.422	0.342-0.792	253.154	606.325	256	182	308.199	2677.86	494.965	3265.54	309.715	2690.8	501.146	3291.23	166.962	140.455	-299.294	-9.44634	0.0787378	7.6875	-27.0742	0							1	0.000121748	-9.55066	voice coral "bead" tok=aacd0148370d36d7 take=1 src=tts:gpt-audio-1.5 f0=154 onset=0.289 dur=0.770 vowel=0.319-0.769 level=0.050
225	proc	205	bad	train	shiftMags=0	611.151	1.5	1.5	1.5	30	16000	3	0@0.002	0.41	0.372-0.782	-279.587	912.181	-205	342	988.54	1870.62	699.125	2766.85	989.963	1871.69	699.169	2767.23	143.213	145.261	24.5772	-3.3394	0.110985	8.25	-28.0825	0							1	0.000121621	-3.4433	voice coral "bad" tok=efc2fba079c6955e take=1 src=tts:gpt-audio-1.5 f0=144 onset=0.319 dur=0.610 vowel=0.369-0.859 level=0.050
226	proc	206	booed	train	shiftMags=0	613.455	1.5	1.5	1.5	30	16000	3	0@0.002	0.398	0.484-0.882	230.124	1061.94	228	491	376.039	1390.38	541.407	2529.65	376.039	1390.38	541.407	2529.65	151.837	168.546	180.748	-10.2353	0.107779	7.5625	-28.294	0							1	0.000121874	-10.6361	voice coral "booed" tok=26f0c31b04f93a6f take=1 src=tts:gpt-audio-1.5 f0=156 onset=0.321 dur=0.750 vowel=0.331-0.861 level=0.050
227	proc	207	bod	train	shiftMags=0	616.415	1.5	1.5	1.5	30	16000	3	0@0.002	0.342	0.378-0.720	-162.717	1067.8	-126	507	840.261	1120.83	694.781	2189.42	840.338	1121.88	692.791	2190.35	142.752	146.905	49.6416	-10.535	0.0743898	8.125	-27.729	0							1	0.000120156	-11.0152	voice coral "bod" tok=9857feb367b9f5c6 take=1 src=tts:gpt-audio-1.5 f0=146 onset=0.340 dur=0.500 vowel=0.360-0.770 level=0.050
228	proc	208	bod	train	shiftMags=0	619.294	1.5	1.5	1.5	30	16000	3	0@0.002	0.302	0.290-0.592	-201.768	1080.45	-153	529	843.305	1066.39	651.902	2234.84	856.181	1073.97	654.194	2237.98	156.885	163.925	75.9951	-11.9253	0.0835719	8	-26.4393	0							1	0.000121726	-12.4344	voice coral "bod" tok=cf96acac8564611c take=2 src=tts:gpt-audio-1.5 f0=150 onset=0.291 dur=0.440 vowel=0.291-0.531 level=0.050
229	proc	209	booed	train	shiftMags=0	621.819	1.5	1.5	1.5	30	16000	3	0@0.002	0.382	0.416-0.798	222.713	1055.41	220	485	404.433	1406.69	482.764	2474.48	404.433	1406.69	482.764	2474.48	167.559	197.991	288.916	-13.5128	0.0553096	10.375	-28.001	0							0	0.000121277		voice coral "booed" tok=49b1a3e19c2ba4e4 take=2 src=tts:gpt-audio-1.5 f0=169 onset=0.291 dur=0.630 vowel=0.391-0.851 level=0.050
230	proc	210	bad	train	shiftMags=0	624.097	1.5	1.5	1.5	30	16000	3	0@0.002	0.304	0.378-0.682	-292.978	913.531	-213	342	1052.34	1834	722.366	2773.63	1053.13	1824.11	723.296	2777.77	161.608	154.906	-73.3211	-4.23652	0.114548	8.25	-27.2699	0							1	0.000120425	-4.39286	voice coral "bad" tok=d5dabb9c15c94236 take=2 src=tts:gpt-audio-1.5 f0=152 onset=0.335 dur=0.420 vowel=0.365-0.645 level=0.050
231	proc	211	bead	train	shiftMags=0	627.654	1.5	1.5	1.5	30	16000	3	0@0.002	0.318	0.432-0.810	264.973	593.021	271	176	270.715	2643.32	443.581	3060.28	270.715	2643.32	443.581	3060.28	163.495	165.708	23.2797	-10.6059	0.0589761	7.375	-27.999	0							0	0.000121692		voice coral "bead" tok=691b7f4ced7e64e8 take=2 src=tts:gpt-audio-1.5 f0=158 onset=0.314 dur=0.740 vowel=0.314-0.784 level=0.050
232	proc	212	bod	train	shiftMags=0	630.626	1.5	1.5	1.5	30	16000	3	0@0.002	0.332	0.436-0.768	-213.62	1071.31	-161	513	930.34	1151.88	702.53	2226.38	932.019	1152.73	702.69	2226.38	166.887	168.365	15.2571	-11.4763	0.0489577	8.0625	-27.4039	0							1	0.000121392	-12.0893	voice coral "bod" tok=4e3fd7abcf421d5c take=3 src=tts:gpt-audio-1.5 f0=164 onset=0.332 dur=0.530 vowel=0.412-0.722 level=0.050
233	proc	213	bead	train	shiftMags=0	633.592	1.5	1.5	1.5	30	16000	3	0@0.002	0.326	0.474-0.800	240.012	606.675	240	182	353.711	2663.23	415.578	3179.77	353.711	2663.23	415.578	3179.77	165.285	160.886	-46.6973	-8.84575	0.0686469	5.75	-28.7256	0							1	0.000121848	-9.30779	voice coral "bead" tok=dcd7b2d2ef8bb826 take=3 src=tts:gpt-audio-1.5 f0=167 onset=0.313 dur=0.570 vowel=0.463-0.763 level=0.050
234	proc	214	booed	train	shiftMags=0	635.968	1.5	1.5	1.5	30	16000	3	0@0.002	0.434	0.372-0.806	243.339	1084.89	244	535	312.001	1186.38	600.766	2308.43	311.041	1183.63	606.996	2324.65	259.758	284.27	156.109	-15.1232	0.0560467	7.6875	-27.1934	0							1	0.000121855	-16.2641	voice coral "booed" tok=3d7d5fdd15ca299a take=3 src=tts:gpt-audio-1.5 f0=234 onset=0.367 dur=0.560 vowel=0.367-0.777 level=0.050
235	proc	215	bad	train	shiftMags=0	638.366	1.5	1.5	1.5	30	16000	3	0@0.002	0.314	0.412-0.726	-304.408	903.981	-220	336	1050.27	1863.91	715.228	2719.05	1053.11	1856.59	722.746	2723.53	177.372	176.112	-12.3348	-3.59724	0.115846	8.25	-27.2459	1	1.485+15.4ms						1	0.000119293	-3.78689	voice coral "bad" tok=d4abfcb45ff2fc28 take=3 src=tts:gpt-audio-1.5 f0=171 onset=0.367 dur=0.450 vowel=0.397-0.697 level=0.050
236	proc	216	booed	train	shiftMags=0	641.349	1.5	1.5	1.5	30	16000	3	0@0.002	0.318	0.486-0.804	226.728	1062.54	224	496	429.049	1351.74	541.938	2597.49	429.049	1351.74	541.938	2597.49	152.449	166.439	151.994	-13.2045	0.0476039	7.5625	-28.5421	0							1	0.000121838	-14.3025	voice coral "booed" tok=54342660dea87fd6 take=0 src=tts:gpt-audio-1.5 f0=153 onset=0.333 dur=0.610 vowel=0.473-0.753 level=0.050
237	proc	217	bead	train	shiftMags=0	643.853	1.5	1.5	1.5	30	16000	3	0@0.002	0.406	0.450-0.856	249.736	595.151	252	176	308.499	2602.05	454.299	3061.59	316.789	2613.06	458.949	3078.14	163.977	214.069	461.497	-7.01186	0.125054	7.5	-27.7603	0							1	0.000121801	-7.21056	voice coral "bead" tok=b880f76656e7f8a0 take=0 src=tts:gpt-audio-1.5 f0=183 onset=0.298 dur=0.670 vowel=0.448-0.798 level=0.050
238	proc	218	bod	train	shiftMags=0	646.625	1.5	1.5	1.5	30	16000	3	0@0.002	0.272	0.280-0.552	-157.091	1068.8	-122	507	1039.25	1398.72	719.325	2290.84	1052.07	3080.33	702.997	2299.03	187.903	168.481	-188.886	-10.2629	0.116607	8	-26.9645	0							1	0.000121785	-10.4927	voice coral "bod" tok=5cee818e96e1f17d take=0 src=tts:gpt-audio-1.5 f0=161 onset=0.287 dur=0.490 vowel=0.287-0.517 level=0.050
239	proc	219	bad	train	shiftMags=0	649.572	1.5	1.5	1.5	30	16000	3	0@0.002	0.366	0.426-0.792	-317.354	927.623	-228	353	1035.68	1827.88	708.062	2756.99	1038.33	1828.13	716.102	2756.74	159.963	151.421	-95.0112	-3.83827	0.121693	8.25	-28.361	0							1	0.000122016	-3.96569	voice coral "bad" tok=92833cac5b54f087 take=0 src=tts:gpt-audio-1.5 f0=153 onset=0.287 dur=0.610 vowel=0.307-0.767 level=0.050
240	proc	220	booed	train	shiftMags=0	652.441	1.5	1.5	1.5	30	16000	3	0@0.002	0.398	0.500-0.898	230.098	1060.73	228	491	375.97	1385.42	534.992	2522.13	375.97	1385.42	534.992	2522.13	151.1	169.222	196.096	-10.2762	0.0997052	7.5625	-28.2947	0							1	0.000121719	-10.8791	voice coral "booed" tok=26f0c31b04f93a6f take=1 src=tts:gpt-audio-1.5 f0=156 onset=0.338 dur=0.750 vowel=0.348-0.878 level=0.050
241	proc	221	bad	train	shiftMags=0	655.294	1.5	1.5	1.5	30	16000	3	0@0.002	0.41	0.392-0.802	-279.538	912.186	-205	342	990.232	1867.35	700.637	2749.71	991.389	1870.76	700.991	2753.51	143.242	145.253	24.1335	-3.3594	0.111481	8.25	-28.0833	0							1	0.000121296	-3.44736	voice coral "bad" tok=efc2fba079c6955e take=1 src=tts:gpt-audio-1.5 f0=144 onset=0.339 dur=0.610 vowel=0.389-0.879 level=0.050
242	proc	222	bead	train	shiftMags=0	658.004	1.5	1.5	1.5	30	16000	3	0@0.002	0.42	0.338-0.790	253.163	606.64	256	182	307.99	2678.82	500.244	3338.69	308.854	2691.25	505.171	3374.7	152.946	141.514	-134.485	-9.28659	0.0827415	7.4375	-27.073	1	0.985+8.9ms						1	0.000121906	-9.73067	voice coral "bead" tok=aacd0148370d36d7 take=1 src=tts:gpt-audio-1.5 f0=154 onset=0.287 dur=0.770 vowel=0.317-0.767 level=0.050
243	proc	223	bod	train	shiftMags=0	660.859	1.5	1.5	1.5	30	16000	3	0@0.002	0.342	0.388-0.730	-162.709	1067.35	-126	507	841.25	1122.47	692.363	2196.05	842.119	1124.17	692.008	2196.4	142.664	142.6	-0.777875	-10.5833	0.0713106	8.125	-27.7298	0							1	0.000121943	-11.0365	voice coral "bod" tok=9857feb367b9f5c6 take=1 src=tts:gpt-audio-1.5 f0=146 onset=0.351 dur=0.500 vowel=0.371-0.781 level=0.050
244	proc	224	bead	train	shiftMags=0	663.286	1.5	1.5	1.5	30	16000	3	0@0.002	0.318	0.422-0.800	265.032	592.555	271	176	266.271	2622.07	455.541	3060.87	266.271	2622.07	455.541	3060.87	163.355	167.025	38.4623	-11.0812	0.0570541	7.375	-27.9996	0							1	0.000121644	-11.7859	voice coral "bead" tok=691b7f4ced7e64e8 take=2 src=tts:gpt-audio-1.5 f0=158 onset=0.305 dur=0.740 vowel=0.305-0.775 level=0.050
245	proc	225	bod	train	shiftMags=0	666.214	1.5	1.5	1.5	30	16000	3	0@0.002	0.3	0.328-0.628	-201.656	1079.78	-153	529	841.684	1061.29	643.799	2243.42	849.24	1070.11	644.582	2243.8	156.076	163.301	78.3442	-11.1313	0.121344	8	-26.4385	0							1	0.000121927	-11.5691	voice coral "bod" tok=cf96acac8564611c take=2 src=tts:gpt-audio-1.5 f0=150 onset=0.328 dur=0.440 vowel=0.328-0.568 level=0.050
246	proc	226	bad	train	shiftMags=0	668.624	1.5	1.5	1.5	30	16000	3	0@0.002	0.302	0.344-0.646	-297.047	913.429	-216	342	1051.26	1845.42	715.572	2776.94	1052.13	1815.21	716.46	2789.82	159.859	155.87	-43.7515	-4.26845	0.116278	8.25	-27.2703	0							1	0.00012014	-4.30613	voice coral "bad" tok=d5dabb9c15c94236 take=2 src=tts:gpt-audio-1.5 f0=152 onset=0.300 dur=0.420 vowel=0.330-0.610 level=0.050
247	proc	227	booed	train	shiftMags=0	670.966	1.5	1.5	1.5	30	16000	3	0@0.002	0.382	0.474-0.856	222.794	1056.95	220	491	401.594	1402.8	476.465	2469.11	401.594	1402.8	476.465	2469.11	169.169	225.825	500.094	-13.5229	0.0518228	5.9375	-28.0022	0							0	0.000122037		voice coral "booed" tok=49b1a3e19c2ba4e4 take=2 src=tts:gpt-audio-1.5 f0=169 onset=0.350 dur=0.630 vowel=0.450-0.910 level=0.050
248	proc	228	bad	train	shiftMags=0	673.793	1.5	1.5	1.5	30	16000	3	0@0.002	0.314	0.382-0.696	-304.331	904.431	-220	336	1049.12	1864.71	713.651	2728.36	1054.07	1856.06	717.804	2732.63	175.573	174.905	-6.60387	-3.71481	0.117966	8.25	-27.246	0							1	0.000119923	-3.80105	voice coral "bad" tok=d4abfcb45ff2fc28 take=3 src=tts:gpt-audio-1.5 f0=171 onset=0.336 dur=0.450 vowel=0.366-0.666 level=0.050
249	proc	229	booed	train	shiftMags=0	676.787	1.5	1.5	1.5	30	16000	3	0@0.002	0.434	0.330-0.764	243.444	1085.17	244	535	311.68	1184.23	579.631	2332.54	310.703	1182.49	580.713	2335.53	257.969	300.539	264.425	-15.3333	0.0551617	7.6875	-27.1937	0							1	0.000121688	-16.7112	voice coral "booed" tok=3d7d5fdd15ca299a take=3 src=tts:gpt-audio-1.5 f0=234 onset=0.325 dur=0.560 vowel=0.325-0.735 level=0.050
250	proc	230	bead	train	shiftMags=0	679.606	1.5	1.5	1.5	30	16000	3	0@0.002	0.328	0.458-0.786	240.054	606.647	240	182	354.798	2668.62	426.141	3168.52	356.732	2674.96	425.474	3184.63	167.804	161.554	-65.7182	-9.15632	0.0563914	10.5	-28.7262	0							1	0.000122019	-9.60743	voice coral "bead" tok=dcd7b2d2ef8bb826 take=3 src=tts:gpt-audio-1.5 f0=167 onset=0.298 dur=0.570 vowel=0.448-0.748 level=0.050
251	proc	231	bod	train	shiftMags=0	682.324	1.5	1.5	1.5	30	16000	3	0@0.002	0.33	0.448-0.778	-218.751	1070.62	-165	513	930.019	1149.49	696.317	2222.79	930.895	1154.05	699.652	2223.28	165.767	166.142	3.91535	-10.922	0.0657591	8.0625	-27.4033	0							0	0.00012153		voice coral "bod" tok=4e3fd7abcf421d5c take=3 src=tts:gpt-audio-1.5 f0=164 onset=0.343 dur=0.530 vowel=0.423-0.733 level=0.050
252	proc	232	booed	train	shiftMags=0	684.64	1.5	1.5	1.5	30	16000	3	0@0.002	0.32	0.510-0.830	224.803	1061.79	222	496	428.722	1350.14	535.845	2588.28	428.722	1350.14	535.845	2588.28	153.373	171.47	193.098	-12.2484	0.0538071	7.5625	-28.5416	0							0	0.000120713		voice coral "booed" tok=54342660dea87fd6 take=0 src=tts:gpt-audio-1.5 f0=153 onset=0.356 dur=0.610 vowel=0.496-0.776 level=0.050
253	proc	233	bod	train	shiftMags=0	687.287	1.5	1.5	1.5	30	16000	3	0@0.002	0.274	0.342-0.616	-157.44	1069.18	-122	507	1049.54	3078.46	707.646	2256.16	1059.76	3080.25	692.474	2274.52	187.627	178.916	-82.2992	-10.4321	0.108428	8	-26.9641	0							1	0.00012184	-10.6567	voice coral "bod" tok=5cee818e96e1f17d take=0 src=tts:gpt-audio-1.5 f0=161 onset=0.351 dur=0.490 vowel=0.351-0.581 level=0.050
254	proc	234	bad	train	shiftMags=0	689.67	1.5	1.5	1.5	30	16000	3	0@0.002	0.368	0.458-0.826	-317.26	927.542	-228	353	1037.89	1826	708.897	2756.55	1038.84	1835	713.045	2756.55	157.661	149.691	-89.7996	-4.01666	0.114005	8.25	-28.3624	0							1	0.000121233	-4.0357	voice coral "bad" tok=92833cac5b54f087 take=0 src=tts:gpt-audio-1.5 f0=153 onset=0.319 dur=0.610 vowel=0.339-0.799 level=0.050
255	proc	235	bead	train	shiftMags=0	692.326	1.5	1.5	1.5	30	16000	3	0@0.002	0.408	0.470-0.878	250.247	595.21	252	176	307.45	2603.41	445.563	3081.24	315.491	2619.85	450.815	3088.96	170.267	211.951	379.118	-7.49842	0.119324	7.5	-27.7601	1	1.485+15.4ms						1	0.000120011	-7.80345	voice coral "bead" tok=b880f76656e7f8a0 take=0 src=tts:gpt-audio-1.5 f0=183 onset=0.320 dur=0.670 vowel=0.470-0.820 level=0.050
256	proc	236	booed	train	shiftMags=0	694.883	1.5	1.5	1.5	30	16000	3	0@0.002	0.398	0.492-0.890	230.099	1061.2	228	491	376.176	1389.08	537.881	2529.36	376.176	1389.08	537.881	2529.36	149.893	164.652	162.582	-9.95372	0.103236	7.5625	-28.2955	0							1	0.000122023	-10.6675	voice coral "booed" tok=26f0c31b04f93a6f take=1 src=tts:gpt-audio-1.5 f0=156 onset=0.329 dur=0.750 vowel=0.339-0.869 level=0.050
257	proc	237	bad	train	shiftMags=0	697.239	1.5	1.5	1.5	30	16000	3	0@0.002	0.41	0.384-0.794	-279.568	912.371	-205	342	989.943	1866.69	701.084	2756.17	990.282	1870.45	702.085	2759.66	142.968	154.76	137.206	-3.41368	0.110458	8.25	-28.0825	0							1	0.000121968	-3.44754	voice coral "bad" tok=efc2fba079c6955e take=1 src=tts:gpt-audio-1.5 f0=144 onset=0.331 dur=0.610 vowel=0.381-0.871 level=0.050
258	proc	238	bead	train	shiftMags=0	699.897	1.5	1.5	1.5	30	16000	3	0@0.002	0.418	0.344-0.796	253.132	595.946	256	176	307.424	2681.06	496.059	3353.17	310.016	2685.44	499.284	3370.44	175.414	140.55	-383.616	-9.37452	0.0812008	7.4375	-27.0768	0							1	0.000120599	-9.74716	voice coral "bead" tok=aacd0148370d36d7 take=1 src=tts:gpt-audio-1.5 f0=154 onset=0.292 dur=0.770 vowel=0.322-0.772 level=0.050
259	proc	239	bod	train	shiftMags=0	702.74	1.5	1.5	1.5	30	16000	3	0@0.002	0.34	0.358-0.698	-162.745	1067.98	-126	507	840.36	1119.34	684.968	2177.64	841.907	1121.1	684.968	2184.59	142.717	145.033	27.8769	-10.24	0.0707127	8.125	-27.7291	0							1	0.000119323	-10.7853	voice coral "bod" tok=9857feb367b9f5c6 take=1 src=tts:gpt-audio-1.5 f0=146 onset=0.320 dur=0.500 vowel=0.340-0.750 level=0.050
260	proc	240	bod	train	shiftMags=0	705.526	1.5	1.5	1.5	30	16000	3	0@0.002	0.3	0.288-0.588	-201.646	1079.71	-153	529	845.72	1065.75	649.253	2245.58	862.23	1073.81	653.205	2247.1	156.047	162.135	66.2587	-11.8684	0.132361	8	-26.4381	0							1	0.000121688	-12.2401	voice coral "bod" tok=cf96acac8564611c take=2 src=tts:gpt-audio-1.5 f0=150 onset=0.288 dur=0.440 vowel=0.288-0.528 level=0.050
261	proc	241	bead	train	shiftMags=0	708.881	1.5	1.5	1.5	30	16000	3	0@0.002	0.322	0.404-0.784	265.083	591.598	271	176	270.577	2632.57	427.687	3055.97	270.577	2632.57	427.687	3055.97	163.953	159.104	-51.9726	-11.0956	0.055055	7.375	-27.9982	0							1	0.000121	-11.7681	voice coral "bead" tok=691b7f4ced7e64e8 take=2 src=tts:gpt-audio-1.5 f0=158 onset=0.287 dur=0.740 vowel=0.287-0.757 level=0.050
262	proc	242	bad	train	shiftMags=0	711.834	1.5	1.5	1.5	30	16000	3	0@0.002	0.302	0.346-0.648	-297.038	913.43	-216	342	1051.75	1836.65	718.425	2783.4	1054.03	1822.97	723.653	2790.08	160.457	143.538	-192.904	-4.18716	0.120442	8.25	-27.2699	1	0.985+15.4ms						1	0.000120377	-4.34343	voice coral "bad" tok=d5dabb9c15c94236 take=2 src=tts:gpt-audio-1.5 f0=152 onset=0.302 dur=0.420 vowel=0.332-0.612 level=0.050
263	proc	243	booed	train	shiftMags=0	714.783	1.5	1.5	1.5	30	16000	3	0@0.002	0.38	0.492-0.872	221.171	1055.58	218	488	403.293	1404.62	492.353	2484.88	403.293	1404.62	492.353	2484.88	168.069	217.113	443.274	-13.8497	0.0480923	6	-28.0017	0							1	0.000121866	-15.2005	voice coral "booed" tok=49b1a3e19c2ba4e4 take=2 src=tts:gpt-audio-1.5 f0=169 onset=0.367 dur=0.630 vowel=0.467-0.927 level=0.050
264	proc	244	booed	train	shiftMags=0	717.302	1.5	1.5	1.5	30	16000	3	0@0.002	0.434	0.296-0.730	243.35	1085.67	244	535	312.015	1187.6	597.48	2317.41	310.009	1180.95	611.719	2333.56	262.622	304.944	258.671	-15.3731	0.060329	7.6875	-27.1938	0							1	0.000122069	-16.5449	voice coral "booed" tok=3d7d5fdd15ca299a take=3 src=tts:gpt-audio-1.5 f0=234 onset=0.291 dur=0.560 vowel=0.291-0.701 level=0.050
265	proc	245	bod	train	shiftMags=0	720.285	1.5	1.5	1.5	30	16000	3	0@0.002	0.33	0.386-0.716	-213.807	1070.55	-161	513	934.391	1147.35	700.767	2222.14	934.962	1149.34	703.336	2228.19	167.438	170.878	35.2023	-11.0949	0.0706707	8.0625	-27.4047	0							1	0.000121813	-11.5792	voice coral "bod" tok=4e3fd7abcf421d5c take=3 src=tts:gpt-audio-1.5 f0=164 onset=0.281 dur=0.530 vowel=0.361-0.671 level=0.050
266	proc	246	bead	train	shiftMags=0	722.678	1.5	1.5	1.5	30	16000	3	0@0.002	0.328	0.532-0.860	240.075	607.378	240	182	350.885	2647.45	436.37	3195.47	353.379	2668.31	440.726	3214.74	164.033	161.213	-30.0171	-9.43126	0.0594107	10.5	-28.7264	0							1	0.000121292	-9.79058	voice coral "bead" tok=dcd7b2d2ef8bb826 take=3 src=tts:gpt-audio-1.5 f0=167 onset=0.372 dur=0.570 vowel=0.522-0.822 level=0.050
267	proc	247	bad	train	shiftMags=0	725.228	1.5	1.5	1.5	30	16000	3	0@0.002	0.314	0.336-0.650	-304.391	903.184	-220	336	1046.86	1866.57	708.991	2726.44	1054.18	1844.41	716.347	2732.27	178.871	171.439	-73.4739	-3.65474	0.118825	8.25	-27.2456	0							1	0.000120537	-3.78022	voice coral "bad" tok=d4abfcb45ff2fc28 take=3 src=tts:gpt-audio-1.5 f0=171 onset=0.291 dur=0.450 vowel=0.321-0.621 level=0.050
268	proc	248	bead	train	shiftMags=0	728.109	1.5	1.5	1.5	30	16000	3	0@0.002	0.406	0.444-0.850	250.072	594.863	252	176	307.828	2605.03	449.327	3078.14	313.436	2615.78	451.29	3082.09	171.236	210.895	360.644	-7.1776	0.123216	7.5	-27.7606	0							1	0.00012053	-7.3902	voice coral "bead" tok=b880f76656e7f8a0 take=0 src=tts:gpt-audio-1.5 f0=183 onset=0.293 dur=0.670 vowel=0.443-0.793 level=0.050
269	proc	249	bad	train	shiftMags=0	730.423	1.5	1.5	1.5	30	16000	3	0@0.002	0.366	0.486-0.852	-317.302	927.716	-228	353	1035.26	1826.41	709.531	2750.52	1037.83	1825.04	715.661	2746.99	160	151.131	-98.7163	-3.86075	0.127376	8.25	-28.3619	0							1	0.000119463	-3.9533	voice coral "bad" tok=92833cac5b54f087 take=0 src=tts:gpt-audio-1.5 f0=153 onset=0.346 dur=0.610 vowel=0.366-0.826 level=0.050
270	proc	250	booed	train	shiftMags=0	732.969	1.5	1.5	1.5	30	16000	3	0@0.002	0.318	0.490-0.808	226.361	1061.88	224	496	429.979	1349.18	531.264	2587.24	429.979	1349.18	531.264	2587.24	153.071	165.148	131.462	-12.9626	0.0449549	7.5625	-28.5412	0							1	0.000121404	-13.8685	voice coral "booed" tok=54342660dea87fd6 take=0 src=tts:gpt-audio-1.5 f0=153 onset=0.336 dur=0.610 vowel=0.476-0.756 level=0.050
271	proc	251	bod	train	shiftMags=0	735.226	1.5	1.5	1.5	30	16000	3	0@0.002	0.272	0.308-0.580	-157.271	1069.75	-122	510	1032.2	1404.9	751.282	2300.59	1049.53	3082.83	728.224	2304.9	184.359	169.383	-146.679	-10.2665	0.109287	8	-26.9644	0							1	0.000117558	-10.5413	voice coral "bod" tok=5cee818e96e1f17d take=0 src=tts:gpt-audio-1.5 f0=161 onset=0.316 dur=0.490 vowel=0.316-0.546 level=0.050
272	proc	252	booed	train	shiftMags=0	737.635	1.5	1.5	1.5	30	16000	3	0@0.002	0.398	0.462-0.860	230.109	1060.67	228	491	376.173	1391.96	538.17	2531.4	376.173	1391.96	538.17	2531.4	151.184	170.442	207.57	-10.2807	0.107873	7.5625	-28.295	0							1	0.000121484	-10.9104	voice coral "booed" tok=26f0c31b04f93a6f take=1 src=tts:gpt-audio-1.5 f0=156 onset=0.300 dur=0.750 vowel=0.310-0.840 level=0.050
273	proc	253	bod	train	shiftMags=0	740.152	1.5	1.5	1.5	30	16000	3	0@0.002	0.342	0.400-0.742	-162.712	1066.92	-126	507	840.178	1120.32	694.364	2184.76	840.728	1125.51	693.936	2194.61	143.225	147.005	45.0991	-10.7598	0.066746	8.125	-27.7298	0							1	0.000120351	-10.9986	voice coral "bod" tok=9857feb367b9f5c6 take=1 src=tts:gpt-audio-1.5 f0=146 onset=0.363 dur=0.500 vowel=0.383-0.793 level=0.050
274	proc	254	bead	train	shiftMags=0	743.028	1.5	1.5	1.5	30	16000	3	0@0.002	0.42	0.342-0.794	253.055	606.248	256	182	306.822	2678.33	499.481	3297.83	309.116	2682.25	501.396	3323.7	168.017	150.968	-185.233	-9.53703	0.0808825	5.5625	-27.0774	0							1	0.000121962	-9.72673	voice coral "bead" tok=aacd0148370d36d7 take=1 src=tts:gpt-audio-1.5 f0=154 onset=0.291 dur=0.770 vowel=0.321-0.771 level=0.050
275	proc	255	bad	train	shiftMags=0	745.747	1.5	1.5	1.5	30	16000	3	0@0.002	0.412	0.396-0.808	-277.061	912.408	-203	342	985.252	1873.03	700.138	2755.53	989.84	1873.83	701.036	2763.09	143.153	148.941	68.6229	-3.34823	0.116266	8.25	-28.0833	1	1.485+15.4ms						1	0.000120264	-3.44518	voice coral "bad" tok=efc2fba079c6955e take=1 src=tts:gpt-audio-1.5 f0=144 onset=0.344 dur=0.610 vowel=0.394-0.884 level=0.050
276	proc	256	bod	train	shiftMags=0	748.068	1.5	1.5	1.5	30	16000	3	0@0.002	0.3	0.302-0.602	-201.728	1079.77	-153	529	841.378	1068.28	658.977	2227.94	852.851	1073.47	660.766	2245.92	154.124	140.123	-164.877	-11.1387	0.127525	8	-26.4391	0							1	0.000121442	-11.6343	voice coral "bod" tok=cf96acac8564611c take=2 src=tts:gpt-audio-1.5 f0=150 onset=0.302 dur=0.440 vowel=0.302-0.542 level=0.050
277	proc	257	bead	train	shiftMags=0	750.915	1.5	1.5	1.5	30	16000	3	0@0.002	0.322	0.418-0.796	264.926	593.22	271	176	271.819	2621.89	450.882	3045.84	271.662	2630.18	459.032	3115.88	163.718	167.827	42.9202	-10.9437	0.06759	7.625	-27.9991	0							1	0.000118466	-11.3407	voice coral "bead" tok=691b7f4ced7e64e8 take=2 src=tts:gpt-audio-1.5 f0=158 onset=0.300 dur=0.740 vowel=0.300-0.770 level=0.050
278	proc	258	booed	train	shiftMags=0	753.734	1.5	1.5	1.5	30	16000	3	0@0.002	0.382	0.410-0.792	222.575	1057.1	220	491	402.277	1406.19	495.548	2490.21	402.277	1406.19	495.548	2490.21	167.622	217.777	453.165	-13.7536	0.0463894	6	-28.0021	0							1	0.000121921	-15.1473	voice coral "booed" tok=49b1a3e19c2ba4e4 take=2 src=tts:gpt-audio-1.5 f0=169 onset=0.285 dur=0.630 vowel=0.385-0.845 level=0.050
279	proc	259	bad	train	shiftMags=0	756.214	1.5	1.5	1.5	30	16000	3	0@0.002	0.304	0.394-0.698	-292.96	912.731	-213	342	1051.66	1845.21	722.096	2787.11	1053.54	1824.09	723.564	2787.99	160.041	153.121	-76.534	-4.21874	0.114108	8.25	-27.2699	0							1	0.000121432	-4.37056	voice coral "bad" tok=d5dabb9c15c94236 take=2 src=tts:gpt-audio-1.5 f0=152 onset=0.351 dur=0.420 vowel=0.381-0.661 level=0.050
280	proc	260	bead	train	shiftMags=0	758.594	1.5	1.5	1.5	30	16000	3	0@0.002	0.328	0.524-0.852	240.109	607.619	240	182	355.602	2657.8	432.512	3202.89	355.602	2657.8	432.512	3202.89	165.875	160.168	-60.6109	-9.26575	0.0616306	10.5	-28.7262	0							1	0.00012077	-9.76301	voice coral "bead" tok=dcd7b2d2ef8bb826 take=3 src=tts:gpt-audio-1.5 f0=167 onset=0.365 dur=0.570 vowel=0.515-0.815 level=0.050
281	proc	261	bad	train	shiftMags=0	761.396	1.5	1.5	1.5	30	16000	3	0@0.002	0.314	0.350-0.664	-304.399	904.01	-220	336	1046.05	1866.89	713.739	2739.9	1051.74	1853.43	722.968	2739.9	177.125	174.721	-23.6645	-3.6767	0.11443	8.25	-27.2459	0							1	0.000121356	-3.78706	voice coral "bad" tok=d4abfcb45ff2fc28 take=3 src=tts:gpt-audio-1.5 f0=171 onset=0.305 dur=0.450 vowel=0.335-0.635 level=0.050
282	proc	262	bod	train	shiftMags=0	764.349	1.5	1.5	1.5	30	16000	3	0@0.002	0.33	0.390-0.720	-218.792	1070.72	-165	513	928.32	1143	701.722	2231.6	928.932	1152.04	704.121	2232.78	166.299	162.356	-41.5393	-11.2376	0.0715514	8.0625	-27.4047	1	0.985+15.4ms						1	0.000121038	-11.7499	voice coral "bod" tok=4e3fd7abcf421d5c take=3 src=tts:gpt-audio-1.5 f0=164 onset=0.285 dur=0.530 vowel=0.365-0.675 level=0.050
283	proc	263	booed	train	shiftMags=0	766.763	1.5	1.5	1.5	30	16000	3	0@0.002	0.432	0.316-0.748	243.408	1085.58	244	535	311.692	1185.57	591.778	2330.39	309.63	1180.02	593.834	2330.39	253.257	283.604	195.93	-14.4467	0.066315	7.6875	-27.1938	0							1	0.000121289	-15.9558	voice coral "booed" tok=3d7d5fdd15ca299a take=3 src=tts:gpt-audio-1.5 f0=234 onset=0.309 dur=0.560 vowel=0.309-0.719 level=0.050
284	proc	264	bead	train	shiftMags=0	769.261	1.5	1.5	1.5	30	16000	3	0@0.002	0.406	0.480-0.886	250.161	594.802	252	176	307.702	2603.76	453.027	3078.58	315.543	2618.17	454.969	3084.47	164.562	205.177	381.882	-7.69064	0.124502	7.5	-27.7609	0							1	0.000121267	-7.88942	voice coral "bead" tok=b880f76656e7f8a0 take=0 src=tts:gpt-audio-1.5 f0=183 onset=0.330 dur=0.670 vowel=0.480-0.830 level=0.050
285	proc	265	bod	train	shiftMags=0	771.76	1.5	1.5	1.5	30	16000	3	0@0.002	0.272	0.300-0.572	-157.234	1068.78	-122	507	1034.89	1312.19	760.669	2299.89	1051.09	2234	741.65	2314.24	181.874	166.992	-147.798	-10.3466	0.11354	8	-26.9646	0							0	0.000121779		voice coral "bod" tok=5cee818e96e1f17d take=0 src=tts:gpt-audio-1.5 f0=161 onset=0.308 dur=0.490 vowel=0.308-0.538 level=0.050
286	proc	266	booed	train	shiftMags=0	774.735	1.5	1.5	1.5	30	16000	3	0@0.002	0.318	0.468-0.786	226.427	1061.48	224	496	427.549	1352.21	537.47	2601.11	427.549	1352.21	537.47	2601.11	153.536	170.037	176.725	-13.3554	0.0457266	7.5625	-28.5413	0							1	0.000121453	-14.3068	voice coral "booed" tok=54342660dea87fd6 take=0 src=tts:gpt-audio-1.5 f0=153 onset=0.315 dur=0.610 vowel=0.455-0.735 level=0.050
287	proc	267	bad	train	shiftMags=0	777.023	1.5	1.5	1.5	30	16000	3	0@0.002	0.368	0.458-0.826	-317.211	927.718	-228	353	1035.92	1825.81	707.641	2752.47	1039.56	1831.32	714.865	2752.58	154.33	151.524	-31.7677	-3.94612	0.116584	8.25	-28.3622	0							1	0.000121252	-4.02216	voice coral "bad" tok=92833cac5b54f087 take=0 src=tts:gpt-audio-1.5 f0=153 onset=0.320 dur=0.610 vowel=0.340-0.800 level=0.050
288	proc	268	bead	train	shiftMags=0	779.287	1.5	1.5	1.5	30	16000	3	0@0.002	0.416	0.408-0.860	253.102	595.768	256	176	308.459	2680.49	488.381	3385.03	309.357	2689.7	493.155	3392.2	158.972	144.522	-164.983	-9.41116	0.077998	7.4375	-27.0758	0							1	0.000121159	-9.7673	voice coral "bead" tok=aacd0148370d36d7 take=1 src=tts:gpt-audio-1.5 f0=154 onset=0.356 dur=0.770 vowel=0.386-0.836 level=0.050
289	proc	269	bad	train	shiftMags=0	781.674	1.5	1.5	1.5	30	16000	3	0@0.002	0.41	0.390-0.800	-279.526	912.381	-205	342	984.766	1868.76	699.945	2752.12	991.333	1869.64	700.807	2757.72	143.838	152.978	106.654	-3.34595	0.104288	8.25	-28.0836	0							1	0.00012192	-3.44399	voice coral "bad" tok=efc2fba079c6955e take=1 src=tts:gpt-audio-1.5 f0=144 onset=0.337 dur=0.610 vowel=0.387-0.877 level=0.050
290	proc	270	bod	train	shiftMags=0	784.271	1.5	1.5	1.5	30	16000	3	0@0.002	0.34	0.400-0.740	-162.74	1067.45	-126	507	840.312	1123.23	691.004	2185.83	840.702	1123.71	688.522	2188.72	142.071	144.467	28.9486	-10.2887	0.0749381	8.125	-27.7302	0							1	0.000121633	-10.7689	voice coral "bod" tok=9857feb367b9f5c6 take=1 src=tts:gpt-audio-1.5 f0=146 onset=0.362 dur=0.500 vowel=0.382-0.792 level=0.050
291	proc	271	booed	train	shiftMags=0	788.245	1.5	1.5	1.5	30	16000	3	0@0.002	0.398	0.494-0.892	230.248	1060.6	228	491	376.169	1390.01	541.173	2530.02	376.169	1390.01	541.173	2530.02	150.955	170.098	206.698	-10.3928	0.105468	7.5625	-28.2952	0							1	0.000122046	-10.7491	voice coral "booed" tok=26f0c31b04f93a6f take=1 src=tts:gpt-audio-1.5 f0=156 onset=0.332 dur=0.750 vowel=0.342-0.872 level=0.050
292	proc	272	bod	train	shiftMags=0	790.523	1.5	1.5	1.5	30	16000	3	0@0.002	0.302	0.316-0.618	-201.752	1080.26	-153	535	846.09	1069.36	664.676	2248.63	864.256	1074.08	668.472	2251.08	155.735	166.734	118.145	-11.716	0.0848736	8	-26.4388	0							1	0.000121203	-12.4112	voice coral "bod" tok=cf96acac8564611c take=2 src=tts:gpt-audio-1.5 f0=150 onset=0.317 dur=0.440 vowel=0.317-0.557 level=0.050
293	proc	273	booed	train	shiftMags=0	793.371	1.5	1.5	1.5	30	16000	3	0@0.002	0.38	0.432-0.812	221.187	1058.92	218	491	403.668	1404.65	488.862	2477.58	403.668	1404.65	488.862	2477.58	168.023	211.091	395.052	-13.8403	0.0483829	10.375	-28.0028	0							1	0.000120742	-15.1482	voice coral "booed" tok=49b1a3e19c2ba4e4 take=2 src=tts:gpt-audio-1.5 f0=169 onset=0.307 dur=0.630 vowel=0.407-0.867 level=0.050
294	proc	274	bead	train	shiftMags=0	796.015	1.5	1.5	1.5	30	16000	3	0@0.002	0.318	0.478-0.856	264.91	592.375	271	176	270.603	2618.95	445.643	3065.02	271.693	2626.51	439.843	3112.94	162.878	163.435	5.90867	-11.4764	0.0487638	10.75	-27.9997	0							1	0.000119809	-11.7175	voice coral "bead" tok=691b7f4ced7e64e8 take=2 src=tts:gpt-audio-1.5 f0=158 onset=0.360 dur=0.740 vowel=0.360-0.830 level=0.050
295	proc	275	bad	train	shiftMags=0	798.932	1.5	1.5	1.5	30	16000	3	0@0.002	0.302	0.338-0.640	-293.122	913.578	-213	342	1052.78	1835.7	715.838	2774.84	1053.62	1824.4	717.177	2779.94	159.707	148.305	-128.237	-4.27977	0.119326	8.25	-27.2701	1	1.485+15.4ms						1	0.000122056	-4.34859	voice coral "bad" tok=d5dabb9c15c94236 take=2 src=tts:gpt-audio-1.5 f0=152 onset=0.294 dur=0.420 vowel=0.324-0.604 level=0.050
296	proc	276	bad	train	shiftMags=0	801.905	1.5	1.5	1.5	30	16000	3	0@0.002	0.314	0.374-0.688	-304.423	904.839	-220	336	1051.05	1861.56	713.66	2726.09	1051.8	1855.61	715.586	2729.89	177.663	171.992	-56.1634	-3.76412	0.117041	8.25	-27.2459	0							1	0.000121906	-3.79787	voice coral "bad" tok=d4abfcb45ff2fc28 take=3 src=tts:gpt-audio-1.5 f0=171 onset=0.328 dur=0.450 vowel=0.358-0.658 level=0.050
297	proc	277	bead	train	shiftMags=0	804.694	1.5	1.5	1.5	30	16000	3	0@0.002	0.328	0.484-0.812	239.93	606.424	240	182	354.788	2658.25	438.004	3216.53	354.788	2658.25	438.004	3216.53	165.588	159.986	-59.5798	-9.46583	0.0568393	10.5	-28.7256	0							1	0.000122025	-9.79057	voice coral "bead" tok=dcd7b2d2ef8bb826 take=3 src=tts:gpt-audio-1.5 f0=167 onset=0.325 dur=0.570 vowel=0.475-0.775 level=0.050
298	proc	278	booed	train	shiftMags=0	807.131	1.5	1.5	1.5	30	16000	3	0@0.002	0.432	0.372-0.804	243.317	1085.01	244	535	311.913	1184.84	594.53	2344.48	310.963	1182.9	600.64	2344.71	258.503	300.776	262.21	-15.4433	0.0584995	7.6875	-27.1934	0							0	0.000121777		voice coral "booed" tok=3d7d5fdd15ca299a take=3 src=tts:gpt-audio-1.5 f0=234 onset=0.366 dur=0.560 vowel=0.366-0.776 level=0.050
299	proc	279	bod	train	shiftMags=0	810.064	1.5	1.5	1.5	30	16000	3	0@0.002	0.33	0.414-0.744	-218.803	1070.62	-165	513	929.903	1141.79	694.457	2218.11	931.214	1143.41	698.241	2221.47	165.778	167.926	22.2909	-11.2637	0.0637213	8.0625	-27.4038	0							1	0.000121148	-11.6683	voice coral "bod" tok=4e3fd7abcf421d5c take=3 src=tts:gpt-audio-1.5 f0=164 onset=0.309 dur=0.530 vowel=0.389-0.699 level=0.050
300	proc	280	booed	train	shiftMags=0	812.323	1.5	1.5	1.5	30	16000	3	0@0.002	0.32	0.470-0.790	226.146	1062.52	224	496	432.736	1343.17	536.284	2584.51	432.736	1343.17	536.284	2584.51	154.168	172.987	199.395	-13.1211	0.0416251	7.5625	-28.5413	0							1	0.000121464	-14.2976	voice coral "booed" tok=54342660dea87fd6 take=0 src=tts:gpt-audio-1.5 f0=153 onset=0.317 dur=0.610 vowel=0.457-0.737 level=0.050
301	proc	281	bad	train	shiftMags=0	815.314	1.5	1.5	1.5	30	16000	3	0@0.002	0.368	0.494-0.862	-317.295	927.576	-228	353	1036.21	1824.72	708.112	2749.32	1036.46	1824.72	709.713	2749.32	158.894	153.958	-54.6322	-3.85703	0.113111	8.25	-28.3609	0							1	0.000121749	-4.03753	voice coral "bad" tok=92833cac5b54f087 take=0 src=tts:gpt-audio-1.5 f0=153 onset=0.355 dur=0.610 vowel=0.375-0.835 level=0.050
302	proc	282	bead	train	shiftMags=0	817.874	1.5	1.5	1.5	30	16000	3	0@0.002	0.406	0.512-0.918	249.771	595.422	252	176	309.893	2611.6	442.327	3071.65	314.908	2621.86	446.153	3076.32	167.747	172.281	46.1738	-7.03945	0.138397	7.5	-27.7621	0							1	0.000121674	-7.27494	voice coral "bead" tok=b880f76656e7f8a0 take=0 src=tts:gpt-audio-1.5 f0=183 onset=0.360 dur=0.670 vowel=0.510-0.860 level=0.050
303	proc	283	bod	train	shiftMags=0	820.326	1.5	1.5	1.5	30	16000	3	0@0.002	0.272	0.310-0.582	-157.378	1068.93	-122	507	1035.41	1312.98	728.272	2295.48	1055.23	2233.67	710.298	2306.28	181.917	164.707	-172.048	-10.2095	0.105873	8	-26.9641	0							1	0.000121696	-10.549	voice coral "bod" tok=5cee818e96e1f17d take=0 src=tts:gpt-audio-1.5 f0=161 onset=0.318 dur=0.490 vowel=0.318-0.548 level=0.050
304	proc	284	bad	train	shiftMags=0	823.239	1.5	1.5	1.5	30	16000	3	0@0.002	0.41	0.374-0.784	-279.518	912.387	-205	342	990.144	1866.03	698.781	2755.34	990.546	1869.7	699.653	2758.38	143.016	145.166	25.825	-3.39829	0.112461	8.25	-28.0836	0							1	0.000121701	-3.44063	voice coral "bad" tok=efc2fba079c6955e take=1 src=tts:gpt-audio-1.5 f0=144 onset=0.321 dur=0.610 vowel=0.371-0.861 level=0.050
305	proc	285	booed	train	shiftMags=0	825.862	1.5	1.5	1.5	30	16000	3	0@0.002	0.398	0.458-0.856	230.103	1060.92	228	491	377.008	1390.58	534.577	2525.29	377.008	1390.58	534.577	2525.29	153.329	171.293	191.803	-10.1792	0.10233	7.5	-28.2951	0							1	0.000121648	-10.7084	voice coral "booed" tok=26f0c31b04f93a6f take=1 src=tts:gpt-audio-1.5 f0=156 onset=0.295 dur=0.750 vowel=0.305-0.835 level=0.050
306	proc	286	bead	train	shiftMags=0	828.402	1.5	1.5	1.5	30	16000	3	0@0.002	0.42	0.402-0.854	253.115	606.361	256	182	306.794	2679.09	485.532	3283.56	309.026	2683.16	495.744	3302.5	171.472	143.543	-307.778	-9.47717	0.0732143	7.4375	-27.0728	0							1	0.000121919	-9.73961	voice coral "bead" tok=aacd0148370d36d7 take=1 src=tts:gpt-audio-1.5 f0=154 onset=0.351 dur=0.770 vowel=0.381-0.831 level=0.050
307	proc	287	bod	train	shiftMags=0	830.881	1.5	1.5	1.5	30	16000	3	0@0.002	0.342	0.374-0.716	-162.721	1067.36	-126	507	844.115	1124.52	682.648	2178.96	843.735	1117.62	685.386	2189.16	142.883	144.822	23.3321	-10.7641	0.0654294	8.125	-27.7299	0							1	0.000121414	-11.0183	voice coral "bod" tok=9857feb367b9f5c6 take=1 src=tts:gpt-audio-1.5 f0=146 onset=0.337 dur=0.500 vowel=0.357-0.767 level=0.050
308	proc	288	bead	train	shiftMags=0	833.445	1.5	1.5	1.5	30	16000	3	0@0.002	0.32	0.442-0.822	264.895	591.374	271	176	265.926	2622.56	438.953	3048.72	265.926	2622.56	438.953	3048.72	163.335	167.283	41.3389	-11.3042	0.0548109	7.375	-27.9996	0							1	0.000121981	-11.7955	voice coral "bead" tok=691b7f4ced7e64e8 take=2 src=tts:gpt-audio-1.5 f0=158 onset=0.325 dur=0.740 vowel=0.325-0.795 level=0.050
309	proc	289	bod	train	shiftMags=0	835.881	1.5	1.5	1.5	30	16000	3	0@0.002	0.302	0.324-0.626	-201.882	1080.21	-153	529	847.292	1072.18	662.979	2249.73	854.031	1075.48	664.593	2252.88	155.032	144.601	-120.587	-12.1087	0.0865034	8	-26.4403	0							1	0.000122006	-12.7996	voice coral "bod" tok=cf96acac8564611c take=2 src=tts:gpt-audio-1.5 f0=150 onset=0.325 dur=0.440 vowel=0.325-0.565 level=0.050
310	proc	290	bad	train	shiftMags=0	838.52	1.5	1.5	1.5	30	16000	3	0@0.002	0.302	0.412-0.714	-293.089	913.092	-213	342	1047.58	1841.63	714.622	2786.99	1051.4	1813.68	714.813	2788.36	157.624	147.723	-112.309	-4.25781	0.113331	8.25	-27.2699	0							1	0.000120176	-4.39262	voice coral "bad" tok=d5dabb9c15c94236 take=2 src=tts:gpt-audio-1.5 f0=152 onset=0.369 dur=0.420 vowel=0.399-0.679 level=0.050
311	proc	291	booed	train	shiftMags=0	841.097	1.5	1.5	1.5	30	16000	3	0@0.002	0.38	0.418-0.798	221.18	1055.57	218	488	401.248	1403.38	479.389	2475.1	401.248	1403.38	479.389	2475.1	167.904	211.784	401.947	-14.0716	0.0471633	10.375	-28.0018	0							1	0.000121985	-15.1901	voice coral "booed" tok=49b1a3e19c2ba4e4 take=2 src=tts:gpt-audio-1.5 f0=169 onset=0.293 dur=0.630 vowel=0.393-0.853 level=0.050
312	proc	292	bead	train	shiftMags=0	843.545	1.5	1.5	1.5	30	16000	3	0@0.002	0.328	0.494-0.822	240.06	607.877	240	182	355.476	2659.02	419.389	3197.54	355.476	2659.02	419.389	3197.54	165.844	160.584	-55.7963	-9.30764	0.0583083	10.5	-28.7265	0							1	0.00012202	-9.76377	voice coral "bead" tok=dcd7b2d2ef8bb826 take=3 src=tts:gpt-audio-1.5 f0=167 onset=0.335 dur=0.570 vowel=0.485-0.785 level=0.050
313	proc	293	bad	train	shiftMags=0	845.799	1.5	1.5	1.5	30	16000	3	0@0.002	0.314	0.410-0.724	-304.386	904.629	-220	336	1047.58	1853.47	712.417	2731.2	1054.99	1848.6	717.383	2731.2	176.972	178.022	10.2392	-3.68056	0.108825	8.25	-27.2466	0							1	0.000121754	-3.80311	voice coral "bad" tok=d4abfcb45ff2fc28 take=3 src=tts:gpt-audio-1.5 f0=171 onset=0.364 dur=0.450 vowel=0.394-0.694 level=0.050
314	proc	294	bod	train	shiftMags=0	848.163	1.5	1.5	1.5	30	16000	3	0@0.002	0.33	0.420-0.750	-213.764	1070.77	-161	513	927.987	1140.85	688.874	2204.79	928.557	1151.14	690.036	2209.42	164.969	161.634	-35.3552	-11.3748	0.0583385	8.0625	-27.4039	0							1	0.000121696	-11.7636	voice coral "bod" tok=4e3fd7abcf421d5c take=3 src=tts:gpt-audio-1.5 f0=164 onset=0.315 dur=0.530 vowel=0.395-0.705 level=0.050
315	proc	295	booed	train	shiftMags=0	850.999	1.5	1.5	1.5	30	16000	3	0@0.002	0.434	0.320-0.754	243.383	1085.11	244	535	311.68	1183.88	596.5	2334.84	310.695	1182.23	600.008	2335.17	257.98	265.391	49.0347	-14.8775	0.0631498	7.6875	-27.1934	1	1.485+15.4ms						0	0.000119849		voice coral "booed" tok=3d7d5fdd15ca299a take=3 src=tts:gpt-audio-1.5 f0=234 onset=0.315 dur=0.560 vowel=0.315-0.725 level=0.050
316	proc	296	booed	train	shiftMags=0	853.78	1.5	1.5	1.5	30	16000	3	0@0.002	0.32	0.458-0.778	224.7	1062.46	222	496	428.127	1351.64	533.704	2575.64	428.127	1351.64	533.704	2575.64	153.395	160.506	78.4483	-12.7729	0.0466119	7.5625	-28.5412	0							1	0.000121758	-13.6666	voice coral "booed" tok=54342660dea87fd6 take=0 src=tts:gpt-audio-1.5 f0=153 onset=0.304 dur=0.610 vowel=0.444-0.724 level=0.050
317	proc	297	bod	train	shiftMags=0	856.723	1.5	1.5	1.5	30	16000	3	0@0.002	0.274	0.332-0.606	-157.177	1070.04	-122	513	1049.27	3078.79	696.831	2281.24	1060.23	3079.93	687.224	2291.44	188.88	164.13	-243.162	-10.2958	0.106135	8	-26.965	0							1	0.000121654	-10.5337	voice coral "bod" tok=5cee818e96e1f17d take=0 src=tts:gpt-audio-1.5 f0=161 onset=0.341 dur=0.490 vowel=0.341-0.571 level=0.050
318	proc	298	bad	train	shiftMags=0	859.085	1.5	1.5	1.5	30	16000	3	0@0.002	0.368	0.496-0.864	-317.301	927.52	-228	353	1036.04	1825.19	713.094	2747.25	1037.91	1827.27	717.911	2747.25	159.846	153.743	-67.3888	-3.95248	0.119425	8.25	-28.3618	0							1	0.000121793	-4.03794	voice coral "bad" tok=92833cac5b54f087 take=0 src=tts:gpt-audio-1.5 f0=153 onset=0.357 dur=0.610 vowel=0.377-0.837 level=0.050
319	proc	299	bead	train	shiftMags=0	862.03	1.5	1.5	1.5	30	16000	3	0@0.002	0.406	0.472-0.878	250.071	594.609	252	176	309.246	2609.99	464.17	3079.49	314.459	2621.06	465.327	3079.88	170.409	199.697	274.575	-7.6063	0.124714	7.5	-27.7604	0							1	0.000121743	-7.84644	voice coral "bead" tok=b880f76656e7f8a0 take=0 src=tts:gpt-audio-1.5 f0=183 onset=0.321 dur=0.670 vowel=0.471-0.821 level=0.050
320	proc	300	booed	train	shiftMags=0	864.945	1.5	1.5	1.5	30	16000	3	0@0.002	0.398	0.456-0.854	230.129	1061.34	228	491	377.766	1386.52	532.946	2528.81	377.766	1386.52	532.946	2528.81	150.502	173.938	250.552	-9.98245	0.104967	7.5625	-28.2943	0							1	0.000121503	-10.6526	voice coral "booed" tok=26f0c31b04f93a6f take=1 src=tts:gpt-audio-1.5 f0=156 onset=0.293 dur=0.750 vowel=0.303-0.833 level=0.050
321	proc	301	bad	train	shiftMags=0	868.458	1.5	1.5	1.5	30	16000	3	0@0.002	0.41	0.386-0.796	-279.528	912.389	-205	342	986.271	1871.37	698.858	2760.18	990.201	1874.42	699.552	2763.64	143.165	148.836	67.2515	-3.36425	0.106306	8.25	-28.0829	0							1	0.000120877	-3.44939	voice coral "bad" tok=efc2fba079c6955e take=1 src=tts:gpt-audio-1.5 f0=144 onset=0.333 dur=0.610 vowel=0.383-0.873 level=0.050
322	proc	302	bead	train	shiftMags=0	871.423	1.5	1.5	1.5	30	16000	3	0@0.002	0.42	0.368-0.820	253.142	606.502	256	182	308.115	2678.7	504.452	3279.41	309.121	2690.05	506.427	3323.74	159.904	141.651	-209.835	-9.45257	0.0757451	7.4375	-27.0739	0							1	0.000121969	-9.705	voice coral "bead" tok=aacd0148370d36d7 take=1 src=tts:gpt-audio-1.5 f0=154 onset=0.317 dur=0.770 vowel=0.347-0.797 level=0.050
323	proc	303	bod	train	shiftMags=0	874.411	1.5	1.5	1.5	30	16000	3	0@0.002	0.342	0.408-0.750	-162.709	1067.85	-126	507	840.797	1120.47	700.791	2182.19	840.842	1121.11	697.716	2186.03	142.927	144.607	20.2231	-10.5067	0.0654152	8.125	-27.7302	0							1	0.000121996	-11.0058	voice coral "bod" tok=9857feb367b9f5c6 take=1 src=tts:gpt-audio-1.5 f0=146 onset=0.370 dur=0.500 vowel=0.390-0.800 level=0.050
324	proc	304	bad	train	shiftMags=0	877.296	1.5	1.5	1.5	30	16000	3	0@0.002	0.302	0.372-0.674	-292.971	913.585	-213	342	1048.35	1836.38	717.749	2772.17	1052.31	1819.92	722.951	2775.54	162.438	153.188	-101.499	-4.17249	0.113798	8.25	-27.2699	0							1	0.000121913	-4.35262	voice coral "bad" tok=d5dabb9c15c94236 take=2 src=tts:gpt-audio-1.5 f0=152 onset=0.327 dur=0.420 vowel=0.357-0.637 level=0.050
325	proc	305	bod	train	shiftMags=0	879.963	1.5	1.5	1.5	30	16000	3	0@0.002	0.3	0.364-0.664	-201.697	1079.72	-153	529	848.061	1072.77	662.904	2242.25	856.293	1074.08	666.005	2245.22	154.684	144.916	-112.924	-11.7364	0.124328	8	-26.4389	0							1	0.000120941	-12.3014	voice coral "bod" tok=cf96acac8564611c take=2 src=tts:gpt-audio-1.5 f0=150 onset=0.364 dur=0.440 vowel=0.364-0.604 level=0.050
326	proc	306	booed	train	shiftMags=0	882.867	1.5	1.5	1.5	30	16000	3	0@0.002	0.38	0.450-0.830	219.748	1056.22	216	488	401.55	1407.92	495.878	2486.11	401.55	1407.92	495.878	2486.11	167.339	214.634	430.929	-13.6638	0.0502856	6	-28.0018	0							1	0.000120789	-15.1997	voice coral "booed" tok=49b1a3e19c2ba4e4 take=2 src=tts:gpt-audio-1.5 f0=169 onset=0.324 dur=0.630 vowel=0.424-0.884 level=0.050
327	proc	307	bead	train	shiftMags=0	885.232	1.5	1.5	1.5	30	16000	3	0@0.002	0.32	0.418-0.798	265.068	591.907	271	176	269.487	2618.33	426.525	3031.26	271.563	2626.93	429.283	3114.36	162.866	162.263	-6.41733	-11.1385	0.0532968	7.625	-27.9991	0							1	0.000121581	-11.7791	voice coral "bead" tok=691b7f4ced7e64e8 take=2 src=tts:gpt-audio-1.5 f0=158 onset=0.301 dur=0.740 vowel=0.301-0.771 level=0.050
328	proc	308	booed	train	shiftMags=0	887.582	1.5	1.5	1.5	30	16000	3	0@0.002	0.434	0.298-0.732	243.329	1085.43	244	535	311.353	1182.22	578.495	2344.03	310.331	1181.22	580.308	2331.47	259.686	284.515	158.08	-14.7729	0.0652553	7.6875	-27.1939	0							1	0.000121386	-15.8329	voice coral "booed" tok=3d7d5fdd15ca299a take=3 src=tts:gpt-audio-1.5 f0=234 onset=0.293 dur=0.560 vowel=0.293-0.703 level=0.050
329	proc	309	bod	train	shiftMags=0	889.936	1.5	1.5	1.5	30	16000	3	0@0.002	0.332	0.420-0.752	-216.231	1071.22	-163	513	927.839	1141.27	695.491	2215.12	930.478	1145.23	699.391	2217.86	164.978	162.477	-26.4495	-11.5827	0.0556538	8.0625	-27.4047	0							1	0.000121907	-12.1043	voice coral "bod" tok=4e3fd7abcf421d5c take=3 src=tts:gpt-audio-1.5 f0=164 onset=0.316 dur=0.530 vowel=0.396-0.706 level=0.050
330	proc	310	bead	train	shiftMags=0	892.707	1.5	1.5	1.5	30	16000	3	0@0.002	0.328	0.476-0.804	240.037	607.041	240	182	356.948	2662.19	445.815	3261.14	359.027	2671.95	446.498	3274.52	167.446	161.452	-63.1008	-9.33682	0.0617155	5.75	-28.7272	0							1	0.000121255	-9.77491	voice coral "bead" tok=dcd7b2d2ef8bb826 take=3 src=tts:gpt-audio-1.5 f0=167 onset=0.316 dur=0.570 vowel=0.466-0.766 level=0.050
331	proc	311	bad	train	shiftMags=0	895.677	1.5	1.5	1.5	30	16000	3	0@0.002	0.314	0.382-0.696	-304.333	902.466	-220	336	1050.49	1863.75	710.255	2714.4	1053.07	1856.43	715.009	2717.25	177.428	176.216	-11.8681	-3.6689	0.117315	8.25	-27.2467	0							1	0.00012205	-3.77465	voice coral "bad" tok=d4abfcb45ff2fc28 take=3 src=tts:gpt-audio-1.5 f0=171 onset=0.337 dur=0.450 vowel=0.367-0.667 level=0.050
332	proc	312	bad	train	shiftMags=0	898.073	1.5	1.5	1.5	30	16000	3	0@0.002	0.366	0.424-0.790	-317.308	927.624	-228	353	1036.94	1826.6	702.678	2747.91	1037.26	1826.6	706.828	2747.91	158.239	152.147	-67.9602	-3.77122	0.123057	8.25	-28.3614	0							1	0.000120414	-3.90877	voice coral "bad" tok=92833cac5b54f087 take=0 src=tts:gpt-audio-1.5 f0=153 onset=0.284 dur=0.610 vowel=0.304-0.764 level=0.050
333	proc	313	bead	train	shiftMags=0	900.426	1.5	1.5	1.5	30	16000	3	0@0.002	0.406	0.480-0.886	250.097	595.079	252	176	308.766	2601.87	460.915	3085.89	316.844	2612.56	461.914	3090.6	167.291	199.564	305.393	-7.28489	0.136034	7.5	-27.7621	0							1	0.000119795	-7.54636	voice coral "bead" tok=b880f76656e7f8a0 take=0 src=tts:gpt-audio-1.5 f0=183 onset=0.329 dur=0.670 vowel=0.479-0.829 level=0.050
334	proc	314	bod	train	shiftMags=0	903.34	1.5	1.5	1.5	30	16000	3	0@0.002	0.274	0.336-0.610	-156.912	1068.52	-122	507	1030.66	1352.78	752.412	2313.97	1047.16	2242.05	719.51	2314.37	193.639	163.543	-292.446	-10.2975	0.110864	8	-26.9647	0							1	0.000121967	-10.683	voice coral "bod" tok=5cee818e96e1f17d take=0 src=tts:gpt-audio-1.5 f0=161 onset=0.345 dur=0.490 vowel=0.345-0.575 level=0.050
335	proc	315	booed	train	shiftMags=0	906.248	1.5	1.5	1.5	30	16000	3	0@0.002	0.318	0.504-0.822	226.082	1062.86	224	496	427.275	1354.58	529.399	2606.12	427.275	1354.58	529.399	2606.12	154.012	166.108	130.89	-12.7936	0.0519496	7.5625	-28.541	1	1.485+15.4ms						0	0.000121326		voice coral "booed" tok=54342660dea87fd6 take=0 src=tts:gpt-audio-1.5 f0=153 onset=0.351 dur=0.610 vowel=0.491-0.771 level=0.050
336	proc	316	bad	train	shiftMags=0	908.594	1.5	1.5	1.5	30	16000	3	0@0.002	0.41	0.384-0.794	-279.576	912.375	-205	342	989.836	1866.73	699.548	2766.19	990.323	1870.47	700.289	2770.81	142.968	145.225	27.1221	-3.33858	0.112757	8.25	-28.0822	0							1	0.000121617	-3.44416	voice coral "bad" tok=efc2fba079c6955e take=1 src=tts:gpt-audio-1.5 f0=144 onset=0.331 dur=0.610 vowel=0.381-0.871 level=0.050
337	proc	317	booed	train	shiftMags=0	910.869	1.5	1.5	1.5	30	16000	3	0@0.002	0.398	0.498-0.896	230.087	1060.86	228	491	377.43	1390.49	545.079	2523.55	377.43	1390.49	545.079	2523.55	153.301	167.815	156.606	-10.4266	0.106017	7.5625	-28.2947	0							1	0.000121136	-10.7474	voice coral "booed" tok=26f0c31b04f93a6f take=1 src=tts:gpt-audio-1.5 f0=156 onset=0.336 dur=0.750 vowel=0.346-0.876 level=0.050
338	proc	318	bod	train	shiftMags=0	913.327	1.5	1.5	1.5	30	16000	3	0@0.002	0.342	0.400-0.742	-162.721	1066.95	-126	507	840.34	1120.36	678.87	2174.29	841.21	1125.91	676.271	2183.24	143.18	146.601	40.8723	-10.549	0.0728767	8.125	-27.7304	0							1	0.000121878	-10.9765	voice coral "bod" tok=9857feb367b9f5c6 take=1 src=tts:gpt-audio-1.5 f0=146 onset=0.363 dur=0.500 vowel=0.383-0.793 level=0.050
339	proc	319	bead	train	shiftMags=0	915.782	1.5	1.5	1.5	30	16000	3	0@0.002	0.416	0.388-0.840	253.105	596.364	256	176	308.13	2680.82	501.242	3332.89	309.021	2690.21	502.886	3344.02	159.093	137.986	-246.416	-9.59024	0.0745447	7.4375	-27.0775	0							1	0.000121867	-9.75151	voice coral "bead" tok=aacd0148370d36d7 take=1 src=tts:gpt-audio-1.5 f0=154 onset=0.336 dur=0.770 vowel=0.366-0.816 level=0.050
340	proc	320	booed	train	shiftMags=0	918.038	1.5	1.5	1.5	30	16000	3	0@0.002	0.382	0.436-0.818	222.828	1056.7	220	491	404.774	1406.12	491.562	2465.56	404.774	1406.12	491.562	2465.56	167.587	219.298	465.576	-14.0102	0.0459703	10.375	-28.0017	0							1	0.000121892	-15.1814	voice coral "booed" tok=49b1a3e19c2ba4e4 take=2 src=tts:gpt-audio-1.5 f0=169 onset=0.312 dur=0.630 vowel=0.412-0.872 level=0.050
341	proc	321	bad	train	shiftMags=0	920.397	1.5	1.5	1.5	30	16000	3	0@0.002	0.302	0.370-0.672	-293.153	913.536	-213	342	1051.37	1835	718.481	2777.25	1053.98	1825.25	719.54	2793.64	166.187	149.866	-178.955	-4.30193	0.114429	8.25	-27.2702	0							1	0.000122053	-4.34727	voice coral "bad" tok=d5dabb9c15c94236 take=2 src=tts:gpt-audio-1.5 f0=152 onset=0.326 dur=0.420 vowel=0.356-0.636 level=0.050
342	proc	322	bead	train	shiftMags=0	923.273	1.5	1.5	1.5	30	16000	3	0@0.002	0.32	0.474-0.852	265.1	593.3	271	176	265.159	2621.54	434.855	3023.7	265.159	2621.54	434.855	3023.7	162.633	165.835	33.7553	-10.5214	0.0815874	7.375	-27.9991	0							1	0.00012199	-11.0113	voice coral "bead" tok=691b7f4ced7e64e8 take=2 src=tts:gpt-audio-1.5 f0=158 onset=0.356 dur=0.740 vowel=0.356-0.826 level=0.050
343	proc	323	bod	train	shiftMags=0	925.571	1.5	1.5	1.5	30	16000	3	0@0.002	0.3	0.310-0.610	-201.581	1079.78	-153	529	844.357	1064.7	657.797	2237.31	857.641	1073.76	663.515	2247.41	156.51	144.625	-136.724	-11.2816	0.130208	8	-26.4391	0							0	0.000121618		voice coral "bod" tok=cf96acac8564611c take=2 src=tts:gpt-audio-1.5 f0=150 onset=0.310 dur=0.440 vowel=0.310-0.550 level=0.050
344	proc	324	bead	train	shiftMags=0	928.163	1.5	1.5	1.5	30	16000	3	0@0.002	0.328	0.482-0.810	240.109	606.357	240	182	350.015	2645.98	416.614	3195.68	352.722	2668.04	416.741	3210.73	164.061	160.346	-39.6526	-9.35432	0.0577915	10.5	-28.7257	0							1	0.000121874	-9.79442	voice coral "bead" tok=dcd7b2d2ef8bb826 take=3 src=tts:gpt-audio-1.5 f0=167 onset=0.323 dur=0.570 vowel=0.473-0.773 level=0.050
345	proc	325	booed	train	shiftMags=0	930.95	1.5	1.5	1.5	30	16000	3	0@0.002	0.434	0.294-0.728	243.497	1085.95	244	535	312.406	1189.54	594.065	2328.58	311.494	1185.51	594.343	2336.35	256.736	283.554	172.008	-14.9134	0.0628956	7.6875	-27.1939	0							1	0.000121617	-16.2561	voice coral "booed" tok=3d7d5fdd15ca299a take=3 src=tts:gpt-audio-1.5 f0=234 onset=0.289 dur=0.560 vowel=0.289-0.699 level=0.050
346	proc	326	bad	train	shiftMags=0	933.736	1.5	1.5	1.5	30	16000	3	0@0.002	0.314	0.358-0.672	-304.383	904.636	-220	336	1051.93	1851.12	710.212	2732.53	1053.27	1846.71	713.597	2732.53	175.863	180.051	40.7492	-3.78333	0.115845	8.25	-27.2458	0							1	0.000120566	-3.8105	voice coral "bad" tok=d4abfcb45ff2fc28 take=3 src=tts:gpt-audio-1.5 f0=171 onset=0.312 dur=0.450 vowel=0.342-0.642 level=0.050
347	proc	327	bod	train	shiftMags=0	936.218	1.5	1.5	1.5	30	16000	3	0@0.002	0.332	0.472-0.804	-213.621	1071.19	-161	513	929.377	1142.86	695.754	2206.78	930.699	1143.92	695.76	2206.94	166.855	167.519	6.87144	-11.6589	0.0529132	8.0625	-27.4036	0							1	0.000121718	-12.0197	voice coral "bod" tok=4e3fd7abcf421d5c take=3 src=tts:gpt-audio-1.5 f0=164 onset=0.368 dur=0.530 vowel=0.448-0.758 level=0.050
348	proc	328	booed	train	shiftMags=0	938.568	1.5	1.5	1.5	30	16000	3	0@0.002	0.32	0.528-0.848	224.768	1062.03	222	496	427.374	1351.6	538.274	2586.55	427.374	1351.6	538.274	2586.55	153.136	168.187	162.304	-12.8769	0.0499287	7.5625	-28.5414	0							1	0.000121989	-13.5829	voice coral "booed" tok=54342660dea87fd6 take=0 src=tts:gpt-audio-1.5 f0=153 onset=0.374 dur=0.610 vowel=0.514-0.794 level=0.050
349	proc	329	bad	train	shiftMags=0	941.138	1.5	1.5	1.5	30	16000	3	0@0.002	0.366	0.420-0.786	-317.324	928.146	-228	353	1035.5	1826.56	706.171	2752.47	1039.4	1831.99	711.844	2762.42	154.626	153.256	-15.415	-3.81576	0.120688	8.25	-28.3607	0							1	0.000120807	-3.95214	voice coral "bad" tok=92833cac5b54f087 take=0 src=tts:gpt-audio-1.5 f0=153 onset=0.280 dur=0.610 vowel=0.300-0.760 level=0.050
350	proc	330	bod	train	shiftMags=0	943.658	1.5	1.5	1.5	30	16000	3	0@0.002	0.272	0.322-0.594	-157.301	1069.11	-122	510	1038.63	3075.32	711.945	2262.98	1058.35	3083.03	688.872	2296.24	188.173	166.082	-216.197	-10.2424	0.110669	8	-26.9645	0							1	0.000117812	-10.4731	voice coral "bod" tok=5cee818e96e1f17d take=0 src=tts:gpt-audio-1.5 f0=161 onset=0.329 dur=0.490 vowel=0.329-0.559 level=0.050
351	proc	331	bead	train	shiftMags=0	947.244	1.5	1.5	1.5	30	16000	3	0@0.002	0.406	0.450-0.856	250.032	592.91	252	176	307.662	2604.43	461.866	3077.85	316.143	2619.43	464.967	3084.92	170.154	210.705	370.059	-7.68672	0.124115	7.5	-27.7604	0							1	0.000121488	-7.87061	voice coral "bead" tok=b880f76656e7f8a0 take=0 src=tts:gpt-audio-1.5 f0=183 onset=0.300 dur=0.670 vowel=0.450-0.800 level=0.050
352	proc	332	bod	train	shiftMags=0	949.713	1.5	1.5	1.5	30	16000	3	0@0.002	0.34	0.350-0.690	-162.742	1067.64	-126	507	840.629	1122.31	685.862	2184.59	840.963	1123.43	682.62	2185.3	142.061	144.288	26.9314	-10.1543	0.0752027	8.125	-27.7301	0							1	0.00012206	-10.8249	voice coral "bod" tok=9857feb367b9f5c6 take=1 src=tts:gpt-audio-1.5 f0=146 onset=0.312 dur=0.500 vowel=0.332-0.742 level=0.050
353	proc	333	bad	train	shiftMags=0	952.319	1.5	1.5	1.5	30	16000	3	0@0.002	0.41	0.356-0.766	-279.699	912.652	-205	342	986.147	1871.11	702.666	2761.11	990.304	1873.62	704.198	2762.78	143.157	153.543	121.25	-3.29726	0.11319	8.25	-28.0837	0							1	0.00012167	-3.45043	voice coral "bad" tok=efc2fba079c6955e take=1 src=tts:gpt-audio-1.5 f0=144 onset=0.303 dur=0.610 vowel=0.353-0.843 level=0.050
354	proc	334	bead	train	shiftMags=0	955.3	1.5	1.5	1.5	30	16000	3	0@0.002	0.418	0.380-0.832	253.106	606.075	256	182	308.551	2676.94	493.362	3310.09	309.578	2694.6	497.852	3331.77	159.889	142.97	-193.632	-9.48254	0.0808141	7.4375	-27.0734	0							1	0.00012188	-9.75701	voice coral "bead" tok=aacd0148370d36d7 take=1 src=tts:gpt-audio-1.5 f0=154 onset=0.328 dur=0.770 vowel=0.358-0.808 level=0.050
355	proc	335	booed	train	shiftMags=0	957.556	1.5	1.5	1.5	30	16000	3	0@0.002	0.396	0.504-0.900	230.084	1061.25	228	491	375.757	1391.3	536.032	2528.57	375.757	1391.3	536.032	2528.57	151.834	168.602	181.352	-10.0226	0.105159	7.5625	-28.2941	1	1.485+15.4ms						1	0.00012104	-10.4422	voice coral "booed" tok=26f0c31b04f93a6f take=1 src=tts:gpt-audio-1.5 f0=156 onset=0.341 dur=0.750 vowel=0.351-0.881 level=0.050
356	proc	336	bead	train	shiftMags=0	959.979	1.5	1.5	1.5	30	16000	3	0@0.002	0.318	0.420-0.798	264.915	592.772	271	176	272.616	2650.22	443.688	3221.6	272.616	2650.22	443.688	3221.6	162.881	160.418	-26.3783	-11.0299	0.0572871	7.375	-27.9992	0							1	0.000121134	-11.6955	voice coral "bead" tok=691b7f4ced7e64e8 take=2 src=tts:gpt-audio-1.5 f0=158 onset=0.302 dur=0.740 vowel=0.302-0.772 level=0.050
357	proc	337	bod	train	shiftMags=0	962.866	1.5	1.5	1.5	30	16000	3	0@0.002	0.3	0.368-0.668	-201.758	1079.84	-153	529	845.394	1065.68	666.154	2237.98	862.993	1074.45	670.399	2240.57	156.062	143.844	-141.137	-11.4414	0.125681	8	-26.4391	0							1	0.00012117	-11.6977	voice coral "bod" tok=cf96acac8564611c take=2 src=tts:gpt-audio-1.5 f0=150 onset=0.368 dur=0.440 vowel=0.368-0.608 level=0.050
358	proc	338	booed	train	shiftMags=0	965.49	1.5	1.5	1.5	30	16000	3	0@0.002	0.38	0.406-0.786	221.181	1057.87	218	491	404.135	1406.32	486.163	2476.76	404.135	1406.32	486.163	2476.76	168.679	218.429	447.455	-13.6958	0.0507006	6	-28.0022	0							1	0.00012152	-15.1515	voice coral "booed" tok=49b1a3e19c2ba4e4 take=2 src=tts:gpt-audio-1.5 f0=169 onset=0.281 dur=0.630 vowel=0.381-0.841 level=0.050
359	proc	339	bad	train	shiftMags=0	968.328	1.5	1.5	1.5	30	16000	3	0@0.002	0.302	0.414-0.716	-297.086	913.685	-216	342	1051.05	1846.42	717.546	2779.78	1052.35	1817.31	720.136	2796.64	157.764	155.694	-22.8688	-4.14243	0.122513	8.25	-27.27	0							1	0.000120936	-4.3043	voice coral "bad" tok=d5dabb9c15c94236 take=2 src=tts:gpt-audio-1.5 f0=152 onset=0.370 dur=0.420 vowel=0.400-0.680 level=0.050
360	proc	340	bod	train	shiftMags=0	970.637	1.5	1.5	1.5	30	16000	3	0@0.002	0.332	0.456-0.788	-216.165	1071.08	-163	513	930.807	1152.13	703.042	2230.5	930.956	1152.17	704.464	2230.5	166.621	164.943	-17.5238	-11.5297	0.0537969	8.0625	-27.4048	0							1	0.000121618	-12.0961	voice coral "bod" tok=4e3fd7abcf421d5c take=3 src=tts:gpt-audio-1.5 f0=164 onset=0.352 dur=0.530 vowel=0.432-0.742 level=0.050
361	proc	341	bead	train	shiftMags=0	973.63	1.5	1.5	1.5	30	16000	3	0@0.002	0.328	0.456-0.784	239.963	608.419	240	182	355.462	2659.52	435.577	3214.47	360.314	2669.67	434.049	3226.53	166.19	155.867	-111.02	-8.77098	0.0719888	10.5	-28.7259	0							1	0.000121608	-9.26726	voice coral "bead" tok=dcd7b2d2ef8bb826 take=3 src=tts:gpt-audio-1.5 f0=167 onset=0.295 dur=0.570 vowel=0.445-0.745 level=0.050
362	proc	342	booed	train	shiftMags=0	975.882	1.5	1.5	1.5	30	16000	3	0@0.002	0.432	0.360-0.792	243.18	1085.37	244	535	311.228	1182.42	604.326	2331.89	310.278	1181.47	607.928	2335.9	260.305	292.713	203.141	-15.0211	0.0616411	7.6875	-27.1936	1	0.985+15.4ms						0	0.000119662		voice coral "booed" tok=3d7d5fdd15ca299a take=3 src=tts:gpt-audio-1.5 f0=234 onset=0.354 dur=0.560 vowel=0.354-0.764 level=0.050
363	proc	343	bad	train	shiftMags=0	978.721	1.5	1.5	1.5	30	16000	3	0@0.002	0.314	0.348-0.662	-304.456	905.107	-220	336	1050.65	1847.91	713.17	2755.65	1054.1	1847.82	713.666	2755.65	176.307	177.14	8.15544	-3.62921	0.119579	8.25	-27.2458	0							1	0.000118407	-3.79155	voice coral "bad" tok=d4abfcb45ff2fc28 take=3 src=tts:gpt-audio-1.5 f0=171 onset=0.303 dur=0.450 vowel=0.333-0.633 level=0.050
364	proc	344	booed	train	shiftMags=0	981.155	1.5	1.5	1.5	30	16000	3	0@0.002	0.318	0.506-0.824	226.273	1062.38	224	496	428.989	1352.41	537.736	2613.32	428.989	1352.41	537.736	2613.32	152.602	165.108	136.365	-13.3221	0.0433682	7.5625	-28.542	0							1	0.000121797	-14.2065	voice coral "booed" tok=54342660dea87fd6 take=0 src=tts:gpt-audio-1.5 f0=153 onset=0.353 dur=0.610 vowel=0.493-0.773 level=0.050
365	proc	345	bod	train	shiftMags=0	983.939	1.5	1.5	1.5	30	16000	3	0@0.002	0.272	0.362-0.634	-157.21	1068.89	-122	507	1048.75	3078.21	719.324	2300.2	1058.83	3081.29	700.884	2309.84	186.163	163.552	-224.18	-10.386	0.110188	8	-26.9648	0							1	0.00012169	-10.5567	voice coral "bod" tok=5cee818e96e1f17d take=0 src=tts:gpt-audio-1.5 f0=161 onset=0.370 dur=0.490 vowel=0.370-0.600 level=0.050
366	proc	346	bead	train	shiftMags=0	986.793	1.5	1.5	1.5	30	16000	3	0@0.002	0.406	0.482-0.888	250.174	594.809	252	176	308.713	2607.81	451.033	3077.19	314.261	2619.19	455.821	3077.23	161.301	205.231	416.998	-7.69551	0.128182	7.5	-27.7605	0							1	0.000120975	-7.88768	voice coral "bead" tok=b880f76656e7f8a0 take=0 src=tts:gpt-audio-1.5 f0=183 onset=0.332 dur=0.670 vowel=0.482-0.832 level=0.050
367	proc	347	bad	train	shiftMags=0	989.594	1.5	1.5	1.5	30	16000	3	0@0.002	0.366	0.456-0.822	-317.368	927.15	-228	353	1036.84	1827.19	710.148	2757.21	1039.02	1830.14	715.383	2757.21	159.874	151.529	-92.8097	-3.8829	0.119583	8.25	-28.3619	0							1	0.000120778	-4.03561	voice coral "bad" tok=92833cac5b54f087 take=0 src=tts:gpt-audio-1.5 f0=153 onset=0.317 dur=0.610 vowel=0.337-0.797 level=0.050
368	proc	348	bead	train	shiftMags=0	992.56	1.5	1.5	1.5	30	16000	3	0@0.002	0.422	0.352-0.802	253.125	606.649	256	182	307.671	2678.48	490.992	3328.49	308.973	2687.34	493.773	3343.07	171.598	135.606	-407.533	-9.24361	0.0861797	7.4375	-27.075	0							1	0.000121872	-9.64893	voice coral "bead" tok=aacd0148370d36d7 take=1 src=tts:gpt-audio-1.5 f0=154 onset=0.300 dur=0.770 vowel=0.330-0.780 level=0.050
369	proc	349	bod	train	shiftMags=0	994.977	1.5	1.5	1.5	30	16000	3	0@0.002	0.342	0.376-0.718	-162.735	1067.97	-126	507	841.77	1123.33	682.57	2184.06	841.77	1123.33	682.57	2187.27	142.83	143.917	13.1241	-10.3496	0.0686552	8.125	-27.7306	0							1	0.000122033	-10.8818	voice coral "bod" tok=9857feb367b9f5c6 take=1 src=tts:gpt-audio-1.5 f0=146 onset=0.338 dur=0.500 vowel=0.358-0.768 level=0.050
370	proc	350	booed	train	shiftMags=0	997.866	1.5	1.5	1.5	30	16000	3	0@0.002	0.398	0.500-0.898	230.057	1061.75	228	491	375.988	1383.97	544.654	2519.61	375.988	1383.97	544.654	2519.61	150.151	168.967	204.393	-10.1441	0.105963	7.5625	-28.2956	0							1	0.00012112	-10.8279	voice coral "booed" tok=26f0c31b04f93a6f take=1 src=tts:gpt-audio-1.5 f0=156 onset=0.338 dur=0.750 vowel=0.348-0.878 level=0.050
371	proc	351	bad	train	shiftMags=0	1000.58	1.5	1.5	1.5	30	16000	3	0@0.002	0.41	0.398-0.808	-279.537	912.279	-205	342	984.897	1870.3	697.458	2758.69	988.313	1875.06	699.182	2762.46	143.411	152.669	108.31	-3.3521	0.113744	8.25	-28.0832	0							1	0.000121959	-3.44877	voice coral "bad" tok=efc2fba079c6955e take=1 src=tts:gpt-audio-1.5 f0=144 onset=0.345 dur=0.610 vowel=0.395-0.885 level=0.050
372	proc	352	bod	train	shiftMags=0	1002.97	1.5	1.5	1.5	30	16000	3	0@0.002	0.302	0.342-0.644	-201.797	1079.89	-153	535	842.012	1071.95	675.688	2222.15	859.69	1074.93	677.531	2231.76	154.321	169.503	162.446	-12.1396	0.0708812	8	-26.4392	0							1	0.000121368	-12.7103	voice coral "bod" tok=cf96acac8564611c take=2 src=tts:gpt-audio-1.5 f0=150 onset=0.343 dur=0.440 vowel=0.343-0.583 level=0.050
373	proc	353	bead	train	shiftMags=0	1005.38	1.5	1.5	1.5	30	16000	3	0@0.002	0.316	0.402-0.778	265.168	591.635	271	176	272.282	2646.01	469.202	3068.32	272.282	2646.01	469.202	3068.32	162.967	168.836	61.2491	-10.2266	0.084934	7.625	-27.9997	0							1	0.000121821	-10.7803	voice coral "bead" tok=691b7f4ced7e64e8 take=2 src=tts:gpt-audio-1.5 f0=158 onset=0.284 dur=0.740 vowel=0.284-0.754 level=0.050
374	proc	354	bad	train	shiftMags=0	1007.7	1.5	1.5	1.5	30	16000	3	0@0.002	0.302	0.330-0.632	-297.105	913.544	-216	342	1050.46	1833.86	720.681	2760.18	1053.58	1823.03	722.809	2776.49	166.243	146.647	-217.139	-4.1918	0.128224	8.25	-27.2701	0							1	0.000121727	-4.28686	voice coral "bad" tok=d5dabb9c15c94236 take=2 src=tts:gpt-audio-1.5 f0=152 onset=0.286 dur=0.420 vowel=0.316-0.596 level=0.050
375	proc	355	booed	train	shiftMags=0	1010.62	1.5	1.5	1.5	30	16000	3	0@0.002	0.38	0.410-0.790	221.11	1055.23	218	485	402.264	1406.77	487.383	2472.29	402.264	1406.77	487.383	2472.29	167.592	225.028	510.183	-13.7774	0.0460856	10.3125	-28.0024	1	1.485+15.4ms						1	0.000121906	-15.1265	voice coral "booed" tok=49b1a3e19c2ba4e4 take=2 src=tts:gpt-audio-1.5 f0=169 onset=0.285 dur=0.630 vowel=0.385-0.845 level=0.050
376	proc	356	booed	train	shiftMags=0	1013.12	1.5	1.5	1.5	30	16000	3	0@0.002	0.432	0.328-0.760	243.397	1084.76	244	535	312.089	1188.57	588.876	2326.24	310.089	1181.21	593.257	2326.24	258.969	262.603	24.1284	-14.9612	0.0648802	7.6875	-27.1939	0							1	0.000121035	-16.2983	voice coral "booed" tok=3d7d5fdd15ca299a take=3 src=tts:gpt-audio-1.5 f0=234 onset=0.322 dur=0.560 vowel=0.322-0.732 level=0.050
377	proc	357	bod	train	shiftMags=0	1015.63	1.5	1.5	1.5	30	16000	3	0@0.002	0.33	0.398-0.728	-213.789	1071.08	-161	513	930.286	1152.22	705.569	2213.71	930.458	1154.2	707.67	2216.48	166.146	162.034	-43.3888	-11.3368	0.0672235	8.0625	-27.4046	0							1	0.000119534	-11.6521	voice coral "bod" tok=4e3fd7abcf421d5c take=3 src=tts:gpt-audio-1.5 f0=164 onset=0.293 dur=0.530 vowel=0.373-0.683 level=0.050
378	proc	358	bead	train	shiftMags=0	1017.97	1.5	1.5	1.5	30	16000	3	0@0.002	0.328	0.446-0.774	240.069	606.469	240	182	357.374	2660.97	426.849	3260.77	359.562	2670.61	434.91	3264.1	165.907	159.593	-67.1812	-9.25262	0.0583084	5.75	-28.7256	0							1	0.000118908	-9.63675	voice coral "bead" tok=dcd7b2d2ef8bb826 take=3 src=tts:gpt-audio-1.5 f0=167 onset=0.286 dur=0.570 vowel=0.436-0.736 level=0.050
379	proc	359	bad	train	shiftMags=0	1020.83	1.5	1.5	1.5	30	16000	3	0@0.002	0.314	0.396-0.710	-304.389	905.823	-220	336	1049.37	1864.4	709.672	2728.27	1055.94	1847.96	714.256	2741.73	177.163	179.665	24.2805	-3.75605	0.110722	8.25	-27.2465	0							1	0.000121651	-3.78065	voice coral "bad" tok=d4abfcb45ff2fc28 take=3 src=tts:gpt-audio-1.5 f0=171 onset=0.350 dur=0.450 vowel=0.380-0.680 level=0.050
380	proc	360	bead	train	shiftMags=0	1023.49	1.5	1.5	1.5	30	16000	3	0@0.002	0.406	0.494-0.900	250.21	595.171	252	176	306.815	2608.21	458.192	3078.56	312.017	2615.31	458.995	3087.86	157.762	211.214	505.148	-7.52486	0.138466	7.5	-27.7621	0							1	0.000118821	-7.79689	voice coral "bead" tok=b880f76656e7f8a0 take=0 src=tts:gpt-audio-1.5 f0=183 onset=0.344 dur=0.670 vowel=0.494-0.844 level=0.050
381	proc	361	bod	train	shiftMags=0	1026.9	1.5	1.5	1.5	30	16000	3	0@0.002	0.272	0.366-0.638	-157.181	1069.91	-122	510	1032.61	1319.42	761.539	2314.14	1050.47	3069.86	726.28	2314.37	193.733	160.781	-322.764	-10.1959	0.10943	8	-26.9637	0							1	0.000119771	-10.5623	voice coral "bod" tok=5cee818e96e1f17d take=0 src=tts:gpt-audio-1.5 f0=161 onset=0.374 dur=0.490 vowel=0.374-0.604 level=0.050
382	proc	362	bad	train	shiftMags=0	1029.74	1.5	1.5	1.5	30	16000	3	0@0.002	0.366	0.480-0.846	-317.291	927.354	-228	353	1035.76	1825.93	705.353	2751.5	1039.4	1831.57	709.94	2758.38	154.415	148.348	-69.3997	-3.90985	0.118421	8.25	-28.3623	1	0.992+8.3ms						1	0.000121716	-3.905	voice coral "bad" tok=92833cac5b54f087 take=0 src=tts:gpt-audio-1.5 f0=153 onset=0.340 dur=0.610 vowel=0.360-0.820 level=0.050
383	proc	363	booed	train	shiftMags=0	1032.4	1.5	1.5	1.5	30	16000	3	0@0.002	0.318	0.450-0.768	223.144	1062.44	220	496	427.379	1351.97	538.388	2622.33	427.379	1351.97	538.388	2622.33	153.671	166.376	137.525	-12.2077	0.0678041	7.5625	-28.5412	0							1	0.000121001	-13.2747	voice coral "booed" tok=54342660dea87fd6 take=0 src=tts:gpt-audio-1.5 f0=153 onset=0.296 dur=0.610 vowel=0.436-0.716 level=0.050
384	proc	364	bead	train	shiftMags=0	1035.24	1.5	1.5	1.5	30	16000	3	0@0.002	0.42	0.418-0.870	253.196	601.182	256	179	308.273	2681.91	483.971	3344.21	309.228	2688.83	492.701	3366.05	161.188	138.031	-268.511	-9.31241	0.0828529	7.4375	-27.0745	0							1	0.000120617	-9.72298	voice coral "bead" tok=aacd0148370d36d7 take=1 src=tts:gpt-audio-1.5 f0=154 onset=0.366 dur=0.770 vowel=0.396-0.846 level=0.050
385	proc	365	bod	train	shiftMags=0	1038.02	1.5	1.5	1.5	30	16000	3	0@0.002	0.342	0.336-0.678	-162.712	1067.23	-126	507	840.664	1115.3	692.502	2197.5	841.741	1124.9	692.502	2197.5	142.544	145.088	30.6233	-10.2954	0.0822136	8.125	-27.7305	0							1	0.000120279	-11.0289	voice coral "bod" tok=9857feb367b9f5c6 take=1 src=tts:gpt-audio-1.5 f0=146 onset=0.299 dur=0.500 vowel=0.319-0.729 level=0.050
386	proc	366	bad	train	shiftMags=0	1040.59	1.5	1.5	1.5	30	16000	3	0@0.002	0.412	0.416-0.828	-277.1	912.271	-203	342	985.756	1871.44	701.427	2762.29	990.251	1873.47	702.244	2766.32	143.158	148.943	68.586	-3.38956	0.116245	8.25	-28.0825	0							1	0.000120627	-3.4502	voice coral "bad" tok=efc2fba079c6955e take=1 src=tts:gpt-audio-1.5 f0=144 onset=0.363 dur=0.610 vowel=0.413-0.903 level=0.050
387	proc	367	booed	train	shiftMags=0	1043.11	1.5	1.5	1.5	30	16000	3	0@0.002	0.398	0.518-0.916	230.096	1060.91	228	491	376.294	1376.35	538.012	2520.11	376.294	1376.35	538.012	2520.11	151.759	171.674	213.466	-10.2983	0.103751	7.5625	-28.2946	0							1	0.000119344	-10.7918	voice coral "booed" tok=26f0c31b04f93a6f take=1 src=tts:gpt-audio-1.5 f0=156 onset=0.356 dur=0.750 vowel=0.366-0.896 level=0.050
388	proc	368	booed	train	shiftMags=0	1046.03	1.5	1.5	1.5	30	16000	3	0@0.002	0.38	0.458-0.838	221.161	1055.68	218	488	401.698	1402.95	492.897	2494.01	401.698	1402.95	492.897	2494.01	167.986	218.789	457.442	-14.046	0.044844	10.375	-28.0023	0							1	0.000120862	-15.213	voice coral "booed" tok=49b1a3e19c2ba4e4 take=2 src=tts:gpt-audio-1.5 f0=169 onset=0.333 dur=0.630 vowel=0.433-0.893 level=0.050
389	proc	369	bod	train	shiftMags=0	1048.42	1.5	1.5	1.5	30	16000	3	0@0.002	0.3	0.284-0.584	-201.549	1079.86	-153	529	849.365	1072.43	661.124	2245.12	857.781	1074.51	661.419	2247.83	154.788	142.71	-140.644	-11.4693	0.12338	8	-26.4396	0							1	0.000121727	-11.7839	voice coral "bod" tok=cf96acac8564611c take=2 src=tts:gpt-audio-1.5 f0=150 onset=0.284 dur=0.440 vowel=0.284-0.524 level=0.050
390	proc	370	bead	train	shiftMags=0	1050.74	1.5	1.5	1.5	30	16000	3	0@0.002	0.318	0.406-0.784	265.01	593.157	271	176	271.144	2628.64	449.536	3045.54	268.707	2638.03	451.294	3099.69	162.48	166.993	47.4281	-10.6117	0.0744864	7.375	-27.9988	0							1	0.000121408	-11.1497	voice coral "bead" tok=691b7f4ced7e64e8 take=2 src=tts:gpt-audio-1.5 f0=158 onset=0.288 dur=0.740 vowel=0.288-0.758 level=0.050
391	proc	371	bad	train	shiftMags=0	1053.64	1.5	1.5	1.5	30	16000	3	0@0.002	0.302	0.342-0.644	-292.987	913.709	-213	342	1048.48	1836.82	711.736	2776.07	1052.16	1820.03	713.193	2778.67	162.441	153.739	-95.3169	-4.39546	0.114097	8.25	-27.2702	0							1	0.000121785	-4.35167	voice coral "bad" tok=d5dabb9c15c94236 take=2 src=tts:gpt-audio-1.5 f0=152 onset=0.297 dur=0.420 vowel=0.327-0.607 level=0.050
392	proc	372	bad	train	shiftMags=0	1056.4	1.5	1.5	1.5	30	16000	3	0@0.002	0.314	0.354-0.668	-304.408	905.032	-220	336	1050.73	1862.68	715.445	2722.14	1053.84	1856.09	720.129	2725.74	178.214	174.74	-34.0851	-3.70202	0.119228	8.25	-27.2467	0							1	0.00012173	-3.79348	voice coral "bad" tok=d4abfcb45ff2fc28 take=3 src=tts:gpt-audio-1.5 f0=171 onset=0.308 dur=0.450 vowel=0.338-0.638 level=0.050
393	proc	373	bead	train	shiftMags=0	1059.35	1.5	1.5	1.5	30	16000	3	0@0.002	0.328	0.478-0.806	240.047	607.934	240	182	352.418	2671.5	436.799	3188.51	356.016	2677.37	440.379	3222.62	165.186	161.473	-39.3669	-9.36094	0.0582551	10.5	-28.7258	0							1	0.000121943	-9.79369	voice coral "bead" tok=dcd7b2d2ef8bb826 take=3 src=tts:gpt-audio-1.5 f0=167 onset=0.319 dur=0.570 vowel=0.469-0.769 level=0.050
394	proc	374	booed	train	shiftMags=0	1062.05	1.5	1.5	1.5	30	16000	3	0@0.002	0.432	0.322-0.754	243.486	1084.8	244	535	311.819	1184.71	602.161	2317.83	310.868	1182.91	602.256	2329.3	258.487	285.111	169.72	-15.1128	0.0642043	7.6875	-27.1936	0							1	0.000119434	-16.2869	voice coral "booed" tok=3d7d5fdd15ca299a take=3 src=tts:gpt-audio-1.5 f0=234 onset=0.316 dur=0.560 vowel=0.316-0.726 level=0.050
395	proc	375	bod	train	shiftMags=0	1065.05	1.5	1.5	1.5	30	16000	3	0@0.002	0.33	0.444-0.774	-213.725	1070.97	-161	513	931.592	1141.8	699.879	2215.53	932.554	1145.58	702.494	2219.69	166.866	165.478	-14.4617	-11.4415	0.0514978	8.0625	-27.405	1	1.485+15.4ms						1	0.000121696	-11.881	voice coral "bod" tok=4e3fd7abcf421d5c take=3 src=tts:gpt-audio-1.5 f0=164 onset=0.339 dur=0.530 vowel=0.419-0.729 level=0.050
396	proc	376	bad	train	shiftMags=0	1067.63	1.5	1.5	1.5	30	16000	3	0@0.002	0.366	0.426-0.792	-317.332	927.399	-228	353	1035.85	1827.38	706.507	2747.1	1039	1826.69	718.471	2750.69	159.983	149.603	-116.135	-3.84674	0.118126	8.25	-28.3609	0							1	0.000121247	-3.96148	voice coral "bad" tok=92833cac5b54f087 take=0 src=tts:gpt-audio-1.5 f0=153 onset=0.287 dur=0.610 vowel=0.307-0.767 level=0.050
397	proc	377	booed	train	shiftMags=0	1069.92	1.5	1.5	1.5	30	16000	3	0@0.002	0.318	0.446-0.764	223.156	1061.89	220	496	429.034	1353.29	534.957	2612.42	429.034	1353.29	534.957	2612.42	154.097	166.72	136.302	-12.7496	0.0633553	7.5625	-28.5415	0							1	0.00011996	-13.3167	voice coral "booed" tok=54342660dea87fd6 take=0 src=tts:gpt-audio-1.5 f0=153 onset=0.292 dur=0.610 vowel=0.432-0.712 level=0.050
398	proc	378	bead	train	shiftMags=0	1072.67	1.5	1.5	1.5	30	16000	3	0@0.002	0.408	0.466-0.874	250.094	593.773	252	176	305.828	2596.45	443.704	3075.38	315.784	2620.33	445.018	3083.47	171.623	211.291	359.985	-7.63459	0.131836	7.5	-27.7623	0							1	0.000122054	-7.86445	voice coral "bead" tok=b880f76656e7f8a0 take=0 src=tts:gpt-audio-1.5 f0=183 onset=0.315 dur=0.670 vowel=0.465-0.815 level=0.050
399	proc	379	bod	train	shiftMags=0	1075.11	1.5	1.5	1.5	30	16000	3	0@0.002	0.272	0.324-0.596	-157.236	1068.88	-122	507	1050.6	3077.41	704.634	2273.95	1061.6	3081.61	698.071	2291.93	187.913	173.985	-133.329	-10.5696	0.107961	8	-26.9645	0							0	0.000120871		voice coral "bod" tok=5cee818e96e1f17d take=0 src=tts:gpt-audio-1.5 f0=161 onset=0.332 dur=0.490 vowel=0.332-0.562 level=0.050
400	proc	380	bead	train	shiftMags=0	1077.66	1.5	1.5	1.5	30	16000	3	0@0.002	0.42	0.346-0.798	253.141	606.707	256	182	308.558	2686.13	498.135	3313.49	310.147	2686.76	498.794	3346.88	158.834	158.91	0.826808	-9.38159	0.0763594	7.4375	-27.0738	0							1	0.000121786	-9.6782	voice coral "bead" tok=aacd0148370d36d7 take=1 src=tts:gpt-audio-1.5 f0=154 onset=0.295 dur=0.770 vowel=0.325-0.775 level=0.050
401	proc	381	bad	train	shiftMags=0	1080.18	1.5	1.5	1.5	30	16000	3	0@0.002	0.41	0.404-0.814	-279.58	912.369	-205	342	989.848	1866.57	699.777	2755.84	990.019	1870.18	700.375	2759.01	142.982	145.222	26.9177	-3.38034	0.116018	8.25	-28.0829	0							1	0.000120685	-3.44763	voice coral "bad" tok=efc2fba079c6955e take=1 src=tts:gpt-audio-1.5 f0=144 onset=0.351 dur=0.610 vowel=0.401-0.891 level=0.050
402	proc	382	booed	train	shiftMags=0	1082.68	1.5	1.5	1.5	30	16000	3	0@0.002	0.398	0.498-0.896	230.068	1060.75	228	491	377.136	1390.76	539.773	2521.96	377.136	1390.76	539.773	2521.96	153.305	165.813	135.778	-10.2834	0.104164	7.5	-28.2946	0							1	0.000121823	-10.7443	voice coral "booed" tok=26f0c31b04f93a6f take=1 src=tts:gpt-audio-1.5 f0=156 onset=0.336 dur=0.750 vowel=0.346-0.876 level=0.050
403	proc	383	bod	train	shiftMags=0	1085.32	1.5	1.5	1.5	30	16000	3	0@0.002	0.34	0.352-0.692	-162.719	1067.65	-126	507	841.327	1125.11	684.267	2190.55	846.098	1126.38	682.489	2192.26	142.736	143.517	9.44542	-10.7015	0.0683934	8.125	-27.7304	0							0	0.000121365		voice coral "bod" tok=9857feb367b9f5c6 take=1 src=tts:gpt-audio-1.5 f0=146 onset=0.314 dur=0.500 vowel=0.334-0.744 level=0.050
404	proc	384	bad	train	shiftMags=0	1088.01	1.5	1.5	1.5	30	16000	3	0@0.002	0.302	0.400-0.702	-293.002	913.63	-213	342	1052.02	1834.29	718.233	2768.81	1053.71	1824.7	720.805	2777.61	159.941	149.357	-118.531	-4.19892	0.11386	8.25	-27.27	0							1	0.000120976	-4.34621	voice coral "bad" tok=d5dabb9c15c94236 take=2 src=tts:gpt-audio-1.5 f0=152 onset=0.355 dur=0.420 vowel=0.385-0.665 level=0.050
405	proc	385	booed	train	shiftMags=0	1090.32	1.5	1.5	1.5	30	16000	3	0@0.002	0.38	0.444-0.824	221.235	1056.1	218	488	403.091	1395.55	500.312	2483.91	403.091	1395.55	500.312	2483.91	168.911	223.967	488.425	-14.0911	0.0477583	10.4375	-28.0022	0							1	0.000120736	-15.0931	voice coral "booed" tok=49b1a3e19c2ba4e4 take=2 src=tts:gpt-audio-1.5 f0=169 onset=0.318 dur=0.630 vowel=0.418-0.878 level=0.050
406	proc	386	bod	train	shiftMags=0	1093.24	1.5	1.5	1.5	30	16000	3	0@0.002	0.3	0.364-0.664	-201.681	1079.88	-153	529	840.945	1073.06	653.116	2258.03	859.241	1073.37	656.002	2260.05	154.486	164.584	109.615	-11.6287	0.121808	8	-26.439	0							1	0.000121987	-11.922	voice coral "bod" tok=cf96acac8564611c take=2 src=tts:gpt-audio-1.5 f0=150 onset=0.364 dur=0.440 vowel=0.364-0.604 level=0.050
407	proc	387	bead	train	shiftMags=0	1095.75	1.5	1.5	1.5	30	16000	3	0@0.002	0.32	0.406-0.784	265.17	592.337	271	176	270.861	2628.06	453.466	3053.64	268.975	2636.32	456.127	3108.83	161.735	165.628	41.1833	-10.7544	0.0600045	7.625	-27.9995	0							1	0.000121506	-11.3385	voice coral "bead" tok=691b7f4ced7e64e8 take=2 src=tts:gpt-audio-1.5 f0=158 onset=0.288 dur=0.740 vowel=0.288-0.758 level=0.050
408	proc	388	bead	train	shiftMags=0	1098.55	1.5	1.5	1.5	30	16000	3	0@0.002	0.328	0.488-0.816	240.08	607.734	240	182	352.937	2669.86	416.042	3185.24	356.22	2676.1	426.102	3218.38	164.887	158.405	-69.4317	-9.33327	0.0697726	10.5	-28.7265	0							1	0.000121885	-9.80777	voice coral "bead" tok=dcd7b2d2ef8bb826 take=3 src=tts:gpt-audio-1.5 f0=167 onset=0.329 dur=0.570 vowel=0.479-0.779 level=0.050
409	proc	389	booed	train	shiftMags=0	1101.06	1.5	1.5	1.5	30	16000	3	0@0.002	0.432	0.290-0.722	243.603	1085.55	244	535	311.273	1182.61	594.895	2324.74	310.273	1181.53	600.759	2329.64	260.21	298.737	239.042	-14.3261	0.063755	7.6875	-27.1934	0							0	0.000120921		voice coral "booed" tok=3d7d5fdd15ca299a take=3 src=tts:gpt-audio-1.5 f0=234 onset=0.283 dur=0.560 vowel=0.283-0.693 level=0.050
410	proc	390	bod	train	shiftMags=0	1103.4	1.5	1.5	1.5	30	16000	3	0@0.002	0.33	0.412-0.742	-218.845	1070.99	-165	513	927.494	1142.2	697.701	2198.72	929.576	1147.56	697.913	2200.34	165.664	167.561	19.7078	-11.2538	0.0696256	8.0625	-27.4037	0							1	0.000121675	-11.7426	voice coral "bod" tok=4e3fd7abcf421d5c take=3 src=tts:gpt-audio-1.5 f0=164 onset=0.307 dur=0.530 vowel=0.387-0.697 level=0.050
411	proc	391	bad	train	shiftMags=0	1106.9	1.5	1.5	1.5	30	16000	3	0@0.002	0.314	0.400-0.714	-304.295	905.33	-220	336	1047.83	1852.68	716.301	2754.34	1055.6	1848.6	719.043	2754.34	176.821	179.992	30.7681	-3.67464	0.115173	8.25	-27.2465	0							1	0.000122066	-3.80647	voice coral "bad" tok=d4abfcb45ff2fc28 take=3 src=tts:gpt-audio-1.5 f0=171 onset=0.354 dur=0.450 vowel=0.384-0.684 level=0.050
412	proc	392	bad	train	shiftMags=0	1109.32	1.5	1.5	1.5	30	16000	3	0@0.002	0.366	0.494-0.860	-317.341	927.103	-228	353	1037.12	1826.58	711.195	2743.06	1037.65	1826.58	712.172	2743.06	158.235	154.78	-38.2231	-3.69072	0.11747	8.25	-28.3617	0							1	0.000121929	-3.91596	voice coral "bad" tok=92833cac5b54f087 take=0 src=tts:gpt-audio-1.5 f0=153 onset=0.354 dur=0.610 vowel=0.374-0.834 level=0.050
413	proc	393	bod	train	shiftMags=0	1111.79	1.5	1.5	1.5	30	16000	3	0@0.002	0.272	0.318-0.590	-157.232	1069.7	-122	510	1032.42	1405.52	1100.99	2322.12	1051.04	3082.86	2112.56	3087.74	178.289	166.359	-119.905	-10.0777	0.103825	8	-26.9637	0							1	0.00012137	-10.5629	voice coral "bod" tok=5cee818e96e1f17d take=0 src=tts:gpt-audio-1.5 f0=161 onset=0.326 dur=0.490 vowel=0.326-0.556 level=0.050
414	proc	394	bead	train	shiftMags=0	1114.55	1.5	1.5	1.5	30	16000	3	0@0.002	0.404	0.512-0.916	249.973	593.917	252	176	309.239	2609.91	444.602	3078.32	314.577	2621.47	447.016	3079.66	170.484	205.208	320.937	-7.4594	0.138335	7.5	-27.7621	0							1	0.000121875	-7.6783	voice coral "bead" tok=b880f76656e7f8a0 take=0 src=tts:gpt-audio-1.5 f0=183 onset=0.361 dur=0.670 vowel=0.511-0.861 level=0.050
415	proc	395	booed	train	shiftMags=0	1117.3	1.5	1.5	1.5	30	16000	3	0@0.002	0.32	0.516-0.836	224.709	1062.5	222	496	429.163	1353.5	533.003	2583.11	429.163	1353.5	533.003	2583.11	154.123	173.071	200.733	-12.4315	0.0666723	7.5625	-28.5416	1	1.485+15.4ms						1	0.000121532	-13.3882	voice coral "booed" tok=54342660dea87fd6 take=0 src=tts:gpt-audio-1.5 f0=153 onset=0.362 dur=0.610 vowel=0.502-0.782 level=0.050
416	proc	396	bed	generalization	shiftMags=0	1124.7	1.5	1.5	1.5	30	16000	4	0@0.002	0.246	0.434-0.680	-103.744	854.88	-83	303	806.353	2088.39	382.565	1278.44	806.353	2088.39	382.565	1278.44	167.429	NaN	NaN	-4.21202	0.0936551	-14.6875	-28.38	0							0	0.000120161		voice coral "bed" tok=6355d849cdf5214d take=3 src=tts:gpt-audio-1.5 f0=178 onset=0.293 dur=0.540 vowel=0.423-0.623 level=0.050
417	proc	397	bid	generalization	shiftMags=0	1127.25	1.5	1.5	1.5	30	16000	4	0@0.002	0.244	0.480-0.724	92.6467	798.707	83	270	449.203	2237.61	509.73	1736.65	449.203	2237.61	509.73	1736.65	173.587	237.205	540.573	-6.10075	0.0829663	22.9375	-27.4933	0							0	0.000119076		voice coral "bid" tok=e9c1f489cd180417 take=3 src=tts:gpt-audio-1.5 f0=174 onset=0.308 dur=0.540 vowel=0.478-0.678 level=0.050
418	proc	398	bayed	generalization	shiftMags=0	1129.85	1.5	1.5	1.5	30	16000	4	0@0.002	0.338	0.474-0.812	116.395	685.886	106	215	500.299	1984.01	1202.74	3633.83					174.011	187.274	127.168	-5.87979	0.0691385	35.3125	-27.4014	0							0	0.000121006		voice coral "bayed" tok=062743a1207015a2 take=3 src=tts:gpt-audio-1.5 f0=175 onset=0.350 dur=0.580 vowel=0.460-0.730 level=0.050
419	proc	399	bode	generalization	shiftMags=0	1132.25	1.5	1.5	1.5	30	16000	4	0@0.002	0.292	0.490-0.782	73.4126	1086.44	65	540	673.345	1208.83	417.171	1129.15	673.345	1208.83	417.171	1129.15	180.928	NaN	NaN	-4.92703	0.110223	-59	-27.1652	0							0	0.000118551		voice coral "bode" tok=d4b58744d23022eb take=3 src=tts:gpt-audio-1.5 f0=186 onset=0.336 dur=0.550 vowel=0.476-0.726 level=0.050
420	proc	400	bud	generalization	shiftMags=0	1134.72	1.5	1.5	1.5	30	16000	4	0@0.002	0.232	0.444-0.676	-129.727	1033.5	-102	455	816.102	1259.55	437.193	3571.87	816.102	1259.55	437.193	3571.87	164.206	NaN	NaN	-4.69461	0.104332	47.6875	-27.1641	0							0	0.000122033		voice coral "bud" tok=64967d272b0be504 take=3 src=tts:gpt-audio-1.5 f0=180 onset=0.363 dur=0.430 vowel=0.433-0.623 level=0.050
421	proc	401	bud	generalization	shiftMags=0	1137.14	1.5	1.5	1.5	30	16000	4	0@0.002	0.248	0.362-0.610	-173.975	1009.75	-134	430	879.99	1337.25	391.213	1997.73	879.99	1337.25	391.213	1997.73	163.198	143.422	-223.628	-4.43986	0.0814273	32.0625	-28.4812	0							0	0.000119906		voice coral "bud" tok=74a8e3a559507095 take=0 src=tts:gpt-audio-1.5 f0=161 onset=0.285 dur=0.420 vowel=0.345-0.645 level=0.050
422	proc	402	bid	generalization	shiftMags=0	1139.5	1.5	1.5	1.5	30	16000	4	0@0.002	0.224	0.342-0.566	146.196	758.589	136	248	439.857	2218.42	293.817	1146.11	439.857	2218.42	293.817	1146.11	152.966	226.839	682.157	-4.91252	0.083957	8.4375	-27.3718	0							0	0.000121151		voice coral "bid" tok=a0a01e54b46a0dcb take=0 src=tts:gpt-audio-1.5 f0=159 onset=0.304 dur=0.380 vowel=0.314-0.514 level=0.050
423	proc	403	bed	generalization	shiftMags=0	1142	1.5	1.5	1.5	30	16000	4	0@0.002	0.286	0.404-0.690	-140.278	853.785	-110	303	689.229	1954.1	484.322	1837.85	739.008	1970.9	434.548	2316.04	158.092	165.882	83.2742	-4.58878	0.0968121	41.0625	-27.3077	0							0	0.000121657		voice coral "bed" tok=e0d1e91497ae244c take=0 src=tts:gpt-audio-1.5 f0=163 onset=0.360 dur=0.450 vowel=0.390-0.650 level=0.050
424	proc	404	bayed	generalization	shiftMags=0	1144.91	1.5	1.5	1.5	30	16000	4	0@0.002	0.4	0.296-0.724	162.789	695.957	153	220	533.362	2585.62	440.571	2090.97	535.22	2655.99	2089.37	4240.81	144.503	NaN	NaN	-5.68146	0.0871084	42.25	-28.0578	0							0	0.000121734		voice coral "bayed" tok=9c259a126d099ce3 take=0 src=tts:gpt-audio-1.5 f0=143 onset=0.284 dur=0.480 vowel=0.284-0.694 level=0.050
425	proc	405	bode	generalization	shiftMags=0	1147.81	1.5	1.5	1.5	30	16000	4	0@0.002	0.376	0.442-0.886	110.127	1076.91	100	518	638.44	1207.97	392.823	1257.57	684.286	1254.71	376.061	1272	152.693	195.889	431.281	-4.60144	0.0934191	35.9375	-28.8539	0							0	0.000120401		voice coral "bode" tok=4ffddc7b362d5d41 take=0 src=tts:gpt-audio-1.5 f0=152 onset=0.314 dur=0.620 vowel=0.434-0.874 level=0.050
426	proc	406	bid	generalization	shiftMags=0	1150.47	1.5	1.5	1.5	30	16000	4	0@0.002	0.352	0.414-0.838	146.285	791.165	136	265	421.978	2338.56	472.195	3091.24	421.978	2338.56	472.195	3091.24	149.67	198.266	486.784	-5.39598	0.0867992	59.6875	-28.0378	0							0	0.000119891		voice coral "bid" tok=c807c9c26b4e8e3f take=1 src=tts:gpt-audio-1.5 f0=145 onset=0.375 dur=0.710 vowel=0.405-0.815 level=0.050
427	proc	407	bode	generalization	shiftMags=0	1153.23	1.5	1.5	1.5	30	16000	4	0@0.002	0.394	0.338-0.804	71.1249	1085.79	63	540	644.916	1267.98	540.232	2411.85	626.738	1263.03	540.232	2411.85	174.204	230.702	486.297	-5.63317	0.103513	37.25	-26.9475	0							0	0.000119732		voice coral "bode" tok=3ac444e340130bec take=1 src=tts:gpt-audio-1.5 f0=146 onset=0.353 dur=0.830 vowel=0.353-0.793 level=0.050
428	proc	408	bud	generalization	shiftMags=0	1155.93	1.5	1.5	1.5	30	16000	4	0@0.002	0.306	0.418-0.724	-219.284	1018.3	-165	441	920.302	1356.12	436.997	1142.88	920.302	1356.12	436.997	1142.88	165.63	NaN	NaN	-4.59673	0.103777	37.9375	-28.2466	0							0	0.000119975		voice coral "bud" tok=48aeee91606c7db5 take=1 src=tts:gpt-audio-1.5 f0=163 onset=0.327 dur=0.520 vowel=0.417-0.687 level=0.050
429	proc	409	bayed	generalization	shiftMags=0	1158.62	1.5	1.5	1.5	30	16000	4	0@0.002	0.386	0.338-0.724	144.412	675.564	134	209	574.763	2214.29	508.264	1355.48	596.948	2231.52	534.863	2455.09	147.081	139.366	-93.2857	-5.42197	0.077796	38.5625	-27.6858	0							0	0.000121628		voice coral "bayed" tok=2b0e4d1c32ef874c take=1 src=tts:gpt-audio-1.5 f0=147 onset=0.295 dur=0.570 vowel=0.335-0.655 level=0.050
430	proc	410	bed	generalization	shiftMags=0	1161.21	1.5	1.5	1.5	30	16000	4	0@0.002	0.332	0.496-0.828	-129.608	836.296	-102	292	NaN	NaN	NaN	NaN					166.967	NaN	NaN	-4.55321	0.103659	-36.375	-27.8355	0							0	0.000121872		voice coral "bed" tok=ba7c97e56254af27 take=1 src=tts:gpt-audio-1.5 f0=157 onset=0.358 dur=0.750 vowel=0.488-0.778 level=0.050
431	proc	411	bud	generalization	shiftMags=0	1163.96	1.5	1.5	1.5	30	16000	4	0@0.002	0.32	0.456-0.836	-77.7476	935.041	-63	358	891.92	1421.94	506.925	2215.25	891.92	1421.94	506.925	2215.25	187.215	NaN	NaN	-4.80593	0.112553	-15.1875	-28.4654	0							0	0.000121997		voice coral "bud" tok=a3b6e1ac288ba022 take=2 src=tts:gpt-audio-1.5 f0=186 onset=0.332 dur=0.510 vowel=0.412-0.802 level=0.050
432	proc	412	bed	generalization	shiftMags=0	1166.49	1.5	1.5	1.5	30	16000	4	0@0.002	0.258	0.326-0.584	-118.54	835.385	-94	292	481.482	1967.4	426.47	1376.67					188.586	294.067	769.1	-4.46947	0.0835454	45.9375	-27.4564	0							0	0.000121248		voice coral "bed" tok=0d0fa3b4ffcb1bd8 take=2 src=tts:gpt-audio-1.5 f0=161 onset=0.323 dur=0.370 vowel=0.323-0.523 level=0.050
433	proc	413	bid	generalization	shiftMags=0	1168.98	1.5	1.5	1.5	30	16000	4	0@0.002	0.232	0.492-0.724	90.5301	784.776	81	265	446.622	2330.67	1850.52	3658.41	446.622	2330.67	1850.52	3658.41	175.238	NaN	NaN	-5.1535	0.0856918	45	-27.3733	0							0	0.000121644		voice coral "bid" tok=c3faba38922c21b9 take=2 src=tts:gpt-audio-1.5 f0=174 onset=0.351 dur=0.460 vowel=0.481-0.681 level=0.050
434	proc	414	bayed	generalization	shiftMags=0	1171.4	1.5	1.5	1.5	30	16000	4	0@0.002	0.428	0.320-0.748	192.01	707.164	185	226	525.699	2416.52	498.793	2133.23	525.699	2416.52	498.793	2133.23	194.751	146.212	-496.284	-5.32788	0.104151	-52.4375	-26.7387	0							0	311.952		voice coral "bayed" tok=ec06957c046c9698 take=2 src=tts:gpt-audio-1.5 f0=194 onset=0.285 dur=0.480 vowel=0.305-0.715 level=0.050
435	proc	415	bode	generalization	shiftMags=0	1173.95	1.5	1.5	1.5	30	16000	4	0@0.002	0.246	0.410-0.656	66.7594	1090.59	59	540	NaN	NaN	NaN	NaN					166.017	142.95	-258.987	-3.82495	0.104117	-8.3125	-27.6492	0							0	0.000117572		voice coral "bode" tok=bc610afe9b673ee1 take=2 src=tts:gpt-audio-1.5 f0=163 onset=0.374 dur=0.420 vowel=0.394-0.604 level=0.050
436	proc	416	bode	generalization	shiftMags=0	1176.75	1.5	1.5	1.5	30	16000	4	0@0.002	0.292	0.510-0.802	73.4409	1086.93	65	540	705.314	1237.8	423.518	1292.41	705.314	1237.8	423.518	1292.41	180.785	NaN	NaN	-4.79618	0.0869762	-19.75	-27.1645	0							0	0.000122055		voice coral "bode" tok=d4b58744d23022eb take=3 src=tts:gpt-audio-1.5 f0=186 onset=0.356 dur=0.550 vowel=0.496-0.746 level=0.050
437	proc	417	bid	generalization	shiftMags=0	1179.03	1.5	1.5	1.5	30	16000	4	0@0.002	0.244	0.472-0.716	92.6926	796.763	83	270	447.373	2235.65	524.065	1539.15	448.813	2236.86	511.104	1723.1	173.927	234.715	518.913	-6.2567	0.080914	31.5625	-27.4934	0							0	0.000121959		voice coral "bid" tok=e9c1f489cd180417 take=3 src=tts:gpt-audio-1.5 f0=174 onset=0.299 dur=0.540 vowel=0.469-0.669 level=0.050
438	proc	418	bayed	generalization	shiftMags=0	1181.87	1.5	1.5	1.5	30	16000	4	0@0.002	0.338	0.490-0.828	116.278	686.692	106	215	530.694	2128.42	522.936	1376.33	530.694	2128.42	522.936	1376.33	173.758	191.342	166.89	-5.50328	0.0743158	19.9375	-27.3998	0							0	0.000121925		voice coral "bayed" tok=062743a1207015a2 take=3 src=tts:gpt-audio-1.5 f0=175 onset=0.366 dur=0.580 vowel=0.476-0.746 level=0.050
439	proc	419	bud	generalization	shiftMags=0	1184.72	1.5	1.5	1.5	30	16000	4	0@0.002	0.234	0.404-0.638	-129.741	1031.75	-102	458	829.943	1334.31	426.007	1715.54	829.943	1334.31	426.007	1715.54	164.7	NaN	NaN	-4.53422	0.0983969	1.0625	-27.1643	0							0	0.0001207		voice coral "bud" tok=64967d272b0be504 take=3 src=tts:gpt-audio-1.5 f0=180 onset=0.325 dur=0.430 vowel=0.395-0.585 level=0.050
440	proc	420	bed	generalization	shiftMags=0	1187.48	1.5	1.5	1.5	30	16000	4	0@0.002	0.248	0.446-0.694	-101.33	855.731	-81	303	799.464	2100.62	432.116	1363.8	799.464	2100.62	432.116	1363.8	168.439	NaN	NaN	-4.604	0.100318	-3.625	-28.3794	0							0	0.000121658		voice coral "bed" tok=6355d849cdf5214d take=3 src=tts:gpt-audio-1.5 f0=178 onset=0.306 dur=0.540 vowel=0.436-0.636 level=0.050
441	proc	421	bud	generalization	shiftMags=0	1191.22	1.5	1.5	1.5	30	16000	4	0@0.002	0.246	0.430-0.676	-174.154	1011.43	-134	430	918.462	1579.83	610.557	1304.77	918.462	1579.83	610.557	1304.77	162.834	NaN	NaN	-4.33292	0.0786906	-10.375	-28.4813	0							0	0.000121529		voice coral "bud" tok=74a8e3a559507095 take=0 src=tts:gpt-audio-1.5 f0=161 onset=0.352 dur=0.420 vowel=0.412-0.712 level=0.050
442	proc	422	bode	generalization	shiftMags=0	1193.57	1.5	1.5	1.5	30	16000	4	0@0.002	0.378	0.478-0.922	112.093	1077.45	102	518	665.205	1235.06	404.932	1285.55	692.698	1263.79	420.763	1285.55	152.822	237.673	764.553	-4.63879	0.0806094	56.375	-28.8535	0							0	0.00012133		voice coral "bode" tok=4ffddc7b362d5d41 take=0 src=tts:gpt-audio-1.5 f0=152 onset=0.350 dur=0.620 vowel=0.470-0.910 level=0.050
443	proc	423	bed	generalization	shiftMags=0	1196.09	1.5	1.5	1.5	30	16000	4	0@0.002	0.286	0.350-0.636	-135.218	853.34	-106	303	761.6	2000.75	512.61	3270.43	761.6	2000.75	512.61	3270.43	157.123	NaN	NaN	-3.67618	0.104986	28.625	-27.3081	0							0	0.000119681		voice coral "bed" tok=e0d1e91497ae244c take=0 src=tts:gpt-audio-1.5 f0=163 onset=0.307 dur=0.450 vowel=0.337-0.597 level=0.050
444	proc	424	bayed	generalization	shiftMags=0	1198.45	1.5	1.5	1.5	30	16000	4	0@0.002	0.398	0.354-0.780	162.848	688.913	153	215	534.745	2332.78	474.307	1255.49	534.745	2332.78	474.307	1255.49	144.358	NaN	NaN	-5.10841	0.094131	-15.3125	-28.0591	0							0	0.00012201		voice coral "bayed" tok=9c259a126d099ce3 take=0 src=tts:gpt-audio-1.5 f0=143 onset=0.342 dur=0.480 vowel=0.342-0.752 level=0.050
445	proc	425	bid	generalization	shiftMags=0	1201.07	1.5	1.5	1.5	30	16000	4	0@0.002	0.222	0.346-0.568	144.103	765.233	134	254	447.424	2229.41	582.217	1487.66	447.424	2229.41	582.217	1487.66	147.85	201.945	539.8	-4.33336	0.0968866	15.8125	-27.3712	0							0	0.000119573		voice coral "bid" tok=a0a01e54b46a0dcb take=0 src=tts:gpt-audio-1.5 f0=159 onset=0.307 dur=0.380 vowel=0.317-0.517 level=0.050
446	proc	426	bed	generalization	shiftMags=0	1203.66	1.5	1.5	1.5	30	16000	4	0@0.002	0.332	0.448-0.780	-129.607	833.26	-102	292	656.192	2134.26	477.139	2503.62	732.358	2140.65	495.035	3442.42	167.672	195.949	269.808	-5.63108	0.0805768	56.3125	-27.8357	0							0	0.00012149		voice coral "bed" tok=ba7c97e56254af27 take=1 src=tts:gpt-audio-1.5 f0=157 onset=0.310 dur=0.750 vowel=0.440-0.730 level=0.050
447	proc	427	bud	generalization	shiftMags=0	1206.21	1.5	1.5	1.5	30	16000	4	0@0.002	0.306	0.380-0.686	-219.664	1017.67	-165	441	935.734	1388.73	493.332	1340.22	935.734	1388.73	493.332	1340.22	167.086	236.25	599.663	-5.58427	0.0700656	-1.6875	-28.2476	0							0	0.000121791		voice coral "bud" tok=48aeee91606c7db5 take=1 src=tts:gpt-audio-1.5 f0=163 onset=0.288 dur=0.520 vowel=0.378-0.648 level=0.050
448	proc	428	bid	generalization	shiftMags=0	1209.19	1.5	1.5	1.5	30	16000	4	0@0.002	0.356	0.364-0.788	148.291	789.964	138	265	444.37	2378.63	495.89	1304.51	444.37	2378.63	495.89	1304.51	149.593	NaN	NaN	-4.88531	0.0959253	-47.5625	-28.0378	0							0	0.000121684		voice coral "bid" tok=c807c9c26b4e8e3f take=1 src=tts:gpt-audio-1.5 f0=145 onset=0.324 dur=0.710 vowel=0.354-0.764 level=0.050
449	proc	429	bayed	generalization	shiftMags=0	1211.76	1.5	1.5	1.5	30	16000	4	0@0.002	0.386	0.338-0.724	147.928	682.897	138	215	623.759	2244.95	473.705	1363.05	629.881	2258.59	515.156	1366.64	146.753	140.596	-74.2064	-5.24091	0.0770837	34.1875	-27.6857	0							0	0.000121593		voice coral "bayed" tok=2b0e4d1c32ef874c take=1 src=tts:gpt-audio-1.5 f0=147 onset=0.294 dur=0.570 vowel=0.334-0.654 level=0.050
450	proc	430	bode	generalization	shiftMags=0	1214.65	1.5	1.5	1.5	30	16000	4	0@0.002	0.402	0.320-0.792	71.1929	1085.94	63	535	594.91	1199.4	492.419	1196.3	594.91	1199.4	492.419	1196.3	153.515	NaN	NaN	-4.61827	0.0912617	-23.75	-26.9472	0							0	0.000119118		voice coral "bode" tok=3ac444e340130bec take=1 src=tts:gpt-audio-1.5 f0=146 onset=0.334 dur=0.830 vowel=0.334-0.774 level=0.050
451	proc	431	bayed	generalization	shiftMags=0	1217.14	1.5	1.5	1.5	30	16000	4	0@0.002	0.426	0.352-0.778	191.982	697.324	185	220	526.117	2407.5	498.777	1386.26	526.117	2407.5	498.777	1386.26	194.718	173.949	-195.268	-4.94252	0.104074	5.0625	-26.7388	0							0	309.904		voice coral "bayed" tok=ec06957c046c9698 take=2 src=tts:gpt-audio-1.5 f0=194 onset=0.317 dur=0.480 vowel=0.337-0.747 level=0.050
452	proc	432	bode	generalization	shiftMags=0	1219.55	1.5	1.5	1.5	30	16000	4	0@0.002	0.246	0.346-0.592	71.2339	1090.57	63	546	NaN	NaN	NaN	NaN					163.79	NaN	NaN	-3.8594	0.0851476	3.4375	-27.6496	0							0	0.000120663		voice coral "bode" tok=bc610afe9b673ee1 take=2 src=tts:gpt-audio-1.5 f0=163 onset=0.309 dur=0.420 vowel=0.329-0.539 level=0.050
453	proc	433	bed	generalization	shiftMags=0	1222.09	1.5	1.5	1.5	30	16000	4	0@0.002	0.258	0.310-0.568	-118.47	835.773	-94	292	529.494	1990.47	425.063	3387.28	608.157	2029.69	450.911	3387.28	192.574	NaN	NaN	-5.29725	0.0898923	42	-27.4563	0							0	0.000120489		voice coral "bed" tok=0d0fa3b4ffcb1bd8 take=2 src=tts:gpt-audio-1.5 f0=161 onset=0.307 dur=0.370 vowel=0.307-0.507 level=0.050
454	proc	434	bud	generalization	shiftMags=0	1224.64	1.5	1.5	1.5	30	16000	4	0@0.002	0.32	0.474-0.854	-77.8195	926.509	-63	355.5	876.255	1352.1	485.297	1399.25	876.255	1352.1	485.297	1399.25	187.437	143.026	-468.159	-4.91613	0.107942	23.6875	-28.4653	0							0	0.000121434		voice coral "bud" tok=a3b6e1ac288ba022 take=2 src=tts:gpt-audio-1.5 f0=186 onset=0.350 dur=0.510 vowel=0.430-0.820 level=0.050
455	proc	435	bid	generalization	shiftMags=0	1227.27	1.5	1.5	1.5	30	16000	4	0@0.002	0.228	0.476-0.704	92.7418	785.077	83	265	543.585	2340.17	421.623	1247.02	546.57	2340.6	401.328	1221.05	173.972	219.831	405.045	-5.02334	0.100735	36.125	-27.3715	0							0	0.000121999		voice coral "bid" tok=c3faba38922c21b9 take=2 src=tts:gpt-audio-1.5 f0=174 onset=0.334 dur=0.460 vowel=0.464-0.664 level=0.050
456	proc	436	bud	generalization	shiftMags=0	1229.59	1.5	1.5	1.5	30	16000	4	0@0.002	0.232	0.402-0.634	-129.791	1032.78	-102	455	823.701	1262.57	567.215	1447.23	823.701	1262.57	567.215	1447.23	164.236	NaN	NaN	-4.30502	0.088825	29.5	-27.1638	0							0	0.000120324		voice coral "bud" tok=64967d272b0be504 take=3 src=tts:gpt-audio-1.5 f0=180 onset=0.322 dur=0.430 vowel=0.392-0.582 level=0.050
457	proc	437	bid	generalization	shiftMags=0	1232.32	1.5	1.5	1.5	30	16000	4	0@0.002	0.244	0.484-0.728	92.6941	796.18	83	270	450.013	2236.28	521.864	2147.08	450.013	2236.28	521.864	2147.08	171.684	NaN	NaN	-6.07183	0.0827686	20.4375	-27.4934	0							0	0.000120924		voice coral "bid" tok=e9c1f489cd180417 take=3 src=tts:gpt-audio-1.5 f0=174 onset=0.311 dur=0.540 vowel=0.481-0.681 level=0.050
458	proc	438	bode	generalization	shiftMags=0	1235.29	1.5	1.5	1.5	30	16000	4	0@0.002	0.292	0.450-0.742	73.4055	1086.45	65	540	719.363	1250.98	503.101	1314.06	719.363	1250.98	503.101	1314.06	180.925	183.984	29.0265	-5.40402	0.0766204	14.25	-27.1653	0							0	0.000120612		voice coral "bode" tok=d4b58744d23022eb take=3 src=tts:gpt-audio-1.5 f0=186 onset=0.296 dur=0.550 vowel=0.436-0.686 level=0.050
459	proc	439	bed	generalization	shiftMags=0	1237.63	1.5	1.5	1.5	30	16000	4	0@0.002	0.248	0.462-0.710	-101.339	855.256	-81	303	780.145	2086.23	391.278	1118.12	780.145	2086.23	391.278	1118.12	166.777	172.773	61.1481	-4.47966	0.102111	-7.125	-28.381	0							0	0.000120508		voice coral "bed" tok=6355d849cdf5214d take=3 src=tts:gpt-audio-1.5 f0=178 onset=0.322 dur=0.540 vowel=0.452-0.652 level=0.050
460	proc	440	bayed	generalization	shiftMags=0	1240.49	1.5	1.5	1.5	30	16000	4	0@0.002	0.338	0.464-0.802	116.139	685.374	106	215	NaN	NaN	NaN	NaN					172.629	NaN	NaN	-5.02145	0.0924708	8	-27.3988	0							0	0.000121114		voice coral "bayed" tok=062743a1207015a2 take=3 src=tts:gpt-audio-1.5 f0=175 onset=0.341 dur=0.580 vowel=0.451-0.721 level=0.050
461	proc	441	bud	generalization	shiftMags=0	1243.02	1.5	1.5	1.5	30	16000	4	0@0.002	0.246	0.362-0.608	-174.285	1007.9	-134	430	879.055	1307.81	588.751	3306.96	879.055	1307.81	588.751	3306.96	162.351	183.174	208.914	-4.4925	0.080526	33.9375	-28.4804	0							0	0.000120585		voice coral "bud" tok=74a8e3a559507095 take=0 src=tts:gpt-audio-1.5 f0=161 onset=0.284 dur=0.420 vowel=0.344-0.644 level=0.050
462	proc	442	bayed	generalization	shiftMags=0	1245.35	1.5	1.5	1.5	30	16000	4	0@0.002	0.4	0.314-0.742	166.402	698.558	157	220	501.845	2272.01	395.693	2926.38	501.845	2272.01	395.693	2926.38	144.436	225.218	769.063	-4.45974	0.0955958	21.5	-28.0571	0							0	0.000119337		voice coral "bayed" tok=9c259a126d099ce3 take=0 src=tts:gpt-audio-1.5 f0=143 onset=0.303 dur=0.480 vowel=0.303-0.713 level=0.050
463	proc	443	bid	generalization	shiftMags=0	1248.18	1.5	1.5	1.5	30	16000	4	0@0.002	0.222	0.382-0.604	143.978	758.889	134	248	463.069	2353.58	517.988	1282.13	463.069	2353.58	517.988	1282.13	146.814	NaN	NaN	-3.86716	0.108962	-4.6875	-27.3727	0							0	0.000121755		voice coral "bid" tok=a0a01e54b46a0dcb take=0 src=tts:gpt-audio-1.5 f0=159 onset=0.343 dur=0.380 vowel=0.353-0.553 level=0.050
464	proc	444	bed	generalization	shiftMags=0	1251.16	1.5	1.5	1.5	30	16000	4	0@0.002	0.286	0.358-0.644	-140.284	852.816	-110	303	742.233	1968.84	471.369	1363.14	742.233	1968.84	471.369	1363.14	156.214	NaN	NaN	-5.45484	0.0940002	54.75	-27.3068	0							0	0.000121688		voice coral "bed" tok=e0d1e91497ae244c take=0 src=tts:gpt-audio-1.5 f0=163 onset=0.314 dur=0.450 vowel=0.344-0.604 level=0.050
465	proc	445	bode	generalization	shiftMags=0	1253.95	1.5	1.5	1.5	30	16000	4	0@0.002	0.376	0.434-0.876	110.155	1076.92	100	518	624.813	1194.72	395.075	1237	669.739	1239.89	385.954	1274.17	152.797	187.738	356.526	-4.69552	0.0916245	43.6875	-28.8544	0							0	0.000120343		voice coral "bode" tok=4ffddc7b362d5d41 take=0 src=tts:gpt-audio-1.5 f0=152 onset=0.307 dur=0.620 vowel=0.427-0.867 level=0.050
